mode,context_key,query_norm,v5_recall50,query_recall50,delta,history_text_known,positive_count,pool_positive_count
unseen_text,00376f4ca2018fc1875844bb,откосы на входную дверь,1.0,1.0,0.0,False,1,1
unseen_text,003d6201d9d495ea36cc8ec7,прием пленки,1.0,1.0,0.0,False,1,1
unseen_text,00c44b1f97ecb5ebb380d429,изготовление гос номеров на машину,1.0,1.0,0.0,False,1,1
unseen_text,00c605ed59d1de061adcb5f4,укладка фартука на кухне,1.0,1.0,0.0,False,1,1
unseen_text,00c92de694656fcb7d1c2840,старокорсунская,0.0,0.0,0.0,False,1,0
unseen_text,00ca778a7216554898efca9d,ремонт прокладки гбц,1.0,1.0,0.0,False,1,1
unseen_text,00eae68ad66d3b90b5b47dfd,ремонт блока абс mercedes,1.0,1.0,0.0,False,1,1
unseen_text,01092f27b81097a624a60fd1,стрижка кошек на дому с выездом,1.0,1.0,0.0,False,1,1
unseen_text,014577bb57aa35332e7dd9dc,татуаж бровей,1.0,1.0,0.0,False,3,3
unseen_text,019ff9ac825ccebcf4467405,бара грунторез,0.0,0.0,0.0,False,1,1
unseen_text,01a83ed72902035db6e734fa,укладка пола,1.0,1.0,0.0,False,1,1
unseen_text,01b343aa59483237154b0101,подбор жилья с отчетными документами,1.0,1.0,0.0,False,1,1
unseen_text,01cf615ee14a337ad404a79f,выкуп стиральных машин,1.0,1.0,0.0,False,1,1
unseen_text,01d458cdfc42bede28726e46,песня,1.0,1.0,0.0,False,1,1
unseen_text,0225a716f39c5c7c702e3e39,ремонт брелков автосигнализаций,1.0,1.0,0.0,False,1,1
unseen_text,0231f77013fbf9807a8faf65,лифтинг,1.0,1.0,0.0,False,1,1
unseen_text,026a3472fb882f368449c443,снять домик для двоих,1.0,1.0,0.0,False,1,1
unseen_text,02b35167a999bac24b2f6525,покупка книг,1.0,1.0,0.0,False,1,1
unseen_text,02cc79fd455797ef699ad0e3,ремонт профессиональных кофемашин,1.0,1.0,0.0,False,1,1
unseen_text,03034a6a2235d0d32615f80c,скупка телевизоров на запчасти,1.0,0.0,-1.0,False,1,1
unseen_text,03611695fbc20b37cec7b566,мастер по ремонту квартир,1.0,1.0,0.0,False,1,1
unseen_text,03c3f420018860efff352804,посредник в японии mercari,1.0,1.0,0.0,False,1,1
unseen_text,03c7f467cedc0f3bc60a7c79,лфк для детей,1.0,1.0,0.0,False,1,1
unseen_text,03ce2ce51b795ee6fc6f73f0,аренда ручной лебедки,1.0,1.0,0.0,False,1,1
unseen_text,0406b12c3181e2ce4520667a,заточка инструмента,1.0,1.0,0.0,False,1,1
unseen_text,04081e269436e1657e38a6b8,ремонт и диагностика акпп,1.0,1.0,0.0,False,1,1
unseen_text,04210ad5d6248234369c1904,артисты на праздник,1.0,1.0,0.0,False,1,1
unseen_text,042dfba0027d0cc27b80f4d0,тамада на юбилей,1.0,1.0,0.0,False,1,1
unseen_text,043f0f315d5cf497c177d0c5,услуги фрезеровщика,1.0,1.0,0.0,False,1,1
unseen_text,04471b223a218d20424b0d4d,тула москва,1.0,1.0,0.0,False,1,1
unseen_text,0458bdfbe1b315c7175c6404,укладка кафельной плитки,1.0,1.0,0.0,False,1,1
unseen_text,045fdd2f02440f92390e3982,ремонт двигателей bmw,1.0,1.0,0.0,False,1,1
unseen_text,04660bfeb33e084339764410,виза шенген,1.0,1.0,0.0,False,1,1
unseen_text,047124045f631c3a7ff92b3f,натяжной потолок от частника,1.0,1.0,0.0,False,1,1
unseen_text,0486f1ca67a20570795c8a9f,пескоструйная обработка,1.0,1.0,0.0,False,1,1
unseen_text,049415175b9cd377a8cf1058,наращивание волос,1.0,1.0,0.0,False,2,2
unseen_text,0506bf6e09766529a5ce7217,гтд на двигатель,1.0,1.0,0.0,False,1,1
unseen_text,054efd7312a2cb04808ba644,аренда фургона,1.0,1.0,0.0,False,1,1
unseen_text,055bde24bb7487b881f0b7db,оценщик недвижимости,1.0,1.0,0.0,False,1,1
unseen_text,0669097144a96c5708772f12,миграционный юрист,1.0,1.0,0.0,False,1,1
unseen_text,06704e22de2366e9462e14f1,демонтаж фундамента,1.0,1.0,0.0,False,1,1
unseen_text,06857de4edda5d1dd460e6c9,стиральная машина выкуп,1.0,1.0,0.0,False,1,1
unseen_text,0692ed90ef28d92a9c959916,диагностика акпп,1.0,1.0,0.0,False,1,1
unseen_text,06b7b41e40987534347f59d9,скупка ps4,1.0,1.0,0.0,False,1,1
unseen_text,071933760d82c5cd6deab75e,дом отдыха с бассейном,1.0,1.0,0.0,False,2,2
unseen_text,0729ea447b6556ed9897956c,надувной медведь,1.0,1.0,0.0,False,1,1
unseen_text,0746ce9c1d296c37e2738ce2,клейка обоев,1.0,1.0,0.0,False,1,1
unseen_text,07aecbbacf6e71173e781517,развал схождение на куйбышева,1.0,1.0,0.0,False,1,1
unseen_text,07ea1b8664b7cb6daa07d994,аренда авто,0.5,0.5,0.0,False,2,2
unseen_text,0800004ecaa4e9a7d90a0f4d,замена стекла фары,1.0,1.0,0.0,False,1,1
unseen_text,080bdb52be817309e6eac15b,массаж после кесарево,1.0,1.0,0.0,False,1,1
unseen_text,080df04a88e1f29b7a6fc9db,поменять экран на iphone,1.0,1.0,0.0,False,1,1
unseen_text,0880fec13f8af05bc5761ef1,наращивание ресниц модель,1.0,1.0,0.0,False,1,1
unseen_text,0890aaaa4d97560743b54620,мастер класс по керамике,1.0,1.0,0.0,False,1,1
unseen_text,0891f59a16e270c5f3e59d21,дымоход,1.0,1.0,0.0,False,1,1
unseen_text,08ac7c045210a904a54cd21c,шенгенская виза италия,1.0,1.0,0.0,False,1,1
unseen_text,08d36b4529f3d864799c0a02,кавитация,1.0,1.0,0.0,False,1,1
unseen_text,09204bd67b36015f740e0a84,рыбалка с баней,1.0,1.0,0.0,False,1,1
unseen_text,095f3202c9634b9ef23d616b,манипулятор 5 тонн аренда,1.0,1.0,0.0,False,1,1
unseen_text,0974f335e957141ceddff728,передержка кошек,1.0,1.0,0.0,False,1,1
unseen_text,097a64735a6eccaac81725c7,биозавивка волос обучение,1.0,1.0,0.0,False,1,1
unseen_text,0a085f95c0ca29735cd546fe,уроки игры на виолончели,1.0,1.0,0.0,False,1,1
unseen_text,0a250195baa505d695bc44b8,обработка от плесени грибка,1.0,1.0,0.0,False,1,1
unseen_text,0a2e7f30d3130a43521e6400,таблички на дверь,1.0,1.0,0.0,False,1,1
unseen_text,0a31139460d4462d1360f24e,аренда автомобиля на месяц,1.0,1.0,0.0,False,1,1
unseen_text,0a7464ed836ea8a0d1ac6799,u2 под выкуп,1.0,1.0,0.0,False,1,1
unseen_text,0a8aafc722e29a3c611586c5,аренда гуся,0.0,0.0,0.0,False,1,0
unseen_text,0a95b36cb78358d2a4af147b,окраска крыш,1.0,1.0,0.0,False,1,1
unseen_text,0aa892602fa5e9a177791447,фотосессия для беременных,1.0,1.0,0.0,False,1,1
unseen_text,0abbbadfafdfc01f2e080b64,снять домик в лесу,1.0,1.0,0.0,False,1,1
unseen_text,0ae602171eb709432e264383,ремонт москитных сеток,1.0,1.0,0.0,False,1,1
unseen_text,0b35515582754b9b0af37a20,трансфер кисловодск,1.0,1.0,0.0,False,1,1
unseen_text,0b79e884df46e5d6c52d9dfa,украшение помещений,1.0,0.0,-1.0,False,1,1
unseen_text,0bb0a11114fe21e4e91c499d,декоратор на свадьбу,1.0,1.0,0.0,False,1,1
unseen_text,0bb195aa9be481cca98fd026,изготовление заборов из профлиста,1.0,1.0,0.0,False,1,1
unseen_text,0bd852119a00c2ef0c2a334e,ремонт пластиковых окон и дверей регулировка,1.0,1.0,0.0,False,1,1
unseen_text,0beacc475b1d07ebb2c5f586,ютуб адсенс,1.0,1.0,0.0,False,1,1
unseen_text,0bfb297a49beb2f559061eda,фотобудка в аренду,1.0,1.0,0.0,False,1,1
unseen_text,0c1c6d889bf62f840a7f6ff2,сборка корпусной мебели,1.0,1.0,0.0,False,1,1
unseen_text,0c271238c49f3a75872770db,грузоперевозки краснодар москва,1.0,1.0,0.0,False,1,1
unseen_text,0c36b2ad82023eff7572f55a,перевозка груза на пикапе,1.0,1.0,0.0,False,1,1
unseen_text,0c95588feff5073f2e1ef1bd,прошивка веста,1.0,1.0,0.0,False,1,1
unseen_text,0d001123cf1da03532c70752,аренда полки в магазине,1.0,1.0,0.0,False,1,1
unseen_text,0d0bfee7b0dac21f25af56ec,выкуп сломанных телевизоров,1.0,1.0,0.0,False,1,1
unseen_text,0d106c02cc2665a996fa1767,эмалировка ванн,1.0,1.0,0.0,False,1,1
unseen_text,0d1beeb4f28b0e93e2f687ae,sony playstation 5 скупка,1.0,1.0,0.0,False,1,1
unseen_text,0d27d85e106f068f059d55ab,бригада каменщиков,1.0,1.0,0.0,False,1,1
unseen_text,0e22b00c78312da9d6eebb65,мануальный терапевт,1.0,1.0,0.0,False,1,1
unseen_text,0e2d204d6a901e7f3b56d6a4,обучение на погрузчик,1.0,1.0,0.0,False,1,1
unseen_text,0e63d12c71e03a2fa7453321,стеклодув,1.0,1.0,0.0,False,1,1
unseen_text,0ec0c4ccf79a125d6bf74458,установка фаркопа,1.0,1.0,0.0,False,1,1
unseen_text,0f06563cc5926e010a558cd6,заправка автомобильных кондиционеров,1.0,1.0,0.0,False,1,1
unseen_text,0f368b56a82e46056fcd5d69,карта visa,1.0,1.0,0.0,False,1,1
unseen_text,0f4ef95b7dd319e20cb9bdc9,вскрытие автомобиля,1.0,1.0,0.0,False,1,1
unseen_text,0f91880cb6b43a45e31df46f,реставрация кухонных фасадов,1.0,1.0,0.0,False,1,1
unseen_text,0f9f96940610de0cb639c58c,дизайн фотошоп,1.0,1.0,0.0,False,1,1
unseen_text,0ff7f26f63022d088da814be,замена аккумулятора iphone 12 mini,1.0,1.0,0.0,False,1,1
unseen_text,104865140e49a654e346d99b,массаж расслабляющий,0.0,0.0,0.0,False,1,1
unseen_text,105b75a1fa435486e900d2d8,сиделка для лежачего,1.0,1.0,0.0,False,1,1
unseen_text,1086f823873ed600e7156ff2,ремонт гребных валов,1.0,1.0,0.0,False,1,1
unseen_text,109344fde7ec623aeb306e55,скупка железа с выездом,1.0,1.0,0.0,False,1,1
unseen_text,10d7ff2fd51bbac1cd0ad0b2,наращивание волос рассрочка,0.0,0.0,0.0,False,1,1
unseen_text,1145992e5eb38cf24210ce8f,аренда электросамоката,1.0,1.0,0.0,False,1,1
unseen_text,1146c5ef4f3bb5f496b5e7fe,бригада белорусов,0.0,0.0,0.0,False,1,1
unseen_text,11c94f57c1d8e1a8d4accbf5,хирург,0.0,1.0,1.0,False,1,1
unseen_text,1296fe0d35dbd757ab5f42ed,баня с бассейном,1.0,1.0,0.0,False,1,1
unseen_text,1298762dfa93a79528969966,ремонт электросамокатов,1.0,1.0,0.0,False,5,5
unseen_text,12a939bf4e87b41528a6e942,толщиномер аренда,1.0,1.0,0.0,False,1,1
unseen_text,130e21e5bb5cc942e42f58d7,вывоз мусора с дачного участка,1.0,1.0,0.0,False,1,1
unseen_text,134cbe950e04f0d6c1add875,снять дом для праздника,1.0,1.0,0.0,False,1,1
unseen_text,1350ce40be67ba11d7efa71e,трактор беларусь с плугом,1.0,1.0,0.0,False,1,1
unseen_text,138a97b930cbf72defc987c8,юрист по делам снт,1.0,1.0,0.0,False,1,1
unseen_text,13c4a965ac67ffab9c4eb4ba,пошив игрушек,1.0,1.0,0.0,False,1,1
unseen_text,13c85e759eae8a80cd969a23,наращивание волос люберцы,1.0,1.0,0.0,False,1,1
unseen_text,13d4231d48f98b4bfe21d59a,электроскутер,1.0,1.0,0.0,False,1,1
unseen_text,142a509aafc5a0659320f3e2,аренда автомобиля посуточно,1.0,1.0,0.0,False,1,1
unseen_text,1486bb1657668fdf3a8b67f2,газель в аренду без водителя,1.0,1.0,0.0,False,1,1
unseen_text,1487df5f5eb6eaea6591f00c,окрашивание седины,1.0,1.0,0.0,False,1,1
unseen_text,14eecbbb1ca1ff4db9bf7692,лофт для вечеринки,1.0,1.0,0.0,False,1,1
unseen_text,1535d5d56b7997fcbe0f3c85,подшить футболку,1.0,1.0,0.0,False,1,1
unseen_text,1535f0969547414a6e77f679,монтажор видео,1.0,1.0,0.0,False,1,1
unseen_text,154f7e0a78ca33f24ee496f3,вскрытие даери,1.0,1.0,0.0,False,1,1
unseen_text,157faf2ba1eda3beb811460f,плетение косичек детям девочке,1.0,1.0,0.0,False,1,1
unseen_text,15a08696c90495a78e2b3b7f,автоюрист,1.0,0.0,-1.0,False,1,1
unseen_text,15bd1afef3a9a7629c334785,собеседник собутыльник,1.0,1.0,0.0,False,1,1
unseen_text,161947e94df1793d9296991e,адаптация изитроник,1.0,1.0,0.0,False,1,1
unseen_text,1620fa3e5d0fb57989c509cb,работа в 3д компасе,1.0,1.0,0.0,False,1,1
unseen_text,1630e3259f577a7fc4e33ce4,мастер по ремонту домофонов,1.0,1.0,0.0,False,1,1
unseen_text,16b6ac48b97d9d41bb93fa57,ремонт резьбы гбц,1.0,1.0,0.0,False,1,1
unseen_text,16c085864f7d75cbeaf205b8,монтаж гипсокартона на потолок,1.0,1.0,0.0,False,1,1
unseen_text,16dea90c8f97905510a3bb76,готовые обеды суворовский,1.0,1.0,0.0,False,1,1
unseen_text,1759e152b98c810c9a861c5b,куплю антиквариат,1.0,1.0,0.0,False,1,1
unseen_text,177b0a4996849177840fc08c,аренда бассейн,1.0,1.0,0.0,False,1,1
unseen_text,1789b63878e81310785d910b,аренда авто на свадьбу,1.0,1.0,0.0,False,1,1
unseen_text,17b0d94b625ec0152501e8be,воздушный шар с фото,1.0,1.0,0.0,False,1,1
unseen_text,17b948fca9c7b5d034021b9e,ремонт электронных плат,1.0,1.0,0.0,False,1,1
unseen_text,17d0bc3a3c4b9b3725a9e00d,липоредукция живота,1.0,1.0,0.0,False,1,1
unseen_text,18015fa869246fffcd2c13dd,вывоз мусора контейнером 27 м3,0.0,0.0,0.0,False,1,1
unseen_text,183570df851103ceca78a3e1,услуги логопеда ребенку,1.0,1.0,0.0,False,1,1
unseen_text,1859bbc72554d69b884f13ba,аренда мотоциклов,1.0,1.0,0.0,False,1,1
unseen_text,18671893b27a21ec22681e65,уборка и вывоз мусора,1.0,1.0,0.0,False,1,1
unseen_text,1888088e0b69ce1078f4a1eb,ремонт автомобильных колонок,0.0,0.0,0.0,False,1,0
unseen_text,18ba7221fc18b4693bd3cb20,аренда майбах,1.0,1.0,0.0,False,1,1
unseen_text,18f2188db488672bda78f1e7,наращивание ресниц пролетарский район,1.0,1.0,0.0,False,1,1
unseen_text,192c80e4d212e3b3596c68a8,грузоперевозки 24 часа,1.0,1.0,0.0,False,1,1
unseen_text,1999955d8f6169f9a8f90490,ремонт наушников marshall major 4,1.0,1.0,0.0,False,1,1
unseen_text,19bca34483c8f4e13259ecb1,авто электрик,0.0,0.0,0.0,False,1,1
unseen_text,1a2aece709bc6d4a9c4658cb,аренда ретро автомобиля,1.0,1.0,0.0,False,1,1
unseen_text,1a6940515097644e2e79751a,рубанок электрический аренда,1.0,1.0,0.0,False,1,1
unseen_text,1aa27c2fc5265827cfc9d464,перетяжка сиденья,1.0,1.0,0.0,False,1,1
unseen_text,1ae5c5efbcdc1c8542e13e46,чистка канализации в частном доме,1.0,1.0,0.0,False,1,1
unseen_text,1aec0ce04489d190693c713e,поклейка пленки на окна,1.0,1.0,0.0,False,1,1
unseen_text,1afb58a894f15311a87a083b,сборка электрического щита,1.0,1.0,0.0,False,1,1
unseen_text,1b39631fc68a71c821fa72f2,курсы медсестер,0.0,0.0,0.0,False,1,1
unseen_text,1b7dff5d92b11d7fdf956116,репетитор,1.0,1.0,0.0,False,1,1
unseen_text,1b8e12a905201828b5b35d74,шпаклевка гипсокартон,1.0,1.0,0.0,False,1,1
unseen_text,1c51d091d599a39604f448af,чистка айфона,1.0,1.0,0.0,False,1,1
unseen_text,1c778e8ea0351c760debf67f,ремонт косметологического оборудования,1.0,1.0,0.0,False,2,2
unseen_text,1cf5ec1919caa1522a3adc71,прокат электровелосипедов,1.0,1.0,0.0,False,1,1
unseen_text,1d4c267d7b36282d578077f6,обработка участка от клещей,1.0,1.0,0.0,False,1,1
unseen_text,1d73609702387ac8c16e28da,детский сад,1.0,1.0,0.0,False,1,1
unseen_text,1d82b0132ba3f2c586a76ca1,бармен,1.0,1.0,0.0,False,1,1
unseen_text,1e0d72338e659cf4bfe32076,независимая экспертиза авто после дтп,1.0,1.0,0.0,False,1,1
unseen_text,1e18471fecc20e5e399a563d,химчистка матраса,1.0,1.0,0.0,False,1,1
unseen_text,1e409958495247e42872328d,ремонт чемоданов колес,1.0,1.0,0.0,False,1,1
unseen_text,1e47c2e041ebb598c03fb09e,аренда кораблика,1.0,1.0,0.0,False,1,1
unseen_text,1e84a8052434d8f72784df29,мастер стиральных машин,1.0,1.0,0.0,False,1,1
unseen_text,1edf8a2464372f0408c25092,услуги разнорабочих все виды работ,0.0,0.0,0.0,False,1,1
unseen_text,1ee1b5635310f51c6c0ad27f,прически укладки,1.0,1.0,0.0,False,1,1
unseen_text,1f16ad7abd352ca84e87abe5,фрезеровка оргстекла,1.0,1.0,0.0,False,1,1
unseen_text,1f5035fe18a91afc85aab5d8,сценарист youtube,1.0,1.0,0.0,False,1,1
unseen_text,1f58c5bf29fd66f5103b2ce7,аренда спортивного зала футбол,1.0,1.0,0.0,False,1,1
unseen_text,1f9536b9bdfd56914a35f351,покрасить бампер,1.0,1.0,0.0,False,1,1
unseen_text,202a354625e3fcf7f7207ff5,ремонт экрана телевизора,1.0,1.0,0.0,False,1,1
unseen_text,2098e4d492d65d025770321e,баер эстония,1.0,1.0,0.0,False,1,1
unseen_text,20a7d7e93ef575e0b9b30d4c,смм,0.0,0.0,0.0,False,1,1
unseen_text,20be36e885fe5c1d9e8acad8,услуги компьютерщика,1.0,1.0,0.0,False,1,1
unseen_text,20c6883d6978fa2520c97e58,трансфер из аэропорта стамбула,1.0,1.0,0.0,False,1,1
unseen_text,20d567bb117fc6982b88501b,площадка для свадьбы,1.0,1.0,0.0,False,1,1
unseen_text,20e3e2d458ce49178b07b7fe,установка газовой колонки,1.0,1.0,0.0,False,1,1
unseen_text,213a274e37968f506a92caf5,аренда v class,1.0,1.0,0.0,False,1,1
unseen_text,21551ec9a91ae834aa7416ea,очистка вин номера лазером,1.0,1.0,0.0,False,1,1
unseen_text,21635371cc6785d8a0a3e387,чертежи в компасе на заказ,1.0,1.0,0.0,False,1,1
unseen_text,2187b17d35396c4a4d4102f2,каравай,1.0,1.0,0.0,False,1,1
unseen_text,21fd874778d08be204bd940c,разрешение на перевозку негабарита,1.0,1.0,0.0,False,1,1
unseen_text,221e81a367e9866ebcbbcc4f,резка мрамора,1.0,1.0,0.0,False,1,1
unseen_text,223014abe99478bb35198455,настройка ps4,1.0,1.0,0.0,False,1,1
unseen_text,225ec449e9d20c9f63a60523,бронепленка,1.0,1.0,0.0,False,1,1
unseen_text,227112cb0c5d3d8ee94d38bf,ремонт аудио техники,1.0,1.0,0.0,False,1,1
unseen_text,22787a503208087423af9275,выгребная яма,1.0,1.0,0.0,False,1,1
unseen_text,228819a5528213bd65864af5,ремонт экранов планшета,1.0,1.0,0.0,False,1,1
unseen_text,22afde571a43faa36a511260,няня для ребенка с рас,1.0,1.0,0.0,False,1,1
unseen_text,22b86055954cabc4505d8913,ультразвуковая чистка форсунок,1.0,1.0,0.0,False,1,1
unseen_text,22c368df827dc6ac6a25d144,замена межкомнатных дверей,1.0,1.0,0.0,False,1,1
unseen_text,22dd168b25c8f6c331dcad59,покраска кафеля в ванной,1.0,1.0,0.0,False,1,1
unseen_text,22ea56965e7568d6680e2671,ремонт стартеров,0.0,0.0,0.0,False,1,1
unseen_text,22f76d7b58edb35754869eeb,аренда электровелосипедов для курьеров,1.0,1.0,0.0,False,1,1
unseen_text,23055a2b5c8691595b5f89c3,чистка наушников airpods,1.0,1.0,0.0,False,1,1
unseen_text,2372ff678621f8273bc327de,вокал для души,1.0,1.0,0.0,False,1,1
unseen_text,23adc011fe46147f86208748,скупка старых компьютеров,1.0,1.0,0.0,False,1,1
unseen_text,23bb7963eb81655374419aaa,курсы кройки и шитья с нуля,1.0,1.0,0.0,False,1,1
unseen_text,23da0dbab65435d9f85ee479,разбор и вывоз старой мебели,1.0,1.0,0.0,False,1,1
unseen_text,23eccc660f2e44b807186861,новичок рилсмейкер на мероприятие,1.0,1.0,0.0,False,1,1
unseen_text,23ed1091b651120e33cbf9fa,бесплатная стрижка,1.0,1.0,0.0,False,1,1
unseen_text,23fadbc875b64ec20662f460,печать книги,1.0,1.0,0.0,False,2,2
unseen_text,24057a952de1aa495a431eaa,ремонт блютуз колонок,1.0,1.0,0.0,False,1,1
unseen_text,240d4331055e76ce075cc9da,плиточник частный мастер,1.0,1.0,0.0,False,1,1
unseen_text,241ff29cc6aded3e7512fbf7,кабинет мастера в аренду,1.0,1.0,0.0,False,1,1
unseen_text,24479958e6efc273fee6e4bb,лизинговый брокер,1.0,1.0,0.0,False,1,1
unseen_text,24645994c30abd81a41b1df9,аренда бьюти кабинета,1.0,1.0,0.0,False,1,1
unseen_text,24a0c3634561d0dfa98838d3,сигнализация с автозапуском,1.0,1.0,0.0,False,1,1
unseen_text,24d493d0a1d78f61746e16db,услуги трактора,1.0,1.0,0.0,False,1,1
unseen_text,24db6e68b389938ef9e4cfc7,разблокировка android,1.0,1.0,0.0,False,1,1
unseen_text,24ebadaa2225e23de8e5b11d,регистрация paypal,1.0,1.0,0.0,False,1,1
unseen_text,2506d1a966cb7f52ef3067ce,диагностика volkswagen,1.0,1.0,0.0,False,1,1
unseen_text,252d55addb1b521c96891898,ремонт мопедов,1.0,1.0,0.0,False,1,1
unseen_text,25545df00e5a8c1780390031,доставка посылок в грузию,1.0,1.0,0.0,False,1,1
unseen_text,259dce478f7a63cc3927195d,тепловизор,0.0,0.0,0.0,False,1,0
unseen_text,25d5f1a2d74afac378a88310,таблички из пвх,1.0,1.0,0.0,False,1,1
unseen_text,262fa3bb9f039875db0d68a0,услуги трактора с фрезой,1.0,1.0,0.0,False,1,1
unseen_text,26324ca4b6f7a531a9acfa09,токарные работы,1.0,1.0,0.0,False,1,1
unseen_text,266410410375ad77cc2471df,гидромолот,0.0,0.0,0.0,False,1,1
unseen_text,269b59b3073cd30b6264126b,аренда рохли,1.0,1.0,0.0,False,1,1
unseen_text,26eede4c4cfa707796f3ab3b,архыз,1.0,1.0,0.0,False,1,1
unseen_text,26fffdbd5e9dd080b40010b9,изготовление золотых изделий,1.0,1.0,0.0,False,1,1
unseen_text,272131031ebb42c8c159649f,поездка на квадроцикле,1.0,1.0,0.0,False,1,1
unseen_text,2721728be9e33ca17ed7cd8d,вода для кулера,1.0,1.0,0.0,False,1,1
unseen_text,273cbebf83143fdf6fad642f,автовоз москва минск,1.0,1.0,0.0,False,1,1
unseen_text,275f9b28d72f92064cdbe6f8,резка бумаги,1.0,1.0,0.0,False,1,1
unseen_text,2789b97cae3fc0e64b8bb51b,печать деталей на 3d принтере,1.0,1.0,0.0,False,1,1
unseen_text,27be4f144249ef180a666cc3,копка ям,1.0,1.0,0.0,False,1,1
unseen_text,27e2e65d5bcee7f29f8aff4f,углубление колодца,1.0,1.0,0.0,False,1,1
unseen_text,27e316a565954abf57f2668a,изготовление автоключей,1.0,1.0,0.0,False,1,1
unseen_text,27fe4d12a0ca2efd4f5f7268,ремонт приставок триколор тв,1.0,1.0,0.0,False,1,1
unseen_text,281e71339b2c5f64c228150a,хоккей секция,1.0,1.0,0.0,False,1,1
unseen_text,2841c014fda05b0e24880ac6,доставка домашней еды,1.0,1.0,0.0,False,1,1
unseen_text,284ddd063350e1dfa414a908,курсы дизайнера интерьера,1.0,1.0,0.0,False,1,1
unseen_text,28ac88b837161cb056fbc264,контейнер под мусор,1.0,1.0,0.0,False,1,1
unseen_text,290666b105cbd68cd05c070f,аренда волейбольного зала,1.0,1.0,0.0,False,1,1
unseen_text,2939f9a6e1a861829318e81a,куплю старую стиральную машину,1.0,1.0,0.0,False,1,1
unseen_text,293fb69b17a4c3ab6847fa1c,алмазное сверление,1.0,1.0,0.0,False,1,1
unseen_text,297e9009db3eb6e642e7bd0b,бухгалтерия для ип,0.0,0.0,0.0,False,1,1
unseen_text,29874f24f8bff98dc1db2a82,создание презентаций и доклад,1.0,1.0,0.0,False,1,1
unseen_text,298d5f24ec03317bdf0bb21f,подъемный кран,1.0,1.0,0.0,False,1,1
unseen_text,2992381af77a9fb11938d5a5,независимая экспертиза после дтп,1.0,1.0,0.0,False,1,1
unseen_text,29bcf91d8595daa544076574,грузовой микроавтобус аренда без водителя,1.0,1.0,0.0,False,1,1
unseen_text,29d02d659391bfbbd0572ac2,начинающий фотограф,1.0,1.0,0.0,False,1,1
unseen_text,29da5b55950136c3c5e470d3,установка счетчиков воды,1.0,1.0,0.0,False,1,1
unseen_text,29f4df9e4cc67ae4bae0e187,эвакуатор с манипулятором,1.0,1.0,0.0,False,1,1
unseen_text,2a03f56892af362104060d25,силиконовые молды на заказ,1.0,1.0,0.0,False,1,1
unseen_text,2a6568b5cc7fab71a767b1f6,ремонт шуруповерта,1.0,1.0,0.0,False,1,1
unseen_text,2ae190474631e00b88729ac3,оформление документов,1.0,1.0,0.0,False,1,1
unseen_text,2b44911e8756e37d0d6fc8c8,кератиновое выпрямление волос с выездом на дом,1.0,1.0,0.0,False,1,1
unseen_text,2b8cc4391402694a67e18c9b,dtf печать,1.0,1.0,0.0,False,2,2
unseen_text,2bcbf8ad71ce099ccf49b283,ремонт духовки,1.0,1.0,0.0,False,1,1
unseen_text,2bcf4ef8a711efb89eb64325,обучение накс,1.0,1.0,0.0,False,1,1
unseen_text,2bde81eeaffc5234b135a9f9,пересвет приборной панели,1.0,1.0,0.0,False,1,1
unseen_text,2c077d7430954158a55b79ce,перевезти диван,0.0,0.0,0.0,False,1,1
unseen_text,2c5a769c58a35a50b01e64c9,картины на заказ,1.0,1.0,0.0,False,2,2
unseen_text,2c666c10de5968a712b2dbfe,работы по даче,1.0,1.0,0.0,False,1,1
unseen_text,2c769a047c1f25c7b44c753f,свадебный рилсмейкер,1.0,1.0,0.0,False,1,1
unseen_text,2ca413f8c5ccfda5c05a07a3,модель на выход из черного,1.0,1.0,0.0,False,1,1
unseen_text,2cac84ba40abbcab988aa137,жилищный юрист,1.0,1.0,0.0,False,1,1
unseen_text,2cb8b5445b98ff77e5cf7bb7,замена дисплея iphone 13 pro,1.0,1.0,0.0,False,1,1
unseen_text,2cc72fcffcc300608d66d24b,замена дисплея samsung,1.0,1.0,0.0,False,1,1
unseen_text,2cfebb95b27b81cd43ad11bc,микроавтобус переезд на дачу,1.0,1.0,0.0,False,1,1
unseen_text,2d4b48d95e010eb88f82052f,сварщик трубопроводов,1.0,1.0,0.0,False,1,1
unseen_text,2da9e7bec8eae30a172e1049,помощь в постановке на учет авто,1.0,1.0,0.0,False,1,1
unseen_text,2dd6ee585c0291f39611947d,аренда балона с гелием,1.0,1.0,0.0,False,1,1
unseen_text,2de328af809b3afe7b82a7cf,шатер,1.0,1.0,0.0,False,1,1
unseen_text,2e3a22747c7ea3501211273b,электрик подольск,1.0,1.0,0.0,False,1,1
unseen_text,2eb0efea974b1465263ab483,сантехник метро раменки,0.0,0.0,0.0,False,1,1
unseen_text,2ec079fc043b3fb12e78479e,проверка дымоходов акт ф15,1.0,1.0,0.0,False,1,1
unseen_text,2f208f2eed90843fe20ec126,аккаунт paypal,1.0,1.0,0.0,False,1,1
unseen_text,2f5c83ff38ebb1cfcd0422f9,ремонт часов polar,1.0,1.0,0.0,False,1,1
unseen_text,2fd0621527dcba97960425c9,замена радиатора кондиционера,1.0,1.0,0.0,False,1,1
unseen_text,2fe7ad7d5192c9f39daf5e69,настройка домашнего кинотеатра,1.0,1.0,0.0,False,1,1
unseen_text,2ffd913eb03c130ee748bfb7,прикорневой объем,1.0,1.0,0.0,False,1,1
unseen_text,3009020f0bd976265ca2fb22,школьный проект 9 класс,1.0,1.0,0.0,False,1,1
unseen_text,301dcff49ca3b3f738c84bce,монтаж видео,1.0,1.0,0.0,False,1,1
unseen_text,306c623385bdf77e28c44e8e,аренда авто под такси на автомате,1.0,1.0,0.0,False,1,1
unseen_text,30ab2d6f3c2a6f1b5ee443a9,переводчик с португальского,1.0,1.0,0.0,False,1,1
unseen_text,314e9ff6d315211bb8b87466,скупка запчастей пк,1.0,1.0,0.0,False,1,1
unseen_text,31b92437c1a4163b40c27882,прием радиаторов,1.0,1.0,0.0,False,1,1
unseen_text,31c019c20e23c8c809000c5c,аренда прокат инструмента,1.0,1.0,0.0,False,1,1
unseen_text,31f3b7eac414ea508663fa08,ремонт пневмоподвески,1.0,1.0,0.0,False,1,1
unseen_text,31ff7c82645444e87b2d913b,прием пластика,1.0,1.0,0.0,False,1,1
unseen_text,3255d7b3013d421748509b2f,ремонт квартир без посредников,1.0,1.0,0.0,False,1,1
unseen_text,325ec933033698972ee2b8ad,трансфер от адлера до абхазии,1.0,1.0,0.0,False,1,1
unseen_text,326834be9e88209b4b0486bb,настройка ноутбука,1.0,1.0,0.0,False,1,1
unseen_text,328e889eb71f09cdcb717d6a,аренда виброплиты,1.0,1.0,0.0,False,1,1
unseen_text,32b28f583a7e27c33ca46cc5,ремонт ворот дорхан,1.0,1.0,0.0,False,1,1
unseen_text,33113340c748edc516da1a8d,выравнивание земли,1.0,1.0,0.0,False,1,1
unseen_text,3345725f908ef64f92c6a3e4,полировка мрамора,1.0,1.0,0.0,False,1,1
unseen_text,33536a8f66d0400a3a39a1d4,нивелир в аренду,1.0,1.0,0.0,False,1,1
unseen_text,335aeb8ca1854573cae0424f,ремонт аирподс,1.0,1.0,0.0,False,1,1
unseen_text,335eab1134ee177354d17cde,песок щебень доставка,1.0,1.0,0.0,False,1,1
unseen_text,338008e12f0c422764a90c4d,автосервис по chevrolet,1.0,1.0,0.0,False,1,1
unseen_text,33be13bd4e1fbc0a991b05e2,аниматор на детский праздник с выездом,1.0,1.0,0.0,False,1,1
unseen_text,33db3c69f0663a8a02196341,мангальная зона из кирпича,1.0,1.0,0.0,False,1,1
unseen_text,33ee726bd30139c011c158b9,ремонт рвд,1.0,1.0,0.0,False,1,1
unseen_text,3427d62d5ae3494a1f18cc62,разблокировка телефона андроид xiaomi,1.0,1.0,0.0,False,1,1
unseen_text,347082d4cd8183593e7625df,помещение для праздника,1.0,1.0,0.0,False,1,1
unseen_text,348ae028753a320e836c58c2,кортеж на свадьбу ранж ровер,0.0,0.0,0.0,False,1,1
unseen_text,3535fb4ab4810713b4294568,водоснабжение,1.0,1.0,0.0,False,1,1
unseen_text,35e87ce84c6263f9b8091cd0,восстановление стс,1.0,1.0,0.0,False,1,1
unseen_text,360a314066677a4e43b2ce7e,доборы железные,1.0,1.0,0.0,False,1,1
unseen_text,361d6a4ba543c640b84c4c90,психотерапевт,1.0,1.0,0.0,False,1,1
unseen_text,365749c290b4c2bac9475fe2,аренда домика с баней,1.0,1.0,0.0,False,1,1
unseen_text,36c48c240020141fe3065f26,ветеринар на дом дешево,1.0,1.0,0.0,False,1,1
unseen_text,36ee032d098cdded3465eb43,чистка газовых колонок,1.0,1.0,0.0,False,1,1
unseen_text,36f1710b2f0dd9ec76188c3a,утилизация холодильник,1.0,1.0,0.0,False,1,1
unseen_text,37333d2286bb16d07bfaa026,болгарка на прокат,1.0,1.0,0.0,False,1,1
unseen_text,3738b10260dff059da02ca61,аренда автобуса,1.0,1.0,0.0,False,1,1
unseen_text,378c17f3567975e2b44e43c9,шлифовка лица,1.0,1.0,0.0,False,1,1
unseen_text,37aec504bd0c6c1083d88534,курсы ювелира,1.0,1.0,0.0,False,1,1
unseen_text,37b314be6b369e8e11ccd945,ремонт стиральной машины,1.0,1.0,0.0,False,1,1
unseen_text,37f5ffef4ddd5042fcffc043,прикурить авто,1.0,1.0,0.0,False,1,1
unseen_text,3809afbac6713d834af4a242,чистка кондиционера авто,1.0,1.0,0.0,False,1,1
unseen_text,3821dd99b76d7e2b3cba2d3c,модель на увеличение губ,1.0,1.0,0.0,False,1,1
unseen_text,385f9ce105899df0f59e75c4,прокат велосипедов беговая,1.0,1.0,0.0,False,1,1
unseen_text,389bd0fdc8bf5af5074e5017,прием стеклопакета,1.0,1.0,0.0,False,1,1
unseen_text,392d4f3abf632d80b12d9d7d,слив воды с натяжного потолка,1.0,1.0,0.0,False,1,1
unseen_text,39d18e65655caf26e669b621,коммерческие торги,1.0,1.0,0.0,False,1,1
unseen_text,3a29c843c6c3bd463b3cecd8,юрист,1.0,1.0,0.0,False,1,1
unseen_text,3a2f34e75bdc0996546a5583,удаление папилломы,1.0,1.0,0.0,False,1,1
unseen_text,3a4d96d77a7c13b6838209cc,аренда утюга для труб,1.0,1.0,0.0,False,1,1
unseen_text,3acd08ed65c742c7fa609df8,шиномонтаж с виброконтролем hunter,1.0,1.0,0.0,False,1,1
unseen_text,3ae2fc2d962556fa4c282050,распространение листовок по почтовым ящикам,1.0,1.0,0.0,False,1,1
unseen_text,3b157712f569631e59c940a4,оклейка пленкой мебели,1.0,1.0,0.0,False,1,1
unseen_text,3b161d7f0da02d03d7539bb6,перевозка в ереван,1.0,1.0,0.0,False,1,1
unseen_text,3b38eaa91c6a9561ae7754ba,реставрация,1.0,1.0,0.0,False,2,2
unseen_text,3b69b9acac11af8c417c832f,автоэлектрик установка автозвука,1.0,1.0,0.0,False,1,1
unseen_text,3c12f5d33a6a7c0915cad6ed,ремонт гибочного станка,1.0,1.0,0.0,False,1,1
unseen_text,3c15a825011ecbfb2e99cd24,замена гнезда зарядки,1.0,1.0,0.0,False,1,1
unseen_text,3c1fd926e0c4de9e007a62d9,землекопы траншей ямы,1.0,1.0,0.0,False,1,1
unseen_text,3c253c317d8283d41ef95ee3,эндоскоп,0.0,0.0,0.0,False,1,0
unseen_text,3c89dae3a890317d293481c7,услуги эвакуатора круглосуточно,1.0,1.0,0.0,False,1,1
unseen_text,3c9a5eb5e96f37d9180a32a0,ремонт айфонов,1.0,1.0,0.0,False,1,1
unseen_text,3ca0cb2bcf2db89b7444bbfc,перевозка мототехники,1.0,1.0,0.0,False,1,1
unseen_text,3cb2e0f87103a705df8cbab3,куплю отходы пластика акрил,1.0,1.0,0.0,False,1,1
unseen_text,3cbaece35b27f06e87c062fc,муж на час сборщик мебели,1.0,1.0,0.0,False,1,1
unseen_text,3ce5362d844cf0d68b45013d,замена масла в двигателе,1.0,1.0,0.0,False,1,1
unseen_text,3cea7357ccdc157667afd50b,сброс ошибок авто,1.0,1.0,0.0,False,1,1
unseen_text,3d1511526398c1eeea380a50,восстановление замка зажигания,1.0,1.0,0.0,False,1,1
unseen_text,3d2d912ed7434d5ac971f982,срочный выкуп земельных участков,1.0,1.0,0.0,False,2,2
unseen_text,3d30ce5725e65544ac8d0088,стилист по подбору одежды,1.0,1.0,0.0,False,1,1
unseen_text,3e2ffd5bfad1ca2b3f4b19e1,трансфер тверь шереметьево,1.0,1.0,0.0,False,3,3
unseen_text,3eac9dcc9eb4305a227563a0,ремонт будки газель,1.0,1.0,0.0,False,1,1
unseen_text,3eb5521583a6720804406ed3,грузчики свао,0.0,1.0,1.0,False,1,1
unseen_text,3eee808b7b77633c53cd519d,порошковая покраска ворот,0.0,1.0,1.0,False,1,1
unseen_text,3f09f4a99aaa8a84a7d1daaa,установка заборов,1.0,1.0,0.0,False,1,1
unseen_text,3f26e3a2a4330bed9253de4e,грузоперевозки с аппарелью,1.0,1.0,0.0,False,1,1
unseen_text,3f285d51e33d788b71e587e6,демонтаж радиатора отопления,1.0,1.0,0.0,False,1,1
unseen_text,3f6cc32a5db159d3b0f01ea6,программист,1.0,1.0,0.0,False,1,1
unseen_text,3f71b86795d89b41c25a2c0f,курсовая работа,1.0,1.0,0.0,False,1,1
unseen_text,3f7c8def0f4e85639dc9f222,наращивание ресниц суворовский,1.0,1.0,0.0,False,1,1
unseen_text,3fdcf9eff6448a01c9b85760,ищу музыкантов,1.0,1.0,0.0,False,1,1
unseen_text,3fe5c1176aa49c6a4ea7156b,услуги грузчиков и разнорабочих,1.0,1.0,0.0,False,1,1
unseen_text,4005839d3fc8f4dd3c053b3a,замена картриджей фильтров для воды,1.0,1.0,0.0,False,1,1
unseen_text,400e4ae25e3ded0015f5b6ff,подолог на дом,1.0,1.0,0.0,False,1,1
unseen_text,40de4a94b43e3bbe43c5bcd5,электрорубанок аренда,1.0,1.0,0.0,False,1,1
unseen_text,40df6ef6f0e565438a519350,турецкая карта,1.0,1.0,0.0,False,1,1
unseen_text,4116e7362653682ae4d8c486,кровля,0.0,0.0,0.0,False,1,0
unseen_text,4159d3b25f46fb8d704ddfa5,авто с выкупом без банка,1.0,1.0,0.0,False,1,1
unseen_text,41e84e804c0b9ebbc0dc68fd,3d моделирование для 3d печати,1.0,1.0,0.0,False,1,1
unseen_text,41fa5bfe6a6681893356f8be,грузоперевозка межгород,1.0,1.0,0.0,False,1,1
unseen_text,4214afc11db793d1fa9e76b5,вывоз чугунных ванн бесплатно,1.0,1.0,0.0,False,1,1
unseen_text,425e52422491581ee5f343ca,реставрация плитки керамогранита,1.0,1.0,0.0,False,1,1
unseen_text,425ff02c6e4d91071c19eb50,грузоперевозки ларгус,1.0,1.0,0.0,False,1,1
unseen_text,42bdb486da205bbce360e613,автоюрист по осаго,1.0,1.0,0.0,False,1,1
unseen_text,433779bac13090c15816800c,возведение ангаров,1.0,1.0,0.0,False,1,1
unseen_text,435fa9b7e938693abb391898,замена личинки замка,1.0,1.0,0.0,False,1,1
unseen_text,43689bd2e5cc9e6a5b7ffbff,уроки игры на трубе,1.0,1.0,0.0,False,1,1
unseen_text,43f31186c25748080db3b273,выкарчевывание деревьев,1.0,1.0,0.0,False,1,1
unseen_text,443789b04cd42567a88c4076,массаж с онлайн записью,1.0,1.0,0.0,False,1,1
unseen_text,44724363c1e03b1ad69fa235,руссификация gac s7,1.0,1.0,0.0,False,1,1
unseen_text,447514ea1a1bc43e0f1ae24c,электроинструмент аренда,1.0,1.0,0.0,False,1,1
unseen_text,44c79773ad8f9e7f48cec2ff,чип тюнинг ford,1.0,1.0,0.0,False,1,1
unseen_text,44f0ee8a90ff01b8e82252fb,куплю металлолом самовывоз,1.0,1.0,0.0,False,1,1
unseen_text,45700e41ce3c73d4dd35eb57,прокладка трассы для кондиционера,1.0,1.0,0.0,False,1,1
unseen_text,459646e408681c590b9f560d,грузоперевозки по городу 5 тонн,1.0,1.0,0.0,False,1,1
unseen_text,45978b343b260ded90241083,бригада строителей чехов,1.0,1.0,0.0,False,1,1
unseen_text,45b77ada711bddce62e12f67,ремонт форсунок в зао,1.0,1.0,0.0,False,1,1
unseen_text,45c157c7a228dbcf1ac838b2,подтяжка груди,1.0,1.0,0.0,False,1,1
unseen_text,45c642fd76ba5f054b941370,экспресс линька кошке,1.0,1.0,0.0,False,1,1
unseen_text,4610274b15c353ce32f10984,свадебный торт и капкейки на заказ,1.0,1.0,0.0,False,1,1
unseen_text,468207aba018be6292090e2e,прически на дому,1.0,1.0,0.0,False,1,1
unseen_text,4682aca147d3fe71a0d4ada9,перевозка вещей по городу,1.0,1.0,0.0,False,1,1
unseen_text,471fe307b148f2bc8e2e58e5,боксерские косички,1.0,1.0,0.0,False,1,1
unseen_text,47452171073e54149eded09e,тренер по футболу,1.0,1.0,0.0,False,1,1
unseen_text,475ae14d9d4b29f21e619900,самопогрузчик,1.0,1.0,0.0,False,1,1
unseen_text,476b9b655211a368273a088d,локация для свадьбы,1.0,1.0,0.0,False,1,1
unseen_text,4776f01b3438c9779c50d8d3,вывоз металлолома,1.0,1.0,0.0,False,1,1
unseen_text,47858d7553e09c4c5a97d3c6,курсовая по экономике,1.0,1.0,0.0,False,1,1
unseen_text,47a8c530d023eb71d8467db5,пирсинг в студии,1.0,1.0,0.0,False,1,1
unseen_text,47e35c746be0651e40f8a63b,прием электроники,0.0,1.0,1.0,False,1,1
unseen_text,47e3e7825e704548bdf877c4,мастер сантехник,1.0,1.0,0.0,False,1,1
unseen_text,480372e6a01f22267e5c8ec6,замена замков,1.0,1.0,0.0,False,1,1
unseen_text,48199835a1c172f187ff36b3,водоснабжение на участке,1.0,1.0,0.0,False,1,1
unseen_text,481d52e8e14b69338a2a1395,баня аренда,0.0,0.0,0.0,False,1,0
unseen_text,483382adeb29296380ec6dad,наращивание ресниц led,1.0,1.0,0.0,False,1,1
unseen_text,48441c42357b26374ad6c74c,ремонт будок и фургонов,1.0,1.0,0.0,False,1,1
unseen_text,486ebbf9dcba152d44b47c7c,прием аккумуляторов,1.0,1.0,0.0,False,1,1
unseen_text,48cfb278b753e04fa1c42cce,грузчики,1.0,1.0,0.0,False,1,1
unseen_text,496a15b485ff28face27653f,снятие защиты компонентов vag,1.0,1.0,0.0,False,1,1
unseen_text,49d20f603634e9ea1a9acc9b,прическа на свадьбу,1.0,1.0,0.0,False,1,1
unseen_text,49d8726504d7b2d78376ffe3,шлифовка покраска сруба,1.0,1.0,0.0,False,1,1
unseen_text,49efe5c7f1b95048fc883f8b,производство металлоконструкций,1.0,1.0,0.0,False,1,1
unseen_text,4a50a0cf14f9ca8102e3ab83,конопатка срубов,1.0,1.0,0.0,False,1,1
unseen_text,4a511da43b17cd0720c53a4e,футболка со своим принтом,1.0,1.0,0.0,False,1,1
unseen_text,4a7ab7422ece96ca2dc777a1,муж на час сборка мебели,1.0,1.0,0.0,False,1,1
unseen_text,4a987db3933f8dce05c6b14d,кран манипулятор,1.0,1.0,0.0,False,1,1
unseen_text,4ae85df40dd6b5498aa2013b,автоэлектрик выезд,1.0,1.0,0.0,False,1,1
unseen_text,4afa4a31cbb3240c8f285ced,сдать iphone,1.0,1.0,0.0,False,1,1
unseen_text,4b140254e2e687afcccd0061,креативное окрашивание,1.0,1.0,0.0,False,1,1
unseen_text,4b1c0eba7ef73df7ab4d83bd,репетитор по английскому языку,1.0,1.0,0.0,False,1,1
unseen_text,4b23a3a04eec78f6ff79738e,кранборт вездеход,1.0,1.0,0.0,False,1,1
unseen_text,4bc55ba1dc034cf17091bb2d,газель услуги,1.0,1.0,0.0,False,1,1
unseen_text,4c1c284c3d3ce3bad492c3b3,разработка приложений iherb,0.0,0.0,0.0,False,1,1
unseen_text,4c36bdc59c7fe77bda61e083,3d фигурки по фото,1.0,1.0,0.0,False,1,1
unseen_text,4cdea18f35e93ee48c9c48be,макияж и прическа,1.0,1.0,0.0,False,1,1
unseen_text,4d254816b0ddfbcaba140829,расточка блока,1.0,1.0,0.0,False,1,1
unseen_text,4d28c7ca889fbc63da8ed68a,установка выхлопа,1.0,1.0,0.0,False,1,1
unseen_text,4d44b152f755771248c51ecc,чистка фотоаппарата,1.0,1.0,0.0,False,1,1
unseen_text,4d4b02dc4caa778e7994d782,готовый проект дома 130 кв,1.0,1.0,0.0,False,1,1
unseen_text,4dbf15a8b2b55488cdaf0767,аренда автомобиля от собственника,1.0,1.0,0.0,False,1,1
unseen_text,4de2482a282aad81c9bb3a53,репетитор по сольфеджио,1.0,1.0,0.0,False,1,1
unseen_text,4e046a218d9c6725c9712e91,изготовление номеров авто,1.0,1.0,0.0,False,1,1
unseen_text,4e34a0595c74ae296b4c4d85,удаление царапин,1.0,1.0,0.0,False,1,1
unseen_text,4e6561a1262b054a03a8721e,гидроизоляция стен,1.0,1.0,0.0,False,1,1
unseen_text,4e7274bc22ac361968bb0a02,вывоз мусора подмосковье,1.0,1.0,0.0,False,1,1
unseen_text,4e775a001181fcf81c5beebf,проектировщик мебели,1.0,1.0,0.0,False,1,1
unseen_text,4e7dc5e6032ef12850ee50c9,сдать катализатор,1.0,1.0,0.0,False,1,1
unseen_text,4e83d2bc22acc031f1e0a536,художник на стенах,1.0,1.0,0.0,False,1,1
unseen_text,4ea9dcfee7af15da0c5a2af4,отходы бамперов,1.0,1.0,0.0,False,1,1
unseen_text,4ee4550f91b6ae5143578d64,диагностика двигателя,1.0,1.0,0.0,False,1,1
unseen_text,4efb4e82d049d05c402cb508,танцы вальс,1.0,1.0,0.0,False,1,1
unseen_text,4f1ca844b3325f243031f15c,канеколон,1.0,1.0,0.0,False,1,1
unseen_text,4fc27913fe6033abc9e7304d,автоэлектрик audi,1.0,1.0,0.0,False,1,1
unseen_text,50661b681f4c5b1438155732,беседка красивая,1.0,1.0,0.0,False,1,1
unseen_text,506764b41877c70983efdb79,шпатлевка стен,1.0,1.0,0.0,False,1,1
unseen_text,5098d8e68ff8a5210c363e00,обшивка пластиком ванна туалет,1.0,1.0,0.0,False,1,1
unseen_text,50b0c1211ad7b1874f9c18f6,организация праздников,1.0,1.0,0.0,False,1,1
unseen_text,50df9c5d308c59f2a9929e48,омск натяжные потолки установка,1.0,1.0,0.0,False,1,1
unseen_text,511a02eef51c674de9cf94ad,постоянная прописка в москве собственник,1.0,1.0,0.0,False,1,1
unseen_text,51615ae6124f8247ed73bb9c,медицинский массаж,0.0,1.0,1.0,False,1,1
unseen_text,518b453e0eca284aa25f30a7,скупка продажа мониторов,1.0,1.0,0.0,False,1,1
unseen_text,518c1f4fd1f3d24ca1f9c976,арендп автомобиля с водителем на свадьбу,1.0,1.0,0.0,False,1,1
unseen_text,5196afe66fd9a60d78a7d49a,саксофонист на мероприятие,1.0,1.0,0.0,False,1,1
unseen_text,519af067c98c69113e08b5c1,перевезти вещи,1.0,1.0,0.0,False,1,1
unseen_text,51c805d92d0f08cd1db2965e,сантехник полотенцесушитель,1.0,1.0,0.0,False,1,1
unseen_text,51e101e4410aa74dfac568c4,поиск воды на участке новгородская область,1.0,1.0,0.0,False,1,1
unseen_text,51e68e83d26086157fce2009,печать виниловых наклеек на двери,1.0,1.0,0.0,False,1,1
unseen_text,51f6cbcf30f74b154970e199,оценщик,1.0,1.0,0.0,False,1,1
unseen_text,521db01c641a838dccdd34d3,генерация видео ии,1.0,1.0,0.0,False,1,1
unseen_text,52498c01d34f57b7d9d84b6b,корректировка пробега kia,1.0,1.0,0.0,False,1,1
unseen_text,5269ccd4145741297087df2e,монтаж рилс,1.0,1.0,0.0,False,1,1
unseen_text,5273ab49aa7c4ebc7ef8dbab,парковка аэропорт курумоч,1.0,1.0,0.0,False,1,1
unseen_text,5287d7fdaeb2da96da4fb6f8,покраска потолка в квартире,1.0,1.0,0.0,False,1,1
unseen_text,52e3c3a925b94ab32ea9b491,замена платы кондиционера,1.0,1.0,0.0,False,1,1
unseen_text,52e47cc3668c489b4d945d5b,настройка яндекс директ,1.0,1.0,0.0,False,1,1
unseen_text,52fe29f2b147c251a1043b67,мотоблоком,1.0,1.0,0.0,False,1,1
unseen_text,530a25770ac97203dc42665a,армавир,1.0,1.0,0.0,False,1,1
unseen_text,530d344069a60d44a943d0a0,скупаю компьютеры,1.0,1.0,0.0,False,1,1
unseen_text,532f7881281ae858e23037a9,яхта в аренду,1.0,1.0,0.0,False,1,1
unseen_text,536caf1700542d84fceb9735,смас лифтинг,1.0,1.0,0.0,False,1,1
unseen_text,53b5f3e12a5beb3b97675392,костюм ростовой куклы аренда,1.0,1.0,0.0,False,1,1
unseen_text,53ef47aa4ec5eff8f230801c,обслуживание лодок пвх,1.0,1.0,0.0,False,1,1
unseen_text,53fa484efa4a768a47b27554,доставка животных,1.0,1.0,0.0,False,1,1
unseen_text,540bded921601d59f7463874,манипулятор старокарасунская,1.0,1.0,0.0,False,1,1
unseen_text,5427e0dd187c3b3782a4f8b2,ночные квесты 18,1.0,1.0,0.0,False,1,1
unseen_text,5446d05a70c81a62590710ae,реставрация брендовых сумок,1.0,1.0,0.0,False,1,1
unseen_text,544b2868678506f9598f0645,ремонт амортизаторов,1.0,1.0,0.0,False,1,1
unseen_text,54649d09b7382840c400b3ee,микроавтобус 8 мест на свадьбу,1.0,1.0,0.0,False,1,1
unseen_text,547a5d9898c34395c75bded5,обучение на права тракториста,1.0,1.0,0.0,False,1,1
unseen_text,54d31860fdd1f02b87ab60a3,байер германия,1.0,1.0,0.0,False,1,1
unseen_text,54e2c2725f568fec8ab3f4f5,обучение сварке аргоном,1.0,1.0,0.0,False,1,1
unseen_text,54ea9121a8916333961a8406,реставрация оружия,1.0,1.0,0.0,False,1,1
unseen_text,551fba20db5624fa7db0cd4c,ремонт ford f-150,1.0,1.0,0.0,False,1,1
unseen_text,552fa57cba7b78b99b1129f2,химчистка колясок детских,1.0,1.0,0.0,False,1,1
unseen_text,558713c9b25af47172228d7d,подсветка в салон,1.0,1.0,0.0,False,1,1
unseen_text,55cfc61b4a80328c7d20bf4f,установка розеток,1.0,1.0,0.0,False,1,1
unseen_text,562883edb6827f4994aab69d,замена газового котла,1.0,1.0,0.0,False,1,1
unseen_text,568051252a2581bc00991e45,выкачка септика,1.0,1.0,0.0,False,1,1
unseen_text,568569d6fe67f1b7189aec70,наращивание кудрей,1.0,1.0,0.0,False,1,1
unseen_text,568a2d9739e32d16a2b9bb72,ремонт газонокосилок,1.0,1.0,0.0,False,1,1
unseen_text,572ee6ba19bf6f20e37d8206,биоревитализация модель,1.0,1.0,0.0,False,1,1
unseen_text,57ac8746d77b00e7cc3589cf,утилизация стиральных машин бесплатно,1.0,1.0,0.0,False,1,1
unseen_text,5851d36d21a130d2c5680a4c,архитектор проектировщик,1.0,1.0,0.0,False,1,1
unseen_text,585eef012e1dd5b1ff1b08c0,печать на 3d принтере из смолы,1.0,1.0,0.0,False,1,1
unseen_text,58b327353da5630ee0c06cbb,от сглаза,1.0,1.0,0.0,False,1,1
unseen_text,59611d2edd4e02f446486d83,межевание земельного участка,1.0,1.0,0.0,False,1,1
unseen_text,597949e9153ad806dd3deb81,подключение теплых полов,1.0,1.0,0.0,False,1,1
unseen_text,599a1937d2434086a928f4e5,грузоперевозки в ереван,1.0,1.0,0.0,False,1,1
unseen_text,59b2be2ae329aa0de1e381cf,инструктор по вождению мкпп lada vesta,1.0,1.0,0.0,False,1,1
unseen_text,5a1009054199eaf63396b1af,перевозки largus,1.0,1.0,0.0,False,1,1
unseen_text,5a170860a5005529825f90ad,караоке,1.0,1.0,0.0,False,1,1
unseen_text,5a4fede2be18cab7409d9ec3,покраска 3d моделей,1.0,1.0,0.0,False,1,1
unseen_text,5a502991497c20008630abca,покраска мотоцикла,1.0,1.0,0.0,False,1,1
unseen_text,5a532af0274eeed49302dcf4,фото видео съемка на свадьбу,1.0,1.0,0.0,False,1,1
unseen_text,5ab7692cfba557cd5c3624c4,манипулятор 12 метров,1.0,1.0,0.0,False,1,1
unseen_text,5b2e4ba021a94088185c0360,аренда игровых приставок,1.0,1.0,0.0,False,1,1
unseen_text,5b3aabc076447459cafdcba4,растяжка обуви,1.0,1.0,0.0,False,1,1
unseen_text,5b6dab32e3ea3b02664ec1ef,грузоперевозки межгород,1.0,1.0,0.0,False,1,1
unseen_text,5b8b7df97b44864fb2c41abf,перекатка процессора samsung,1.0,1.0,0.0,False,1,1
unseen_text,5c2d9ba47b93fa45adcb9412,кузовной ремонт и покраска авто,1.0,1.0,0.0,False,1,1
unseen_text,5c9f2f85f4e9808141f0e2ed,программа ofis на macbook,1.0,1.0,0.0,False,1,1
unseen_text,5d1cf751390da81b54c999ef,реставрация сидений автомобили,1.0,1.0,0.0,False,1,1
unseen_text,5d39c1175997e474759431cf,визажист стилист,1.0,1.0,0.0,False,1,1
unseen_text,5d537b9949dbe5ba86fd429f,парная фотосессия,1.0,1.0,0.0,False,1,1
unseen_text,5d5752c330f6fc04a10425f7,выкорчевывание деревьев калужская область бабынинский район,1.0,1.0,0.0,False,1,1
unseen_text,5e29cf28b020af9ea193bda3,неоновая вывеска бу,1.0,1.0,0.0,False,1,1
unseen_text,5e413661051f2396ac3c2c0d,ремонт карбона,1.0,1.0,0.0,False,1,1
unseen_text,5e8385e1341e482a7ab8e31b,распечатать визитки,1.0,1.0,0.0,False,1,1
unseen_text,5ec6670a01f0a0853f60daed,сауна на час,1.0,1.0,0.0,False,1,1
unseen_text,5f07110d64e20ebe0702221d,посылка в германию,1.0,1.0,0.0,False,1,1
unseen_text,5f55c660ac3dfb03d8d0128e,видеовизитка,1.0,1.0,0.0,False,1,1
unseen_text,5f70c11e03fc8964744104fe,кабинет психолога в аренду,1.0,1.0,0.0,False,1,1
unseen_text,5f79cb1d74733c86b0778f95,ремонт электро газонокосилок,1.0,1.0,0.0,False,1,1
unseen_text,5f9a693b92c9086b2b837850,разнорабочий на день на дачу,1.0,1.0,0.0,False,1,1
unseen_text,5f9df43a57829bbbce19f0ed,типография,1.0,1.0,0.0,False,1,1
unseen_text,60029cc7c8b1897ee730a30f,ремонт холодильников атлант,1.0,1.0,0.0,False,1,1
unseen_text,60216ca9aee998da3a061237,забор из штакетника,1.0,1.0,0.0,False,1,1
unseen_text,603957c29d0676b55a759515,плата ключа форд фокус,1.0,1.0,0.0,False,1,1
unseen_text,6041732812b45741a55fd210,лазерная обработка металла,1.0,1.0,0.0,False,1,1
unseen_text,605d2d67072d9e71ac2209f1,ремонт вентиляции,1.0,1.0,0.0,False,1,1
unseen_text,605ec3a44f187bf82086aafa,изготовление вывески,1.0,1.0,0.0,False,1,1
unseen_text,6067d06462c3e6e8dbb2c0b5,косметолог домашний уход,1.0,1.0,0.0,False,1,1
unseen_text,6075fe7cf4f4ed35f6289554,кабинет для мастер классов,1.0,1.0,0.0,False,1,1
unseen_text,608b964a774d50f9fb8dcc0c,дизайнер принтов для одежды,1.0,1.0,0.0,False,1,1
unseen_text,60a70cf67926bf903e0fb90a,самогруз 10 тонн,1.0,1.0,0.0,False,1,1
unseen_text,60ad2938d30d26f11b2b84d1,приборная панель ремонт,1.0,1.0,0.0,False,1,1
unseen_text,60b1ed63216bf36a0561e011,заказ еды на мероприятие,1.0,1.0,0.0,False,1,1
unseen_text,60c0a1fe16e6ced93fb9535a,удлинить газель,1.0,1.0,0.0,False,1,1
unseen_text,60d445f6b3c81bd7be80a72f,лазерная резка фанеры услуга,1.0,1.0,0.0,False,1,1
unseen_text,612252f3d25c4d965c88bfaf,пескоструй обработка ворот дверей,1.0,1.0,0.0,False,1,1
unseen_text,614bdbdc077fe3c564a79ed9,чистка зубов,1.0,1.0,0.0,False,1,1
unseen_text,614fd1e27fddd7c0a1be5b3c,классическое наращивание ресниц,1.0,1.0,0.0,False,1,1
unseen_text,61603d1ef4e1da9229667fbb,фотограф бесплатно,1.0,1.0,0.0,False,1,1
unseen_text,616cc50f093626e8fba13868,чистка номера двигателя,1.0,1.0,0.0,False,1,1
unseen_text,61e54fb13d3e60edc085064a,бьюти коворкинг аренда кабинета,1.0,1.0,0.0,False,1,1
unseen_text,61e62d783f54633b406ee468,повесить зеркало в ванной яхромская,1.0,1.0,0.0,False,1,1
unseen_text,62300d3cb3a0e9838e25016b,изготовление дубликатов грз,1.0,1.0,0.0,False,1,1
unseen_text,6239d3d1a328f6e62bf8d64e,ремонт светильников,1.0,1.0,0.0,False,1,1
unseen_text,6292cf3f808290df4e5cee98,смывка для волос,1.0,1.0,0.0,False,1,1
unseen_text,629f969e367de043cbbb3213,такси 7 мест,1.0,1.0,0.0,False,1,1
unseen_text,62ae2db94b0d6c22011a7cf5,сайт tilda,1.0,1.0,0.0,False,1,1
unseen_text,62c9b891b0014eef085cbea1,интим девочка,0.0,0.0,0.0,False,1,1
unseen_text,62f7042535a264b83d17f1cb,аниматор трансформеры,1.0,1.0,0.0,False,1,1
unseen_text,6349172f24f9e0b545f57ce0,покрас волос,1.0,1.0,0.0,False,1,1
unseen_text,635735ea3ba51f12fb2266a5,наращивание ногти,1.0,1.0,0.0,False,1,1
unseen_text,63a8b3b096d7a03e63de13eb,ремонт одежды,1.0,1.0,0.0,False,1,1
unseen_text,63d4e4a250f07ba0c664f5f0,прокат кабриолета без водителя,1.0,1.0,0.0,False,1,1
unseen_text,640eaeb6e4431a78ac65a688,багетная мастерская,1.0,1.0,0.0,False,1,1
unseen_text,641f51dd064101dcc54fc12b,вывоз мусора солнечногорск,1.0,1.0,0.0,False,1,1
unseen_text,644dd6fd7dedf70668707f57,проект каркасного дома,1.0,1.0,0.0,False,1,1
unseen_text,65163a496d6b73de23da9bfc,бросковая зона,1.0,1.0,0.0,False,1,1
unseen_text,652d8be6bfa4bfa986543a6c,услуги токаря фрезеровщика,1.0,1.0,0.0,False,1,1
unseen_text,6533df985b62b19d71650f77,репетитор по математике 1 4 класс,1.0,1.0,0.0,False,1,1
unseen_text,6547c49b6f206410e14dbd04,расточка цилиндров иж,1.0,1.0,0.0,False,1,1
unseen_text,65749be687dd243e8b214e73,сварка по ржавчине,1.0,1.0,0.0,False,1,1
unseen_text,65b1cb903c881298982a979e,базы отдыха на озере,1.0,1.0,0.0,False,1,1
unseen_text,65e02e913d6b3c45bac94e42,утепление стен пеноплексом,1.0,1.0,0.0,False,1,1
unseen_text,65f01ca1134c64acddef5116,попутный груз,1.0,1.0,0.0,False,1,1
unseen_text,667fd3c5d415e3efe5112e22,газель перевозки,0.0,0.0,0.0,False,1,1
unseen_text,668688449fdd2b591ee84f16,печать на джерси,0.0,0.0,0.0,False,1,1
unseen_text,669b35b8b4484b9a2c6eb034,байер финляндия,0.0,0.0,0.0,False,1,1
unseen_text,66a3214ca58dfbaf7d63c045,ремонт авто ходовка,1.0,1.0,0.0,False,1,1
unseen_text,672f0123ab953dbc64a87031,мастер класс для взрослых,0.0,0.0,0.0,False,1,1
unseen_text,673092ce8e03541252fd024f,грузоперевозки 6 метров,1.0,1.0,0.0,False,1,1
unseen_text,675b3d052a0e266f2a62cee0,база отдыха на волге,1.0,1.0,0.0,False,1,1
unseen_text,6773210691629e95a0522ce1,тула бобкет,1.0,1.0,0.0,False,1,1
unseen_text,6777d261c9442016aa1be546,памятник стальной,1.0,1.0,0.0,False,1,1
unseen_text,67b102b38b9bb8a93c8a5739,вросший ноготь,1.0,1.0,0.0,False,1,1
unseen_text,680713a9dd2402cfcc23b86e,рекламные наклейки банеры,0.0,1.0,1.0,False,1,1
unseen_text,680caca02e9ed0fb2c024e67,открыть машину без ключа,1.0,1.0,0.0,False,1,1
unseen_text,6834f2f47d0469efb443d465,развлечения,0.0,0.0,0.0,False,1,1
unseen_text,6866d464f464a90033cf3a0f,тренер по мма,1.0,1.0,0.0,False,1,1
unseen_text,687638c72935617e1c88105e,афрокудри,1.0,1.0,0.0,False,1,1
unseen_text,68a53f801cf795a7053a110a,моделирование в simintech,1.0,1.0,0.0,False,1,1
unseen_text,6912e6131c58247f72ede795,мойка окон в квартире,1.0,1.0,0.0,False,1,1
unseen_text,695801f64159d813d36e028e,выкуп недвижимости,1.0,1.0,0.0,False,1,1
unseen_text,69bfff411b2323564dd14e17,оградки,1.0,1.0,0.0,False,1,1
unseen_text,69d0a93144e1508d81a8d8fa,брейды мужские,1.0,1.0,0.0,False,1,1
unseen_text,6a25791f3a33ad629f63b7df,снос демонтаж домов,1.0,1.0,0.0,False,1,1
unseen_text,6a2bd7e7200d78e44356c590,аренда строительного пылесоса,1.0,1.0,0.0,False,1,1
unseen_text,6a7e6e343467d49654e37a29,ремонтные и отделочные работы,1.0,1.0,0.0,False,1,1
unseen_text,6a7f8ae6230ce6f038148efc,ремонт ванной под ключ,1.0,1.0,0.0,False,1,1
unseen_text,6a9f3739f3280fe72b2efd81,диджей на юбилей,1.0,1.0,0.0,False,1,1
unseen_text,6afb03a2d19ea8751eeab320,строительство гаражей,1.0,1.0,0.0,False,1,1
unseen_text,6b044dfedc76ae07b118e687,прозрачные наклейки в рулоне,1.0,1.0,0.0,False,1,1
unseen_text,6b12fa524c57567771d402c5,промывка форсунок,1.0,1.0,0.0,False,1,1
unseen_text,6b3a8e458bc209c6975ebb42,пластиковые визитки,1.0,1.0,0.0,False,1,1
unseen_text,6b8723b933881a5b8939c5a9,бурение канализации,1.0,1.0,0.0,False,1,1
unseen_text,6ba9484ffe49ecc39e870e8a,покраска мебели,1.0,1.0,0.0,False,1,1
unseen_text,6bd667ded13f19dae299757e,корпоратив на природе,1.0,1.0,0.0,False,1,1
unseen_text,6becc04eac84518b835f576f,аренда ушм,1.0,1.0,0.0,False,1,1
unseen_text,6c06fb6cb333ee74ae049eb7,ремонт головки гбц,1.0,1.0,0.0,False,1,1
unseen_text,6c1875056148c8709523d2fb,настройка честного знака,1.0,1.0,0.0,False,1,1
unseen_text,6c1cf4be4a07b2e2037728d4,ремонт духовых шкафов neff,1.0,1.0,0.0,False,1,1
unseen_text,6c2326274411c7aa856fe6cd,дезинфекция от клопов,1.0,1.0,0.0,False,1,1
unseen_text,6c3bc40657d62a40ee5edac3,логопед онлайн,1.0,1.0,0.0,False,1,1
unseen_text,6c4c9db1ae4c166f0b347d2d,губы,1.0,1.0,0.0,False,1,1
unseen_text,6c6642fca7bd1f776cb920d2,ремонт боковых порезов шин,1.0,1.0,0.0,False,1,1
unseen_text,6c7e082b51683ac3a90d3e32,установка парктроников,1.0,1.0,0.0,False,1,1
unseen_text,6cbfb5fbfad83e37de90b01c,прием боя стекла,1.0,1.0,0.0,False,1,1
unseen_text,6cc5557c79bbd7b3eb4be241,хим чистка дивана,1.0,1.0,0.0,False,1,1
unseen_text,6cc5a2959502baff8c0c33af,karcher на прокат,1.0,1.0,0.0,False,1,1
unseen_text,6ce697c0514af24cfa13c019,репетитор по патологической анатомии,1.0,1.0,0.0,False,1,1
unseen_text,6d0d50305dfc7fdfc522b5ea,выкуп ссср,1.0,1.0,0.0,False,1,1
unseen_text,6da4a9c41556532ba0badf5a,ремонт стартеров bmw,1.0,1.0,0.0,False,1,1
unseen_text,6ddee009ccad565d6eff1911,изготовление табличек с вин номером,1.0,1.0,0.0,False,1,1
unseen_text,6decf0e09bed8db4db520568,восстановление стекол авто,1.0,1.0,0.0,False,1,1
unseen_text,6e1aaa178b01b7496bbeb9fe,прокат самокатов,1.0,1.0,0.0,False,1,1
unseen_text,6e7f3867bbf767be29921ccd,лидогенерация,1.0,1.0,0.0,False,1,1
unseen_text,6ea1c9f67e8840f5bb3b1716,услуги культиватора,1.0,1.0,0.0,False,1,1
unseen_text,6eadb67561c03afa20e54eeb,тренировки по боксу,1.0,1.0,0.0,False,1,1
unseen_text,6ec8908650bd5f0efacdc98e,аренда бетономешалки,1.0,1.0,0.0,False,1,1
unseen_text,6eceffe2a0f9c7091fe0840c,изготовление автомобильных номеров,1.0,1.0,0.0,False,1,1
unseen_text,6ecf5f819a8de5137ca66005,вывоз деревьев с грузчиками,0.0,0.0,0.0,False,1,1
unseen_text,6ee7a494eae8fd29ed41f411,металлические визитки,1.0,1.0,0.0,False,1,1
unseen_text,6f1713e412cc3b6d03e922c5,минивен аренда,1.0,1.0,0.0,False,1,1
unseen_text,6f24abc5e83c630a0a33648b,загранпаспорт,1.0,1.0,0.0,False,1,1
unseen_text,6f35f8af04c83c8479bb8d0f,вывоз газовой плиты бесплатно,1.0,1.0,0.0,False,1,1
unseen_text,6f786e806b8b23aef27dc82c,акт проверки дымоходов и вентканалов щапово,1.0,1.0,0.0,False,1,1
unseen_text,6fa9655e6d34d2480a4597ba,кровля услуги ремонт,1.0,1.0,0.0,False,1,1
unseen_text,6fe6a311aad93e8daec0687a,манипулятор 7т,1.0,1.0,0.0,False,1,1
unseen_text,6fed25725c43801296b0a854,переезд москва калининград,1.0,1.0,0.0,False,1,1
unseen_text,6ff2b550103af0dee73ff915,начинающий ландшафтный дизайнер,1.0,1.0,0.0,False,1,1
unseen_text,6ffa64d5b7d806c4c5fe6d64,установка кондиционера в авто,1.0,1.0,0.0,False,1,1
unseen_text,7013cab09ec5044fb2de76af,скупка золота,1.0,1.0,0.0,False,1,1
unseen_text,701dc0a2be81ebe688b3175d,ремонт стоматологических наконечников,1.0,1.0,0.0,False,1,1
unseen_text,702a9753f717f4f16ad0fab7,токарь фрезеровщик,1.0,1.0,0.0,False,1,1
unseen_text,7042ea87705dd0c72b5574e3,ремонт питбайков,1.0,1.0,0.0,False,1,1
unseen_text,704dea41b5c5fccc7a36c8fa,аренда авто под выкуп,1.0,1.0,0.0,False,1,1
unseen_text,706e405c7d0afb377b8c4f1b,фотоомоложение lumecca,1.0,1.0,0.0,False,1,1
unseen_text,70c32a8042b38d55f16107b8,спицовка колес мотоцикла,1.0,1.0,0.0,False,1,1
unseen_text,70d6e45f40887f4736d791fe,мастер по ремонту косметологического оборудования,1.0,1.0,0.0,False,1,1
unseen_text,714a3adfb111e2d726ff2f12,изготовление перегородок интерьерных,1.0,1.0,0.0,False,1,1
unseen_text,716067b71ad715b76958af8e,снять студия для фотосессия,1.0,1.0,0.0,False,1,1
unseen_text,71ae4aba92c2e77c77de3545,тиснение бумаги,1.0,1.0,0.0,False,1,1
unseen_text,71d867bd354ac3d7c16e1a21,дтф печать,1.0,1.0,0.0,False,1,1
unseen_text,71e2f32a5e4e43ef3c77af6a,ремонт коробки робот,1.0,1.0,0.0,False,1,1
unseen_text,7246a6a8b9f73d59334aad93,срочное печать банеров,1.0,1.0,0.0,False,1,1
unseen_text,727db7610fa893865a156b44,шугаринг для мужчин,1.0,1.0,0.0,False,1,1
unseen_text,72ea493f8202a7cdcd631fc1,алмазное бурение стен под вентиляцию,1.0,1.0,0.0,False,1,1
unseen_text,7314af4337dc5f149b9b3ff3,спортивный массаж,1.0,1.0,0.0,False,1,1
unseen_text,745355ec6c81c9c0d792786a,беседка отдыха снять,1.0,1.0,0.0,False,1,1
unseen_text,747baacd82ea1fb79a77ce6c,ремонт пневматики,1.0,1.0,0.0,False,1,1
unseen_text,7486302d87330310cd0b996c,курьер,1.0,1.0,0.0,False,1,1
unseen_text,74af65aace8cb3be84427a39,замена заднего стекла iphone,1.0,1.0,0.0,False,1,1
unseen_text,74b522210b1cf3bc9b648bed,заливка ванны акрилом,1.0,1.0,0.0,False,1,1
unseen_text,74f9e38e4affe808ae83b650,граффити на стенах,1.0,1.0,0.0,False,1,1
unseen_text,75372e0c98e09fae14fa5a15,виза во францию,1.0,1.0,0.0,False,1,1
unseen_text,75ad481d42b2c0f3c1db3110,фундамент под баню,1.0,1.0,0.0,False,1,1
unseen_text,75e39387355695d59ae78271,ремонт nespresso,1.0,1.0,0.0,False,1,1
unseen_text,75f374fba688c5a3e9cb5296,фрезеровка почвы,1.0,1.0,0.0,False,1,1
unseen_text,75f47b5a4b65a2921b15e0aa,ремонт ресторанного оборудования,1.0,1.0,0.0,False,1,1
unseen_text,760e9ebb595da2aa57edb3a2,чистка впускного коллектора,1.0,1.0,0.0,False,1,1
unseen_text,7664bbc931a8d3eecddadfe2,егаис,1.0,1.0,0.0,False,1,1
unseen_text,768d64c16346ecd3bf9ce58b,репетитор начальных классов по чтение,1.0,1.0,0.0,False,1,1
unseen_text,76fb6eb96a0e351ee859dfbb,blender 3d,1.0,1.0,0.0,False,1,1
unseen_text,7709d1cbba6e5d1441f3b1fb,аренда авто под такси премьер,1.0,1.0,0.0,False,1,1
unseen_text,77211a599ea9ffcfc67cb337,демонтаж вывески,1.0,1.0,0.0,False,1,1
unseen_text,772e32903a71a7ac8e58f3af,сварка пнд,1.0,1.0,0.0,False,1,1
unseen_text,7737054799e7fe9eaf0b2514,замена ключа на авто,1.0,1.0,0.0,False,1,1
unseen_text,77696358e2ae6a7370d8957b,заправка баллонов,1.0,1.0,0.0,False,1,1
unseen_text,77838252cd2df793d265655f,курсы наращивания ресниц с трудоустройством,1.0,1.0,0.0,False,1,1
unseen_text,77a72dda9a9f49eb843d6183,бобкет гидромолот,1.0,1.0,0.0,False,1,1
unseen_text,77f9e20562477357c53463d6,модели на окрашивание,1.0,1.0,0.0,False,1,1
unseen_text,781587790d53fcc7e56746ef,скупка смартфонов,1.0,1.0,0.0,False,2,2
unseen_text,78491f9ac3f8f649fc1129a2,мангал,1.0,1.0,0.0,False,1,1
unseen_text,785306fa43bba91f772a3348,установка гбо,1.0,1.0,0.0,False,1,1
unseen_text,78556c06492e3b3c34613147,рыбалка морская,1.0,1.0,0.0,False,1,1
unseen_text,7870b322a0ff296681697e09,обслуживание станков,1.0,1.0,0.0,False,1,1
unseen_text,7890ee2c6d759041ec5dbf5f,комплексные обеды с доставкой,1.0,1.0,0.0,False,1,1
unseen_text,789f3adbf2781756c2f01449,ремонт квадроциклов выезд,1.0,1.0,0.0,False,1,1
unseen_text,789fc5fa0fd65bcfee804236,бурение скважин под ручной качок без электричества,1.0,1.0,0.0,False,1,1
unseen_text,78b29db38e6f2e5df35a5282,замена экрана iphone 11,1.0,1.0,0.0,False,1,1
unseen_text,79003f9e1ba00e4ea40eb8ce,экскаватор погрузчик,1.0,1.0,0.0,False,1,1
unseen_text,791c21414c7c39b5209afd77,бенто сникерс,1.0,1.0,0.0,False,1,1
unseen_text,79442aebc4e65b346fa75713,установка противотуманных фар,1.0,1.0,0.0,False,1,1
unseen_text,796d17301129c72b9bbc6f9b,романтическое свидание,1.0,1.0,0.0,False,1,1
unseen_text,797c796a03ab4e41b019cb75,перевозка больных,1.0,1.0,0.0,False,1,1
unseen_text,799f31fe68db381fa0a27752,приемка шин на переработку,0.0,0.0,0.0,False,1,1
unseen_text,79ba6fa67b768ac695401811,маникюр онлайн запись,1.0,1.0,0.0,False,1,1
unseen_text,79c2f506467d310e5869c7a0,аренда mercedes v класс,0.5,0.5,0.0,False,2,2
unseen_text,7a064cea2aa7661c1aa56031,ремонт турбин,1.0,1.0,0.0,False,1,1
unseen_text,7a0ac4f8d24aaf36a8d26503,ремонт бампера,1.0,1.0,0.0,False,1,1
unseen_text,7a9f849bd37f317290ecedc8,монтаж дымохода для газового котла и вентиляции,1.0,1.0,0.0,False,1,1
unseen_text,7abc8a7a4c17d32485626003,коррекция наращивания ногтей,0.0,0.0,0.0,False,1,1
unseen_text,7ac07e4943c1c13466481dfe,вывоз мусора металловозом,1.0,1.0,0.0,False,1,1
unseen_text,7af5e15eab37bb1f6cf9061d,ванна акриловая,1.0,1.0,0.0,False,1,1
unseen_text,7b05578f1c20e703dfd438b6,ремонт брелков сигнализации starline,1.0,1.0,0.0,False,1,1
unseen_text,7b0b091962612b248b7119bd,тренер на дому,1.0,1.0,0.0,False,1,1
unseen_text,7b0eeee9222d4a1b9cd7503e,снять банкетный зал,1.0,1.0,0.0,False,1,1
unseen_text,7b1f2c40b0e04d837a0a7f1d,аренда бункера для мусора,1.0,1.0,0.0,False,1,1
unseen_text,7b58ef0b3c765337e63f331d,репетитор по биологии огэ,1.0,1.0,0.0,False,1,1
unseen_text,7b59374362de4a06e73d2a5a,скупка домашней мебели,0.0,0.0,0.0,False,1,1
unseen_text,7b831ff4681333ef9bc17a68,неотрайбл тату,0.0,0.0,0.0,False,1,1
unseen_text,7b83abcd4102c161e652a569,френч маникюр,1.0,1.0,0.0,False,1,1
unseen_text,7bf983bf2a36df0d0102e633,памятник,1.0,1.0,0.0,False,1,1
unseen_text,7c07e34ad3325b341c881104,аренда вибротрамбовки,1.0,1.0,0.0,False,1,1
unseen_text,7c09f468fb7471f332f8fe83,bybit аккаунт,1.0,1.0,0.0,False,1,1
unseen_text,7c45152cfdf6cb6b514ef87d,аккумулятор ryobi для газонокосилки,1.0,1.0,0.0,False,1,1
unseen_text,7ca401fbab23e0136e3773bb,заправка фреона в авто,1.0,1.0,0.0,False,1,1
unseen_text,7cc35dc714a0782f78e6cff4,чистка форсунок на стенде,1.0,1.0,0.0,False,1,1
unseen_text,7d052d2eae7809850d8c1083,регистрация apple id,1.0,1.0,0.0,False,1,1
unseen_text,7d164025ab162b49cb3b5f44,профессиональный свет на свадьбу,1.0,1.0,0.0,False,1,1
unseen_text,7d5a60a08bbd2ccd19727775,резка бетона,1.0,1.0,0.0,False,1,1
unseen_text,7daf8b19e83e676da3d98eab,аренде на час для массажа,1.0,1.0,0.0,False,1,1
unseen_text,7e3850347d7a0787bc4ae097,осаго,1.0,1.0,0.0,False,1,1
unseen_text,7e458ffe8ac486bf7af9eb4d,швея портной услуги,1.0,1.0,0.0,False,1,1
unseen_text,7e7a9ad5dde208c4b2f59e4e,газель самосвал,1.0,1.0,0.0,False,1,1
unseen_text,7e8713f90e7ad86322004f36,аренда скутера с выкупом,1.0,1.0,0.0,False,1,1
unseen_text,7eaea268154879527bd3fc2b,юрист по составлению договоров,1.0,1.0,0.0,False,1,1
unseen_text,7ebe8fe3685b4659ffb9d0fd,сантехник круглосуточно,1.0,1.0,0.0,False,1,1
unseen_text,7ebfd27a476ee521d8a1ea9f,копка земли на даче,1.0,1.0,0.0,False,1,1
unseen_text,7ecc40d4d63ae6811dab69f4,инн казахстан,1.0,1.0,0.0,False,1,1
unseen_text,7f034ea2e6802a31f3845940,прокол ушей детям,1.0,1.0,0.0,False,1,1
unseen_text,7f062cc175d807da06265796,фотосессии на кабриолетах,1.0,1.0,0.0,False,1,1
unseen_text,7f21231adc5b422b51f526f9,мастер по потолкам,1.0,1.0,0.0,False,1,1
unseen_text,7f6744598bc61f7bf7a38fe2,взлом телеграмм аккаунта,1.0,1.0,0.0,False,1,1
unseen_text,8036b16d0e53fe0d91081593,прокладка водопровода проколом,1.0,1.0,0.0,False,1,1
unseen_text,804e108e2ae737fb70b3724e,стрижка котов,0.0,0.0,0.0,False,1,1
unseen_text,80d7a79c97f981ffe4d29dd3,аренда sprinter,1.0,1.0,0.0,False,1,1
unseen_text,80e6d8234bc56d8bda45f11b,хим чистка салона на авто,1.0,1.0,0.0,False,1,1
unseen_text,810002911b1a452966cdaf2c,тонировка стекол автомобиля,1.0,1.0,0.0,False,1,1
unseen_text,812916bca0598309ab847a1c,свадьба под ключ,1.0,1.0,0.0,False,1,1
unseen_text,813028d5ad1132e406dabbd2,дом под ключ,1.0,1.0,0.0,False,1,1
unseen_text,813cab3fbca6c5025b5ec61a,выгул собак,0.0,0.0,0.0,False,1,1
unseen_text,81b3c6fdf5fb166f4f9ba31e,модель на перманентный макияж,1.0,1.0,0.0,False,1,1
unseen_text,81cb08a261a501ec4dfa077c,услуги грузчика,1.0,1.0,0.0,False,1,1
unseen_text,81d36018c810856f04eb73af,утилизация старой мебели,1.0,1.0,0.0,False,1,1
unseen_text,81ffb78ec62dfc6346a263d8,аниматоры на день рождения,1.0,1.0,0.0,False,1,1
unseen_text,8201d460a8eb4d5b6f53238b,пространство для праздника,1.0,1.0,0.0,False,1,1
unseen_text,82050cd63bbd2133079944a9,обучение плаванию детей,1.0,1.0,0.0,False,1,1
unseen_text,825a3646363535a42ee75d87,логопед дефектолог поселок новый тукаевский район,1.0,1.0,0.0,False,1,1
unseen_text,826f1559891da81706957b34,липофилинг ягодиц,1.0,1.0,0.0,False,1,1
unseen_text,8276968572c74d437ea201c8,выкуп битых автомобилей,1.0,1.0,0.0,False,2,2
unseen_text,829097fe43b77e3f0ba1bbf0,реабилитолог,1.0,1.0,0.0,False,1,1
unseen_text,82bacb53aae1b5e9a33d9eba,медсестра на дом,1.0,1.0,0.0,False,1,1
unseen_text,82bb3772b60a5a08c29c3df6,перевозка инвалидов,1.0,1.0,0.0,False,1,1
unseen_text,82bfd8965c4397c60c3649bb,ремонт акпп,1.0,1.0,0.0,False,1,1
unseen_text,82c68e8ea5a49e0f078641be,лодка на прокат с мотором,1.0,1.0,0.0,False,1,1
unseen_text,82de0576c20101cee42a6e96,ремонт стартеров и генераторов,1.0,1.0,0.0,False,1,1
unseen_text,8341a21339082071133b4147,ремонт одежды джинсы,1.0,1.0,0.0,False,1,1
unseen_text,845b0164b51b8547ffb46892,наружная реклама на прицепах,1.0,1.0,0.0,False,1,1
unseen_text,845f44e09d1d0484b4818fd9,распилочный цех лдсп,1.0,1.0,0.0,False,1,1
unseen_text,84785fa2e0a0aafc370dc03c,ремонт верхней одежды,1.0,1.0,0.0,False,1,1
unseen_text,84c1b6923248c974d07d9fe7,таблички вывески,1.0,1.0,0.0,False,1,1
unseen_text,84c594b6b813d49c50e502c4,штукатурная станция,1.0,1.0,0.0,False,1,1
unseen_text,84cfcd9ada4397f67112a7f8,ремонт магнитол,1.0,1.0,0.0,False,1,1
unseen_text,84d711fec9cd2265641e1421,откачка туалетов,1.0,1.0,0.0,False,1,1
unseen_text,84df4567cde06c16ba8cb093,покраска кожи,1.0,1.0,0.0,False,1,1
unseen_text,85213079e26405278b7b5de5,циркулярная пила аренда,1.0,1.0,0.0,False,1,1
unseen_text,852a31526f3b4e9cf6aeb0b2,ремонт металлических дверей,1.0,1.0,0.0,False,1,1
unseen_text,85471b2b3424da20660c95ab,вывоз мусора ленинский район,1.0,1.0,0.0,False,1,1
unseen_text,8580ad181ce86885aae41db6,глэмпинг с чаном аренда,1.0,1.0,0.0,False,1,1
unseen_text,85a68c1f7c908b596224d174,кабинет косметолога аренда,1.0,1.0,0.0,False,1,1
unseen_text,85aef88252e5a50f2b6cbe3e,техосмотр для постановки на учет,1.0,1.0,0.0,False,1,1
unseen_text,85d91a7e28b619cda107861a,кастрация поросят,1.0,1.0,0.0,False,1,1
unseen_text,85f1b4afb1c8019e2f9d4aa4,обшивка сайдингом,1.0,1.0,0.0,False,1,1
unseen_text,860d7f9af82d76ebb8cbbd16,выкуп товарных остатков,1.0,1.0,0.0,False,1,1
unseen_text,863b73c153d52569c48bb2e4,прошивка контроллера электромотоцикла,1.0,1.0,0.0,False,1,1
unseen_text,867277e9f23fb52feee26f4d,ремонт айфона,0.0,0.0,0.0,False,1,1
unseen_text,86a3cafaa7c5e0ab161f8c1c,чертежи от руки,1.0,1.0,0.0,False,1,1
unseen_text,86ec5f7e6f4c7e57b6fcf67a,разработка 3d модели для печати,1.0,1.0,0.0,False,1,1
unseen_text,8724758389c69296c3325003,укладка напольной плитки,1.0,1.0,0.0,False,1,1
unseen_text,8727b5dde621bded175e9c5e,бригада строителей,1.0,1.0,0.0,False,1,1
unseen_text,87958dbd2b3c4dadcd4f3b0e,обучение на колориста,1.0,1.0,0.0,False,1,1
unseen_text,87c96c49c6fc868c4b12b068,сиделка в больницу,1.0,1.0,0.0,False,1,1
unseen_text,87f98e7b119ad67b5ed0a124,ремонт входных дверей,1.0,1.0,0.0,False,1,1
unseen_text,8896d9ba114c9b60cbdd79d6,плазморез аренда,1.0,1.0,0.0,False,1,1
unseen_text,889800e20a6e8d0e623deb11,глажка белья,1.0,1.0,0.0,False,1,1
unseen_text,88be9ffc8d8e9445fb74bcfe,монтаж наклеек,1.0,1.0,0.0,False,1,1
unseen_text,890a943f2aa970ac6bf20b4b,обучение capcut,1.0,1.0,0.0,False,1,1
unseen_text,8932c105cfcc52734bc44fa9,трансфер адлер пицунда,1.0,1.0,0.0,False,1,1
unseen_text,89500784dcd5e46d64aa06b7,риллсмейкер,1.0,1.0,0.0,False,1,1
unseen_text,8958039ff7718b68314d0b7f,массаж тантрический,1.0,1.0,0.0,False,1,1
unseen_text,8961976035040bddacaad402,настройка роутера,1.0,1.0,0.0,False,1,1
unseen_text,897b3256007c33ef10f37bd4,сварщик обучение,1.0,1.0,0.0,False,1,1
unseen_text,89a834416a1aee59ab88b8ae,замена фасадов на кухне,1.0,1.0,0.0,False,1,1
unseen_text,89b0b2e5ed937ea8340b989f,изготовление дубликатов номеров,1.0,1.0,0.0,False,1,1
unseen_text,89c60c323c221768365d9fd8,выездная мойка автомобиля,1.0,1.0,0.0,False,1,1
unseen_text,89d6c5b8aab5214da9e3e5e6,уборка участка от мусора,1.0,1.0,0.0,False,1,1
unseen_text,89e1760cf6a05427d6a41a9b,рулевая рейка на f30,1.0,1.0,0.0,False,1,1
unseen_text,89eba62d62e2db71483aff2e,коррекция носослезной борозды,1.0,1.0,0.0,False,1,1
unseen_text,8a6964ef3a6f861160273e00,тренер по бегу,1.0,1.0,0.0,False,1,1
unseen_text,8b06d45e95f7787e46c0722d,афрокосы девочке,0.0,0.0,0.0,False,1,1
unseen_text,8b4e3c8efa2ed6dbbeeb655f,вспашка земли проф.мотоблоком,1.0,1.0,0.0,False,1,1
unseen_text,8c7026ea321b05cf88287aab,отбойный молоток,1.0,1.0,0.0,False,1,1
unseen_text,8cef9a5d0202aa432b170056,русификация geely,1.0,1.0,0.0,False,1,1
unseen_text,8cf6c94047c61c8ae1df671a,трансфер мин воды домбай,1.0,1.0,0.0,False,1,1
unseen_text,8d3b6430e2c5fb2b958d9c7c,таролог,1.0,1.0,0.0,False,1,1
unseen_text,8dccdbb208b567f0f6540617,наращивание ресниц голливуд,1.0,1.0,0.0,False,1,1
unseen_text,8e25adc8a1832ae34a5df99d,наращивание led,1.0,1.0,0.0,False,1,1
unseen_text,8e3006bbc54eac6a8bdc828c,курсы excel,1.0,1.0,0.0,False,1,1
unseen_text,8e459b9d81a63afb4282733f,реставрация стульев,1.0,1.0,0.0,False,1,1
unseen_text,8e625c03c5ce1743833e568d,аренда инструмента,1.0,1.0,0.0,False,3,3
unseen_text,8ecd1eae581d484179eafc34,бетонный насос,1.0,1.0,0.0,False,1,1
unseen_text,8ee882ad4413aa8e36ae2ba2,косы боксерские,1.0,1.0,0.0,False,1,1
unseen_text,8f0e94c45f19eecdc29fb704,разблокировка iphone,1.0,1.0,0.0,False,1,1
unseen_text,8f15dcab5fe9dc89373cb406,ремонт балкона,1.0,1.0,0.0,False,1,1
unseen_text,8f2a3ecd635bd423936148f9,установка бойлера водонагревателя,1.0,1.0,0.0,False,1,1
unseen_text,8f310b1ab4184c704cdce7ef,подбор мотоцикла,1.0,1.0,0.0,False,1,1
unseen_text,8f4c46735a6ff9d292461bd7,фотосессия бесплатно,1.0,1.0,0.0,False,1,1
unseen_text,8f6482b2cf17a0e1a28b2683,фуршет боксы,1.0,1.0,0.0,False,1,1
unseen_text,8f7892e3236155ac5a840a8b,реставрация камня,1.0,1.0,0.0,False,1,1
unseen_text,8f85b19cc90618e2fe047eab,татуировки на дому,1.0,1.0,0.0,False,1,1
unseen_text,8f874aabe519f7aba2268e8f,плиточные работы,1.0,1.0,0.0,False,1,1
unseen_text,8fc1dc43c44aeb47dd024e82,чистка ремонт газовых котлов,1.0,1.0,0.0,False,1,1
unseen_text,90023a17ac318cf292c3443f,банкетное меню,1.0,1.0,0.0,False,1,1
unseen_text,9031ae2477d03d57db73a3eb,гружу вожу,1.0,1.0,0.0,False,1,1
unseen_text,90393b66fdb563c236396e07,скупка игровых компьютеров,1.0,1.0,0.0,False,1,1
unseen_text,907a95c49db7dd4152ada8f8,передержка щенков,1.0,1.0,0.0,False,1,1
unseen_text,908309b7f00afdcd89a58362,трансфер горно алтайск манжерок,1.0,1.0,0.0,False,1,1
unseen_text,9093e6ef71975187ff0f2344,ремонт пола спб,0.0,1.0,1.0,False,1,1
unseen_text,90a4e62035afdd217cfff5dc,ремонт дизельной топливной аппаратуры,1.0,1.0,0.0,False,1,1
unseen_text,912f8c9a1bb525a1b69c520d,вывоз макулатуры,1.0,1.0,0.0,False,3,3
unseen_text,913384fdd9ce83e343b310ee,замена аккумулятора ноутбука,1.0,1.0,0.0,False,1,1
unseen_text,913b849814074a62f4b83c32,аренда лебедки электрическая,1.0,1.0,0.0,False,1,1
unseen_text,91468e889899e7e1b79fc4d2,сварка металла,1.0,1.0,0.0,False,1,1
unseen_text,9166368e22fe2fec14c85a0b,уборка квартиры,1.0,1.0,0.0,False,1,1
unseen_text,91abfcc05e6bc665a77d14ff,аренда дома с чаном,1.0,1.0,0.0,False,1,1
unseen_text,920f3ce3578b21a03681b2ca,скупка литых дисков,1.0,1.0,0.0,False,1,1
unseen_text,922c40273e5efe59d057163a,беседка у воды,1.0,1.0,0.0,False,1,1
unseen_text,9234fe2072787148813a067a,чпу по дереву,1.0,1.0,0.0,False,1,1
unseen_text,924290fef6568249b6e2bca5,аренда лимузина на свадьбу,1.0,1.0,0.0,False,1,1
unseen_text,924e7cc8ae9eed09c399dd8b,укладка плитки в ванной,1.0,1.0,0.0,False,1,1
unseen_text,92577962f0074ddbd77f5624,3d стикеры,1.0,1.0,0.0,False,1,1
unseen_text,925a079ab851a9cd626514e9,изготовление офисных табличек,1.0,1.0,0.0,False,1,1
unseen_text,92d23046d574f7ed580439e9,ремонт бензиновых генераторов,1.0,1.0,0.0,False,1,1
unseen_text,9321a5f9c0a5378e2cb3858c,изготовление бирок на одежду,1.0,1.0,0.0,False,1,1
unseen_text,938f87236f23a9afd6dd2709,надуть шары гелием,1.0,1.0,0.0,False,1,1
unseen_text,939480ca25f427c1af7e42c0,ремонт лобовых стекол,1.0,1.0,0.0,False,1,1
unseen_text,93a015e1a5cc10c30cf41113,сплит система,1.0,1.0,0.0,False,1,1
unseen_text,93c46783cc031b4e3b8cb342,доставка из ikea,1.0,1.0,0.0,False,1,1
unseen_text,93c9b54616efffc65bfe558e,мончегорск ремонт сантехники,1.0,1.0,0.0,False,1,1
unseen_text,948d5ab155df6748c87c32f2,гитара обучение игре,1.0,1.0,0.0,False,1,1
unseen_text,94bfa87056112b4cec3dc722,бурение под столбы,1.0,1.0,0.0,False,1,1
unseen_text,94dcbf8eb4dc9f369ea19c94,барбекю,1.0,1.0,0.0,False,1,1
unseen_text,94de54903499d7001b9650a4,манипулятор перевозка бытовки,1.0,1.0,0.0,False,1,1
unseen_text,94eefcc37712aa91dd52908f,аренда шлифовальной машины,1.0,1.0,0.0,False,2,2
unseen_text,952a4d7172200bf5d04f04e3,грузовой эвакуатор 24 часа,1.0,1.0,0.0,False,1,1
unseen_text,952aae5ae9db8a7a61f14812,дом у ели,1.0,1.0,0.0,False,1,1
unseen_text,9579891169c382aae6ae010c,открытие замков,1.0,1.0,0.0,False,1,1
unseen_text,957d387c3ffc788afbc5306c,монтаж канализации,1.0,1.0,0.0,False,1,1
unseen_text,959da5d648fa873316caebad,чистка засоров насосах,1.0,1.0,0.0,False,1,1
unseen_text,95a615fa6377134dcb746008,перевозка морских контейнеров,1.0,1.0,0.0,False,1,1
unseen_text,95cb75491f128d182f1bc9c2,стас михайлов,1.0,1.0,0.0,False,1,1
unseen_text,95daca036bcd061a89144622,рассылка в телеграм по чатам,1.0,1.0,0.0,False,1,1
unseen_text,95fa57b91526e9c4fbe84f72,фото зона для свадьбы,1.0,1.0,0.0,False,1,1
unseen_text,9649d90c089662999954de13,резка плитки и керамогранита под 45 градусов,1.0,1.0,0.0,False,1,1
unseen_text,964ce3cd0ebc8abc59a102e5,подключение стиральной машины,1.0,1.0,0.0,False,1,1
unseen_text,96877eaa145eded2a7a85222,обслуживание электросамокатов,1.0,1.0,0.0,False,1,1
unseen_text,9794666914a7a1e5c1bb2778,куплю старую технику,1.0,1.0,0.0,False,1,1
unseen_text,97ba914c7fccba69f0a9c00a,копер в аренду,1.0,1.0,0.0,False,1,1
unseen_text,9816876255b467720548ce09,шпаклевка финишная,1.0,1.0,0.0,False,1,1
unseen_text,982084fbe38ef3c3010fae6f,замена разъема зарядки,1.0,1.0,0.0,False,1,1
unseen_text,9825b5e6329cc5951e19d75b,ремонт двигатель,1.0,1.0,0.0,False,1,1
unseen_text,98270adc2d7ae293a8a4e196,подтяжка лица,1.0,1.0,0.0,False,1,1
unseen_text,983757b5b72e02f0bbd215c8,садик,1.0,1.0,0.0,False,1,1
unseen_text,9853fc3fd2787e9ef8ab4b5e,грузоперевозки пикап,1.0,1.0,0.0,False,1,1
unseen_text,986f83f9bb823f4e811686a1,перенос газовой трубы,1.0,1.0,0.0,False,1,1
unseen_text,98db7743ba7b0c6d933063bc,ответственное хранение,1.0,1.0,0.0,False,1,1
unseen_text,990f5ecde2aeb55419b187ff,парикмахер на дому мужские стрижки,1.0,1.0,0.0,False,1,1
unseen_text,995ffab44f69ba6e13d4eb96,лазерная резка оргстекла,1.0,1.0,0.0,False,1,1
unseen_text,9a0c34cccc63210c2e40d745,балкон под ключ,1.0,1.0,0.0,False,1,1
unseen_text,9a2536a40e57c983d36dc732,настройка ютуб,1.0,1.0,0.0,False,1,1
unseen_text,9a2d3b0fb45139da92f277ed,перевод видео ии,1.0,1.0,0.0,False,1,1
unseen_text,9a5bfcfd29d1130cd473ad33,антихимия,1.0,1.0,0.0,False,1,1
unseen_text,9ade62aa9f87bf5ad213be50,сборка и установка уличных спортивных комплексов,1.0,1.0,0.0,False,1,1
unseen_text,9ae064a46c0d20a2d8977cb6,теплые беседки,1.0,1.0,0.0,False,1,1
unseen_text,9b28846cfcf4aa38beebf97c,обьгэс педикюр,1.0,1.0,0.0,False,1,1
unseen_text,9b598bc680cac45a725cba72,фотограф индивидуальный,0.0,0.0,0.0,False,1,1
unseen_text,9b748de1c0de5ea7494e0d08,диагностика авто с выездом,1.0,1.0,0.0,False,1,1
unseen_text,9b9933774dedf25a74de21b3,тренировки по тайскому боксу,1.0,1.0,0.0,False,1,1
unseen_text,9bd2a65ec3796b1334c248c1,выкуп электроинструмента,1.0,1.0,0.0,False,1,1
unseen_text,9bd7367a42ad34c8e11b87ee,нивелир,1.0,1.0,0.0,False,1,1
unseen_text,9c010411ceb85e4c75997db0,куплю старые холодильников,1.0,1.0,0.0,False,1,1
unseen_text,9c02dab0b5bb23e97eb9a45b,репетитор по речи и дикции,1.0,1.0,0.0,False,1,1
unseen_text,9c444e86bf1e918616ff3f76,честный знак маркировка,1.0,1.0,0.0,False,1,1
unseen_text,9c4fd463d574ac6c64a37647,ремонт бензотриммеров,1.0,1.0,0.0,False,1,1
unseen_text,9c720476b83b6d5fc2e04fc2,газель перевозка,1.0,1.0,0.0,False,1,1
unseen_text,9c7e23a991a9c899e9d7ab76,удаление жучков,1.0,1.0,0.0,False,1,1
unseen_text,9d36659549befe1a909ce9c0,поклейка плинтусов,1.0,1.0,0.0,False,1,1
unseen_text,9d6b701403a1ed02cc05ba0c,криополиз,1.0,1.0,0.0,False,1,1
unseen_text,9d83a84fe7e2c46ca8b5b23a,медсестра,1.0,1.0,0.0,False,1,1
unseen_text,9d9b697ddfe3d948425cdbb4,копать под кольцо,1.0,1.0,0.0,False,1,1
unseen_text,9dc7a2ad6ce15b49ee984e78,колорист аиртач,1.0,1.0,0.0,False,1,1
unseen_text,9de0eb58a6de9bf6d5eaa53b,продать ноутбук,1.0,1.0,0.0,False,1,1
unseen_text,9dff80509b11e1fb0695861a,ремонт котла,1.0,1.0,0.0,False,1,1
unseen_text,9e0a2a0953ce0b9a87704d3a,ремонт плат buderus,1.0,1.0,0.0,False,1,1
unseen_text,9e1b93105b0b6977325317cf,каток газонный,1.0,1.0,0.0,False,1,1
unseen_text,9e6b25c6b4aa89b479c13ddd,химическая завивка волос женская,1.0,1.0,0.0,False,1,1
unseen_text,9e754c8b04932d6004ce87bf,обучение ремонту телефонов,1.0,1.0,0.0,False,1,1
unseen_text,9ed2f9a88951400d995e8fe3,бухгалтерские услуги для ип на патенте,1.0,1.0,0.0,False,1,1
unseen_text,9f6db41a7863722dc3e5b95c,торт,1.0,1.0,0.0,False,1,1
unseen_text,9fb2cf15f8e2698969bfca31,трансфер владикавказ ереван,1.0,1.0,0.0,False,1,1
unseen_text,a0243434b71ce54b56b655f5,вывоз книг,1.0,1.0,0.0,False,1,1
unseen_text,a031ec280186287cbea69248,автокран 50 тонн,1.0,1.0,0.0,False,1,1
unseen_text,a03fdc3cb8569190cf5faa65,технологическое присоединение к электрическим сетям,1.0,1.0,0.0,False,1,1
unseen_text,a0449ce85bf6e39693452283,бухгалтерские услуги,1.0,1.0,0.0,False,1,1
unseen_text,a08812cbd2e2f592fe930209,психолог онлайн,1.0,1.0,0.0,False,1,1
unseen_text,a0b75790075a151cdd1b3a1b,ремонт авд,1.0,1.0,0.0,False,1,1
unseen_text,a0ce346e6533af49c2fa9e4c,аренда костюмов,1.0,1.0,0.0,False,1,1
unseen_text,a1326f8c14bc51e9e4822953,авто на выписку из роддома,1.0,1.0,0.0,False,1,1
unseen_text,a14222ed58bfa22c20eff305,москва казань 10 тонн,1.0,1.0,0.0,False,1,1
unseen_text,a179b1371a7b484bd7892b9b,бизнес план для соцконтракта,1.0,1.0,0.0,False,1,1
unseen_text,a17e44efbc32cb8978a4d95b,снять домик с теплым бассейном титоровская,1.0,1.0,0.0,False,1,1
unseen_text,a1891bd445e59280d66238cd,аренда cadillac escalade,1.0,1.0,0.0,False,1,1
unseen_text,a1a90ac259b715f5f9890c98,чистка ноутбуков,1.0,1.0,0.0,False,1,1
unseen_text,a1c6dab5d84665d59be6dfb6,обучение макияжу,1.0,1.0,0.0,False,1,1
unseen_text,a1fcb3458fa8d9b8230c3a67,зона отдыха,1.0,1.0,0.0,False,1,1
unseen_text,a1fcd4272bbbcd670d8f7007,дипломная работа медицина,1.0,1.0,0.0,False,1,1
unseen_text,a2775c5c7702fadc27c3a0ee,выкуп автосервисного оборудования,1.0,1.0,0.0,False,1,1
unseen_text,a2af9fef942859f44840b8ed,домики для отдыха,1.0,1.0,0.0,False,1,1
unseen_text,a31d6e449b66fe143e534f06,уничтожение плесени,1.0,1.0,0.0,False,1,1
unseen_text,a326f119fd10e55c0b77fede,расчитска участка,1.0,1.0,0.0,False,1,1
unseen_text,a35cd9a93539517c7daca836,аренда лофта с кальяном,1.0,1.0,0.0,False,1,1
unseen_text,a3ff0ac741ae844f30c5671f,выкуп техники apple,1.0,1.0,0.0,False,1,1
unseen_text,a402e9d89849bbb91531f95a,можель на стрижку,1.0,1.0,0.0,False,1,1
unseen_text,a44b590ce40f434c4a585ef3,дизель центр,1.0,1.0,0.0,False,1,1
unseen_text,a46f8e59f8cafce6fb8f28d1,автовоз усурийск,1.0,1.0,0.0,False,1,1
unseen_text,a499ae1f6124cb8af5b4f293,сброс айклауда,1.0,1.0,0.0,False,1,1
unseen_text,a4f0affeef86b061677bbc12,демонтаж теплицы,1.0,1.0,0.0,False,1,1
unseen_text,a5248905b281e00a4c8138db,ремонт зеркальных фотоаппаратов,1.0,1.0,0.0,False,1,1
unseen_text,a542c6279abd4673de642c29,бенто-торт,1.0,1.0,0.0,False,1,1
unseen_text,a579d1a5543ab5fd9152a2b3,помощь в одобрении ипотеки,1.0,1.0,0.0,False,1,1
unseen_text,a5ddda41ac61619dfc098ace,аренда лобзика,1.0,1.0,0.0,False,1,1
unseen_text,a6a262ffe6141046a6800fb0,покраска,1.0,1.0,0.0,False,1,1
unseen_text,a6abb1a52609ce7088b5447a,ремонт тормозных систем,1.0,1.0,0.0,False,1,1
unseen_text,a6daa534dbc6eb41fddc5f7d,услуги мастера ростелеком,1.0,1.0,0.0,False,1,1
unseen_text,a6e8e7e8220ebfd2624c1b39,ремонт швейных машин,1.0,1.0,0.0,False,1,1
unseen_text,a7022b5ca5411be6f3fa9a86,станция для заправки автокондиционеров,1.0,1.0,0.0,False,1,1
unseen_text,a725742c31c6c3cdd99622ef,авторемонт,1.0,1.0,0.0,False,1,1
unseen_text,a73d549ca12c6ecfc57537ca,горячее цинкование,1.0,1.0,0.0,False,1,1
unseen_text,a7407de5057661ec44bdee4e,вскрытие замков авто востанавит ключи,1.0,1.0,0.0,False,1,1
unseen_text,a870d37597787339859e936c,печать ростовых фигур,1.0,1.0,0.0,False,1,1
unseen_text,a8c63d55fb6e21dddd335df2,вывоз мебели,1.0,1.0,0.0,False,1,1
unseen_text,a8dad4fac2dee5ebf5e5b54a,локоны,1.0,1.0,0.0,False,1,1
unseen_text,a951bd1a43c42aab52cbcf2d,обзвон по базе,1.0,1.0,0.0,False,1,1
unseen_text,a95d11ac510b3103f996a17d,перевозка эндуро,1.0,1.0,0.0,False,1,1
unseen_text,a9758772e820a993ee31ca08,линолеум,1.0,1.0,0.0,False,1,1
unseen_text,a988c73cc03ded46b3cdad79,косы,1.0,1.0,0.0,False,1,1
unseen_text,a9acb0a428f02646748d7a11,ремонт iphone x,1.0,1.0,0.0,False,1,1
unseen_text,a9ad12f757d38a7b657d3c83,скупка газовых плит,1.0,1.0,0.0,False,1,1
unseen_text,a9f7137ae274f2311fff950f,оценка для суда,1.0,1.0,0.0,False,1,1
unseen_text,a9ff8149ddb5d709ac40d566,ремонт двигателя honda,1.0,1.0,0.0,False,1,1
unseen_text,aa01110b6ccfbf10a6ec509a,кремация животных,1.0,1.0,0.0,False,1,1
unseen_text,aa6ac63792a02147573493a9,шары на заказ гелиевые,1.0,1.0,0.0,False,1,1
unseen_text,aa8d0d095b83200f50288357,переоборудование автомобиля,1.0,1.0,0.0,False,1,1
unseen_text,aad9b9d80e5dd645441a7e8b,аренда инструмента каток,1.0,1.0,0.0,False,1,1
unseen_text,ab199a6f6ab5838c722f7bc5,сбрщик мебели,1.0,1.0,0.0,False,1,1
unseen_text,abaf892edc36ae22be6d97d9,наращивание ногтей френч,1.0,1.0,0.0,False,1,1
unseen_text,ac50e88f414d308887a1b96e,ремонт погружных насосов,1.0,1.0,0.0,False,1,1
unseen_text,ace004816ed18b88cf26d29f,фотосессия под ключ,1.0,1.0,0.0,False,1,1
unseen_text,ace9d6ae49f3b5cee05e04d8,ремонт проигрывателей винила,1.0,1.0,0.0,False,1,1
unseen_text,ad7b5e966704b1a4aae992ed,клининг дивана,1.0,1.0,0.0,False,1,1
unseen_text,ad8aaf099fa1291e796e160a,беседка аренда,1.0,1.0,0.0,False,1,1
unseen_text,ad90ee9ab2cc9d32c94d5861,снять баню с бассейном,1.0,1.0,0.0,False,1,1
unseen_text,ad98821b35ccf17cc651f789,аренда шлифмашины,1.0,1.0,0.0,False,1,1
unseen_text,adce51f8098a23fb569515f0,дам таблетку от сбера,1.0,1.0,0.0,False,1,1
unseen_text,ae037b91de21b27929bb7256,изготовление шевронов нашивок позывные,1.0,1.0,0.0,False,1,1
unseen_text,ae2c25dabdf957c9fddeb99a,ищу парня,0.0,0.0,0.0,False,1,1
unseen_text,ae2d2eba6b6343a31e7f7f68,замена акб айфон,1.0,1.0,0.0,False,1,1
unseen_text,aea85270bcb1496fc86c5e75,плетение афрокосичек,1.0,1.0,0.0,False,1,1
unseen_text,aed84d3e4064032873d8c193,mercedes v класс с водителем,1.0,1.0,0.0,False,1,1
unseen_text,af1ec467b2708b7af9f1aec1,установка приложений на макбук,1.0,1.0,0.0,False,1,1
unseen_text,af2086a23724c73440dbe3bd,трансфер автобус,1.0,1.0,0.0,False,1,1
unseen_text,af7dbfe89744008682283977,отбеливание интимной зоны,1.0,1.0,0.0,False,1,1
unseen_text,af7ef2e8a131f4e060f9c0cf,визитки на заказ,1.0,1.0,0.0,False,1,1
unseen_text,af8e3e21002f451d3974f644,русификация toyota sienta,1.0,1.0,0.0,False,1,1
unseen_text,afaceae45155bfd6bb0ea715,снятие блокировки iphone,0.0,0.0,0.0,False,1,1
unseen_text,aff454d609285dee6b40d2ed,покраска фигурок и миниатюр,1.0,1.0,0.0,False,1,1
unseen_text,b03f7ce69557062580950bd3,прием резины,1.0,1.0,0.0,False,1,1
unseen_text,b06ac58f63c0b85d5daa2e43,оформление кп и презентаций,1.0,1.0,0.0,False,1,1
unseen_text,b0750b38a5dadc23177acea6,перешивка офисных кресел,1.0,1.0,0.0,False,1,1
unseen_text,b08abc575baeef15d565a603,установка межкомнатных дверей москва,1.0,1.0,0.0,False,1,1
unseen_text,b08e282e2ba5ee4f51e628bb,перевес номеров,1.0,1.0,0.0,False,1,1
unseen_text,b0a187f84ac449cb04be4f79,портная,1.0,1.0,0.0,False,1,1
unseen_text,b0b795226c44e980f978e434,ремонт электроплит на дому,1.0,1.0,0.0,False,1,1
unseen_text,b0ba829363cb464fd1d3c351,запись на брови,1.0,1.0,0.0,False,1,1
unseen_text,b10b7542da2f0bb00d006c6b,домики в архызе отдых,1.0,1.0,0.0,False,1,1
unseen_text,b125e7c0af429ebbcd1aa199,реставрация плитки,1.0,1.0,0.0,False,1,1
unseen_text,b133c9ec7b2283e79ab3e0d3,модель для фотосессии,1.0,1.0,0.0,False,1,1
unseen_text,b15edff5877e2d82cce3b6fd,массаж простаты,1.0,1.0,0.0,False,1,1
unseen_text,b16a2ec10ad435e08eed3f99,аренда машина автомат,1.0,1.0,0.0,False,1,1
unseen_text,b183bba15dfeac0081adbcd5,ремонт тв на дому,1.0,1.0,0.0,False,1,1
unseen_text,b1ae7653c14812f1f87dee8d,услуги байера из сша,1.0,1.0,0.0,False,1,1
unseen_text,b1c470d93a5b82e634167b10,услуги видеомонтаж,1.0,1.0,0.0,False,1,1
unseen_text,b1c5a79bc8172f6339406f4d,сухая стяжка пола кнауф,1.0,1.0,0.0,False,1,1
unseen_text,b1da85d4f3e13f4e0353930e,сезонное хранение шин и дисков,1.0,1.0,0.0,False,1,1
unseen_text,b1f540ca5e7641d01d3a08a2,виброплита услуга,1.0,1.0,0.0,False,1,1
unseen_text,b21cc5e89dc22dc7264ccb37,отделка балконов наружняя,1.0,1.0,0.0,False,1,1
unseen_text,b233610865074ca9a855b5be,создание видеороликов,1.0,1.0,0.0,False,1,1
unseen_text,b2536ac08c00450571736a9f,ремонт офисов,1.0,1.0,0.0,False,1,1
unseen_text,b290365a45b0238627cd9529,хай хилс танцы,1.0,1.0,0.0,False,1,1
unseen_text,b2cfe1be0f573e5ea1861810,наращивание ресницы,1.0,1.0,0.0,False,1,1
unseen_text,b32195866dae7d04dbd0cf56,ремонт электрических плит на дому,1.0,1.0,0.0,False,1,1
unseen_text,b3433cee1075cc1266b86b3b,репетитор по рисованию procreate,1.0,1.0,0.0,False,1,1
unseen_text,b37c6413c7a8e6dfd535d696,автовоз калининград,1.0,1.0,0.0,False,1,1
unseen_text,b39543e671f579c279827b02,изготовление капп,1.0,1.0,0.0,False,1,1
unseen_text,b39fafcd478243f5beea7e34,ремонт компрессоров авто,1.0,1.0,0.0,False,1,1
unseen_text,b3a7e1b9ba24c5060bfcc65f,прошивка китайских android,1.0,1.0,0.0,False,1,1
unseen_text,b40ed0cb1f975e847235e8e2,ремонт ноутбуков удаленно,0.0,0.0,0.0,False,1,1
unseen_text,b447efb1719aa122fbe0b4d7,снять площадку на воздухе в аренду,0.0,0.0,0.0,False,1,1
unseen_text,b47da3cc962f81e309cf5701,обед,1.0,1.0,0.0,False,1,1
unseen_text,b487aca5bf5769ef1ea05444,прикорневой объем обучение,1.0,1.0,0.0,False,1,1
unseen_text,b4dc2b974a2ede8197ed4712,каменщик,1.0,1.0,0.0,False,1,1
unseen_text,b50285c6fcd0cdc763b086cf,предпродажная подготовка,1.0,1.0,0.0,False,1,1
unseen_text,b5391746beeb354c1f3453db,печать на пищевой бумаге,1.0,1.0,0.0,False,1,1
unseen_text,b5830d2439d26a07776358ab,каппа ретенционная изготовление,1.0,1.0,0.0,False,1,1
unseen_text,b5a8feedaaa0ae0b0fd0a78d,трансфер аэропорт сочи пицунда,1.0,1.0,0.0,False,1,1
unseen_text,b5e3fd14ee275bb3f5b21f49,откачка септиков и выгребных ям,0.0,0.0,0.0,False,1,1
unseen_text,b5e503c8e773a97c182e4f89,монтаж промышленных полов,1.0,1.0,0.0,False,1,1
unseen_text,b615ae3750e40738b1489fae,еда на заказ,1.0,1.0,0.0,False,1,1
unseen_text,b6a504dfe7625dea39a3916a,обивка входных дверей,1.0,1.0,0.0,False,1,1
unseen_text,b6ae38e02b190bf476a2ec6f,караоке круглосуточно,1.0,1.0,0.0,False,1,1
unseen_text,b6ba675d44f86e65c1d45060,электро эпиляция,1.0,1.0,0.0,False,1,1
unseen_text,b6e36110c03e0e86a02ddf09,детские пособия,1.0,1.0,0.0,False,1,1
unseen_text,b7646fdba8e8d13cfa643aeb,аренда газели,1.0,1.0,0.0,False,1,1
unseen_text,b779453fbeef8ddc4fc50436,ремонт электросамокатов kugoo xiaomi ninebot,1.0,1.0,0.0,False,1,1
unseen_text,b78bd44a0e0357cb974d3fc3,пригоню автомобили,1.0,1.0,0.0,False,1,1
unseen_text,b7bd22432442deb053703424,реставрация часов ссср,1.0,1.0,0.0,False,1,1
unseen_text,b82606df9c7513966e806740,ямочный ремонт,1.0,1.0,0.0,False,1,1
unseen_text,b8379aaa0ba47241992c037a,реставрация ванн,1.0,1.0,0.0,False,1,1
unseen_text,b83b1d62e32b0a503acb0deb,химчистка сумок,1.0,1.0,0.0,False,1,1
unseen_text,b874b69d90077fa35a776a5c,покрасить волосы на дому,1.0,1.0,0.0,False,1,1
unseen_text,b875af7724817663b3340efc,антенна триколор,1.0,1.0,0.0,False,1,1
unseen_text,b8968db800eba3d0c985510e,прием стрейч пленки,1.0,1.0,0.0,False,1,1
unseen_text,b8b1e3a8bc2d848d727c50bc,дизайн кухни,1.0,1.0,0.0,False,1,1
unseen_text,b8d86fa26f5afafcdd0ff942,привет,1.0,0.0,-1.0,False,1,1
unseen_text,b91d3b734624de23144bd0ab,займ от частного инвестора,1.0,1.0,0.0,False,1,1
unseen_text,b95becc8ed4bcaf141d55363,ремонт коляски bugaboo,1.0,1.0,0.0,False,1,1
unseen_text,b9650f8d8cb1129a736a897d,замена emmc,1.0,1.0,0.0,False,1,1
unseen_text,b9ce32b5404903160ef38615,замена стартера с выездом,1.0,1.0,0.0,False,1,1
unseen_text,ba0cb60fbff54b8d82b867d5,поздравление мишки,1.0,1.0,0.0,False,1,1
unseen_text,ba90cb96dff62050d6c486f6,перетянуть диван,0.0,0.0,0.0,False,1,1
unseen_text,baa41e19fd4fde0ea4a0ea48,поклеить обои,1.0,1.0,0.0,False,1,1
unseen_text,bad455f69f80c659c4f053ad,катание на яхте,1.0,1.0,0.0,False,1,1
unseen_text,bb58a2af0e9cb4576ca1e318,ремни безопасности замена,1.0,1.0,0.0,False,1,1
unseen_text,bba2477b16fb7512b7d4f6be,замена задней крышки iphone 16 pro max,1.0,1.0,0.0,False,1,1
unseen_text,bba83736e47a5d10c5153c1d,танцы,1.0,1.0,0.0,False,1,1
unseen_text,bbae424e3c39832697215267,визажист одинцово,1.0,1.0,0.0,False,1,1
unseen_text,bbdd0ec5528a68bfd860e404,ремонт приборной панели шкода,1.0,1.0,0.0,False,1,1
unseen_text,bc35aa6ee2e609d0d4fad35e,виза италия,1.0,1.0,0.0,False,1,1
unseen_text,bc5c2817889316b21413cbc9,химическая завивка мужская,1.0,1.0,0.0,False,1,1
unseen_text,bc90b87284ccffe5af03a833,ведущий адель,1.0,1.0,0.0,False,1,1
unseen_text,bca46e41c05a37cd9caf3641,дагестан гид с автомобилем,1.0,1.0,0.0,False,1,1
unseen_text,bceeb96220a6336daea3a3cd,столярные работы,1.0,1.0,0.0,False,1,1
unseen_text,bd2d0a340e7de82cb94fd30f,газель москва казань,1.0,1.0,0.0,False,1,1
unseen_text,bd533a14d734180e3a3ad984,ремонт медицинского оборудования,1.0,1.0,0.0,False,1,1
unseen_text,bd7e0536a587a72f8c737deb,оклейка авто пленкой,1.0,1.0,0.0,False,1,1
unseen_text,bd84a2d50bd17afa75c32f0e,кладка кирпича,1.0,1.0,0.0,False,1,1
unseen_text,bda6a1c14b0d455f798f258a,оценка антиквариата,0.0,0.0,0.0,False,1,1
unseen_text,bdf8b8e6c53b5b3bb8f99c09,мастер по бровям,1.0,1.0,0.0,False,1,1
unseen_text,be5d70ec40447bd4182f278f,ремонт стекла в межкомнатной двери,1.0,1.0,0.0,False,1,1
unseen_text,be7036b2e7014575510c5af2,полировка фар,1.0,1.0,0.0,False,1,1
unseen_text,bea0ef416c6d5399baae8fac,"вывоз мусора,контейнер 8/3",1.0,1.0,0.0,False,1,1
unseen_text,bea73f2be437d14698c976de,баня на берегу,1.0,1.0,0.0,False,1,1
unseen_text,bec41b727be4208f74ab87ff,заливка ванны,1.0,1.0,0.0,False,1,1
unseen_text,bf127120d5ac15ef0bd9e200,обшивка стен панелями,1.0,1.0,0.0,False,1,1
unseen_text,bf3b8acbf338e537d2178437,репетитор по английскому языку носитель оффлайн,1.0,1.0,0.0,False,1,1
unseen_text,bf6e5304b0bb974fe820657d,настройка айфона,1.0,1.0,0.0,False,1,1
unseen_text,bf71164f3f658d7214017597,доставки услуги грузовика,1.0,1.0,0.0,False,1,1
unseen_text,bfa20ee24bcc13b63c501777,наклейки с вин номером,1.0,1.0,0.0,False,1,1
unseen_text,bfa5cd8dd7156b7282d50748,инструмент в аренду перфоратор,1.0,1.0,0.0,False,1,1
unseen_text,bfaf751125c730dd39bf9c5a,настройка спутниковой антенны,1.0,1.0,0.0,False,1,1
unseen_text,bfb535b9b1ee5224bb50a905,скупка колес,1.0,1.0,0.0,False,1,1
unseen_text,c04331e820cb3f20616a71eb,алмазное пиление бетона,1.0,1.0,0.0,False,1,1
unseen_text,c058738f64a1729d195e630f,уроки вождения автомат,1.0,1.0,0.0,False,1,1
unseen_text,c07dab1d9a24dce4c7035072,аренда кресла для кератина,1.0,1.0,0.0,False,1,1
unseen_text,c08c3e631e1cc95aacfc71a4,баня с подогреваемым бассейном,1.0,1.0,0.0,False,1,1
unseen_text,c0b83b64c3db15571bfa3381,перфоратор в аренду,1.0,1.0,0.0,False,1,1
unseen_text,c0c15f9596d5d53c50810ccf,ремонт мебели,1.0,1.0,0.0,False,1,1
unseen_text,c13e9e0780519ccb4ca418e9,художник иллюстратор,1.0,1.0,0.0,False,1,1
unseen_text,c1b0c99cc75809dc6216c958,замена стекла дисплея iphone,1.0,1.0,0.0,False,1,1
unseen_text,c1c6c04cf79d1f4a4751d1cf,наращивание ресниц и ногтей,1.0,1.0,0.0,False,1,1
unseen_text,c2220fcc26b3dc8fd0dbfb8a,видеодиагностика труб,1.0,1.0,0.0,False,1,1
unseen_text,c251c3f9d64ad4ee723802ec,зоопсихолог,1.0,1.0,0.0,False,1,1
unseen_text,c279e67802f47ba7bbb30326,ремонт мотоциклов honda,1.0,1.0,0.0,False,1,1
unseen_text,c29c6070d305f0e2c617d0c4,гидроизоляция балконов,1.0,1.0,0.0,False,1,1
unseen_text,c2b02cc18a57ab4315b9faa1,резка камня,1.0,1.0,0.0,False,1,1
unseen_text,c2dc2451b20e126dd8314272,мастер газовых плит,1.0,1.0,0.0,False,1,1
unseen_text,c305bec6de4da532372981f0,продам натуральные волосы,1.0,1.0,0.0,False,1,1
unseen_text,c31331e1ce733f49bab86946,подшив одежды,1.0,1.0,0.0,False,1,1
unseen_text,c33732a4a55eb1047832c7ce,мастер пирсинга,1.0,1.0,0.0,False,1,1
unseen_text,c36b79bd60b8f0f45407f552,модель на ногти бесплатно,1.0,1.0,0.0,False,1,1
unseen_text,c37c9e8063a28535da13471b,обслуживание кондиционеров авто,1.0,1.0,0.0,False,1,1
unseen_text,c3b19c04e8755d8a208982c0,поклейка стеклообоев,1.0,1.0,0.0,False,1,1
unseen_text,c3c21ca4b1cadeaf209debb9,парикмахер мужской мастер,0.0,0.0,0.0,False,1,1
unseen_text,c3c4f35120bbde635514cfeb,романтическое spa свидание для двоих,1.0,1.0,0.0,False,2,2
unseen_text,c4140dc1d1c278b7e95ca75f,развал схождение,1.0,1.0,0.0,False,1,1
unseen_text,c45567df55524acba04ad7f6,зарубежная карта,1.0,1.0,0.0,False,1,1
unseen_text,c4e44c80844df4feb599a2ac,ремонт эбу,1.0,1.0,0.0,False,1,1
unseen_text,c507cde0593f55259852bd03,передержка птиц,1.0,1.0,0.0,False,1,1
unseen_text,c529973b33b41552e7423f21,химический анализ воды,1.0,1.0,0.0,False,1,1
unseen_text,c52aa3a37c1d70f61636b926,пороги mazda rx8,1.0,1.0,0.0,False,1,1
unseen_text,c54309a4d4a46468c756dc5c,клининг,1.0,1.0,0.0,False,1,1
unseen_text,c559adba06f42d6cd774662d,гос номер 330 165,1.0,1.0,0.0,False,1,1
unseen_text,c55a6f2dc742e1ab934fd44b,хаусбот,1.0,1.0,0.0,False,1,1
unseen_text,c56660331e82d0cfc837b14b,фотограф мобильный,1.0,1.0,0.0,False,1,1
unseen_text,c5d10c231db820e276ca1bc4,проверка авто перед покупкой,1.0,1.0,0.0,False,1,1
unseen_text,c5eac9e7f143bfab5f858195,бурение фундамента,1.0,1.0,0.0,False,1,1
unseen_text,c5fbda33912c45092eebd2d4,ладожские шхеры катер,1.0,0.0,-1.0,False,1,1
unseen_text,c69b3290de01a44f2f063bee,скупка apple watch,1.0,1.0,0.0,False,1,1
unseen_text,c6bd9cb38a4a48a73567485e,взвешивание автомобилей,1.0,1.0,0.0,False,1,1
unseen_text,c6d369dc37067ec99bde475a,скупка оргтехники,1.0,1.0,0.0,False,3,3
unseen_text,c6dbd19d07fa97ea3a72272d,вывоз металлолома прием и скупка металла лома,1.0,1.0,0.0,False,1,1
unseen_text,c6e2bd9b1606d7244845515f,замена москитной сетки,1.0,1.0,0.0,False,2,2
unseen_text,c74d1600f07ba9f923d4234b,ремонт газовых колонок,1.0,1.0,0.0,False,1,1
unseen_text,c78a8cad40457dc69a2cfe2f,заточка садового инструмента,0.0,0.0,0.0,False,1,1
unseen_text,c7bc5e41c41173c62cfe71f4,рабочий на участок,0.0,0.0,0.0,False,1,1
unseen_text,c7d81e3f378ebfd984aa5824,обработка от клопов паром,1.0,1.0,0.0,False,1,1
unseen_text,c7ea6c4abe9f491c1b303aac,скупка старых видеокарт,1.0,1.0,0.0,False,1,1
unseen_text,c8168a13815b5c89481a0af0,аренда миксера,1.0,1.0,0.0,False,1,1
unseen_text,c8b66830f6c954aed9b57fc6,фотосессия для двоих,1.0,1.0,0.0,False,1,1
unseen_text,c92d900743324acd12e5c478,шлифовка гбц,1.0,1.0,0.0,False,1,1
unseen_text,c9cd85e2ed08829a4c0b2495,обучение верховой езде,1.0,1.0,0.0,False,1,1
unseen_text,ca00ad60b89971dda10b1f96,такси от тулы до шереметьево,1.0,1.0,0.0,False,1,1
unseen_text,ca05632f832fc652495adef3,мобильная баня в аренду,1.0,1.0,0.0,False,1,1
unseen_text,ca283f1948c1593ba0197751,ремонт очков ray ban,1.0,1.0,0.0,False,1,1
unseen_text,ca7dae833f615107484b80cd,фигурки на заказ,1.0,1.0,0.0,False,1,1
unseen_text,caed98c1662e415bda476dbf,замена маслосъемных колпачков,1.0,1.0,0.0,False,1,1
unseen_text,cb168511c4ef587046b1b89b,трактор с плугом,1.0,1.0,0.0,False,1,1
unseen_text,cb18f8921ee7814ccfb0f50c,сопромат задачи,1.0,1.0,0.0,False,1,1
unseen_text,cb1d77c51eccb1f6c1baaac6,рилсмейкер на свадьбу,1.0,1.0,0.0,False,1,1
unseen_text,cb3093b7e2775c9cba82f814,аварийное вскрытие замков двери 24/7,1.0,1.0,0.0,False,1,1
unseen_text,cb885c8af9cc357eff6b1e6e,ремонт наушников airpods 3,1.0,1.0,0.0,False,1,1
unseen_text,cbc51ac45eea541fec4ae7a0,эндоскопия двигателя на выезд,1.0,1.0,0.0,False,1,1
unseen_text,cbc96661c31c8dedaa3561b4,скупка техники самара,1.0,1.0,0.0,False,1,1
unseen_text,cc0728c586a7bc48fce6a7a2,косметический ремонт квартир,1.0,1.0,0.0,False,1,1
unseen_text,cc0cb68312d72f9f4832a9ea,покупка шин,1.0,1.0,0.0,False,1,1
unseen_text,cc48992bb055ab723e120b08,поиск кабелей под землей трассировка,1.0,1.0,0.0,False,1,1
unseen_text,cc621f161e8ece1d715e63e5,удаление шрамов,1.0,1.0,0.0,False,1,1
unseen_text,cc76ef32ffddaa54b1f6c020,ламинирование ресниц,1.0,1.0,0.0,False,1,1
unseen_text,cc7b3e6863ab916dae7f3189,аренда ps4,1.0,1.0,0.0,False,1,1
unseen_text,cc8c5e1f987451e7d903f46c,тренер по кс 2,0.0,0.0,0.0,False,1,1
unseen_text,cc949ee8169299c28bf2d516,коррекция носогубных складок,1.0,1.0,0.0,False,1,1
unseen_text,cc9870b2bd897796b6d1abc8,воровайка аренда,1.0,1.0,0.0,False,1,1
unseen_text,cd516cf9a1678334f48cda30,кафе для свадьбы,1.0,1.0,0.0,False,1,1
unseen_text,cd524c82d9ff6479feb8f95e,столяр,1.0,1.0,0.0,False,1,1
unseen_text,cd981f80b4dab63c86985b82,прочистка канализации устранение засоров в трубах,1.0,1.0,0.0,False,3,3
unseen_text,cdb9c905c1c6aa2ea3cfd7ce,хромирование пластика,1.0,1.0,0.0,False,1,1
unseen_text,cdf71a866ce910775a987f9a,воровайка 5 тонн,1.0,1.0,0.0,False,1,1
unseen_text,ce1cb93b349d8975e242a8ab,ремонт рольставни,1.0,1.0,0.0,False,1,1
unseen_text,ce303c92c651ed2698f90782,маникюр и педикюр,1.0,1.0,0.0,False,1,1
unseen_text,ce9b075382c349d1b2308e38,пылесос аренда,1.0,1.0,0.0,False,1,1
unseen_text,cee7a47d782c5a09880ea6cb,кастрация кота,1.0,1.0,0.0,False,1,1
unseen_text,ceeb5b7a8300cf157f728dd2,замена радиаторов отопления,1.0,1.0,0.0,False,2,2
unseen_text,cf9df410bd513706e883063d,прокат кабриолета,1.0,1.0,0.0,False,1,1
unseen_text,cfba2c08a064c1294fdbd956,рыболовная база,1.0,1.0,0.0,False,1,1
unseen_text,d00ebc2054e07cf6ac26ca5f,парикмахерская,1.0,1.0,0.0,False,1,1
unseen_text,d018d8ca62a59023d957ebd6,точные стрижки,1.0,1.0,0.0,False,1,1
unseen_text,d0b2d653133f14bc70d74409,ламинат,1.0,1.0,0.0,False,1,1
unseen_text,d11869edb25516157165bedb,моляр,1.0,1.0,0.0,False,1,1
unseen_text,d1210c298fd1db918fed7308,химчистка мягкой мебели,1.0,1.0,0.0,False,1,1
unseen_text,d12968ffdf171174ad3dc954,перетяжка компьютерного кресла,1.0,1.0,0.0,False,1,1
unseen_text,d1307c1e57d453eb676ad401,ремонт секционных ворот,1.0,1.0,0.0,False,1,1
unseen_text,d15048360d925f6137f805ac,аренда детектора скрытой проводки,1.0,1.0,0.0,False,1,1
unseen_text,d154fb0131d2c3ba64a5bb67,настройка аудиосистемы,1.0,1.0,0.0,False,1,1
unseen_text,d1777c2b2f421807c77bff2b,сантехник услуги сантехника,1.0,1.0,0.0,False,1,1
unseen_text,d1a1b4c14d08c06054a7ac0b,осинизатор откачка канализации,1.0,1.0,0.0,False,1,1
unseen_text,d1e786699c8775b2b12c1bdf,ремонт дверей,1.0,1.0,0.0,False,1,1
unseen_text,d1eef6c640adea1b90e13c44,натяжные потолки частный мастер,1.0,1.0,0.0,False,1,1
unseen_text,d224634bf860d8c4ac0eb3b4,снять бассейн,1.0,1.0,0.0,False,1,1
unseen_text,d23e57cb8009f91ff4da750f,посредник на ebay,1.0,1.0,0.0,False,1,1
unseen_text,d2505054195ed230159a3e01,фотограф на выпускной,1.0,1.0,0.0,False,1,1
unseen_text,d2691a83b97a7cbf2d5eb27e,психолог сексолог,1.0,1.0,0.0,False,1,1
unseen_text,d2aaf3b29d2c562f6d084d52,откачка септиков услуги ассенизатора,1.0,1.0,0.0,False,1,1
unseen_text,d2fe287f5dabf239c043be59,ремонт газовых плит,1.0,1.0,0.0,False,1,1
unseen_text,d345e8674e70924d8128308d,замена аккумулятора iphone 13,1.0,1.0,0.0,False,1,1
unseen_text,d3562ccc6feeb2d3f8514c1a,таролог бесплатно,1.0,1.0,0.0,False,1,1
unseen_text,d3605e1781a4b60b23bc25bf,выкуп телевизоров под ремонт,1.0,1.0,0.0,False,1,1
unseen_text,d43188909005938f37016a42,ремонт спецтехники,1.0,1.0,0.0,False,1,1
unseen_text,d4496e35de0712c0e8fe9b42,кератин модель,1.0,1.0,0.0,False,1,1
unseen_text,d481eccdb819608f03e11393,ремонт бус и бижутерии,1.0,1.0,0.0,False,1,1
unseen_text,d49c1c57de547731acafadf8,установка генератора,1.0,1.0,0.0,False,1,1
unseen_text,d4af6be88e3e0b17b1c7e502,аренда вертолета,1.0,1.0,0.0,False,1,1
unseen_text,d4e95fac738362795f902e08,adsense,1.0,1.0,0.0,False,1,1
unseen_text,d552a3a382010d3a67457fd7,ремонт бензокосы,1.0,1.0,0.0,False,1,1
unseen_text,d5e0aa4059e8918c2d637a80,индивидуальные экскурсии на куршскую косу,1.0,1.0,0.0,False,1,1
unseen_text,d5f17edce4a9e0301d34bb50,услуги каменщика кладка кирпича,1.0,1.0,0.0,False,1,1
unseen_text,d5f2bb96a767eaa6dccbeece,передержка домашних животных,1.0,1.0,0.0,False,1,1
unseen_text,d5f42aa4220f6884ed30730c,сложное окрашивание волос,1.0,1.0,0.0,False,1,1
unseen_text,d60ca94bc36d7d881c8a1ee7,аренда домика на двоих,1.0,1.0,0.0,False,1,1
unseen_text,d6161020075b5929692c657a,свадьба на двоих,1.0,1.0,0.0,False,1,1
unseen_text,d626aaa0f67acb8327a3fd3d,бортовая машина,1.0,1.0,0.0,False,1,1
unseen_text,d664cbbc93beef2b934d1056,дробилка веток аренда,1.0,1.0,0.0,False,1,1
unseen_text,d704f81b21e234591d7db5c3,дом с теплым бассейном,1.0,1.0,0.0,False,1,1
unseen_text,d71806c5128a58c513961c9f,нянч для ребенка,1.0,1.0,0.0,False,1,1
unseen_text,d7c449864ff17547206af811,ремонт подъездов,1.0,1.0,0.0,False,1,1
unseen_text,d7f9a61a9afa4df2bb2548f4,в пахать землю,1.0,1.0,0.0,False,1,1
unseen_text,d8876f2c4eba67177f43a322,монтажнтк двери,1.0,1.0,0.0,False,1,1
unseen_text,d89f39adad906201497e4501,отопление,1.0,1.0,0.0,False,1,1
unseen_text,d8c9603c26dad296c93c0bf2,мотошиномонтаж,1.0,1.0,0.0,False,1,1
unseen_text,d93391ddbc21e0e852cd9a1b,аренда авто под доставку,1.0,1.0,0.0,False,1,1
unseen_text,d94b194a98ee3636e13f27d2,скупка и вывоз холодильников,1.0,1.0,0.0,False,1,1
unseen_text,d9592e52e05639c81ffc3f8c,подбор гибридных,1.0,1.0,0.0,False,1,1
unseen_text,d98154604c5e566afa471fb8,покрас фигурок,1.0,1.0,0.0,False,1,1
unseen_text,d9a1cd04ea5128d6729c1b8d,монтаж окон,1.0,1.0,0.0,False,1,1
unseen_text,d9d3bb6fa8ed5e4eff84a527,мойка двигателя,1.0,1.0,0.0,False,1,1
unseen_text,d9d72d3e65248381f7c5df2d,гелий,1.0,1.0,0.0,False,1,1
unseen_text,da31a94a66b28ed8bb28c4cb,прием пнд труб,1.0,1.0,0.0,False,1,1
unseen_text,da48720636d7f1c148b362bd,грузоперевозки газель 4 метра,1.0,1.0,0.0,False,2,2
unseen_text,da4ea4ce12fcd377eba7b028,проточка гбц,1.0,1.0,0.0,False,1,1
unseen_text,da72c2d681fcecc8521cd844,3d модель на заказ,0.0,1.0,1.0,False,1,1
unseen_text,daac3fa3fa4ddd4b73d1cf0a,аренда авто свадьба,1.0,1.0,0.0,False,1,1
unseen_text,dac9ff6fd25f1e13e1d2b0ba,перекрыть крышу,1.0,1.0,0.0,False,1,1
unseen_text,dad72ebfdf1a289b1e6b2d44,перекопка огорода,1.0,1.0,0.0,False,1,1
unseen_text,dafa1ebd5980bc9289a96f2a,циклевка и ремонт паркета,1.0,1.0,0.0,False,1,1
unseen_text,db34c5b9420f9b7e6973016a,прошивка nintendo switch,1.0,1.0,0.0,False,1,1
unseen_text,db91daed329482b9ed25de4e,костюм японской школьницы,1.0,1.0,0.0,False,1,1
unseen_text,db99b1bd30e5bf9e040123b3,печать альбомов,1.0,1.0,0.0,False,1,1
unseen_text,dbcf58aab95265375f7b15cd,дрессировка щенков,1.0,1.0,0.0,False,1,1
unseen_text,dbe4ddef383afedf1027782a,аренда мотоблока,1.0,1.0,0.0,False,1,1
unseen_text,dc2cccd63b5d1638614b1587,вывески на заказ с разрешением,1.0,1.0,0.0,False,1,1
unseen_text,dc4989d07e7b8d5dfae8167f,помощник по хозяйству,1.0,1.0,0.0,False,1,1
unseen_text,dc7270dc331c52461dc30b70,написание рефераты,1.0,1.0,0.0,False,1,1
unseen_text,dc80bcd725b61cd46ba0362d,массаж живота,1.0,1.0,0.0,False,1,1
unseen_text,dc8d4e9a25035497b0110c01,проектирование вентиляции,1.0,1.0,0.0,False,1,1
unseen_text,dce71bbafd0ae58ba01e1100,ремонт и чистка водостоков крыши,1.0,1.0,0.0,False,1,1
unseen_text,dce9ea233e34ec83c4b2ad15,домик на берегу,0.0,0.0,0.0,False,1,0
unseen_text,dd5dbab64023c6b1173ffa44,аренда места мастера маникюра,1.0,1.0,0.0,False,1,1
unseen_text,dd8f5d10f31c0a1da147ca06,фотосессия с машиной,0.0,1.0,1.0,False,1,1
unseen_text,ddbdf16d1f0476df40ce8b38,скупка iphone дорого,1.0,1.0,0.0,False,1,1
unseen_text,ddc6ec8ad269fc127bff5491,алмазная резка проемов,1.0,1.0,0.0,False,1,1
unseen_text,dddc24cd5367a53cc23fab86,монтаж скуд,1.0,1.0,0.0,False,2,2
unseen_text,de12d8629219f70502a13dad,реставратор мебели,1.0,1.0,0.0,False,1,1
unseen_text,ded6ac54ac2aabaf515cabf9,водолаз,1.0,1.0,0.0,False,1,1
unseen_text,dee5eb425b3b3b4543200cad,тонировка артемальной пленкой,1.0,1.0,0.0,False,1,1
unseen_text,df4e05967bea6c5b341fa4bd,техосмотр,1.0,1.0,0.0,False,1,1
unseen_text,dfe0179e66c4168a24ae0511,авто на прокат,1.0,1.0,0.0,False,1,1
unseen_text,e00c01c82979555e3e6ddc00,мастер по изготовлению мебели,0.0,0.0,0.0,False,1,1
unseen_text,e00fece4d5a129fdb70cfd00,сборка мебели на дому,1.0,1.0,0.0,False,1,1
unseen_text,e034897f7fcb3b5cad4bc057,пошив обуви на заказ,1.0,1.0,0.0,False,1,1
unseen_text,e044725ca28f400680941cbc,вышивка на одежде,1.0,1.0,0.0,False,1,1
unseen_text,e05087958b321d64ab2ca399,диагностика range rover,1.0,1.0,0.0,False,1,1
unseen_text,e05a4ebb34846a45c8b6894a,алмазное бурение,1.0,1.0,0.0,False,1,1
unseen_text,e0638b5c59152ca73df23bce,ремонт аккумуляторов iphone,0.0,0.0,0.0,False,1,1
unseen_text,e09c2e92d0b395c799542ddf,аренда танцевального зала,1.0,1.0,0.0,False,1,1
unseen_text,e0bde14e22c8b83c0d0b1c49,манипулятор длинномер,1.0,1.0,0.0,False,1,1
unseen_text,e0dbafeabf7df1108fe9e189,лом цветных металлов,1.0,1.0,0.0,False,1,1
unseen_text,e0f94f87094614633eb09cac,тихие стены,1.0,1.0,0.0,False,1,1
unseen_text,e16478d468fa1b2a26d70f72,аренда закрытой беседки,1.0,1.0,0.0,False,1,1
unseen_text,e165beb172954dfa4d1adc71,пневматическое оружие,1.0,1.0,0.0,False,1,1
unseen_text,e1b3efbe80102e1f8ee01b34,гибка металла,1.0,1.0,0.0,False,1,1
unseen_text,e1cf23559a8463a6580f017a,обучение по ламинированию ресниц,1.0,1.0,0.0,False,1,1
unseen_text,e1d89d4be0d6c4d4e331d049,поверка нивелира,1.0,1.0,0.0,False,1,1
unseen_text,e1feee3f248e83918f258713,байер италия,1.0,1.0,0.0,False,1,1
unseen_text,e23edbc7cf939c7fa16709c0,установка кондиционера,1.0,1.0,0.0,False,1,1
unseen_text,e27d8a758f4bec7398b6330e,печать для ип,1.0,1.0,0.0,False,1,1
unseen_text,e285b1042de2b3cf2780cade,оформлении карты казахстан,1.0,1.0,0.0,False,1,1
unseen_text,e2a02f04fa908e3b96f4b487,свадебная машина,1.0,1.0,0.0,False,1,1
unseen_text,e2c1c2bf4068ff93030c78af,автошкола,1.0,1.0,0.0,False,1,1
unseen_text,e2d3861d91ef46eae28af1ea,печать баннеров дешево,1.0,1.0,0.0,False,1,1
unseen_text,e3132e5b13222588794c992c,найти работника,1.0,1.0,0.0,False,1,1
unseen_text,e35fd2ef6c8fa8547ba44c13,ремонт яндекс станции,1.0,1.0,0.0,False,1,1
unseen_text,e3f5fcf5f756e3959cb99fc5,покос участка,1.0,1.0,0.0,False,1,1
unseen_text,e4226346b994fa157e85c8b2,кабельщик,1.0,1.0,0.0,False,1,1
unseen_text,e480bc035520244f6122020c,вскрывать авто,1.0,1.0,0.0,False,1,1
unseen_text,e4b5e018accf7829aadd0288,автосервис,1.0,1.0,0.0,False,1,1
unseen_text,e5311e2de7335425ebcd3a45,гигиенический маникюр,1.0,1.0,0.0,False,1,1
unseen_text,e54256cc90b5c32e75b05de7,дезинсекция,1.0,1.0,0.0,False,1,1
unseen_text,e57ae167fa3b91cddd007325,короткая женская стрижка,1.0,1.0,0.0,False,1,1
unseen_text,e5a55f10a366b11f49998320,скупка фарфора ссср,1.0,1.0,0.0,False,1,1
unseen_text,e5fd7e4f42d55e2305058249,дипломная работа синергия,1.0,1.0,0.0,False,1,1
unseen_text,e683c5a173e5c5f7c7fac702,обработка от насекомых,1.0,1.0,0.0,False,1,1
unseen_text,e68ad82f577438addb0d4d23,вышибала,0.0,0.0,0.0,False,1,0
unseen_text,e6a95c9610468a45c2b3f68e,репетитор по литературе егэ,1.0,1.0,0.0,False,1,1
unseen_text,e6dbfdfc93088cd7aed2bb51,из турции,1.0,1.0,0.0,False,1,1
unseen_text,e71233cc7c0384bdcfd9a332,ремонт мотоблоков,1.0,1.0,0.0,False,1,1
unseen_text,e71f85c2287d87de80c5d02f,установка окон,1.0,1.0,0.0,False,1,1
unseen_text,e726ea428a4dd241a8525d4a,манипулятор 7 тонн,1.0,1.0,0.0,False,1,1
unseen_text,e78f506ef8097b5192b019ee,медведь с днем рождения,1.0,1.0,0.0,False,1,1
unseen_text,e80b9015053b839ee0782a56,домик отдыха лес,1.0,1.0,0.0,False,1,1
unseen_text,e8603438aaf5266bbcf4800a,выездное караоке,1.0,1.0,0.0,False,1,1
unseen_text,e86abf6b8d8d240f3203cc23,камуфляж шрамов,1.0,1.0,0.0,False,1,1
unseen_text,e8a4bfbb02ffd1e442dd195b,дубликаты номеров жирный шрифт,1.0,1.0,0.0,False,1,1
unseen_text,e8aa2a7ae2c7e66cbb5def45,грузоперевоки армения,1.0,1.0,0.0,False,1,1
unseen_text,e913c8762cadad1292610217,укладка брусчатки шабан,1.0,1.0,0.0,False,1,1
unseen_text,e92b4a637514dbb856d6dcb0,ремонт бензореза,1.0,1.0,0.0,False,1,1
unseen_text,e92cff8de8ee5d242495dae4,москитные сетки на окна,1.0,1.0,0.0,False,1,1
unseen_text,e944e2c9fa2f1a1e7370a231,курсы ламинирования ресниц,1.0,1.0,0.0,False,1,1
unseen_text,e9db46f868dbe3d2237d5220,уф дтф наклейки,1.0,1.0,0.0,False,1,1
unseen_text,ea1619418807cfe705df1a09,ремонт окон,1.0,1.0,0.0,False,1,1
unseen_text,ea24f7f8e4a06964eb86d159,вспашка плугом,1.0,1.0,0.0,False,1,1
unseen_text,ea57a10e1e94fb472263b414,vip трансфер,1.0,1.0,0.0,False,1,1
unseen_text,ea61018a62bde95d4dba5afc,оклейка бренд яндекс такси,1.0,1.0,0.0,False,1,1
unseen_text,eadbcb7e74778c7b0ccf2776,росреестр помощь ресурс,1.0,1.0,0.0,False,1,1
unseen_text,eaf59761374f3ffb3832477d,ремонт бойлеров на дому чеховский район московская область,1.0,1.0,0.0,False,1,1
unseen_text,eb85d288e712d653399c5f9d,с ндс,0.0,0.0,0.0,False,1,1
unseen_text,eb86711898ba79100a964569,скупка старины,1.0,1.0,0.0,False,1,1
unseen_text,eb8ac2ad08c9e59eb4aee442,педикюр от 1000,1.0,1.0,0.0,False,1,1
unseen_text,eba88a470f2746549000e937,перетяжка потолка автомобиля,1.0,1.0,0.0,False,1,1
unseen_text,ebbab244cacf1b3bf9e09fd7,реструктуризация,1.0,1.0,0.0,False,1,1
unseen_text,ebc615dde87827defdc14dd1,липосакция,1.0,0.0,-1.0,False,1,1
unseen_text,ebcf05cd2712ed4e26377190,частный детский сад,1.0,1.0,0.0,False,1,1
unseen_text,ebf351ccc8ce3691159a2224,стяжка пола за 1 день,1.0,1.0,0.0,False,1,1
unseen_text,ec3282ae66e5fdaae3338d4f,автосервис опель,1.0,1.0,0.0,False,1,1
unseen_text,ec47999c63b3d92222986d1a,замена фар,1.0,1.0,0.0,False,1,1
unseen_text,eca731ece16681994923ff65,экскурсия,1.0,1.0,0.0,False,2,2
unseen_text,ecb9ed60a710c54ee537dc1d,аренда шлифовальной машины по бетону,1.0,1.0,0.0,False,1,1
unseen_text,ecf1a74fe3d9d35ed58ede59,ремонт автоматики для откатных ворот,1.0,1.0,0.0,False,1,1
unseen_text,ed10b323b66808f02a8d4af6,пароочиститель karcher,1.0,1.0,0.0,False,1,1
unseen_text,ed1bb99f181cadf4da87c07f,прополка,1.0,1.0,0.0,False,1,1
unseen_text,ed255c466618cc6f941feb4d,муж на час,1.0,1.0,0.0,False,1,1
unseen_text,ed441e0b7e78e7b28c5d2122,каменный ковер,1.0,1.0,0.0,False,1,1
unseen_text,eda6d8eb5669fc56fdfc2c6e,прикурить автомобиль,0.0,0.0,0.0,False,1,1
unseen_text,edf821d9818f9f6d12fc2725,аренда палатки,1.0,1.0,0.0,False,1,1
unseen_text,eefa5e81bbe01d1956b08bfd,установка подоконников,1.0,1.0,0.0,False,1,1
unseen_text,ef29e3fb0c3f11632fce1be6,наращивание волос капсулы,1.0,1.0,0.0,False,1,1
unseen_text,efadd80b12aa9ee3257724cf,укладка газоблока,1.0,1.0,0.0,False,1,1
unseen_text,efb5d0a3ab5adf899d9793ab,мастер по окнам,1.0,1.0,0.0,False,1,1
unseen_text,f0b2a15ff358d18ec8f80b1c,lkp,1.0,1.0,0.0,False,1,1
unseen_text,f0b478ddadf46c51cfbf061c,краскопульт,0.0,0.0,0.0,False,1,0
unseen_text,f0d34342f6dad37b1ec54553,нужен работник,1.0,1.0,0.0,False,1,1
unseen_text,f0d79fc84aa943cf68c1354f,поставить машину на учет в гибдд,1.0,1.0,0.0,False,1,1
unseen_text,f0f5a9ceb37f1150b895140f,ремонт электрических плит,1.0,1.0,0.0,False,1,1
unseen_text,f100e1a517f2a5fe002788eb,покраска забора,1.0,1.0,0.0,False,1,1
unseen_text,f14238a3a33a99f04da68a85,эндоскопия катализатора,1.0,1.0,0.0,False,1,1
unseen_text,f14ab752815c292ffa675ea8,репетитор на лето,1.0,1.0,0.0,False,1,1
unseen_text,f1a68923fd267d5ffa34e702,сиделка с мед.образованием,1.0,1.0,0.0,False,1,1
unseen_text,f1af71ed372ad6e43f04374b,рефрижератор 5 тонн,1.0,1.0,0.0,False,1,1
unseen_text,f1c3b33d795e0d9594e4803e,подшив одежды на дому,1.0,1.0,0.0,False,1,1
unseen_text,f25d44e4ae1f32b3988c5643,услуги программиста пк,1.0,1.0,0.0,False,1,1
unseen_text,f29cd4299bf954f0324fbe87,торт ламбет,1.0,1.0,0.0,False,1,1
unseen_text,f29d5c9bcd308e8e9c24b796,печник кладка печей,1.0,1.0,0.0,False,1,1
unseen_text,f2a3c9d1607339f7082e59f2,инструктор по вождению бутово,1.0,1.0,0.0,False,1,1
unseen_text,f2afc6c1d17dc3a0eae45aea,3d принтер,1.0,1.0,0.0,False,1,1
unseen_text,f2dad77839f6e9ce3b852018,аренда помещения для девичника,1.0,1.0,0.0,False,1,1
unseen_text,f2fe1f10844f5b3ddd8c6857,малярные работы,1.0,1.0,0.0,False,1,1
unseen_text,f386f5d2afd3b983c345d94d,вывоз бытового мусора,1.0,1.0,0.0,False,1,1
unseen_text,f39748c268d4bdcd3d1b0bd0,пилатес зеленогорск,0.0,0.0,0.0,False,1,0
unseen_text,f39cd2f3202e31b06b8f7063,перешив ручки кпп,1.0,1.0,0.0,False,1,1
unseen_text,f39f3eeb84caa6607adcc0e9,выкуп авто ваз,1.0,1.0,0.0,False,1,1
unseen_text,f3b3a6a66b3120a49d1df186,ремонт ауди,1.0,1.0,0.0,False,1,1
unseen_text,f459bf0515b2ad307744ad74,установка умного замка,1.0,1.0,0.0,False,1,1
unseen_text,f55020745a6adb22c2c893fb,спутниковое тв мтс ремонт спутниковое,1.0,1.0,0.0,False,1,1
unseen_text,f5b1207a107762e9eb94efe4,воровайка 10 тонн,1.0,1.0,0.0,False,1,1
unseen_text,f5f54d10ef321ce47e3d7c0e,ремонт холодильника,1.0,1.0,0.0,False,1,1
unseen_text,f5fa7641fa463e44ad2069c7,караоке зал аренда,1.0,1.0,0.0,False,1,1
unseen_text,f651742baedd4eaf1daa7d9c,аниматор лабубу,1.0,1.0,0.0,False,1,1
unseen_text,f754741086be294920b7ba20,прошивка vag,1.0,1.0,0.0,False,1,1
unseen_text,f777989ffd87bd3beaa7f34f,аренда автомобиля с водителем,1.0,1.0,0.0,False,1,1
unseen_text,f77f39ee40350064e2ae2ab8,прием твердосплава р6. м5,1.0,1.0,0.0,False,1,1
unseen_text,f7af78727f9667190e766224,репетитор по информатике огэ,1.0,1.0,0.0,False,1,1
unseen_text,f82bbc4b7c4010962d2c971f,замочник,1.0,1.0,0.0,False,1,1
unseen_text,f82cf1eb234758c0e899059c,вытягивание вмятин,1.0,1.0,0.0,False,1,1
unseen_text,f82d370ab20765617e875725,перепахать участок,1.0,1.0,0.0,False,1,1
unseen_text,f88db28aa8466788ff5edefa,система автополива,1.0,1.0,0.0,False,1,1
unseen_text,f8bb09ed36eac111d856f35e,аренда кабинета парадайс плейс,1.0,1.0,0.0,False,1,1
unseen_text,f8d24ae50ab5904c6045a368,полимерная покраска,1.0,1.0,0.0,False,2,2
unseen_text,f92624068f5397b6deb07b02,ремонт электроинструмента,1.0,1.0,0.0,False,1,1
unseen_text,f954c3c47a7bb2ba2fa6b77c,вспахать огород,1.0,1.0,0.0,False,1,1
unseen_text,f96e09bd0edb0c366c0cc4d1,ремонт лифтов,1.0,1.0,0.0,False,1,1
unseen_text,f97729436f93ad46d65b4cca,укоротить джинсы,1.0,1.0,0.0,False,2,2
unseen_text,f9ab33ce8c5177fceb43336f,ведущий на корпоратив,1.0,1.0,0.0,False,1,1
unseen_text,f9adf4b0dd93c67e66cdfc99,сборка компьютера,1.0,1.0,0.0,False,1,1
unseen_text,f9b854af4e0ea79752d5f908,землекопы ручная копка,1.0,1.0,0.0,False,1,1
unseen_text,f9f97610e2a8b645b7676a08,сиделка на дому,1.0,1.0,0.0,False,1,1
unseen_text,fa27836692eb9aa96253980b,такси омск петропавловск,1.0,1.0,0.0,False,1,1
unseen_text,fa2f06dca04ac6da40adc654,шоу с животными,1.0,1.0,0.0,False,1,1
unseen_text,fa7b5d5541f82cfc5d77e23c,расчистка участка,1.0,1.0,0.0,False,1,1
unseen_text,fab208c050625995463f6e23,блонд,1.0,1.0,0.0,False,1,1
unseen_text,fab72b84cafd5fa6a966db7a,прокат вибратора для бетона,1.0,1.0,0.0,False,1,1
unseen_text,fb27dceda948c64f7584185f,научу заказывать с китая,1.0,1.0,0.0,False,1,1
unseen_text,fb43ac3cca5371785629aba1,ремонт+обуви,1.0,1.0,0.0,False,1,1
unseen_text,fbafb6b55c9d3686cd7913e8,гид спб центр,1.0,1.0,0.0,False,1,1
unseen_text,fbee2fcc17a0d2269e929703,каршеринг авто,1.0,1.0,0.0,False,1,1
unseen_text,fc05d9d025bbe62224bfbd88,экскурсия на английском языке,1.0,1.0,0.0,False,1,1
unseen_text,fc0cbebc953d9de15123a764,скупка стиральных машин на запчасти,1.0,1.0,0.0,False,1,1
unseen_text,fc229edf8ee1239862ff1756,ремонт коленвалов мотоциклов,1.0,1.0,0.0,False,1,1
unseen_text,fc282a77d8c0803e3dde1139,ломбард техники,1.0,1.0,0.0,False,1,1
unseen_text,fc7b48747515751ac5f10fc2,копаем ямы,1.0,1.0,0.0,False,1,1
unseen_text,fc8a2509467be05b055e4369,прокат оборудования мотоблока,1.0,1.0,0.0,False,1,1
unseen_text,fcb9a1417517f79368895039,кран 40 метров,1.0,1.0,0.0,False,1,1
unseen_text,fccaf306000775c158437e6a,демонтаж батарей радиаторов отопления,1.0,1.0,0.0,False,1,1
unseen_text,fccb2941a9081abf97d6de65,цветное наращивание ресниц,1.0,1.0,0.0,False,1,1
unseen_text,fceae7c2e994f42c5af6d7e0,русская баня на дровах,1.0,1.0,0.0,False,1,1
unseen_text,fd14c975b9f7a1cd173d0af2,прицеп кемпер аренда,1.0,1.0,0.0,False,1,1
unseen_text,fd170f8ff60b95aae62c55ee,временная регистрация спб,1.0,0.0,-1.0,False,1,1
unseen_text,fd49d0e98a6e6bced3bbed22,афрохвост,1.0,1.0,0.0,False,1,1
unseen_text,fd5699fa81fa23d4acda288f,русификация китайских авто,1.0,1.0,0.0,False,1,1
unseen_text,fd6f62566d17466b6c9dca3e,дренаж участка истра,1.0,1.0,0.0,False,1,1
unseen_text,fd959d09bc176ad1eb25c77b,прокладка труб водопровода,1.0,1.0,0.0,False,1,1
unseen_text,fd971203fa615af71f7eb57b,изготовление ключей на авто,0.0,0.0,0.0,False,1,1
unseen_text,fd987a9295da897f7174f4d3,частное такси,1.0,1.0,0.0,False,1,1
unseen_text,fdce1de787a438ac67739282,укладка тратуарной плитки,1.0,1.0,0.0,False,1,1
unseen_text,fe4b7621f899b6f7dde1173b,номера на машину,1.0,1.0,0.0,False,1,1
unseen_text,fe7b7aabf3c00faaffc95131,заказ минивэна,0.0,0.0,0.0,False,1,0
unseen_text,fef710f572f249496905ee0f,садовые работы,1.0,1.0,0.0,False,1,1
unseen_text,fef8515ac92def0f9e96d7dd,мужской шугаринг,1.0,1.0,0.0,False,1,1
unseen_text,ff141c9ec96e24d60d0d595c,помощь с шумными соседями,1.0,1.0,0.0,False,1,1
unseen_text,ff20bc515d0ad4f251cf183c,шар с фамилией,1.0,1.0,0.0,False,1,1
unseen_text,ffa982a605601b7628b25598,ремонт объективов,1.0,1.0,0.0,False,1,1
unseen_text,ffce940a6f098af32bbefada,сауна снять,1.0,1.0,0.0,False,1,1
unseen_text,01764508fd45a5aa9bd36766,печать фото на холсте,1.0,1.0,0.0,False,1,1
unseen_text,019297e36b2258c2a0dabf9e,аренда помещения,0.0,0.0,0.0,False,1,1
unseen_text,0268728d2d03301b93ebb805,ремонт пылесосов,1.0,1.0,0.0,False,1,1
unseen_text,03360eb9ad8a7e2de1689acd,вывоз хлама,1.0,1.0,0.0,False,1,1
unseen_text,03bb510d12041e794e8d0f2c,услуги парикмахера на дому,1.0,1.0,0.0,False,1,1
unseen_text,056c1c0345f98585c7981c4b,батайск торты на заказ,1.0,1.0,0.0,False,1,1
unseen_text,05b4a6f8e2cd7ba110702304,сварные работы,1.0,1.0,0.0,False,1,1
unseen_text,05e545132f6d0add44c5a15b,ремонт спутниковых антенн,1.0,1.0,0.0,False,1,1
unseen_text,06044377f611c61a742e1948,услуги эндоскопа на дизельные двигателя,1.0,1.0,0.0,False,1,1
unseen_text,062e322ab7d66b79651fdade,написание конспектов,1.0,1.0,0.0,False,1,1
unseen_text,06c097e526bae0e05e45e0cf,ремонт старинных часов ссср,1.0,1.0,0.0,False,1,1
unseen_text,077ac6cd92c7b8ec71bb0883,педикюр для мужчин,1.0,1.0,0.0,False,1,1
unseen_text,078f234573995593042e25a1,предметная съемка для маркетплейсов,1.0,1.0,0.0,False,1,1
unseen_text,07b29bf407f45d4dac6f759a,скупка инструмента,1.0,1.0,0.0,False,1,1
unseen_text,08f7ed091899e9927773db60,распил фанеры,1.0,1.0,0.0,False,1,1
unseen_text,0958b9af8187ac3ef1e46208,удаление тату,1.0,1.0,0.0,False,1,1
unseen_text,096b4722eadcd412d72651fb,настройка гбо,1.0,1.0,0.0,False,1,1
unseen_text,09b7fb4b8343690d4a0b93c2,замена лобового стекла,1.0,1.0,0.0,False,1,1
unseen_text,09d4d19c2b8809d65f37c94b,скупка и вывоз мебели,1.0,1.0,0.0,False,1,1
unseen_text,0a27b866fd944108ff2389a9,контемпорари танцы,1.0,1.0,0.0,False,1,1
unseen_text,0a65239d6a1afa3ddce6210b,вольная борьба,1.0,1.0,0.0,False,1,1
unseen_text,0aa60b3d1f13d85e1548351b,ремонт бензопил,1.0,1.0,0.0,False,1,1
unseen_text,0aff1bd5c1f3285c169d3270,загран срочно,1.0,1.0,0.0,False,1,1
unseen_text,0b103130cc8344fab2878d7b,гид,1.0,1.0,0.0,False,1,1
unseen_text,0b69f9b02c558030d15a6326,нашивки на заказ,1.0,1.0,0.0,False,1,1
unseen_text,0be5f019edb7f605789d38f1,стрижка растений,1.0,1.0,0.0,False,1,1
unseen_text,0beba82b4922d569202506d0,гибка нержавейки,1.0,1.0,0.0,False,1,1
unseen_text,0c40060f9eefaf08ecd33b35,скупаем пк,1.0,1.0,0.0,False,1,1
unseen_text,0c9394bc4509f6424b106a50,удаление тату бесплатно,1.0,1.0,0.0,False,1,1
unseen_text,0d30f94bd1dd2231a0f5f2c8,скупка ковров,1.0,1.0,0.0,False,1,1
unseen_text,0de81e0bcda1b858792cd286,разблокировка телефона,1.0,1.0,0.0,False,1,1
unseen_text,0e724b8de80a8a1261de61eb,мойка форсунок бензиновых,1.0,1.0,0.0,False,1,1
unseen_text,0ed434d89906e21d7b593bf1,вывоз холодильников,1.0,1.0,0.0,False,2,2
unseen_text,0ee6f18029e0e7d3d62f0879,лазерная резка фанеры,1.0,1.0,0.0,False,1,1
unseen_text,0f532af4e679074d4d481a64,ателье по ремонту одежды,0.0,0.0,0.0,False,1,1
unseen_text,0f82430a0b726be5c1e109be,тонировка фар пленкой,1.0,1.0,0.0,False,1,1
unseen_text,0fa90eb84a2ffc2ea7601e00,груминг,1.0,1.0,0.0,False,2,2
unseen_text,0fae99fbc1b5825d40d8a0fa,реклама на заднем стекле,1.0,1.0,0.0,False,1,1
unseen_text,0ff0dacb2e3e204aa0c53cf9,макулатура,1.0,1.0,0.0,False,1,1
unseen_text,0fff0103b36ac4e181bcd93f,коттедж на свадьбу,1.0,1.0,0.0,False,1,1
unseen_text,1011ab44fa3e040af501b4fa,установка опалубки,0.0,0.0,0.0,False,1,0
unseen_text,11a6e7df2ec7942d65a8f5a2,плазмалифтинг,1.0,1.0,0.0,False,1,1
unseen_text,11b12444623381daa38128f1,таможенный брокер,1.0,1.0,0.0,False,1,1
unseen_text,1273c56e63934261cbb38858,восстановление мастер аккаунта lixiang,1.0,1.0,0.0,False,1,1
unseen_text,129c17928a6848690411c4aa,изготовление помолвочных колец,1.0,1.0,0.0,False,1,1
unseen_text,12ed82ef8670eda941025629,ремонт телевизоров toshiba в мосикве,1.0,1.0,0.0,False,1,1
unseen_text,12fc3f8bb6766dff34df4579,интернет оптоволокно,1.0,1.0,0.0,False,1,1
unseen_text,139efa20433f069afec130df,ремонт алисы,1.0,1.0,0.0,False,1,1
unseen_text,13a4d6dfa198a473b1bb2938,вскопка огорода,1.0,1.0,0.0,False,1,1
unseen_text,15395e8986d8cbc947be611b,мастер по ремонту телефонов,1.0,1.0,0.0,False,1,1
unseen_text,1565f6663f10cd22eb1bfe4d,аренда авто сутки,1.0,1.0,0.0,False,1,1
unseen_text,15a91ec612941968a78b305e,утилизация бытовой техники,1.0,1.0,0.0,False,1,1
unseen_text,15ac5282d288785008f16d69,передержка котов,1.0,1.0,0.0,False,1,1
unseen_text,1630f575ab1ebc5c0f1eb8ca,экскурсия на мотоцикле,1.0,1.0,0.0,False,1,1
unseen_text,177d59a78f45627083c63428,проводы в аэропорт минивэн,1.0,1.0,0.0,False,1,1
unseen_text,1783839c27c0e527c90001dc,роспись на одежде,1.0,1.0,0.0,False,1,1
unseen_text,17ce0675842af3c5f88c9ca9,временная прописка,0.0,0.0,0.0,False,1,1
unseen_text,17ce43f44cd1f550b68baf16,скупка кофемашин,1.0,1.0,0.0,False,1,1
unseen_text,18016f6d9406db9127f8761d,отказное письмо для озон,1.0,1.0,0.0,False,1,1
unseen_text,1812aef540f12ef40b6cd303,номера на лодку,1.0,1.0,0.0,False,1,1
unseen_text,18ddcdf3699b1d9f3164ee12,аренда моющего пылесоса для мебели,1.0,1.0,0.0,False,1,1
unseen_text,1a68b2c073e7549246a22806,ремонт радиаторов,1.0,1.0,0.0,False,1,1
unseen_text,1aaef75ff66a54ee45992cb9,таргетолог инстаграм,1.0,1.0,0.0,False,1,1
unseen_text,1ad3b25c2eedee40c4163b62,астрахань рыбалка,0.0,0.0,0.0,False,1,1
unseen_text,1ad503621134dfe961e0c2ed,обслуживание котлов,1.0,1.0,0.0,False,1,1
unseen_text,1bcb799d6602a5133638f952,пошив штор,1.0,1.0,0.0,False,1,1
unseen_text,1c49b15013b24a7f6441619d,аренда виброноги,1.0,1.0,0.0,False,1,1
unseen_text,1c56a24a1bcacc5b9cbce5ed,ремонт вакууматоров,1.0,1.0,0.0,False,1,1
unseen_text,1c87f63889537d00516a682f,копка фундамента,1.0,1.0,0.0,False,1,1
unseen_text,1cca01c5d217293ad59ec84f,стрижка собак,1.0,1.0,0.0,False,1,1
unseen_text,1dad31f02db628da4a965591,аренда пароочистителя керхера,1.0,1.0,0.0,False,1,1
unseen_text,1dcfd451e60c91ec08073577,очистка водоемов,1.0,1.0,0.0,False,1,1
unseen_text,1e480ccf164cd77d9fd40804,доставка газовых баллонов,1.0,1.0,0.0,False,1,1
unseen_text,1e564bb2707ca23f4423a226,база отдыха с чаном,1.0,1.0,0.0,False,1,1
unseen_text,1ea3b55061563b50b5a3be58,стрижка кошки,1.0,1.0,0.0,False,1,1
unseen_text,1eccc5c39585dab45ac3852b,расточка дисков,1.0,1.0,0.0,False,1,1
unseen_text,1ed07a2676b888f99b509a48,сигнализация с автозапуском ремонт,1.0,1.0,0.0,False,1,1
unseen_text,1ee3fa7d3632c068f0336be1,заправить кондиционер авто,1.0,1.0,0.0,False,1,1
unseen_text,1f211ba4a7f98c78c6b2acdf,тату бесплатно,1.0,1.0,0.0,False,1,1
unseen_text,1f458a7e9efcf1a8ffc9de48,очистка форсунок,1.0,1.0,0.0,False,1,1
unseen_text,1f78b6e954e41c5961f0ecfd,утилизация холодильников,1.0,1.0,0.0,False,1,1
unseen_text,1fc52d873d78e965691b399e,конструктор мебели,1.0,1.0,0.0,False,1,1
unseen_text,1fe3958a13072e63a12b3bb7,расточка блока цилиндров,1.0,1.0,0.0,False,1,1
unseen_text,1ff6e56cb47ea96e57e4ee85,мастер по окрашиванию волос,1.0,1.0,0.0,False,1,1
unseen_text,1ffa5649960c0a196fa767f1,скупка разъемов,1.0,1.0,0.0,False,1,1
unseen_text,2030c3b7d6d1a32de0c7dd3e,установка сантехники,1.0,1.0,0.0,False,1,1
unseen_text,204350d772d892f4e87c3ead,спортивный стилист,1.0,1.0,0.0,False,1,1
unseen_text,20e707925bda1308a6b8902f,манипулятор 10 тонн,1.0,1.0,0.0,False,1,1
unseen_text,2244e2057932317152ad01a1,разровнять участок,1.0,1.0,0.0,False,1,1
unseen_text,22905bbc2b087cd803cfbc8a,ремонт брелков starline,0.0,0.0,0.0,False,1,1
unseen_text,22b48b9e0250ab834d851a07,доставка таобао,1.0,1.0,0.0,False,1,1
unseen_text,2305b7139282964e36ba234d,гальваническое золочение,1.0,1.0,0.0,False,1,1
unseen_text,2374179e01b23260afd0c222,каркас забора,1.0,1.0,0.0,False,1,1
unseen_text,2378e4ced0f928d472862edc,компьютерный мастер,1.0,1.0,0.0,False,1,1
unseen_text,23a88528bf3e11aab6a9ebf3,диагностика двигателя с выездом,1.0,1.0,0.0,False,1,1
unseen_text,245cb945c7046dceae34d0bc,iphone заблокированный,1.0,1.0,0.0,False,1,1
unseen_text,246fc0ec710f1f3293d20cd4,озонирование помещения после пожара,1.0,1.0,0.0,False,1,1
unseen_text,24b64e4c864f8e0972ddb55e,покраска ворот,1.0,1.0,0.0,False,1,1
unseen_text,259895fa9c9fb7dc8cffba79,тонировка авто стекла,1.0,1.0,0.0,False,1,1
unseen_text,25ddfb42aa43c24e5e44119b,ремонт дверных замков,1.0,1.0,0.0,False,1,1
unseen_text,274dbd17d7ca55ea3bb3c4ef,актер,1.0,1.0,0.0,False,1,1
unseen_text,27589b1d03833623bbcf8c22,дубликаты номеров,1.0,1.0,0.0,False,1,1
unseen_text,27a96e1aee85288ac319cb00,такси екатеринбург,1.0,1.0,0.0,False,1,1
unseen_text,286479301cda3a26d7e4016e,корректировка пробега,1.0,1.0,0.0,False,1,1
unseen_text,287c31f901e4904ef306c9bd,косметолог лечение акне,1.0,1.0,0.0,False,1,1
unseen_text,28c7c782297a74febf20c94c,пилинг головы,1.0,1.0,0.0,False,1,1
unseen_text,28de0caba5711ba5c500ef03,вспашка земли кременкуль,1.0,1.0,0.0,False,1,1
unseen_text,2ac64881437668e7e55f8768,склад в китае,1.0,1.0,0.0,False,1,1
unseen_text,2ad575d8ecd303359dd1b4c3,укладка ламината елочкой,1.0,1.0,0.0,False,1,1
unseen_text,2ad8bc072fb75592b81b64f1,стилист имиджмейкер,1.0,1.0,0.0,False,1,1
unseen_text,2b03449837b309da4db549c2,отбеливание зубов,1.0,1.0,0.0,False,1,1
unseen_text,2b28905427326522b4e49e47,публикация приложения,1.0,1.0,0.0,False,1,1
unseen_text,2c2b36da0e3a2e4faba7c357,расточка наплавка восстановление отверстий,1.0,1.0,0.0,False,1,1
unseen_text,2c2ec8fef59141a734cbaa6c,перевезти металлолом,1.0,1.0,0.0,False,1,1
unseen_text,2c4939f103792b05036036f2,капельницы на дому собаке,1.0,1.0,0.0,False,1,1
unseen_text,2c580ec2760f1dd3c85ddb10,скупка офисных кресел,1.0,1.0,0.0,False,1,1
unseen_text,2c617598e770b298261bd84c,пошив постельного белья,1.0,1.0,0.0,False,1,1
unseen_text,2d56e5acb7cf00739ef3e32d,модель на макияж,1.0,1.0,0.0,False,1,1
unseen_text,2dea31ed516f62c765dd641b,обучение на мастера по реконструкции волос,1.0,1.0,0.0,False,1,1
unseen_text,2e29943a618ca4960fd8402e,омск астана,1.0,1.0,0.0,False,1,1
unseen_text,2e30e9dd745b6245a143fd6c,диагностика авто перед покупкой,1.0,1.0,0.0,False,1,1
unseen_text,2ea977576370308a9985e038,сход развал,1.0,1.0,0.0,False,1,1
unseen_text,2ee360fee1f01ac6995b19a7,фулфилмент,1.0,1.0,0.0,False,1,1
unseen_text,2fd1f920d0cdb635effa0467,установка водяных счетчиковгород,1.0,1.0,0.0,False,1,1
unseen_text,2ff8f1a1ba354598365dce35,ремонт apple magic keyboard,1.0,1.0,0.0,False,1,1
unseen_text,31db3d61db431e8b63aa611e,прогулка на карете,1.0,1.0,0.0,False,1,1
unseen_text,3204bdaeb351abcd6c1de36d,эмаль для ванны,1.0,1.0,0.0,False,1,1
unseen_text,3236ff90717ec3ff0285bcd8,кладка пеноблока,1.0,1.0,0.0,False,1,1
unseen_text,323ff85c8a4b3b6be27d448f,выкуп шин резины,1.0,1.0,0.0,False,1,1
unseen_text,335eb38836228b8871ab84bd,хип хоп танцы,1.0,1.0,0.0,False,1,1
unseen_text,3390ac419c4f5dded77d7d76,стирка паласов,1.0,1.0,0.0,False,1,1
unseen_text,34b3a02701287c555f996d29,прошивка магнитолы haval м6,1.0,1.0,0.0,False,1,1
unseen_text,34b82cfc48648e99ba93c4c7,выравнивание участка вручную,1.0,1.0,0.0,False,1,1
unseen_text,34e43a12fb1bf113002be15a,сварка из нержавейки,1.0,1.0,0.0,False,1,1
unseen_text,365a1470699d53e736edc7d2,аренда парикмахерского кресла,1.0,1.0,0.0,False,1,1
unseen_text,369e88656d08b6af650f3e3d,сладкая вата на праздник,1.0,1.0,0.0,False,1,1
unseen_text,36d8fb00f71b827215d22e98,кастрация,1.0,1.0,0.0,False,1,1
unseen_text,36e83e204ddede447c407a08,снять авто,1.0,1.0,0.0,False,1,1
unseen_text,37028f2d9bb24a3d08d6bab4,ремонт водонагревателей,1.0,1.0,0.0,False,1,1
unseen_text,3731c2e95cbd90f1a5eb8fe3,часовой мастер,1.0,1.0,0.0,False,1,1
unseen_text,3749294ed4b04daf9a47a406,шарик на девичник с фамилией,1.0,1.0,0.0,False,1,1
unseen_text,375327083c0d65bf2300330d,автоинструктор по вождению мкпп,1.0,1.0,0.0,False,1,1
unseen_text,3771ad890da1545f3562f862,снос дома,1.0,1.0,0.0,False,1,1
unseen_text,37f4200c33835e5fb5ea8975,выкуп бу шин и дисков,1.0,1.0,0.0,False,1,1
unseen_text,37fcf2b683e456b1f83559d8,ремонт личинки замка зажигания,1.0,1.0,0.0,False,1,1
unseen_text,39b35daf8d51a11158aa853d,заливка бетона под оборудование,1.0,1.0,0.0,False,1,1
unseen_text,3a63b8ecfa0462675211335c,такси на дачу недорого,0.0,0.0,0.0,False,1,1
unseen_text,3a9213e09f7e366e5f960900,репетитор по испанскому языку,0.0,0.0,0.0,False,1,1
unseen_text,3b09ab69f967cb4e592f9820,печать флагов на заказ,1.0,1.0,0.0,False,1,1
unseen_text,3ba2797aa9955b5ece9de22e,сборщики мебели,1.0,1.0,0.0,False,1,1
unseen_text,3bb839879964a8becac1e1e7,водяной теплый пол,1.0,1.0,0.0,False,1,1
unseen_text,3d09958e2d695a8cadc2f799,ремонт компрессоров,1.0,1.0,0.0,False,1,1
unseen_text,3d70d3bac8f663f3ba9c83fc,лицензия такси,1.0,1.0,0.0,False,1,1
unseen_text,3e4013a62d04554a2d48de4a,таро,1.0,1.0,0.0,False,1,1
unseen_text,3ea2e8f025974287cf4af2a0,аренда автомобиля и прокат без водителя,1.0,1.0,0.0,False,1,1
unseen_text,3eca0a453677a15987629687,репетитор математика,1.0,1.0,0.0,False,1,1
unseen_text,3f1bcca2d4d636ad04acf98e,курсы,0.0,0.0,0.0,False,1,1
unseen_text,3f4ca6031dd3dab9a61c78f4,прогулка на мотоцикле,1.0,1.0,0.0,False,1,1
unseen_text,402518682c163c230b594896,циклевка доски,1.0,1.0,0.0,False,1,1
unseen_text,40781d46caf884c3d8198de7,ремонт электровелосипедов,1.0,1.0,0.0,False,1,1
unseen_text,407a8576374093f011efffb7,страховка осаго,1.0,1.0,0.0,False,1,1
unseen_text,412b5245d29661443fd8f730,газосварка,1.0,1.0,0.0,False,1,1
unseen_text,41d771f7677bc3eb0d9e1bee,светотехнический расчет квартиры,1.0,1.0,0.0,False,1,1
unseen_text,4215fc5c714d590c7a210fe5,ремонт компрессора автокондиционера,1.0,1.0,0.0,False,1,1
unseen_text,425f74227b726c2560bfe08a,ремонт стартеров генераторов,1.0,1.0,0.0,False,1,1
unseen_text,42f85a455987ec5ae61bf35a,акб для электровелосипеда,1.0,1.0,0.0,False,1,1
unseen_text,438e8f5ba5fe51a01f2dd182,аывоз строительного мусора,1.0,1.0,0.0,False,1,1
unseen_text,44b0ea9895489610f8e8068d,монтаж поликарбоната,1.0,1.0,0.0,False,1,1
unseen_text,44dcf6e562df479ffd3eecc1,ремонт задней крышки iphone,1.0,1.0,0.0,False,1,1
unseen_text,44e88000957fb79b1fb00f92,услуги мебель на заказ,1.0,1.0,0.0,False,1,1
unseen_text,44ef974d3f43a3bb395b4a8f,трансфер из шереметьево автобус,1.0,1.0,0.0,False,1,1
unseen_text,451787b2c25aec79cd36efa0,ремонт ворот,1.0,1.0,0.0,False,1,1
unseen_text,456ce51597bce1d92f3fd8ac,педикюр щербинки,1.0,1.0,0.0,False,1,1
unseen_text,4575fc96183e07b610e1c21e,макет визиток,1.0,1.0,0.0,False,1,1
unseen_text,459d1e1eb830b94eb4e270ed,виртуальная карта иностранного банка,1.0,1.0,0.0,False,1,1
unseen_text,466ec303b349a097dca9d3d3,депиляция воском мужской,1.0,1.0,0.0,False,1,1
unseen_text,46c3d447ded091bb0c50105a,мастер классы по рисованию сегодня,1.0,1.0,0.0,False,1,1
unseen_text,47c2c4abe380a691a67bbb26,муж на час москва метро скобелевская,1.0,1.0,0.0,False,1,1
unseen_text,47da184a07cb6f59c58ac7dc,дом для отдыха,1.0,1.0,0.0,False,1,1
unseen_text,48225da7a21b61231b0c031a,установка уличных дверей,1.0,1.0,0.0,False,1,1
unseen_text,4852907be2df3fb35dd507b2,свидание в гончарной мастерской,1.0,1.0,0.0,False,1,1
unseen_text,487a2eae1bf207dc4f44bcac,разбор сборка и перевозка мебели,1.0,1.0,0.0,False,1,1
unseen_text,48ca1e77f386f2a8934ba183,строительство домов семейная ипотека,0.0,0.0,0.0,False,1,0
unseen_text,48e564f898faf29381788ecb,ремонт samsung,1.0,1.0,0.0,False,1,1
unseen_text,48e5ff15b258f01b150c0ed4,репетитор по физике 8 класс,1.0,1.0,0.0,False,1,1
unseen_text,4905315e0792187c18eca463,накрутка лайков,1.0,1.0,0.0,False,1,1
unseen_text,4950b66efa79b9639f899017,сантехник замена труб,1.0,1.0,0.0,False,1,1
unseen_text,4984c69511c33220b514b620,поездки в казахстан,0.0,0.0,0.0,False,1,1
unseen_text,49abc6ada389679547dd7f6c,хоста,1.0,1.0,0.0,False,1,1
unseen_text,49adbe04820f25f5d3561c05,посуточная аренда авто,1.0,1.0,0.0,False,1,1
unseen_text,49f17e95d92effd0593d511a,изготовление госномера,1.0,1.0,0.0,False,2,2
unseen_text,4ac9157592b3fa8c472dc17b,услуги экстрасенса,0.0,1.0,1.0,False,1,1
unseen_text,4afd6d00b30ee206f4b1ba5b,репититор математика огэ,1.0,1.0,0.0,False,1,1
unseen_text,4b1382af128f5b893f33562a,микроавтобус,1.0,1.0,0.0,False,1,1
unseen_text,4b247b27acc810cad1950804,мастер не час,1.0,1.0,0.0,False,1,1
unseen_text,4b7b6b9e7ecab65e5ac6ca5f,взлом замков,1.0,1.0,0.0,False,1,1
unseen_text,4ba2fbca04d69517997da583,вахта перевозка сотрудников,1.0,1.0,0.0,False,1,1
unseen_text,4bb9cdf6910825be832fb532,снятие обоев,1.0,1.0,0.0,False,1,1
unseen_text,4c077460efb409c0a23a25e3,услуги бухгалтера,1.0,1.0,0.0,False,1,1
unseen_text,4c78864bd53c1ce4828c896b,сварка кпп,1.0,1.0,0.0,False,1,1
unseen_text,4cc95cb17dbd115decd4075e,замена капота,1.0,1.0,0.0,False,1,1
unseen_text,4f3b2cf297d11354ef3e9647,низкорамный манипулятор,1.0,1.0,0.0,False,1,1
unseen_text,4fc8b592ac8462cf3515667a,беседки с басейном,1.0,1.0,0.0,False,1,1
unseen_text,507b40cdfabc0ea91344524b,юрист в сфере образования,1.0,1.0,0.0,False,1,1
unseen_text,518327877392154c87cf05b1,изготовление печати ип,1.0,1.0,0.0,False,1,1
unseen_text,51a5a2695cd060adad11c136,прокат аренда катера без капитана,1.0,1.0,0.0,False,1,1
unseen_text,51b00e38e84e68ec279da45c,массаж лица,0.0,0.0,0.0,False,1,1
unseen_text,51f05742405ca57753451ef3,авто электрик бмв,1.0,1.0,0.0,False,1,1
unseen_text,5266c4167d9610282cfee5b6,вывоз мусора услуги предложение,1.0,1.0,0.0,False,1,1
unseen_text,52b6b7dd2660167c43a9d2f9,ремонт google pixel,0.0,0.0,0.0,False,1,1
unseen_text,52eb70bdc3dc9b7af9a4d5ca,откосы дверей,1.0,1.0,0.0,False,1,1
unseen_text,530ac104e828263d363cb09c,благоустройство участка,1.0,0.5,-0.5,False,2,2
unseen_text,530fd7d44f05385c12ca8475,промывка топливных форсунок,1.0,1.0,0.0,False,1,1
unseen_text,535a7841a1457dd7382b9623,ремонт скважинных насосов,1.0,1.0,0.0,False,1,1
unseen_text,53e02cf4246b7e86405c5e86,кодирование mercedes,1.0,1.0,0.0,False,1,1
unseen_text,545f5a391f13b584e2b37678,переоборудование тс,1.0,1.0,0.0,False,1,1
unseen_text,5487fe6a9f05ba13e38dbb3d,чистка участка,1.0,1.0,0.0,False,1,1
unseen_text,55cf7e24e7513d5a1074e7fc,написание статей экономика промышленности,0.0,0.0,0.0,False,1,1
unseen_text,5608f094d09f4e2d4e9edb45,микроавтобус грузовой,1.0,1.0,0.0,False,1,1
unseen_text,561b8527c3b5d24a42407bee,свайно винтовой фундамент,1.0,1.0,0.0,False,1,1
unseen_text,57a1867ab91fcd5b2b144a2a,перевозка негабаритных грузов,1.0,1.0,0.0,False,1,1
unseen_text,57b5adaa2dc3ac658c725c4f,снятие порчи,1.0,1.0,0.0,False,1,1
unseen_text,58694a7b6a4353b5d13ff2c0,индиба,1.0,1.0,0.0,False,1,1
unseen_text,58a11b128290774cf6c84618,снять беседку теплую,1.0,1.0,0.0,False,1,1
unseen_text,58ac3d9fb20bb4ba3430705d,плетение кос можель,1.0,1.0,0.0,False,1,1
unseen_text,58dc1089a91b598b37867fd0,капельницы на дому животным,1.0,1.0,0.0,False,1,1
unseen_text,596dd9736f535dc9e416e07f,гараж под ключ,1.0,1.0,0.0,False,1,1
unseen_text,5980b33b75206b8e36153cab,покрыть паркет воском,1.0,1.0,0.0,False,1,1
unseen_text,5a0bc08ccd4b4d50d35d0775,обшивка имитацией бруса,1.0,1.0,0.0,False,1,1
unseen_text,5a5087d01b9abcdbac144ba4,чистка дивана от кошачьей мочи,1.0,1.0,0.0,False,1,1
unseen_text,5ac564a9e2de162c15f82f42,доставка небольших грузов на каблуке,1.0,1.0,0.0,False,1,1
unseen_text,5cc385574063175df45e0f2f,скважина вымывная,1.0,1.0,0.0,False,1,1
unseen_text,5cd0c3e9f94923a6fb2891b8,dtg печать на одежде,1.0,1.0,0.0,False,1,1
unseen_text,5d15f4923ead3ae8062d4bf1,скупка электроники,1.0,1.0,0.0,False,1,1
unseen_text,5d187109df23398508338ea5,ночная няня,1.0,1.0,0.0,False,1,1
unseen_text,5d6919cfc1971f9eb2e5e8fc,аренда рояль,1.0,1.0,0.0,False,2,2
unseen_text,5d9539327b7e783821d01796,ремонт наушников,1.0,1.0,0.0,False,1,1
unseen_text,5ea3dedda62c253d069e9215,катер без капитана,1.0,1.0,0.0,False,1,1
unseen_text,61a3efac333000fd6714c711,висцеральный массаж по огулову,1.0,1.0,0.0,False,1,1
unseen_text,6275339576a926d66396d263,прочистка канализации устранение засоров,1.0,1.0,0.0,False,1,1
unseen_text,629b390eae9644726ceb1fc2,установка раций,1.0,1.0,0.0,False,1,1
unseen_text,62b68dc807d749cadb71aaa8,аварийный комиссар оформление дтп,1.0,1.0,0.0,False,1,1
unseen_text,62c5ba015377383758a4645d,замена автомобильного стекла,1.0,1.0,0.0,False,1,1
unseen_text,63103ed28cc5347e68c22ca7,фотограф и видеограф на свадьбу,1.0,1.0,0.0,False,1,1
unseen_text,631267492184616d102cdde6,пригоню авто,0.0,0.0,0.0,False,1,1
unseen_text,63cea03a29923f790aeb183b,охота на медведя,1.0,1.0,0.0,False,1,1
unseen_text,64064313132a047098863e41,чистка дымохода,1.0,1.0,0.0,False,1,1
unseen_text,64a762f62dd533542bbcb1ef,перераспределение земли,1.0,1.0,0.0,False,1,1
unseen_text,6531e1803b85ae0d2d4b659a,производство одежды,1.0,1.0,0.0,False,1,1
unseen_text,66d3d6b6d5eafde480a0a920,аренда длинномера,1.0,1.0,0.0,False,1,1
unseen_text,66d5ca1c7701eaefa029030a,гравировка на клавиатуре,1.0,1.0,0.0,False,1,1
unseen_text,66e31e9a8f8edb7e54bad8ab,снять дом в селе нижне озерное,1.0,1.0,0.0,False,1,1
unseen_text,671d03d50952645183107075,мобильный фотограф,1.0,1.0,0.0,False,1,1
unseen_text,674b68bdb82b713be1c32675,окна,1.0,1.0,0.0,False,1,1
unseen_text,67cc1bece4defaedbfb37b2e,монтаж пвх мембраны,1.0,1.0,0.0,False,1,1
unseen_text,68911d317794ff2b4d51999e,сауна на двоих,1.0,1.0,0.0,False,1,1
unseen_text,68d320f697c9f4dcde9b908d,сварка сварщик,1.0,1.0,0.0,False,1,1
unseen_text,6961f01be57b9c9e470b98c8,баржа,1.0,1.0,0.0,False,1,1
unseen_text,69d484eb2540a89619a8859d,лофт аренда,1.0,0.0,-1.0,False,1,1
unseen_text,6a72df965f7107c61d988eff,вызов металлолома из дома,1.0,1.0,0.0,False,1,1
unseen_text,6b06f65a0ea04be66907bc0a,пункты приема,1.0,1.0,0.0,False,1,1
unseen_text,6bf84aba1b9185eda3829a80,компьютерная помощь,1.0,1.0,0.0,False,1,1
unseen_text,6c8ef840a0fecb0864ef8ba1,грузоперевозки краснодар,1.0,1.0,0.0,False,1,1
unseen_text,6caf85701648dea5a8f90f91,перекупская покраска,1.0,1.0,0.0,False,1,1
unseen_text,6d1d4139dfd133dd8bdb49a0,электроэпиляция,1.0,1.0,0.0,False,1,1
unseen_text,6d4b3592beddfb24836cb15e,работы на кладбище,1.0,1.0,0.0,False,1,1
unseen_text,6dd2edefff5f97a95eea3f98,резка рулонных материалов,1.0,1.0,0.0,False,1,1
unseen_text,6de4fa49997c946201428c02,ремонт мягкой мебели на дому,1.0,1.0,0.0,False,1,1
unseen_text,6f35f2d86e60e109668c44a3,ремонт автоусилителей,1.0,1.0,0.0,False,1,1
unseen_text,6f44f885c415868aace64ade,джампинг занятия,1.0,1.0,0.0,False,1,1
unseen_text,6fdf4cfa32492a53f65208b7,газель удлиненная,1.0,1.0,0.0,False,1,1
unseen_text,7008a88c9da86d75dd24a77a,отправка авто паромом из калининграда,1.0,1.0,0.0,False,1,1
unseen_text,701d8d1efe009f1ae157debe,скупка фотоаппаратов,0.0,0.0,0.0,False,1,1
unseen_text,70877efedd46d326d87de6fd,фитнес для беременных,1.0,1.0,0.0,False,1,1
unseen_text,70987a197fef97ea563fad4b,массажист после инсульта,1.0,1.0,0.0,False,1,1
unseen_text,70b60dd46c27a3e228d2d3f6,снять баню,1.0,1.0,0.0,False,1,1
unseen_text,7164b8b030653c2746028fdc,варка глушителя,1.0,1.0,0.0,False,1,1
unseen_text,720c6a529c05962a2df91ae4,продать мукулатуру картон цена 1 кг,1.0,1.0,0.0,False,1,1
unseen_text,72dffc7ad910ae1b22fd674f,помощь студентам экономика,1.0,1.0,0.0,False,1,1
unseen_text,72ea834afd605bcc19ee43d3,удаление филлера,1.0,1.0,0.0,False,1,1
unseen_text,7377b56e0a71ba3a461cbba1,выкуп айфона,1.0,1.0,0.0,False,1,1
unseen_text,73a2b68439b0aff7aa995346,смывка краски,1.0,1.0,0.0,False,1,1
unseen_text,742d266127467f6d5b1d5b02,парикмахер на дому женский,1.0,1.0,0.0,False,1,1
unseen_text,74a2844a3b78820d6ff7054d,аренда зала для тренинга,1.0,1.0,0.0,False,1,1
unseen_text,75ed5628991af5d46d3d6f5b,юрист по недвижимости,1.0,1.0,0.0,False,1,1
unseen_text,7725579b5e6d74aff2a1081b,аренда для визажиста,1.0,1.0,0.0,False,1,1
unseen_text,77a5f3ca532f7c0d6034c964,аренда на час массажного кабинета,1.0,1.0,0.0,False,1,1
unseen_text,781306b17695672ad928cc46,изготовление ключей авто клбчей,1.0,1.0,0.0,False,1,1
unseen_text,787d24f527d297c10f6fc9f1,распечатать листовки,1.0,1.0,0.0,False,1,1
unseen_text,78c5bff3041d4e4f4db5bb89,модель на окрашивание бесплатно,1.0,1.0,0.0,False,1,1
unseen_text,78d63a85e7081c755fef8d77,резка металла,1.0,1.0,0.0,False,1,1
unseen_text,7903dd2c7a35f4ea6437cb41,стилист по подбору одежды мужской,1.0,1.0,0.0,False,1,1
unseen_text,799171517b8476a6b0ea5878,табличка на заказ,1.0,1.0,0.0,False,1,1
unseen_text,79fc4cbbc4ff22cc1c34146e,еврозапил,1.0,1.0,0.0,False,1,1
unseen_text,7a15bf02f6ba7e1b264c6ad1,неоновые вывески,1.0,1.0,0.0,False,1,1
unseen_text,7b22e9c240d3a03e8c15a324,ремонт телевизора,1.0,1.0,0.0,False,1,1
unseen_text,7b73f3942d9607b86235a700,наращивание волос биопротеин,1.0,1.0,0.0,False,1,1
unseen_text,7ba5f0369dc147b8d4ee6792,обработка от клещей на участке,1.0,1.0,0.0,False,1,1
unseen_text,7ba93bc25e4fe979871ec788,сбока мебели,1.0,1.0,0.0,False,1,1
unseen_text,7bb72566cf3c53dfbe1588cd,турбаза отдых,1.0,1.0,0.0,False,2,2
unseen_text,7c34086e19b15e57ac1687f8,установка кронштейнов,1.0,1.0,0.0,False,1,1
unseen_text,7cfe066eeffa2ab60a9fd001,гидроизоляция,1.0,1.0,0.0,False,1,1
unseen_text,7d31e8ca3976e5a547e4288b,прием аккумуляторов дорого,1.0,1.0,0.0,False,1,1
unseen_text,7d4b521e2ac627569cea3499,покраска металлических дверей,1.0,1.0,0.0,False,1,1
unseen_text,7d591ef269b68b444db07a20,прошивка xbox 360,1.0,1.0,0.0,False,1,1
unseen_text,7daa87a85b8d067f52bea016,радиусная полировка металла,1.0,1.0,0.0,False,1,1
unseen_text,7df9a62d5783a89d81ea54d9,аниматоры на выпускной детский сад,1.0,1.0,0.0,False,1,1
unseen_text,7e1901e279b8f3b9ef5fcd33,справка о судимости,1.0,1.0,0.0,False,1,1
unseen_text,7e7c056a0c2d470e9524b7ad,установка кондиционеров монтаж,0.0,1.0,1.0,False,1,1
unseen_text,7ebbf0b08c173474496537d9,ремонт кровати,1.0,1.0,0.0,False,1,1
unseen_text,7edc5309cf0b699f8c4b8d74,мастер час,1.0,1.0,0.0,False,1,1
unseen_text,7ffd3584e04db934c54e51f6,редактирование фото,1.0,1.0,0.0,False,1,1
unseen_text,80a7e2c5844bcf9527a97bf9,учитель по гитаре,1.0,1.0,0.0,False,1,1
unseen_text,80d523bb93bfa7b501487644,уничтожение крыс,1.0,1.0,0.0,False,1,1
unseen_text,81c3f2f13b6582a265f1ca73,изготовление мебели для балкона,1.0,1.0,0.0,False,1,1
unseen_text,8224975af9ee43df86876ee5,дезинфекция тараканов,1.0,1.0,0.0,False,1,1
unseen_text,82759d85a04c24bed33b6e4c,замена стекла на межкомнатной двери,1.0,1.0,0.0,False,1,1
unseen_text,82e0e21b3863c7ef2df69774,маникюр некрасовка,1.0,1.0,0.0,False,1,1
unseen_text,834078a5f5749d389117bb43,маркировка,1.0,1.0,0.0,False,1,1
unseen_text,83e85e8a5ddda1d4a2ad723a,скупка холодильного оборудования,1.0,1.0,0.0,False,1,1
unseen_text,841bdffe64240703919bab09,аренда дозиметра,1.0,1.0,0.0,False,1,1
unseen_text,845e3b2beee20a379b1937db,распил раскрой лдсп мдф,1.0,1.0,0.0,False,1,1
unseen_text,86316d0af26c5514376e5506,мастер класс свидание,1.0,1.0,0.0,False,1,1
unseen_text,8653af9f7ed80840bfee228c,лофт с мангалом,1.0,1.0,0.0,False,1,1
unseen_text,871d8ce83ec2b2af57ac2cbf,аренда авто бизнес,1.0,1.0,0.0,False,1,1
unseen_text,87a2633445f78431f58517cf,шале,1.0,1.0,0.0,False,2,2
unseen_text,87b67be4143f960bd4b77db3,филлеры,1.0,1.0,0.0,False,1,1
unseen_text,88d66271f7a7fddec534f036,регулировка алюминиевых окон,1.0,1.0,0.0,False,1,1
unseen_text,89ed317f108ae6aa0609f49f,сиделка для пожилого человека,1.0,1.0,0.0,False,1,1
unseen_text,8ab063a9c9bcf1c3ff2818fc,мелирование,1.0,1.0,0.0,False,1,1
unseen_text,8bf16f722ca164e8b30fdf57,ремонт тнвд японских,1.0,1.0,0.0,False,1,1
unseen_text,8c6ee5fc01663a54d6897e5c,откачка сливных ям,1.0,1.0,0.0,False,1,1
unseen_text,8d35c5823405077e9f012e68,белый мишка поздравление,0.0,0.0,0.0,False,1,1
unseen_text,8ddfb6445b2cce182d5ad353,аренда манипулятора вездеход,1.0,1.0,0.0,False,1,1
unseen_text,8e6e11ab483d8c7ef83a278f,заберу старый диван,1.0,1.0,0.0,False,1,1
unseen_text,8ed6e2ace4562c84ca88d1af,ремонт джойстиков ps5,1.0,1.0,0.0,False,1,1
unseen_text,8f79117237fad54807b67014,укладка плинтуса,1.0,1.0,0.0,False,1,1
unseen_text,90195234b46dfdae04586515,выпрямление волос,1.0,1.0,0.0,False,1,1
unseen_text,9027ba7fd7918d9c6c6352a5,откачка ям,1.0,1.0,0.0,False,1,1
unseen_text,908cff12aa9755ce3d2c5e95,фура москва,1.0,1.0,0.0,False,1,1
unseen_text,913298ef4738ff5e0952eb9b,заливка фундамента,1.0,1.0,0.0,False,1,1
unseen_text,926cbd4734609110085f167e,купирование ушей собаке,1.0,1.0,0.0,False,1,1
unseen_text,92b4282cc04c950b2e144d47,вскрытие замков автомобили,1.0,1.0,0.0,False,1,1
unseen_text,92faf45da10cdaf347200c85,ремонт форсунок,1.0,1.0,0.0,False,1,1
unseen_text,93b62364cc4aadd7336a9725,выкачка ям,1.0,1.0,0.0,False,1,1
unseen_text,9474d6ac9f7cc21ea868ee70,аренда пылесоса,1.0,1.0,0.0,False,1,1
unseen_text,9553cb442506a8b79af3ae27,ремонт усилителей,1.0,1.0,0.0,False,1,1
unseen_text,95974c89a2bb662ec2510cfe,вывоз мусора всеволожск,1.0,1.0,0.0,False,1,1
unseen_text,98eb99c430c2dfa8637364ad,модель пампинг,1.0,1.0,0.0,False,1,1
unseen_text,990193111c4215249dbde32d,семейный психолог,0.0,0.0,0.0,False,1,1
unseen_text,996aaf584e18753e08a83377,трансфер шереметьево,1.0,1.0,0.0,False,1,1
unseen_text,997d214aa4d7b80f3759e9c1,ремонт скутеров yamaha,1.0,1.0,0.0,False,1,1
unseen_text,99faf6c7639b7ff1d4347071,заполнение декларации 3 ндфл,1.0,1.0,0.0,False,1,1
unseen_text,9a07f4a1aa0f535e2828a2a9,ремонт натяжных потолков,1.0,1.0,0.0,False,1,1
unseen_text,9a13b4827e5318d3f4fc4dc5,утечка фреона,1.0,1.0,0.0,False,1,1
unseen_text,9a183e55b3b68cc84175ba58,предложение руки и сердца,1.0,1.0,0.0,False,1,1
unseen_text,9a3d5a53b0a5323bb94a7a5a,настройка антенн,1.0,1.0,0.0,False,1,1
unseen_text,9a86b45a595d444c6d361ce1,сборка велосипеда,1.0,1.0,0.0,False,1,1
unseen_text,9a976f0d84371ebce67753ab,оживление фото,1.0,1.0,0.0,False,1,1
unseen_text,9b2a43deab30e94445f964e2,канекалон плетение,1.0,1.0,0.0,False,1,1
unseen_text,9b9fa0361a512061071051a5,торт заказать,1.0,1.0,0.0,False,1,1
unseen_text,9c72d7aa080126d8a71d2099,тротуарная плитка,1.0,1.0,0.0,False,1,1
unseen_text,9c9f9e7d8938a8f7ca569ea9,можель на педикюр,1.0,1.0,0.0,False,1,1
unseen_text,9cedea637d38b8ef1e82fa8d,прокат лампы от желтушки,1.0,1.0,0.0,False,1,1
unseen_text,9d5654589d6ef9cf033c26f2,скупка старой техники,1.0,1.0,0.0,False,1,1
unseen_text,9dc4ac7a212b35db9ca44e6e,прокол для водопровода,1.0,1.0,0.0,False,1,1
unseen_text,9e6d2ada0782a22ea7032aff,ремонт лодочных моторов,1.0,1.0,0.0,False,1,1
unseen_text,9f9a1f08fb7debd4d816af3f,поменять аккумулятор на iphone,1.0,1.0,0.0,False,1,1
unseen_text,a0469c5837fe871b9e4b2b68,моторист,1.0,1.0,0.0,False,1,1
unseen_text,a048d65465601cb05afd2feb,постановка свадебного танца,1.0,1.0,0.0,False,1,1
unseen_text,a069427bfa6cc662013d5b8d,доставка питьевой воды,1.0,1.0,0.0,False,1,1
unseen_text,a08ac85a84fa108481c7f69e,прокат авто,1.0,1.0,0.0,False,1,1
unseen_text,a0b62ce3d0a2213dfb420ada,психолог подростковый,1.0,1.0,0.0,False,1,1
unseen_text,a0c3e3b863e21b35d6e6e71f,курсовые работы,1.0,1.0,0.0,False,1,1
unseen_text,a1a4ec0ad10f7f883d8cedd3,инструктор по роликам,1.0,1.0,0.0,False,1,1
unseen_text,a268e6a88102b30ceb5a6023,грумминг собак,1.0,1.0,0.0,False,1,1
unseen_text,a2f80e55541f0915dadbe3db,прочистка дымохода печи,1.0,1.0,0.0,False,1,1
unseen_text,a308d00e379ca86ff221dc98,укладка плитки туалет,1.0,1.0,0.0,False,1,1
unseen_text,a3231fbc60e127061d75010d,девичник,1.0,1.0,0.0,False,2,2
unseen_text,a39864e3cea42b355c2c9dd2,виброрейка,1.0,1.0,0.0,False,1,1
unseen_text,a3cc8d466d1f89de80b6456f,обои отделка ремонт,1.0,1.0,0.0,False,1,1
unseen_text,a4baaa03aa6f960bf21f1880,ремонт алмазных коронок,1.0,1.0,0.0,False,1,1
unseen_text,a4e198cf3b7e82e36d882615,установить забор из профлиста,1.0,1.0,0.0,False,1,1
unseen_text,a5b1629ba0165c1a5ce0f4ae,установщик дверных замков,1.0,1.0,0.0,False,1,1
unseen_text,a6a7628e04086f689440ba98,запись голоса на гендер пати,1.0,1.0,0.0,False,1,1
unseen_text,a6b7943907195c5add4261e7,обучение окрашивание сложное окрашивание,1.0,1.0,0.0,False,1,1
unseen_text,a6e7048ef14679cb8a4a620d,шары с днем рождения,1.0,1.0,0.0,False,1,1
unseen_text,a75f3e353dac3a9a661df6c2,ремонт подогрева сидений,1.0,1.0,0.0,False,1,1
unseen_text,a84237d1605706f79d39fcff,баня на воде,1.0,1.0,0.0,False,1,1
unseen_text,a91be5abfa649bb04c9bb263,реформер пилатес,1.0,1.0,0.0,False,1,1
unseen_text,a9e0cfd0f98efb0067f25538,ремонт macbook,1.0,1.0,0.0,False,1,1
unseen_text,aa7522790fe287e3808af96e,а фрейм,0.0,0.0,0.0,False,1,0
unseen_text,aaefe1c98365dd134cac19f6,карвинг волос,1.0,1.0,0.0,False,1,1
unseen_text,abe1f9a09335f2af44f20796,антикор,1.0,1.0,0.0,False,1,1
unseen_text,ac1b1a875c1d23305c82a3fd,куплю отходы пластмасс,1.0,1.0,0.0,False,1,1
unseen_text,ac266c2732ec31f1c51bc345,шенгенская виза,1.0,1.0,0.0,False,1,1
unseen_text,acbfe58b3c69776b0be0774f,видеонаблюдение,1.0,1.0,0.0,False,1,1
unseen_text,ad0450299e7e57d5bf9dbc6c,штукатуры,1.0,1.0,0.0,False,1,1
unseen_text,ae0fc9c1f3fe953f6175a750,английский язык репетитор,0.0,0.0,0.0,False,1,1
unseen_text,af15efdca93915ff7088f4c9,гипсокартонщик,1.0,1.0,0.0,False,1,1
unseen_text,afdf37a81715965a7e8a3bf5,нанопластика волос,1.0,1.0,0.0,False,1,1
unseen_text,afe6673736498c21f8ba4854,теплая беседка,1.0,1.0,0.0,False,1,1
unseen_text,b04fabcc9b54c2c403a371e7,поздравление от мишки,1.0,1.0,0.0,False,1,1
unseen_text,b176f38a68724e5561ea194b,скупка балонов с фреоном,1.0,1.0,0.0,False,1,1
unseen_text,b2d4d02d9582a719f3d79fde,свой человек в городе,1.0,1.0,0.0,False,1,1
unseen_text,b2f004a6b13385dda416bfe9,ремонт компьютеров,1.0,1.0,0.0,False,1,1
unseen_text,b36f3bec3d392cb468023c19,goofish,1.0,1.0,0.0,False,1,1
unseen_text,b3e1059fa2d1f9c754c4e8d9,диагностика газового оборудования на автомобиль,1.0,1.0,0.0,False,1,1
unseen_text,b3f45534670327f5e88d02b8,фотограф гагры,1.0,1.0,0.0,False,1,1
unseen_text,b3fa9c1261a0af7ef16bf8a8,набор текста,1.0,1.0,0.0,False,1,1
unseen_text,b401b31ff86a26b815e57e35,реставрация столешницы из дсп,1.0,1.0,0.0,False,1,1
unseen_text,b4e601fbf68ede7aefac84f6,озонирование,1.0,1.0,0.0,False,1,1
unseen_text,b55a1b9df80c92902287a9fa,коррекция заикания,1.0,1.0,0.0,False,1,1
unseen_text,b5bcfb2cb179fb3274a2b9a7,установка замка,1.0,1.0,0.0,False,1,1
unseen_text,b5ea9107b02362ce15c76c7c,сурдопедагог,0.0,0.0,0.0,False,1,1
unseen_text,b636c402b17285e0db1b405d,спа отдых для двоих все включено,1.0,1.0,0.0,False,1,1
unseen_text,b64cef45829e54129d6e1c2b,точка на яндекс картах,1.0,1.0,0.0,False,1,1
unseen_text,b6d2c4ce97352fdddab2ce12,банкетный зал,1.0,1.0,0.0,False,1,1
unseen_text,b7921840f9beea4610f75918,реставрация мебели дуб,1.0,1.0,0.0,False,1,1
unseen_text,b7ab719d2317c569daa8a5a6,баня,1.0,1.0,0.0,False,1,1
unseen_text,b81c0fd20cc8dd23194b3abc,ремонт водонасосной станции,1.0,1.0,0.0,False,1,1
unseen_text,b8f8e1ca5308ea8e9f709f48,аренда автомобилей,1.0,1.0,0.0,False,1,1
unseen_text,b94f0c64f818a027373eba47,восстановление автоключей,1.0,1.0,0.0,False,1,1
unseen_text,b9810063cd155f7b1674bc8b,немецкий язык,0.0,0.0,0.0,False,1,1
unseen_text,b9e3ce876148d2c5abbcd72d,ремонт инструмента,1.0,1.0,0.0,False,1,1
unseen_text,baa9e8e642891cb25caf96ac,ремонт стеклопакетов,1.0,1.0,0.0,False,1,1
unseen_text,baefaad3e2ebb3a0aaf79e06,трактор вспашка,1.0,1.0,0.0,False,1,1
unseen_text,bb3c105f7cc1921a0cc80465,скупка комплектующих пк,1.0,1.0,0.0,False,1,1
unseen_text,bbb57f0eaf5acaff50a0d2d5,стирка ковров,1.0,1.0,0.0,False,1,1
unseen_text,bdc9bedf36d10200bd03ba02,косплей швея,1.0,1.0,0.0,False,1,1
unseen_text,bee3d8c3c9e8f5e87aaa461e,гриль домик аренда,1.0,1.0,0.0,False,1,1
unseen_text,bf1f859b83514eba6f377afe,мастер по мебели,1.0,1.0,0.0,False,1,1
unseen_text,bfcf3203e8b98506f1f869e4,сварка аргоном чугуна,1.0,1.0,0.0,False,1,1
unseen_text,c07610636835599df5466141,трансфер новосибирск горно алтайск,1.0,1.0,0.0,False,1,1
unseen_text,c09baef4e47fe4b56377ffbf,подсобники разноробочие,0.0,0.0,0.0,False,1,1
unseen_text,c1439565b0473c532856e719,изготовление изделий из резины,1.0,1.0,0.0,False,1,1
unseen_text,c1e59184117a802281eb90ef,экскаватор мини,1.0,1.0,0.0,False,1,1
unseen_text,c1f44dbc7f0022ace0e74838,бензиновый копер аренда,1.0,1.0,0.0,False,1,1
unseen_text,c1fc36becc5b8dd4d0828e97,репетитор начальных классов бабушкинская,1.0,0.0,-1.0,False,1,1
unseen_text,c20e984f2dc80f6dff77ae1b,шью на заказ,1.0,1.0,0.0,False,1,1
unseen_text,c272e69b812dabfc4686352d,ремонт компрессоров кондиционера,1.0,1.0,0.0,False,1,1
unseen_text,c3218405b2dfa586869374e2,печать наклеек на авто,1.0,1.0,0.0,False,1,1
unseen_text,c337e81f6834c94ece1c1c2b,грузчики на час,1.0,1.0,0.0,False,1,1
unseen_text,c3c16d40a04009037bb314e9,проект квартиры по свету,1.0,1.0,0.0,False,1,1
unseen_text,c40bfc538602a1573e69ceee,компании по внедрение ка,1.0,1.0,0.0,False,1,1
unseen_text,c534f957e563d824a455ff5b,установить плинтуса,1.0,1.0,0.0,False,1,1
unseen_text,c558fcfbed392e6663eca744,шлифовка бетона вертолетом,1.0,1.0,0.0,False,1,1
unseen_text,c59a4651762a7672a467ab1d,ремонт и установка сплит системы,1.0,1.0,0.0,False,1,1
unseen_text,c61b7b6f65d4faca5a7ce321,настройка роутера keenetic,1.0,1.0,0.0,False,1,1
unseen_text,c6730b17daf33674ef288ca9,аренда питбайка,0.0,1.0,1.0,False,1,1
unseen_text,c680827f60576dcac6eb2b6d,разблокировка загрузчика xiaomi,1.0,1.0,0.0,False,1,1
unseen_text,c707e64f4b821305cf7de8da,грузчики ялта,1.0,1.0,0.0,False,1,1
unseen_text,c732eae9bc9ed47e389732a7,тонировке,1.0,1.0,0.0,False,1,1
unseen_text,c7ddd6792d38cca948d8255e,аэрография на шлем,1.0,1.0,0.0,False,1,1
unseen_text,c85d6f6742cf4e0f29492f22,написание дипломных работ,1.0,1.0,0.0,False,1,1
unseen_text,c8ba1615c891b191bb820fc1,свадебный фотограф,1.0,1.0,0.0,False,1,1
unseen_text,c8c40505df3482d02717c09d,изготовление откатных ворот,1.0,1.0,0.0,False,1,1
unseen_text,c8ca3b0bec164a80376401a0,аренда строительных лесов,1.0,1.0,0.0,False,1,1
unseen_text,c94b387a1604d2554241fdc9,ремонт замков дверей,1.0,1.0,0.0,False,1,1
unseen_text,ca837115bc1e0a92f7b4d4eb,сетки на окна,1.0,1.0,0.0,False,1,1
unseen_text,ca98f22be0d5c840eabcccea,эндоскоп аренда,1.0,1.0,0.0,False,1,1
unseen_text,cac17f20e87d60272cf6e1d4,мастер по розеткам,1.0,1.0,0.0,False,1,1
unseen_text,caf0740a9a57393bc354f767,тренер по конкуру,1.0,1.0,0.0,False,1,1
unseen_text,caf35972f1f3d8850d6c0f39,копка траншей вручную,1.0,1.0,0.0,False,1,1
unseen_text,cbe98f9005e8b111405f2854,массаж на двоих,1.0,1.0,0.0,False,1,1
unseen_text,cc2174f201cadfea1ec24ee5,вывоз мусора и металлолома,1.0,1.0,0.0,False,1,1
unseen_text,cc562323fcf466509d79ef2c,установка печей,1.0,1.0,0.0,False,1,1
unseen_text,cc69219a0137699e19576b8a,взлом замков авто,1.0,1.0,0.0,False,1,1
unseen_text,cc8e0fc0c323be3060dad4e6,отделка стен,1.0,1.0,0.0,False,1,1
unseen_text,cce70fff35c67e22086a6cab,изделия из эпоксидной смолы,1.0,1.0,0.0,False,1,1
unseen_text,ccffbc01883e12a91e7724c3,повторная подписка на xbox.,1.0,1.0,0.0,False,1,1
unseen_text,cd23ec342b91402d822be4b9,свидание гостиница,1.0,1.0,0.0,False,1,1
unseen_text,cdd081eb1ff9b450f73532cf,аренда помещение для стриптиза,0.0,1.0,1.0,False,1,1
unseen_text,ce0b582a04667435deedef92,срочная типография,1.0,1.0,0.0,False,1,1
unseen_text,ce1bb4a30782aed7c19ee479,автоинструктор,1.0,1.0,0.0,False,1,1
unseen_text,ce6d1e0d993058062eead387,3d max,1.0,1.0,0.0,False,1,1
unseen_text,cedd51c8dbcae05f32618e16,доставка из финляндии,1.0,1.0,0.0,False,1,1
unseen_text,cf0fb2e6e8aca6a50d417e74,раслабляющий массаж для мужичина,1.0,1.0,0.0,False,1,1
unseen_text,cf5d6ac68562456ac7cd7205,косметолог,0.0,0.0,0.0,False,1,1
unseen_text,cff182a30494f314bcffbaca,междугородние пассажирские перевозки недорого,1.0,1.0,0.0,False,1,1
unseen_text,d0f9855f291de64971de90fc,ремонт душевых поддонов,1.0,1.0,0.0,False,1,1
unseen_text,d1b0c62749fc0a4bbb8d7806,готовые обеды доставка готовой еды,1.0,1.0,0.0,False,1,1
unseen_text,d2f4be41b7eacd0717deb7a5,ланшафтный дизайн участка,1.0,1.0,0.0,False,1,1
unseen_text,d3020a9cf1ebaa0092acd7ae,ремонт китайских входных дверей,1.0,1.0,0.0,False,1,1
unseen_text,d383c107da51e0f37f353eaa,реабилитация после перелома на дому,1.0,1.0,0.0,False,1,1
unseen_text,d387a2e2936c34a839d956f1,катер на соловки,1.0,1.0,0.0,False,1,1
unseen_text,d3abe8f012a896a187ec9882,куплю стиральные машины на запчасти,1.0,1.0,0.0,False,1,1
unseen_text,d3bb6a81a3e92a0b81a8456e,фотосессия на годик,1.0,1.0,0.0,False,1,1
unseen_text,d3d4a5c5e05c4ecf03d2fac4,удаление растяжек,1.0,1.0,0.0,False,1,1
unseen_text,d3dc24a93bfe146647bb5b9e,конная прогулка,1.0,1.0,0.0,False,1,1
unseen_text,d406d9108d605591d914a897,подъем домов,1.0,1.0,0.0,False,1,1
unseen_text,d49a2f0f62c1ca99642061b8,трансфер из аэропорта,0.0,0.0,0.0,False,1,1
unseen_text,d4cf9813d7bbcad4ced3b7bd,видеограф на свадьбу,1.0,1.0,0.0,False,1,1
unseen_text,d4d455c731c75866efd8806f,дизайнерский ремонт,1.0,1.0,0.0,False,1,1
unseen_text,d4e991615e27adedc00238f8,бурение колодцев машиной,1.0,1.0,0.0,False,1,1
unseen_text,d5aed5975ebe46386d602ece,лифтинг лица,1.0,1.0,0.0,False,1,1
unseen_text,d5d395bbf3cc67b4736ecab0,балансировка турбин,1.0,1.0,0.0,False,1,1
unseen_text,d5ee4116dd88e28663893033,замена матрицы телевизора,1.0,1.0,0.0,False,1,1
unseen_text,d6301ac2b846fa1956c6bc68,автоэлектрик газель,1.0,1.0,0.0,False,1,1
unseen_text,d703c660ee9cd99e851a14ee,расконсервация бассейна,1.0,1.0,0.0,False,1,1
unseen_text,d7bf46985f29bfd910dfec59,логопед для подростка,1.0,1.0,0.0,False,1,1
unseen_text,d7cd4a01c5ea9068a4234f7c,статуэтки на заказ по фото человека,1.0,1.0,0.0,False,1,1
unseen_text,d85039015297b516a121c995,брусчатка,1.0,1.0,0.0,False,1,1
unseen_text,d863b77ba788563f71879615,перевозка мебели с грузчиками,1.0,1.0,0.0,False,1,1
unseen_text,d98cd485998a04e20d495f7b,ремонт складных ножей,1.0,1.0,0.0,False,1,1
unseen_text,d9ad62035649aadcacebb5bb,перевозка автомобилей автовозом,1.0,1.0,0.0,False,1,1
unseen_text,dac291a7f5af17bd010436ca,сборка кухни леруа мерлен,1.0,1.0,0.0,False,1,1
unseen_text,dac3ce6dcc6ab4a2b376508c,стрижка каскад,1.0,1.0,0.0,False,1,1
unseen_text,db3e3a7396e1d8db2f3977fc,установка бризера,1.0,1.0,0.0,False,1,1
unseen_text,dbb1fc84ac5061953e0a0cbc,завивка волос мужская,1.0,1.0,0.0,False,1,1
unseen_text,dc02e3a787d3e8d8258010c8,велосипед на прокат,1.0,1.0,0.0,False,1,1
unseen_text,dc8fd19634fc54421bd0f112,услуги плотника бурцево,1.0,1.0,0.0,False,1,1
unseen_text,dd26f012f8d3079565620736,крот для канализации,1.0,1.0,0.0,False,1,1
unseen_text,ddb664d2edcaa3bb9e2e019a,откосы на окна,1.0,1.0,0.0,False,1,1
unseen_text,ddd93bd67b092b318ab1c15f,фотограф беременных,1.0,1.0,0.0,False,1,1
unseen_text,df84311bef1e0718e0e3ab2d,оцифровка видеокассет,1.0,1.0,0.0,False,1,1
unseen_text,dfa99ec1020019d0c4a11a89,ютуб премиум,1.0,1.0,0.0,False,1,1
unseen_text,dfe9b838f5e14ff0e7a78543,ремонт варочных поверхностей,1.0,1.0,0.0,False,1,1
unseen_text,e06eafcf332955f002d8e281,такелажные работы,1.0,1.0,0.0,False,1,1
unseen_text,e18b88336b58be1fb426aa38,ремонт кровли жидкой резиной,1.0,1.0,0.0,False,1,1
unseen_text,e2df8fae7971556a33cdf090,копка траншеи,1.0,1.0,0.0,False,1,1
unseen_text,e3159eafb8788f913799b8af,строительство бункеров,1.0,1.0,0.0,False,1,1
unseen_text,e3b41c1ec9ccfb2f4127edfd,пайка электроники,1.0,1.0,0.0,False,1,1
unseen_text,e3c6ddfd027b26d5257d11e1,ремонт видеокарт,1.0,1.0,0.0,False,1,1
unseen_text,e49bf4f131c15531e18bc6fb,услуги минитрактора,1.0,1.0,0.0,False,1,1
unseen_text,e4c1fcea13cd2b09c2aba4e9,трезвый водитель,1.0,1.0,0.0,False,1,1
unseen_text,e58ecf23860e6463d63536bc,репетитор математика 6 класс очно,1.0,1.0,0.0,False,1,1
unseen_text,e5c07dde6a6f335150694887,инженер проектировщик,0.0,0.0,0.0,False,1,1
unseen_text,e6118e0cb88436984c54d6b8,рекультивация земель,1.0,1.0,0.0,False,1,1
unseen_text,e619bdecacab22c1baa6324d,расточка коленвала,1.0,1.0,0.0,False,1,1
unseen_text,e6a1ebe5dbf2ca5df0844e6e,копщики земли,1.0,1.0,0.0,False,1,1
unseen_text,e6baea90fb96c96bf59447a7,газификация частного дома,1.0,1.0,0.0,False,1,1
unseen_text,e7033ddfaaf232a1b1f1b912,массаж сормово,1.0,1.0,0.0,False,1,1
unseen_text,e75d8d83121381115f49b88d,тренер по фитнесу в зале,1.0,1.0,0.0,False,1,1
unseen_text,e78b7a9b37c2e4b891aff2a5,помощь в оформлении визы,1.0,1.0,0.0,False,1,1
unseen_text,e79507500a3501bae3a4b21a,монтаж камер видеонаблюдения,1.0,1.0,0.0,False,1,1
unseen_text,e7b1307462c6053b5cee33e0,аренда столов,1.0,1.0,0.0,False,1,1
unseen_text,e7cca20e8311d385b9374902,гид экскурсовод экскурсии,1.0,1.0,0.0,False,1,1
unseen_text,e85cf12a59937b00222ebd99,сайта под ключ,1.0,1.0,0.0,False,1,1
unseen_text,e8b1cbb48bfd2aaa5c7b9e4a,заказать минивэн,1.0,1.0,0.0,False,1,1
unseen_text,e9092d5641ed4d7099fb324b,русификация mazda,1.0,1.0,0.0,False,1,1
unseen_text,e9a2e656efa7c73830cf30be,промывка кондиционера автомобиля,1.0,1.0,0.0,False,1,1
unseen_text,e9f1435a49a8170a7798b686,баня на колесах,1.0,1.0,0.0,False,1,1
unseen_text,e9f80d71d45f38b979e45001,шоу мыльных пузырей для детей,1.0,1.0,0.0,False,1,1
unseen_text,ea78c383d7c05042ad5b1259,водопроводчик,1.0,1.0,0.0,False,1,1
unseen_text,eab38f11ae61c773131c0cc2,смм инстаграмм,1.0,1.0,0.0,False,1,1
unseen_text,ead828fe98f2beebd865a9b8,мужская депиляция шугаринг,1.0,1.0,0.0,False,1,1
unseen_text,eb0c238b6fbced82bcd6f882,отдых для двоих,0.0,0.0,0.0,False,1,1
unseen_text,eb10069257b9b1d827a59ccc,мастер дверей,1.0,1.0,0.0,False,1,1
unseen_text,ebd32c715d27403d14945992,модель на шугаринг,1.0,1.0,0.0,False,1,1
unseen_text,ebe0e014f067a6ff03a016ea,баня бочка аренда,1.0,1.0,0.0,False,1,1
unseen_text,ec2b298e79fd568fa20a5d74,фулфилмент для маркетплейсов,1.0,1.0,0.0,False,1,1
unseen_text,ecee1c36b5a0fe756f11c079,акт проверки дымоходов и вентканалов,1.0,1.0,0.0,False,1,1
unseen_text,ecfba7b52e72e6d15120e755,выкуп playstation,1.0,1.0,0.0,False,1,1
unseen_text,edceb6b5e60cace01545db08,выкуп компьютеров,1.0,1.0,0.0,False,1,1
unseen_text,ee5f322fa97b8a1f19d6ad7b,штроборез аренда,1.0,1.0,0.0,False,1,1
unseen_text,eff5bd417a1476ce2d146a06,упаковка на заказ,1.0,1.0,0.0,False,1,1
unseen_text,f0977ff2473534f2b35b7115,сушка натяжных потолков,1.0,1.0,0.0,False,1,1
unseen_text,f09ad418b5fa2c49f7c03798,шары на выписку,1.0,1.0,0.0,False,1,1
unseen_text,f1be6f85ec7264d02ab36f4d,печать постеров,1.0,1.0,0.0,False,1,1
unseen_text,f1f37f99ca6897f2f42db44d,сублимационная печать,1.0,1.0,0.0,False,1,1
unseen_text,f2e1547df1b5cbaab7db4ad1,создание чат ботов в telegram,1.0,1.0,0.0,False,1,1
unseen_text,f392ad13d680282948d59f80,услуги погрузчика,1.0,1.0,0.0,False,1,1
unseen_text,f3a411c853fa04afb1fb34ab,развозка сотрудников,1.0,1.0,0.0,False,1,1
unseen_text,f3c1a4844518cea4c535ef25,кисон для скважины,1.0,1.0,0.0,False,1,1
unseen_text,f3d309831f96c4ba8969b1eb,прическа и макияж на дому,1.0,1.0,0.0,False,1,1
unseen_text,f464a0d187e583fb92dfac3d,ассенизатор,0.0,0.0,0.0,False,1,1
unseen_text,f50abd8095aaaa741f6069f8,переустановка windows на дому,1.0,1.0,0.0,False,1,1
unseen_text,f5245512e493de11920c7c48,масло отработка куплю,1.0,1.0,0.0,False,1,1
unseen_text,f59bd10781a62a7c814f555f,логотип на шариках,1.0,1.0,0.0,False,1,1
unseen_text,f59e62a241f8381534d57134,установка магнитного замка на входную дверь,1.0,1.0,0.0,False,1,1
unseen_text,f5a72f6a42429ae33a2cb6be,ремонт сколов,1.0,1.0,0.0,False,1,1
unseen_text,f5ab10663e17a06c132592a3,ремонт монтажных пистолетов,1.0,1.0,0.0,False,1,1
unseen_text,f5f154fda63a4aac7d8fa697,укладка вечерняя,1.0,1.0,0.0,False,1,1
unseen_text,f5f7e3635f66b3169fcc36c7,ремонт бензо техники,1.0,1.0,0.0,False,1,1
unseen_text,f6f23be40f90d3db6ca14ae5,чистка playstation 5,1.0,1.0,0.0,False,1,1
unseen_text,f843f91c79368b834fe6ce43,печь для обжига керамики,1.0,1.0,0.0,False,1,1
unseen_text,f8cd1ec40960d18ea939cf22,тренер кс2,1.0,1.0,0.0,False,1,1
unseen_text,f95d5b0418babe5294c0636d,аренда миниэкскаватора,1.0,1.0,0.0,False,1,1
unseen_text,f99b639be0adcf095aac80a5,дизайнер интерьера,1.0,1.0,0.0,False,2,2
unseen_text,fa10ac517e6aaa9b2f9c8dad,фотомодель,1.0,1.0,0.0,False,1,1
unseen_text,fa50e97826865518d4f7c24d,вкладыш в ванну,1.0,1.0,0.0,False,1,1
unseen_text,fa7b7183a06580c20ac93520,ремонт стиральных машин miele,1.0,1.0,0.0,False,1,1
unseen_text,faa2893eb568216756fb95dc,починка дивана,1.0,1.0,0.0,False,1,1
unseen_text,fb39c3c120ec6311c6407132,полировка колец,1.0,1.0,0.0,False,1,1
unseen_text,fb6193b1d6d0b391ee350706,юрист призывникам,1.0,1.0,0.0,False,1,1
unseen_text,fb833527e3e085e7ae3cc4eb,сварочные работы сантехника и отопление,1.0,1.0,0.0,False,1,1
unseen_text,fb8d7ae00fe70fedd2c6cc81,мусорный контейнер химки,1.0,1.0,0.0,False,1,1
unseen_text,fb9648fba3310e96e7ab82a5,оформление участка от государства,1.0,1.0,0.0,False,1,1
unseen_text,fba15482fc60ca699ba2e1aa,разбор ветхих домов и построек,1.0,1.0,0.0,False,1,1
unseen_text,fc1c27c6447c00a17d8dfc54,перетяжка руля автомобиля,1.0,1.0,0.0,False,1,1
unseen_text,fc3deae4bba82e7d879ef7c7,боди массаж,1.0,1.0,0.0,False,1,1
unseen_text,fc591cd79ab34a1211b75926,пошив чехлов на диван,1.0,1.0,0.0,False,1,1
unseen_text,fd1a904522280ccbadafa257,утепление кабины грузового авто,1.0,1.0,0.0,False,1,1
unseen_text,fd41d70ebf7c59b0f6c0899e,аренда автобуса перевозка детей,1.0,1.0,0.0,False,1,1
unseen_text,fe6729ed7e2a238d69765409,батут,1.0,1.0,0.0,False,1,1
unseen_text,fe8b3da391331cd7ab9aba77,изделия из оргстекла,1.0,1.0,0.0,False,1,1
unseen_text,fead1da2b8c91b4bcbeaa4fc,кран манипулятор 10 тонн стрела,1.0,1.0,0.0,False,1,1
unseen_text,feebb7374ea4aa5d55c5851a,копка+вручную,1.0,1.0,0.0,False,1,1
unseen_text,ff58c4f4273d5d59af3ea6d4,прокат лодок,1.0,1.0,0.0,False,1,1
unseen_text,0031277eb2b7e24cdf5bc369,мини самосвал,1.0,1.0,0.0,False,1,1
unseen_text,007e2a7c1350cc80e5953abd,поклейка обоев линолеум,1.0,1.0,0.0,False,1,1
unseen_text,00fb4bbd911bbc51a650af07,аренда трактора,1.0,1.0,0.0,False,1,1
unseen_text,01a8f7eb36a10adb507839a0,копка земли культиватором,1.0,1.0,0.0,False,1,1
unseen_text,01ce3eebcd62548adbebcf4b,сахарная печать,1.0,1.0,0.0,False,1,1
unseen_text,01d8dbdd36426c860cca66e6,аренда помещения для массажа,1.0,1.0,0.0,False,1,1
unseen_text,01f47e6c9805100109409cfc,оклейка обоев,1.0,1.0,0.0,False,1,1
unseen_text,03308d10ce8359cb9c7b8a3e,катер на валаам,1.0,1.0,0.0,False,2,2
unseen_text,033549c0482c42afc073db36,вывоз старой мебели,1.0,1.0,0.0,False,1,1
unseen_text,038c303045fd7685aa4f0d1f,услуги манипулятора,1.0,1.0,0.0,False,1,1
unseen_text,03da1078d02ae50adde17b6d,стекло на дверь,1.0,1.0,0.0,False,1,1
unseen_text,046e9cb9a06fe3d873592bd2,аренда бани,1.0,1.0,0.0,False,2,2
unseen_text,047687aa12de4ca9d249f32b,сайдинг,1.0,1.0,0.0,False,1,1
unseen_text,050dee446310e76e84c72b22,помощь 1с,1.0,1.0,0.0,False,1,1
unseen_text,053ca49e57062b9fb10a151e,продвижение соц сетей,1.0,1.0,0.0,False,1,1
unseen_text,0608089af5b82dd46f4180df,вечерние прически,1.0,1.0,0.0,False,1,1
unseen_text,07654cd7da64422caa4ba9c1,возьму попутный груз,1.0,1.0,0.0,False,1,1
unseen_text,07fbc4b4c8f809aa66967a80,ламинирование бровей,0.0,0.0,0.0,False,1,1
unseen_text,08340e14593d6b9e601a42bb,оформление загранпаспорта быстро,1.0,1.0,0.0,False,1,1
unseen_text,0840144747f289d016422696,биозавивка волос,1.0,1.0,0.0,False,1,1
unseen_text,0878173b5482f00d22e1e1e0,организатор свадьбы,0.0,0.0,0.0,False,1,1
unseen_text,08d0cb0dde3f229eb4657f00,грузоперевозки фура,1.0,1.0,0.0,False,1,1
unseen_text,08daf3a0b3e2413be5c65286,наружная реклама,1.0,1.0,0.0,False,1,1
unseen_text,08fc317316f06ff9e1b984ce,инструктор по вождению марьино,1.0,1.0,0.0,False,1,1
unseen_text,0992e89333c38dce7fc90622,вывоз старых дверей,1.0,1.0,0.0,False,1,1
unseen_text,09c66d04b07e8e3bff2b3188,покраска авто,1.0,1.0,0.0,False,2,2
unseen_text,0a2e6fe090dd071da25e379e,поменять смеситель на кухне,1.0,1.0,0.0,False,1,1
unseen_text,0aa14e699035fe521537148f,бокс для взрослых,1.0,1.0,0.0,False,1,1
unseen_text,0b7d9e6417debfa68759c380,замена люстры,1.0,1.0,0.0,False,1,1
unseen_text,0c19dd0efc341cc6a8f91445,мастер по ремонту пластиковых окон,1.0,1.0,0.0,False,1,1
unseen_text,0cf4a53115e8e79d28127b77,квартирные переезды,1.0,1.0,0.0,False,1,1
unseen_text,0d327ad78317ec393c99a948,аренла строительного оборудования,1.0,1.0,0.0,False,1,1
unseen_text,0d8555b56a47de110132b322,прополка травы уборка участка,1.0,1.0,0.0,False,1,1
unseen_text,0dae01ab27182f194951f790,перетяжка мебели,1.0,1.0,0.0,False,1,1
unseen_text,0e677dda6a2c51db61194eda,замок дверной,1.0,1.0,0.0,False,1,1
unseen_text,0e9a7c7156447e40391a6a26,планировочное решение,1.0,1.0,0.0,False,1,1
unseen_text,0ea7732a438b8800d35f33ce,доставка казахстан,1.0,1.0,0.0,False,1,1
unseen_text,0fb1f51cfdcc97140f25fedb,обивка дверей,1.0,1.0,0.0,False,1,1
unseen_text,0fb5931800a61d8f21b3c12a,косить траву,1.0,1.0,0.0,False,1,1
unseen_text,10614be754727a0751028d00,ремонт айфона недорого,1.0,1.0,0.0,False,2,2
unseen_text,111ba2437f62de53b8ca0b6c,доставка дивана,0.0,0.0,0.0,False,1,1
unseen_text,1126bdb4965876c8dbe8df99,литье из мельхиора,1.0,1.0,0.0,False,1,1
unseen_text,119e8e5a524faa68bfb8e1dd,подшить одежду,1.0,1.0,0.0,False,1,1
unseen_text,11e4831c9dfa5e0b33f2e410,устранить засор,1.0,1.0,0.0,False,1,1
unseen_text,12b97ad16c8b0c75d6440735,услуги парикмахера плетение кос,1.0,1.0,0.0,False,1,1
unseen_text,1381384298f6dfb349e8b60d,установить входную дверь,1.0,1.0,0.0,False,1,1
unseen_text,153e5110bf8e754769bc1ad3,ремонт гаража под ключ,1.0,1.0,0.0,False,1,1
unseen_text,15ad116956e19ea722cb5bb5,свадебный рилс мейкер,1.0,1.0,0.0,False,1,1
unseen_text,163f454f7f2a30104ca7cfca,ии мульт,1.0,1.0,0.0,False,1,1
unseen_text,16572144172a16d1daea1301,покраска волос,1.0,1.0,0.0,False,1,1
unseen_text,166cfe641ccb69122a186022,установка котлов,1.0,1.0,0.0,False,1,1
unseen_text,16fc9886a058bb5724951fe3,поклейка обоев,1.0,1.0,0.0,False,1,1
unseen_text,17edcf965bcc55ce2d928f16,монтаж забора,1.0,1.0,0.0,False,1,1
unseen_text,18207f4a05abedbc6bce8369,бармен на свадьбу,1.0,1.0,0.0,False,1,1
unseen_text,18d04e36ccef6c191f685749,сборка шкафа купе,0.0,0.0,0.0,False,1,1
unseen_text,192e90a7c4d812cc4a70183d,теплый бассейн аренда,1.0,1.0,0.0,False,1,1
unseen_text,196344af794c3a46143f9a8e,перевозки межгород такси,1.0,1.0,0.0,False,1,1
unseen_text,19b954aa8a7f0f203fb82cd3,монтаж межкомнатных дверей,1.0,1.0,0.0,False,1,1
unseen_text,1a0e2eb771da5bee98083e29,отдых в домике,1.0,1.0,0.0,False,1,1
unseen_text,1a623b477b171a26f4977086,покраска автомобиля,1.0,1.0,0.0,False,1,1
unseen_text,1a7ada21a598dc7a8b496ee3,приемка квартир по реновации,1.0,1.0,0.0,False,1,1
unseen_text,1b3a40e79de26644e877c4d7,ремонт паркетной доски,1.0,1.0,0.0,False,1,1
unseen_text,1b46e5a40ab4ccc508f67c89,замена стекла iphone 13,1.0,1.0,0.0,False,1,1
unseen_text,1b7092fc1c50a8caf01f67c7,дрель алмазная аренда,1.0,1.0,0.0,False,1,1
unseen_text,1b772eff974cbf08e33b9f7f,репетитор по английскому языку станкевич,0.0,0.0,0.0,False,1,1
unseen_text,1b7df87e82cda8ed236ff14b,печать фотополимерной смолой,1.0,1.0,0.0,False,1,1
unseen_text,1ca3dca6c5afbe9739819d93,ремонт электроплит,1.0,1.0,0.0,False,1,1
unseen_text,1d89e8968f03e5b15458b7cd,выкуп iphone,1.0,1.0,0.0,False,1,1
unseen_text,1de8fffbabb3c847b4619def,место под вендинг,0.0,0.0,0.0,False,1,0
unseen_text,1e17e85406c69f64778ea42d,ремонт тепловизоров,1.0,1.0,0.0,False,1,1
unseen_text,1f4fb8e80d55fc191e7e0bdb,перепрошить андройд магнитолла,1.0,1.0,0.0,False,1,1
unseen_text,1f92d125369d24fb990a6523,нейропсихолог,1.0,1.0,0.0,False,1,1
unseen_text,1fe2d8716ebd77cdd67e8298,модель на маникюр,1.0,1.0,0.0,False,1,1
unseen_text,204e9c4d8a995f8159c2080f,скупка катализаторов,1.0,1.0,0.0,False,1,1
unseen_text,208cf3bf92710c1d7bcaa73a,репетитор по истории,1.0,1.0,0.0,False,1,1
unseen_text,21c93c59e3afd8bf4c2ee192,прием радиодеталей,1.0,1.0,0.0,False,1,1
unseen_text,21eb21fc7c299ccb62dbedc9,подключить саббуфер,1.0,1.0,0.0,False,1,1
unseen_text,2250aad8906662225d24177b,настилка крыш,0.0,0.0,0.0,False,1,1
unseen_text,2256c2d6f8df30558c65a65b,изготовление очков по рецепту,1.0,1.0,0.0,False,1,1
unseen_text,22f56b4704c39e7b4f31cf8a,ремонт спутниковых антенна,1.0,1.0,0.0,False,1,1
unseen_text,236f70eadb1446ee210c48d2,звукорежиссер,1.0,1.0,0.0,False,1,1
unseen_text,24bc5ffae0438226aeaa4553,химчистка матрасов на дому,1.0,1.0,0.0,False,1,1
unseen_text,252b810b078dc0036e91d548,шаланда,1.0,1.0,0.0,False,1,1
unseen_text,25814d2f2898f3fe27855df5,саксофонист,1.0,1.0,0.0,False,1,1
unseen_text,25b1cf80dfabaac83d21754e,минводы сантехник,1.0,1.0,0.0,False,1,1
unseen_text,25f76b5d0eb7c482c6f19962,сауна с бассейном на сутки,1.0,1.0,0.0,False,1,1
unseen_text,2661deb93eebbf87be654086,ремонт lg видеомагнитофонов,1.0,1.0,0.0,False,1,1
unseen_text,2682ec5c3017294e58ad3506,страховка авто,1.0,1.0,0.0,False,1,1
unseen_text,275631698d10dc3def270562,механик по швейным машинкам,1.0,1.0,0.0,False,1,1
unseen_text,27ea5ad3f8f3110be91585f4,коворкинг для керамистов,1.0,1.0,0.0,False,1,1
unseen_text,2851084d5d3a428132d1adca,заказ тортов гендер пати,1.0,1.0,0.0,False,1,1
unseen_text,28ac2fb93b6dfcb2f0623e17,копать траншеи,1.0,1.0,0.0,False,1,1
unseen_text,28fdf8be8b1ba717a8e5c808,массаж лингамма,0.0,1.0,1.0,False,1,1
unseen_text,29b3b749ce3ceeb20c871668,выравниваем участок,1.0,1.0,0.0,False,1,1
unseen_text,29b58513f39b463c0299d63b,регулировка фасадов мебели,1.0,1.0,0.0,False,1,1
unseen_text,2ae2b69a79b724f81197dae4,компрессор в аренду,1.0,1.0,0.0,False,1,1
unseen_text,2b3cf7e2932e2f3eeb5683ed,кладка шлакоблока,1.0,1.0,0.0,False,1,1
unseen_text,2b7c6ee08572e2e42612cf25,репетитор по физике,1.0,1.0,0.0,False,1,1
unseen_text,2b956c364302a5bbc019322a,каркасный гараж,1.0,1.0,0.0,False,1,1
unseen_text,2baff7bc08ceb739d0ddd319,репетитор по русскому языку,1.0,1.0,0.0,False,1,1
unseen_text,2c07e4e4cc4d95295e55b501,грузоперевозки златоуст,1.0,1.0,0.0,False,1,1
unseen_text,2f0a44990bed79b6fa6fbdba,полеровка стекла,1.0,1.0,0.0,False,1,1
unseen_text,2f13427ece4c8452574eef8c,пирсинг укус ангела,1.0,1.0,0.0,False,1,1
unseen_text,2f5b5cd6f6756b96e66cbf9f,шпаклевка стен под покраску,1.0,1.0,0.0,False,1,1
unseen_text,301adad875c1622fb6630b29,крыша,1.0,1.0,0.0,False,1,1
unseen_text,314515771f749666f0c596d6,ремонт камеры айфон,1.0,1.0,0.0,False,1,1
unseen_text,3238d77c607c3a1f92908929,почасовая аренда,1.0,1.0,0.0,False,1,1
unseen_text,323d960b25563d5ed896dc97,маникюр наращивание,1.0,1.0,0.0,False,1,1
unseen_text,3292f4e71bc9ed4ea7ee305b,скупка айфонов,1.0,1.0,0.0,False,1,1
unseen_text,32b8c16ce570ae2d8dd6062a,ремонт мягкой кровли крыши гаража,1.0,1.0,0.0,False,1,1
unseen_text,32e40d3e4df4a2ef16c54f18,прокат отбойника,1.0,1.0,0.0,False,1,1
unseen_text,340205e8d49b0e6a2e726ee2,штукатурные работы,1.0,1.0,0.0,False,1,1
unseen_text,34066d11adef7a656a16cacb,тренер по фигурному катанию,1.0,1.0,0.0,False,1,1
unseen_text,34298390353e0dec83eb775f,выкуп товарных остатков одежды,1.0,1.0,0.0,False,1,1
unseen_text,353f7d9b267b8c9b1333f44c,бетонная стяжка,1.0,1.0,0.0,False,1,1
unseen_text,3542fa5b203897d8eefa5208,заброска на толбачик,1.0,0.0,-1.0,False,1,1
unseen_text,354c685ccf949577758b69a1,уроки гитары,1.0,1.0,0.0,False,1,1
unseen_text,35e549ccc0c0d893f7e0d6c4,перенос газовой колонки,1.0,1.0,0.0,False,1,1
unseen_text,35e5fb6e90d37e3f28fcb80e,аренда контейнер 8 м3,1.0,1.0,0.0,False,1,1
unseen_text,36401657f731a34db8f1f5b6,аренда машины 7 мест,1.0,1.0,0.0,False,1,1
unseen_text,3646f548fb036eae7b02197b,трансфер до москвы,1.0,1.0,0.0,False,1,1
unseen_text,37003b39d43794252b3a789c,охраняемая автостоянка,1.0,1.0,0.0,False,1,1
unseen_text,37096c91b4545b3ed3ed2888,швейный цех,1.0,1.0,0.0,False,1,1
unseen_text,372b97e2c893a728ba2e63ca,газель 6метров,1.0,1.0,0.0,False,1,1
unseen_text,378222415a6d15b5d3a99272,увеличение губ корея,1.0,1.0,0.0,False,1,1
unseen_text,378b2fc4b286b79042835cea,перекопка мотоблоком,1.0,1.0,0.0,False,1,1
unseen_text,37e1f3f9ae2784ff3b2de25e,кризисный психолог,1.0,1.0,0.0,False,1,1
unseen_text,3876a235e314d298ba17fc09,ландшафтный дизайнер,1.0,1.0,0.0,False,1,1
unseen_text,38d40808904ed019a44f53cd,разборка мебели,1.0,1.0,0.0,False,1,1
unseen_text,390c49136878a3e28b2cd6b6,врезать замок на межкомнатную дверь,1.0,1.0,0.0,False,1,1
unseen_text,39da8922090dd847ab07ebab,аренда авто для поездки в крым,1.0,1.0,0.0,False,1,1
unseen_text,3a5efc985d357dfca9a6199e,ремонт боковых порезов,1.0,1.0,0.0,False,1,1
unseen_text,3acfa3ff7900fdae08228c60,обучение на бровиста,1.0,1.0,0.0,False,1,1
unseen_text,3b313d152dba652de9e5ce5e,кудрявая стрижка,1.0,1.0,0.0,False,1,1
unseen_text,3b44875add1dba2df9f6bccf,прочистка канализации кротом,1.0,1.0,0.0,False,1,1
unseen_text,3c16dae5849ce732330bdf7d,грузоперевозки газель по городу,1.0,1.0,0.0,False,2,2
unseen_text,3dc8e4343ed29f97ab8a0e9a,видовой лофт,1.0,1.0,0.0,False,1,1
unseen_text,3f22b72be262acd67ea41e7a,подсобный рабочий,1.0,1.0,0.0,False,1,1
unseen_text,3f5ef997427bc89f75baa6dc,психолог дпдг,1.0,1.0,0.0,False,1,1
unseen_text,3f87f383e226d2c2eb8a7661,ремонт лоджии,1.0,1.0,0.0,False,1,1
unseen_text,40736289b6f2dc43a2eb138f,ремонт платы эгур opel,1.0,1.0,0.0,False,1,1
unseen_text,40787c9f4c60e52fe0f7742a,абесинская скважина,1.0,1.0,0.0,False,1,1
unseen_text,40be65aca1f69c83d8252364,свадебные бутылки,1.0,1.0,0.0,False,1,1
unseen_text,41fa41270e8a61399f44a27e,установка межкомнатной двери,1.0,1.0,0.0,False,1,1
unseen_text,420d6ffef51aa5a733d6ce5a,мотоинструктор,1.0,1.0,0.0,False,1,1
unseen_text,4214561933330d2bce4e5a70,покрас дисков,1.0,1.0,0.0,False,1,1
unseen_text,4257c4c305356302f71d6c3a,каменщик частник,1.0,1.0,0.0,False,1,1
unseen_text,428e1e6e21620d15d16d317e,геология,1.0,1.0,0.0,False,1,1
unseen_text,435f17b801b5e9fee888c36f,реставрация ручек колясок,1.0,1.0,0.0,False,1,1
unseen_text,439cb3afeecb95964c01378e,ремонт советских магнитол,1.0,1.0,0.0,False,1,1
unseen_text,43cd5ae2ee47fb6dd5bc6e35,аренда авто суточно,1.0,1.0,0.0,False,1,1
unseen_text,442c3650ff3082178e62cc78,аренда для парикмахера,1.0,1.0,0.0,False,1,1
unseen_text,452adee9b2bad06849601cff,аренда плазмореза,1.0,1.0,0.0,False,1,1
unseen_text,4537135d415fb5d3229a8fa6,печать а3,1.0,1.0,0.0,False,1,1
unseen_text,45c668e69ad42efc505cad2d,аренда катера без капитана,1.0,1.0,0.0,False,1,1
unseen_text,45d21a7bddfefee75fc78bd4,лестница,1.0,1.0,0.0,False,1,1
unseen_text,45dbfc3d1bd4dd7ef630fb71,экскаватор,1.0,1.0,0.0,False,1,1
unseen_text,46c1fe6c82fd8c15f5fadba3,ремонт гидроциклов,1.0,1.0,0.0,False,1,1
unseen_text,47d9cccbd3e3cf82270ac6b4,репетитор по английскому языку на дому для ребенка,1.0,1.0,0.0,False,1,1
unseen_text,4810a8fe0b27743af5fe8d33,экскурсии на квадроциклах,1.0,1.0,0.0,False,1,1
unseen_text,488cd2a61fd0a3eaa3f48f20,нанесение логотипа на одежду и спецодежду,1.0,1.0,0.0,False,1,1
unseen_text,48a1364dd08c79286401a11d,шлифовальная машина,1.0,1.0,0.0,False,1,1
unseen_text,48cc4e571032a67c6579c5c2,бенто торты,1.0,1.0,0.0,False,1,1
unseen_text,48e46af9e98879037b2e1197,выполнение студенческих работ,1.0,1.0,0.0,False,1,1
unseen_text,49dc105e806f0c7d16d3edd5,откачка септика,1.0,1.0,0.0,False,1,1
unseen_text,4a5d75b6828d425f8c028ec2,аренда домика в лесу,1.0,1.0,0.0,False,1,1
unseen_text,4ab3d6b8e1e10981dd959374,специалист честный знак,1.0,1.0,0.0,False,1,1
unseen_text,4abd0e9367008a120057d4f7,аренда минивена,1.0,1.0,0.0,False,1,1
unseen_text,4afae65352550cfadfad6f4c,дробилка веток,1.0,1.0,0.0,False,1,1
unseen_text,4cc0b9d9f553825f510c16e7,татуировки,1.0,1.0,0.0,False,1,1
unseen_text,4d1770d7a2487b010f6673c8,манипулятор москва,1.0,1.0,0.0,False,1,1
unseen_text,4d8fb790e67d211d95670898,геология участка,1.0,1.0,0.0,False,1,1
unseen_text,4d9eb2d0705f48efcc829591,проведение праздников,1.0,1.0,0.0,False,1,1
unseen_text,4e44a959fbff8e6ea2fbf10b,ремонт лобового стекла,1.0,1.0,0.0,False,1,1
unseen_text,4ec2b05293a171552282b62d,домик с чаном,1.0,1.0,0.0,False,1,1
unseen_text,4f1bee9b9d63c5eff8d23da6,дипломная работа оформление,0.0,0.0,0.0,False,1,1
unseen_text,4f4cc87c5c118e6e8ebab2ee,лофт для свадьбы,0.0,0.0,0.0,False,1,1
unseen_text,4f8a33bce5bd04016df0f119,дым машина,1.0,1.0,0.0,False,1,1
unseen_text,4fdf448ddff1e56a662d25bc,ремонт сушильных ремонт стиральных машин,1.0,1.0,0.0,False,1,1
unseen_text,504d131fc4cc771a124a914a,ремонт алюминиевых окон,1.0,1.0,0.0,False,1,1
unseen_text,5056ba30cee54054d63fff5c,ремонт обуви и одежды,1.0,1.0,0.0,False,1,1
unseen_text,507b1b46548515fb318540a4,заливка бетонных дорожек,1.0,1.0,0.0,False,1,1
unseen_text,50b6c21268c2095abe7f7765,wenbox u5 аренда,1.0,1.0,0.0,False,1,1
unseen_text,512f26f0353967dd016d3e4e,пошив одежды на заказ,1.0,1.0,0.0,False,1,1
unseen_text,51336034d942b8da81a103e1,автоэлектрик газели,1.0,1.0,0.0,False,1,1
unseen_text,51ffea88e67ee4d605d18019,шпаклевка потолка,1.0,1.0,0.0,False,1,1
unseen_text,52cebcd5faf0b41266f23f81,электрики,1.0,1.0,0.0,False,1,1
unseen_text,5395a6fa348093695e8e6500,аренда беседки с бассейном,1.0,1.0,0.0,False,1,1
unseen_text,5448140e1f355dca8087c242,организация гендер пати,1.0,1.0,0.0,False,1,1
unseen_text,5507aee9ebee257eca2b3930,аниматор для взрослых,1.0,1.0,0.0,False,1,1
unseen_text,5840bcc763f3d831f59e524e,ремонт газовых колонок bosch,1.0,1.0,0.0,False,1,1
unseen_text,589c6a0cfe2d3188d421d3d1,установка кондиционеров монтаж сплит систем,1.0,1.0,0.0,False,1,1
unseen_text,59562d0890903aa78e07d27e,поклейка обоев недорого,1.0,1.0,0.0,False,1,1
unseen_text,597ac35e4d38b88377078d64,салон тайского массажа,1.0,1.0,0.0,False,1,1
unseen_text,5b004b8aa7dced20df0651b9,лофт комната,1.0,1.0,0.0,False,1,1
unseen_text,5b7d45a2a1697d9f95ba0a10,чистка мебели и ковров,1.0,1.0,0.0,False,1,1
unseen_text,5d368a0cdd43de96ca65b527,замена масла,1.0,1.0,0.0,False,1,1
unseen_text,5d92af324dbc4b00e539b8da,ремонт гидроциклов brp,1.0,1.0,0.0,False,1,1
unseen_text,5da52808656800f6c577acbe,листогиб,1.0,1.0,0.0,False,1,1
unseen_text,5daf5cf8d294d4cf8fbf4762,помощница по огороду,1.0,1.0,0.0,False,1,1
unseen_text,5de1c48b771669062d02cf21,юрист по земельным вопросам,1.0,1.0,0.0,False,1,1
unseen_text,5e7054cd17f55a468bb4926c,поздравления ростовые куклы,1.0,1.0,0.0,False,1,1
unseen_text,5ffe989266c59ee0ad93e13a,отменить проценты по кредитке,1.0,1.0,0.0,False,1,1
unseen_text,60dba8392c41a0800e3e4be3,ремонт кухни,0.0,0.0,0.0,False,1,1
unseen_text,6123bf0e587c498bf3701ff9,джиппинг,1.0,1.0,0.0,False,1,1
unseen_text,61d0fe01e52f6992e4bc99f7,перезарядка огнетушителей,1.0,1.0,0.0,False,1,1
unseen_text,6220819008c4b9dfc33cb34d,газель аренда,1.0,1.0,0.0,False,1,1
unseen_text,6293390d2ded600b469e6532,услуги айтишника,1.0,1.0,0.0,False,1,1
unseen_text,63134a7453a9b3ed202abe11,скупка тсд,1.0,1.0,0.0,False,1,1
unseen_text,63d4532a2830296bfaa01475,бригада плотников,1.0,1.0,0.0,False,1,1
unseen_text,6419829c1ad058597462cb2c,монтаж водостоков,1.0,1.0,0.0,False,1,1
unseen_text,6432dc96446fd397987dbf7e,эвакуатор автомобиля,1.0,1.0,0.0,False,1,1
unseen_text,64ef4deb1903bcba1d25deed,биоревитализация лица,1.0,1.0,0.0,False,1,1
unseen_text,6521a5b20c0ee42cd665125f,услуги электрика выезд на дом,1.0,1.0,0.0,False,1,1
unseen_text,65604959086c01407c36976e,ремонт техники,1.0,1.0,0.0,False,1,1
unseen_text,659c2c6eede108c70e7e779d,аренда дом прицепа,1.0,1.0,0.0,False,1,1
unseen_text,65f4f862d5f2e8ab1b061951,аренда экскаватора с гидромолотом,1.0,1.0,0.0,False,1,1
unseen_text,667ab39c4978385df322797c,ремонт электроскутеров,1.0,1.0,0.0,False,1,1
unseen_text,668d9c8bb347b70a521d04f6,внж киргизии,0.0,0.0,0.0,False,1,1
unseen_text,66a6596b7a1c16c700874136,ремонт ванной комнаты,1.0,1.0,0.0,False,1,1
unseen_text,66b18dc8cfe6632d5c8e6c21,прием черного металла,1.0,1.0,0.0,False,1,1
unseen_text,66fd35f4bd05f9a46993667c,накрутка подписчиков в вк,1.0,1.0,0.0,False,2,2
unseen_text,6758d6f7394ccf8173e3b7bb,аренда инстументов,1.0,1.0,0.0,False,1,1
unseen_text,681482b90f2427ffb0f61c06,фасадчики,1.0,1.0,0.0,False,1,1
unseen_text,68220541e8ca0fd12d25ba28,краскопульт в аренду,1.0,1.0,0.0,False,1,1
unseen_text,6878e219ab9549962fdcd6d7,трансфер из владикавказа в тбилиси,1.0,1.0,0.0,False,1,1
unseen_text,6888961316d8cf1ed97e615a,окрашивание волос выход из черного,1.0,1.0,0.0,False,1,1
unseen_text,68899fc07682a6257739d7e5,покраска дома,0.0,1.0,1.0,False,1,1
unseen_text,692e4d469c1bd3003e728b16,прием лома самовывоз,1.0,1.0,0.0,False,1,1
unseen_text,6a8fe2518253a85c51e64dcf,ремонт посудамоечной машины,1.0,1.0,0.0,False,1,1
unseen_text,6b0ed75d74f6ca8fa9783d8d,строители,1.0,1.0,0.0,False,1,1
unseen_text,6b846a72925e7838dd8bee11,аренда манекенов,1.0,1.0,0.0,False,1,1
unseen_text,6b95fb0e1c8e87dc8de81733,арендовать canon g7x mark iii,1.0,1.0,0.0,False,1,1
unseen_text,6bbd408588661801bb3cfcad,трансфер анапа,1.0,1.0,0.0,False,1,1
unseen_text,6bcb380f9a14882c1ee9721f,оплата зарубежных сервисов,1.0,1.0,0.0,False,1,1
unseen_text,6d1337234c0e7aabd9c9b679,поверка счетчиков воды без снятия,1.0,1.0,0.0,False,1,1
unseen_text,6d3d6ba42059acd77fddde2a,аренда микроавтобуса без водителя,1.0,1.0,0.0,False,1,1
unseen_text,6daca5d85535968c24cdad96,аренда автомобиля на свадьбу,1.0,1.0,0.0,False,1,1
unseen_text,6db167d65a1bcb7220373e08,такси парк,1.0,1.0,0.0,False,1,1
unseen_text,6de661c154b1b6cd9c5d7749,скупка магнитофонов ссср,1.0,1.0,0.0,False,1,1
unseen_text,6e810b5dd3075cff439da6cf,помощь в выборе авто,1.0,1.0,0.0,False,1,1
unseen_text,6ec2bf72d36d8963ecef67a7,обтяжка салона автомобиля,1.0,1.0,0.0,False,1,1
unseen_text,6edb665cf9438b5cdd4514dd,лекции от руки,1.0,1.0,0.0,False,1,1
unseen_text,6f295518438f288e2f23733a,ростовые куклы в аренду,1.0,1.0,0.0,False,1,1
unseen_text,6f82c3894c62310561e9be5f,программист телефонов,1.0,1.0,0.0,False,1,1
unseen_text,6fb9750500b076ce57ae9741,ремонт nintendo switch,1.0,1.0,0.0,False,1,1
unseen_text,6fdf356b7c1685d7908de642,обучение плаванию взрослых,1.0,1.0,0.0,False,1,1
unseen_text,70296251b8cb9812f8c1e8f5,ремонт радиаторов автомобиля,1.0,1.0,0.0,False,1,1
unseen_text,7045c1a39bd28212e3815ff9,выврз мусора,0.0,0.0,0.0,False,1,1
unseen_text,707f0677be75b820e194272a,грузотакси ларгус,1.0,1.0,0.0,False,1,1
unseen_text,708f5c9eb3724358158d21ea,домашние полуфабрикаты,1.0,1.0,0.0,False,1,1
unseen_text,70b0b36d24611ceb12e565f3,экскурсии,0.0,0.0,0.0,False,1,1
unseen_text,70fdadfb85187e928f14f7c6,собеседник на час,1.0,1.0,0.0,False,1,1
unseen_text,71fdbc3b6cfb66d0e2e1d6c1,оплата visa,1.0,1.0,0.0,False,1,1
unseen_text,7223011a36a8206487bbe265,уроки скрипки,1.0,1.0,0.0,False,1,1
unseen_text,7249e6bf9c570ed84eb64238,печать фотографий,1.0,1.0,0.0,False,1,1
unseen_text,728ff48bb1768c9cb54c42bf,стрижка собак кокер спаниель,1.0,1.0,0.0,False,1,1
unseen_text,73c188804a68fe41ffc26a06,печать самоклеющихся этикеток,1.0,1.0,0.0,False,1,1
unseen_text,73cc47a6ed89585f39021f9d,чистка вентиляции от жира,1.0,1.0,0.0,False,1,1
unseen_text,73d134c121ebdf261658bdd8,выжигание по дереву,1.0,1.0,0.0,False,1,1
unseen_text,7435d2b65cb0eb0467e95ef2,ботокс подмышки,1.0,1.0,0.0,False,1,1
unseen_text,74a3639ca0a4330f2454f9dd,ремонт кожаных курток,1.0,1.0,0.0,False,1,1
unseen_text,74b28eb1f5264e5b3b9445e4,кредит с просрочками,1.0,1.0,0.0,False,1,1
unseen_text,750d00aca39100d1b9a4367f,эпиляция воском,1.0,1.0,0.0,False,1,1
unseen_text,7596d7279d4844fef3e3e1d6,такелажники,1.0,1.0,0.0,False,1,1
unseen_text,75cd27fd432f8a1de4948fbb,замена откосов и подоконников ремонт окон,1.0,1.0,0.0,False,1,1
unseen_text,75df458bda7eef0b48fc962c,печать на акриле,0.0,0.0,0.0,False,1,1
unseen_text,762f8394d1defc6ebe058d95,ремонт ванн,1.0,1.0,0.0,False,1,1
unseen_text,7687b728ba6a80d678fdff6e,рыбалка с гидом,1.0,1.0,0.0,False,2,2
unseen_text,76d4b898c7909231d454ebd8,электрик проводка,1.0,1.0,0.0,False,1,1
unseen_text,76db371b5c2990a6c20110d6,уроки кройки и шитья,1.0,1.0,0.0,False,1,1
unseen_text,77063dc3e613e4464f7a91e1,шпонирование мдф,1.0,1.0,0.0,False,1,1
unseen_text,77bc69554278c09ff5353c31,реставратор паркета,0.0,1.0,1.0,False,1,1
unseen_text,77c23cac78a337d183672864,мойка радиаторов авто,1.0,1.0,0.0,False,1,1
unseen_text,798698804ac19fdae73b54c6,перепрошивка iphone,1.0,1.0,0.0,False,1,1
unseen_text,79ca5de4a3cd7874f6a6b097,аренда майбах 223 с водителем,1.0,1.0,0.0,False,1,1
unseen_text,7a125cd14778785e36fa3836,смм специалист детейлинг,1.0,1.0,0.0,False,1,1
unseen_text,7a27b93f6c4f1127395104e1,барельеф,1.0,1.0,0.0,False,1,1
unseen_text,7a3d2ad0875f4dbf035c1fc6,калитка,1.0,1.0,0.0,False,1,1
unseen_text,7a7a573d82c260b1c5118dae,авто грузоперевозки,1.0,1.0,0.0,False,1,1
unseen_text,7c124502d90fdb3164d8d594,чпу металл,1.0,1.0,0.0,False,1,1
unseen_text,7c247fa45c43e1102771aa77,изготовление визиток,0.0,0.0,0.0,False,1,1
unseen_text,7cd32839a05448e6f8341b91,медитация,1.0,1.0,0.0,False,1,1
unseen_text,7d9c5b29600e43ce60bcc3d1,установка газовых котлов,1.0,1.0,0.0,False,1,1
unseen_text,7da80875a3b9a579d11d47fc,скрипач на час,1.0,1.0,0.0,False,1,1
unseen_text,7e6dc173071ac61bf051397e,столярные изделия на заказ,1.0,1.0,0.0,False,1,1
unseen_text,7e7004937e5b421459aa33c9,компьютерная диагностика мерседес,1.0,1.0,0.0,False,1,1
unseen_text,7ecd2361ff923e5a4716cead,вывоз мусора контейнером 8 м3,1.0,1.0,0.0,False,1,1
unseen_text,7f6e2e9771987b43dd08f3f8,убрать плесень,1.0,1.0,0.0,False,1,1
unseen_text,7f7f971c61fbd20802718b0f,плиточник укладка плитки на кухне,1.0,1.0,0.0,False,1,1
unseen_text,7fbd8a937689ebe86d84d144,фотостудия,1.0,1.0,0.0,False,1,1
unseen_text,7fef379c55938b574fc1cb0b,замена дисплея iphone 16 pro,1.0,1.0,0.0,False,1,1
unseen_text,804842742ba5d58603e34c08,почасовая аренда кушетки,1.0,1.0,0.0,False,1,1
unseen_text,80eb034997e4e04f296bc09d,дренажный насос аренда,1.0,1.0,0.0,False,1,1
unseen_text,80f6690e6c74641275740aa5,выкуп складских остатков,1.0,1.0,0.0,False,2,2
unseen_text,8163596fff988afc2ce74bea,ремонт кожаной мебели,1.0,1.0,0.0,False,1,1
unseen_text,81c2d40647100362bad53098,грузотакси,1.0,1.0,0.0,False,1,1
unseen_text,81e441a6dd59939aa4d5b43d,сброс apple id,1.0,1.0,0.0,False,1,1
unseen_text,8237cefba9565e531fd6da58,компьютерная диагностика vag audi volkswagen skoda,1.0,1.0,0.0,False,1,1
unseen_text,8250b98144bbb0ffbab361b1,скупка объективов,1.0,1.0,0.0,False,1,1
unseen_text,82b12f0d5fee36c69b5d3a98,ремонт bmw,1.0,1.0,0.0,False,1,1
unseen_text,833e9f3f59142596ded99b62,проточка тормозных дисков,1.0,1.0,0.0,False,1,1
unseen_text,83878034cbc3019c4bffe163,ростелеком подключение,1.0,1.0,0.0,False,1,1
unseen_text,83941acfe8ef5cad06bc132c,укладка ламината на балконе,1.0,1.0,0.0,False,1,1
unseen_text,83a076b490c0c8d9eab5e186,подшить джинсы,1.0,1.0,0.0,False,1,1
unseen_text,83f3ac4c15580e4d4000fb17,вспашка земли культиватором,1.0,1.0,0.0,False,1,1
unseen_text,845e622d721cb3b25ccd1c8e,выкуп мототехники,1.0,1.0,0.0,False,1,1
unseen_text,84d8d3c98ddb54b4ac469362,лофт помещение,1.0,1.0,0.0,False,1,1
unseen_text,8556a36d4cb185c7741cc607,натяжной потолок на балкон,1.0,1.0,0.0,False,1,1
unseen_text,8589a502ed1f2e3d9dfc62f4,электрик нагаево,1.0,1.0,0.0,False,1,1
unseen_text,8639401671faa8a0beb5258b,шумоизоляция,1.0,1.0,0.0,False,1,1
unseen_text,866b8fd61ca7018a79fb9e40,прокат триммера,1.0,1.0,0.0,False,1,1
unseen_text,86d599a84b0f74f1eec1ab3c,репатриация в израиль,1.0,1.0,0.0,False,1,1
unseen_text,87b7a8ce7706040314e9dab0,вывоз резины и утилизация шин,1.0,1.0,0.0,False,1,1
unseen_text,87eb125bb725fdca8a81a7bd,химическая завивка волос,1.0,1.0,0.0,False,1,1
unseen_text,888d899b0fe3ec43d0da5d09,кузовной ремонт авто,1.0,1.0,0.0,False,1,1
unseen_text,89d0db28711573ae47be8e5f,ремонт роллетов,1.0,1.0,0.0,False,1,1
unseen_text,8a4a9c7e166463190402229c,определение границ участка,1.0,1.0,0.0,False,1,1
unseen_text,8a6be56ec329cac155184a68,ремонт двигателя откатных ворот,1.0,1.0,0.0,False,1,1
unseen_text,8aad0cb4eab96f1d77286a23,мастер телевизор сзао,0.0,0.0,0.0,False,1,1
unseen_text,8ad18d1ceb4a53404855276a,риэлтор по аренде,1.0,1.0,0.0,False,1,1
unseen_text,8b1c2d5f072fba210edc9f5e,купить диплом о высшем образовании,1.0,1.0,0.0,False,1,1
unseen_text,8b93824b559f86d956108c5f,малогабаритные перевозки,1.0,1.0,0.0,False,1,1
unseen_text,8c180be8c4868d025657e18e,градобойщик,1.0,1.0,0.0,False,1,1
unseen_text,8c19849cff6e08e20f73ad22,ремонт электроники светильники лед,1.0,1.0,0.0,False,1,1
unseen_text,8c9d3a892720605975416786,сиделка на час,1.0,1.0,0.0,False,1,1
unseen_text,8caa87bd62a53f4c9f4dee8a,юрист раздел имущества,0.0,0.0,0.0,False,1,1
unseen_text,8d81d9daafe58b495c3cac29,трансфер по городу 8 мест,1.0,1.0,0.0,False,1,1
unseen_text,8de22697e9e3873770cb0b0f,родирование золота,1.0,1.0,0.0,False,1,1
unseen_text,8dffba95cef947043b8a26da,розыгрыш,1.0,1.0,0.0,False,1,1
unseen_text,8e1d1b26224c4c4f59747a48,китайский с носителем,1.0,1.0,0.0,False,1,1
unseen_text,8e579f4e252e56e3974c8ea2,учитель по скрипке,1.0,1.0,0.0,False,1,1
unseen_text,8e6ee7bdbce4ba1bc134b6f1,ремонт тв приставок xiaomi,1.0,1.0,0.0,False,1,1
unseen_text,8ebadc2ed0c6212bf256edb3,обучение 3д печати,1.0,1.0,0.0,False,1,1
unseen_text,8ede7bd49d6ad0fbb085885f,услуги мини трактора по раскиду земле,1.0,1.0,0.0,False,1,1
unseen_text,91951f1ad14e5301b834d0d8,ростовые куклы на праздник,1.0,1.0,0.0,False,1,1
unseen_text,92193465dbbdb7ce3f7c018c,а фрейм аренда,1.0,1.0,0.0,False,1,1
unseen_text,922454c130dce555859d27cb,сборка тренажеров,1.0,1.0,0.0,False,1,1
unseen_text,9234c1a9010d1b3d84ac23a4,прокат багги,1.0,1.0,0.0,False,1,1
unseen_text,926ef443931274e990ca8637,ремонт дизельных двигателей,1.0,1.0,0.0,False,1,1
unseen_text,927c438474abf9b812c4da5a,замена струн на гитаре,1.0,1.0,0.0,False,1,1
unseen_text,936754854118ecccda4eed31,банкротство физ лиц,1.0,1.0,0.0,False,1,1
unseen_text,93ce1c30dcecc77d5e12cc61,активация скрытых функций renault,1.0,1.0,0.0,False,1,1
unseen_text,944a4d95f2d06bb2e9ed38d8,восстановление резьбы,0.0,0.0,0.0,False,1,0
unseen_text,955b263b7fb8a49a0bdd9689,перетяжка мебели октябрьский район,1.0,1.0,0.0,False,1,1
unseen_text,95e4a2ea90b0b9281319d7cf,чертежи студентам,1.0,1.0,0.0,False,1,1
unseen_text,960e62dd43afb950e653f5b0,гараж посуточно,1.0,1.0,0.0,False,1,1
unseen_text,972562a617858bffbc4f336f,снять беседку,1.0,1.0,0.0,False,1,1
unseen_text,976bb3fbc8f928929e819f1d,ремонт автостекол,1.0,1.0,0.0,False,1,1
unseen_text,97a80173d5ef433b40071527,отделка бань,1.0,1.0,0.0,False,1,1
unseen_text,97c1797fff29d024c1c78c5c,дренаж,1.0,1.0,0.0,False,1,1
unseen_text,9914f25c0fff5d73dfd9680d,кинолог с выездом на дом,1.0,1.0,0.0,False,1,1
unseen_text,9a73cfbf9389cc9770d9895e,аренда автобуса с водителем 35 мест,1.0,1.0,0.0,False,1,1
unseen_text,9b2f00949e7c726d293752c2,вывоз веток с участка,1.0,1.0,0.0,False,1,1
unseen_text,9b34abfe7afd2d30b0158360,ремонт xiaomi,1.0,1.0,0.0,False,1,1
unseen_text,9b78dbba17dc36d523dcb01c,домик для отдыха,1.0,1.0,0.0,False,1,1
unseen_text,9b95eac9ee0bbe7ad35a77d0,печать бирок сатин,1.0,1.0,0.0,False,1,1
unseen_text,9c7a0ad5a26c4110a3fae1cf,ремонт peugeot citroen,1.0,1.0,0.0,False,1,1
unseen_text,9d1c37b3e1d14a6469d4bb6a,реставрация деревянных дверей,1.0,1.0,0.0,False,1,1
unseen_text,9d506a383dcbb2606637f598,аренда отбойника,1.0,1.0,0.0,False,1,1
unseen_text,9d6b81d907dbde5ddc7b69d6,перевозка людей,1.0,1.0,0.0,False,1,1
unseen_text,9db4643ea4cff64df08eb8e1,стрижка собак дзержинский,1.0,1.0,0.0,False,1,1
unseen_text,9e0d91914adb605645a358ce,ремонт роботов пылесосов xiaomi,1.0,1.0,0.0,False,1,1
unseen_text,9e45391ad0f3a1eb144ecbfd,скупка серверов,1.0,1.0,0.0,False,1,1
unseen_text,9ec9361913e8349eca4aad60,триммер в аренду,1.0,1.0,0.0,False,1,1
unseen_text,9ecd7f41ab045baf9fde3ac0,токарные работы чпу,0.0,0.0,0.0,False,1,1
unseen_text,9f02e2ea0452d7fa4401deb0,массаж лечебный шеи,1.0,1.0,0.0,False,1,1
unseen_text,9f4d5e21e79718d694b7a7d3,открытие дверей квартиры,1.0,1.0,0.0,False,1,1
unseen_text,9fb1f6b6eb70b4bf1f96f96e,модель на наращивание,1.0,1.0,0.0,False,1,1
unseen_text,9fc7d1d6d7c10ede4b585dab,торты на заказ на чапаева,1.0,1.0,0.0,False,1,1
unseen_text,9fe863d54e43a371974354a5,надуть шары гелием на дому,1.0,1.0,0.0,False,1,1
unseen_text,a032bfe36152405dfe4c4c72,грузоперевозки москва-чечня,1.0,1.0,0.0,False,1,1
unseen_text,a15a1c1c1ab0ddb3bcacf6d1,вскрытие замка,1.0,1.0,0.0,False,1,1
unseen_text,a2cb0961ac47b59c48972494,вынос границ участка,1.0,1.0,0.0,False,1,1
unseen_text,a32913eadcf0576a47793492,прокат аренда велосипеда,1.0,1.0,0.0,False,1,1
unseen_text,a3b06ac258151f16d0dcc16e,аренда кемпера,1.0,1.0,0.0,False,1,1
unseen_text,a4e4524efdd57a0f1f8b4a55,трамбовка грунта услуга,1.0,1.0,0.0,False,1,1
unseen_text,a4f8c780b94603df4642e630,ремонт пластиковых окон и дверей,1.0,1.0,0.0,False,1,1
unseen_text,a5fc710ba92856af419c3004,посредник в казахстане,1.0,1.0,0.0,False,1,1
unseen_text,a64b0aef1694c1d53a33d9ac,обтяжка пуговиц,1.0,1.0,0.0,False,1,1
unseen_text,a6bbb8079c6443370e9f2de0,обследование дома перед покупкой,1.0,1.0,0.0,False,1,1
unseen_text,a6cbc195743b57fc237e4154,козырек на гараж,1.0,1.0,0.0,False,1,1
unseen_text,a73b87c4572a6ca332a9d24f,грумминг,1.0,1.0,0.0,False,1,1
unseen_text,a779377b2805aeaffce258cf,миграционный юрист рвп внж,1.0,1.0,0.0,False,1,1
unseen_text,a77ca4e12f06f3adf2572f7d,услуги листогиба,1.0,1.0,0.0,False,1,1
unseen_text,a7cfece9548bb28975fd0047,фотограф на свадьбу,1.0,1.0,0.0,False,1,1
unseen_text,a8f7d8ab5e089fb107ee5abd,ремонт микроволновок,1.0,1.0,0.0,False,1,1
unseen_text,a974ba0d572d76e0cf66a664,замена дисплея iphone 11,1.0,1.0,0.0,False,1,1
unseen_text,a97584b365380b501a2bc2d4,скупка картриджей,1.0,1.0,0.0,False,1,1
unseen_text,a9944c9bf1f4c8eeb824db31,скупка и утилизация стиральных машин,1.0,1.0,0.0,False,1,1
unseen_text,aa58d9905076c3a0982824b4,иньектирование стен,1.0,1.0,0.0,False,1,1
unseen_text,aaa2f703d18ea0c92d74ac16,ремонт металлоискателя,1.0,1.0,0.0,False,1,1
unseen_text,aaf9c6341dc2519f9377fef0,волосковый,1.0,1.0,0.0,False,1,1
unseen_text,ac7f357ffcd2be8d3fd28091,предсказание будущего,1.0,1.0,0.0,False,1,1
unseen_text,ac9c47607b695f8aff00ab4a,дрова,1.0,1.0,0.0,False,1,1
unseen_text,aca4ab664e1e6d2936c90faf,портниха,0.0,0.0,0.0,False,1,0
unseen_text,ace5e07783b733bf33293b39,ремонт электродвигателей,1.0,1.0,0.0,False,1,1
unseen_text,ae730681cff69a6912ac98e2,онлайн тренер,1.0,1.0,0.0,False,1,1
unseen_text,ae9f55f2d12d7c9b7b901bcf,приемщик квартир,1.0,1.0,0.0,False,1,1
unseen_text,aead07d44491ca88acb3a961,саларьево,0.0,0.0,0.0,False,1,0
unseen_text,af603e0fed5e262c48761b9c,клоун на праздник,0.0,0.0,0.0,False,1,1
unseen_text,afe77d6e6da2995e3feee56a,маляр,1.0,1.0,0.0,False,1,1
unseen_text,b05d613010e3d1a4a9ffcb54,аренда электровелосипедов с выкупом,1.0,1.0,0.0,False,1,1
unseen_text,b05eeaa34ddd5be33ced4cb7,подписчики инстаграм,1.0,1.0,0.0,False,1,1
unseen_text,b0a2e7ea3596f37913e15840,поздравление от знаменитости,1.0,1.0,0.0,False,1,1
unseen_text,b1226cec4a3854421bcdab4d,доставка воды,1.0,1.0,0.0,False,1,1
unseen_text,b1876b1e1691809f1381c81f,гид в пекине,1.0,1.0,0.0,False,1,1
unseen_text,b1911133c5d724dd5e8c6f92,лазерная очистка металла,1.0,1.0,0.0,False,1,1
unseen_text,b1baf479b20c3becc2d66211,диско лимузин,1.0,1.0,0.0,False,1,1
unseen_text,b2e97502be080e714a8df2ff,гбо,1.0,1.0,0.0,False,1,1
unseen_text,b30b944349fb94555a877981,полимолочная кислота,1.0,1.0,0.0,False,1,1
unseen_text,b32fd7fdc7d84d467c425ffe,скупка печатных плат,1.0,1.0,0.0,False,1,1
unseen_text,b356df3cb1fb1d6e5de291ea,дизайнерский ремонт под ключ,1.0,1.0,0.0,False,1,1
unseen_text,b42dcf41c61330803fe9ffde,замена экрана на iphone 11,1.0,1.0,0.0,False,1,1
unseen_text,b6007cd857716af804d331f1,аренда летней беседки,1.0,1.0,0.0,False,1,1
unseen_text,b6d18209030df85c72ec5c31,замена накладки входной двери,1.0,0.0,-1.0,False,1,1
unseen_text,b7254de2a908692409fcf609,грузоперевозки фургон,1.0,1.0,0.0,False,1,1
unseen_text,b78d07c0311bf438c27883ab,выкуп пк,1.0,1.0,0.0,False,1,1
unseen_text,b7e5590026e54c248229978c,замена стекла на телефоне,1.0,1.0,0.0,False,1,1
unseen_text,b84329d72625b23f362fa585,замена аккумулятор,1.0,1.0,0.0,False,1,1
unseen_text,b86061d5c3a049e32aeb2dd8,вытянуть вмятину,1.0,1.0,0.0,False,1,1
unseen_text,b87e5abd9d5b2a6947b22706,муж на час очаковский район,1.0,1.0,0.0,False,1,1
unseen_text,b91b812ed5c4c7d7e07aa47b,репетитор по японскому,1.0,1.0,0.0,False,1,1
unseen_text,bac52a5ee54ffeb3917ef109,ремонт динамиков,1.0,1.0,0.0,False,1,1
unseen_text,bad3b0f2a889bbd804726b06,ремонт станков чпу,1.0,1.0,0.0,False,1,1
unseen_text,bb3e70be90f289ae51ca90a1,сборный груз в москву,1.0,1.0,0.0,False,1,1
unseen_text,bb60c3f4431b275476fb2b60,расчистка садового участка,1.0,1.0,0.0,False,1,1
unseen_text,bb6ca35a06f0f95ffaf0a539,ремонт задника кроссовок,0.0,0.0,0.0,False,1,1
unseen_text,bba8357e0515120913d3de48,реставрация ванн акрилом,1.0,1.0,0.0,False,1,1
unseen_text,bbe16a5286da434e2a56e635,аренда гаража для химчистки,1.0,1.0,0.0,False,1,1
unseen_text,bc1b535a78fd1eb0d3542d18,ремонт теле радио аппаратуры,1.0,1.0,0.0,False,1,1
unseen_text,bc8bbb37bf9667f90de23e88,установка ос удаленно,0.0,0.0,0.0,False,1,1
unseen_text,bd5ef85d4c85ca65319fa97f,трактор в аренду,1.0,1.0,0.0,False,1,1
unseen_text,bd6badae758527bd75effe1f,замена замков дверей,1.0,1.0,0.0,False,1,1
unseen_text,bda5c65011bfc90039c8bdfc,аренда контейнера,1.0,1.0,0.0,False,1,1
unseen_text,bdf6310a69a320f4a96c39b8,промывка форсунок бмв,1.0,1.0,0.0,False,1,1
unseen_text,bf87459c7dc808017ec4d1c3,аренда тату места,1.0,1.0,0.0,False,1,1
unseen_text,bf87f56c73863aad4516dab9,сварка авто,1.0,1.0,0.0,False,1,1
unseen_text,bfab9bf5d68e473309fa5c28,аренда теплохода,1.0,1.0,0.0,False,1,1
unseen_text,c13760bf310a83a3309e94fa,аренда прокат шлифовальная машина,1.0,1.0,0.0,False,1,1
unseen_text,c15c724be71cff4a5c8165e6,аниматоры маша и медведь,1.0,1.0,0.0,False,1,1
unseen_text,c20c6c6adb50fbd76f3b8807,скупка мониторов,1.0,1.0,0.0,False,1,1
unseen_text,c356f189d7a9295cd9b807e8,памятники из гранита,1.0,1.0,0.0,False,1,1
unseen_text,c3cc03a7a9dc641042260118,изготовление штендеров,1.0,1.0,0.0,False,1,1
unseen_text,c46a81156dc97d09cdcbeced,3д печать шильдиков,0.0,0.0,0.0,False,1,1
unseen_text,c46d0bee5bb4a859b3f2a23d,утепление дверей,1.0,1.0,0.0,False,1,1
unseen_text,c48900c501690edffb2429e5,маникюр плесецкая,1.0,1.0,0.0,False,1,1
unseen_text,c6fec9ce1d0f9d1fdffae11d,восстановление амортизатора мотоцикла,1.0,1.0,0.0,False,1,1
unseen_text,c7aa3c96e6d8dfa20fadc0c2,вынос мусора из квартиры,1.0,1.0,0.0,False,1,1
unseen_text,c7b24ade04aea2be36e48558,очистка матрасов,1.0,1.0,0.0,False,1,1
unseen_text,c7c5d66d2aaded68f324d7b2,алмазная резка,1.0,1.0,0.0,False,1,1
unseen_text,c8770d7c673de6fc16389dc8,иркутск обучение игре на гитаре онлайн,1.0,1.0,0.0,False,1,1
unseen_text,c895fc8e3a3b32b74ced9ba4,химчистка диванов на дому,1.0,1.0,0.0,False,1,1
unseen_text,c8da5b39a91bb2761740ac33,аренда свадебного декора,1.0,1.0,0.0,False,1,1
unseen_text,c90527cac0251fd26bd2504d,аренда лодочного мотора,1.0,1.0,0.0,False,1,1
unseen_text,c93bc8a1fa29df044b6aa089,трубостойка,1.0,1.0,0.0,False,1,1
unseen_text,c9a06d9e793f4b57afee9b6c,фотостудия аренда sex,1.0,1.0,0.0,False,1,1
unseen_text,cb83a043e835867a8a7f037d,макияж,1.0,1.0,0.0,False,1,1
unseen_text,cc6ab3f55dee47e1d7c33221,клининг мытье окон,1.0,1.0,0.0,False,1,1
unseen_text,cc8252a57222cbf7bdf0748c,сборка мебели ремонт,0.0,0.0,0.0,False,1,1
unseen_text,ccfb9d8b9ee44d9a95d60b6d,электромонтер,0.0,0.0,0.0,False,1,1
unseen_text,ccfee4ef7370098ff9927c90,углубление колодцев,1.0,1.0,0.0,False,1,1
unseen_text,cdbcd98997f92db8a073496e,моментальный загар обучение,0.0,0.0,0.0,False,1,1
unseen_text,ce0bdae6750ddbe414d8181c,подолог сормовский район,1.0,1.0,0.0,False,1,1
unseen_text,cfa071c04d138efc93d682ad,выездной ремонт авто,1.0,1.0,0.0,False,1,1
unseen_text,cfb0b1895e091e69509b6e2e,уаз на прокат,1.0,1.0,0.0,False,1,1
unseen_text,d044b14f5e45a52802cfadb6,культиватор аренда,0.0,0.0,0.0,False,1,1
unseen_text,d0be1c390cd7342ba3dac77e,выкуп камер,1.0,1.0,0.0,False,1,1
unseen_text,d1c323c116597e26daccd07a,таблички,1.0,1.0,0.0,False,1,1
unseen_text,d212e1b6a4c12cd6a73e77f6,электролаборатория,1.0,1.0,0.0,False,1,1
unseen_text,d2498dcabd35d61d363fbe25,печать логотипа на воздушных шарах,1.0,1.0,0.0,False,1,1
unseen_text,d2789d35ea2625b0c309c981,диагностическая карта техосмотр,1.0,1.0,0.0,False,1,1
unseen_text,d3ba22abb8b6603667436add,бенто торт срочно,1.0,1.0,0.0,False,1,1
unseen_text,d3d0e1683501a18720f56d8d,установка столбов лэп,1.0,1.0,0.0,False,1,1
unseen_text,d5549be129ddb5db90ffb8a3,мастер по ремонту стиральных машин на дому,1.0,1.0,0.0,False,1,1
unseen_text,d61d5e9c670cbda253ee5f6f,мастер ремонта телевизора,1.0,1.0,0.0,False,1,1
unseen_text,d63627297df453bbf89badac,портрет,1.0,1.0,0.0,False,1,1
unseen_text,d63f01b090ac66c4d9705a8a,аренда прокат инструмента электроинструменты,1.0,1.0,0.0,False,1,1
unseen_text,d643d094f36c4876ce45334a,снять дом с баней и чаном,1.0,1.0,0.0,False,1,1
unseen_text,d6acb4386dc04f740fd50a73,подъем груза на этаж,1.0,1.0,0.0,False,1,1
unseen_text,d6e38f0955d3b25530d72f49,химчистка ковра,1.0,1.0,0.0,False,1,1
unseen_text,d70c6b92277040ef21d512a3,выкуп ps4,1.0,1.0,0.0,False,1,1
unseen_text,d71988f81e5543f58db9c6ec,подбор краски,1.0,1.0,0.0,False,1,1
unseen_text,d71a0cece88182d77ce81f9e,заточка ножей для гильотины,1.0,1.0,0.0,False,1,1
unseen_text,d8a4089bb8e764eb8f82dd1b,тату мастер,1.0,1.0,0.0,False,2,2
unseen_text,d8c6384fb3fd9c0da934f989,рвд,1.0,1.0,0.0,False,1,1
unseen_text,d91c3b9f3dde79f4fa273533,база отдыха с бассейном и рыбалкой,1.0,0.0,-1.0,False,1,1
unseen_text,d96319fcdfae1ddfd13b1ad0,копка траншеи вручную,1.0,1.0,0.0,False,1,1
unseen_text,d98a2daa041f2f6dc41b6341,термех,1.0,1.0,0.0,False,1,1
unseen_text,da0f1d20d24bf3596abcbd33,скупка компьютерных комплектующих,1.0,1.0,0.0,False,1,1
unseen_text,da282635c32aab9b9fa673f6,декор на свадьбу,1.0,1.0,0.0,False,1,1
unseen_text,da764828c270c7577122b17c,авто юрист по дтп,1.0,1.0,0.0,False,1,1
unseen_text,dae7b0f642fc96fd521fc6c0,сиделка с проживанием,1.0,1.0,0.0,False,1,1
unseen_text,db0210ead357c2e35a0c0473,плиточник укладка,1.0,1.0,0.0,False,1,1
unseen_text,db35a89251cc64cfb29fcb57,аренда бункера под мусор,1.0,1.0,0.0,False,2,2
unseen_text,db991e8a4fad4a0aaf5887bf,мастер на час,1.0,1.0,0.0,False,1,1
unseen_text,dc80bd86d4d31c5ead070b65,полиграф детектор лжи,1.0,1.0,0.0,False,1,1
unseen_text,dc8e7726559eab17e66f8e07,мини бар с карликами,1.0,1.0,0.0,False,1,1
unseen_text,ddb6d405c0680f9947a1119c,установить замок,1.0,1.0,0.0,False,1,1
unseen_text,dde44e967e2f7bd8cc115b6d,аренда экскаватора,1.0,1.0,0.0,False,1,1
unseen_text,de1cba8d573daf5f3fa576eb,торцевая пила аренда,1.0,1.0,0.0,False,1,1
unseen_text,de2bbf1c37104563eedd8a75,аренда светового оборудования,1.0,1.0,0.0,False,1,1
unseen_text,de402263ce0b0b527b547727,модель тфп,1.0,1.0,0.0,False,1,1
unseen_text,de994f1ec6cc9df13a11df0e,ремонт туалета пвх панелями,1.0,1.0,0.0,False,1,1
unseen_text,deccce08a30f60f3f5a80ab7,ушить одежду,1.0,1.0,0.0,False,1,1
unseen_text,ded9a7d2efc82a7cdfd79880,обучение косметологии,1.0,1.0,0.0,False,1,1
unseen_text,deed93e7179015acdc2e9601,самосвал,1.0,1.0,0.0,False,1,1
unseen_text,df512114e06ed267bb530c11,окрашивание волос airtouch,1.0,1.0,0.0,False,1,1
unseen_text,df8fc0b6110d9ce79096497e,закуски фуршет,1.0,1.0,0.0,False,1,1
unseen_text,dfac800cc882deb9f1468fe4,аренда место для лашмейкера,1.0,1.0,0.0,False,1,1
unseen_text,e08d992d826a9d7e99840127,художественное литье,1.0,1.0,0.0,False,1,1
unseen_text,e0d2b1c29bd6b71c16d6a743,печать планов эвакуации,1.0,1.0,0.0,False,1,1
unseen_text,e0feee5688a5fa4e6a1871f6,прошивка эбу,1.0,1.0,0.0,False,1,1
unseen_text,e1082dcd349bfd1a7cfc04a0,создать apple id,1.0,1.0,0.0,False,1,1
unseen_text,e2950a81dfbdc0c9c8649d9f,лофт на день рождения,1.0,1.0,0.0,False,1,1
unseen_text,e2e3fc70b77230510c1ceec0,прием металла,1.0,1.0,0.0,False,1,1
unseen_text,e301c01de0893c367f23cee0,аренда минивена с водителем,1.0,1.0,0.0,False,1,1
unseen_text,e4203b0ea2a766c6b82b05de,установка входных металлических дверей,1.0,1.0,0.0,False,1,1
unseen_text,e429b1ddb75fc35ece5dcbd9,широкоформатное сканирование,1.0,1.0,0.0,False,1,1
unseen_text,e4629ad98f8692e69198fc69,тренер по бальным танцам,1.0,1.0,0.0,False,1,1
unseen_text,e47cbf551fd7b5f621c6cf90,ремонт санузла,1.0,1.0,0.0,False,1,1
unseen_text,e54bf0221f2941abbaedefc2,ремонт ключей от машины,1.0,1.0,0.0,False,1,1
unseen_text,e5506b97e0402764ebd5a91b,косметолог ботокс для лица,1.0,1.0,0.0,False,1,1
unseen_text,e57d522f69500ec14df91a90,эвакуатор шахты,1.0,1.0,0.0,False,1,1
unseen_text,e5bd14d8eda354056c30b370,аренда автобуса 35 мест,1.0,1.0,0.0,False,1,1
unseen_text,e608daea753db8219eb8acc8,монтаж камина,1.0,1.0,0.0,False,1,1
unseen_text,e6346666607b41d2ad3c8832,фабрика пошива одежды,1.0,1.0,0.0,False,1,1
unseen_text,e6901b9f9698c278c3a90bcc,повесить карниз,1.0,1.0,0.0,False,1,1
unseen_text,e734e2128b9e3c248675b2f5,аренда автомобиль,1.0,1.0,0.0,False,1,1
unseen_text,e742d00a369605d251c34602,деревянный пол на лагах,1.0,1.0,0.0,False,1,1
unseen_text,e75bf185579a74cc82d8a8c9,установка замков на входную металлическую,1.0,1.0,0.0,False,1,1
unseen_text,e7bcf58e170a28b5d515c4ea,ремонт окон schuco,1.0,1.0,0.0,False,1,1
unseen_text,e8708108cdfbd8c8effdf990,реклама,1.0,1.0,0.0,False,1,1
unseen_text,e89337d137853181dd70388f,ремонт стеклопакетов дверей,1.0,1.0,0.0,False,1,1
unseen_text,e8b273dc18bb9aa9aafd3610,тату мастер реализм,1.0,1.0,0.0,False,1,1
unseen_text,e8fa29915270baebb62396b5,приму древесные отходы,1.0,1.0,0.0,False,1,1
unseen_text,e90ab98cbdfe6075e48df2f0,изготовление наружной рекламы на плотере,0.0,1.0,1.0,False,1,1
unseen_text,e917b2d41ca8b96644c17f01,фотобудка,1.0,1.0,0.0,False,2,2
unseen_text,e99c81da764537ea7be1568d,часы ссср в ремонт,1.0,1.0,0.0,False,1,1
unseen_text,ea0924eab6acd0507ec4266d,изготовление и монтаж москитных сеток,1.0,1.0,0.0,False,1,1
unseen_text,ea184b63334e34d623c68f98,подключение сабвуфера,1.0,1.0,0.0,False,1,1
unseen_text,ea77805e6d534afd45971178,аренда домкрата,1.0,1.0,0.0,False,1,1
unseen_text,ea7a24d8641155146694b576,аниматоры квесты,1.0,1.0,0.0,False,1,1
unseen_text,eac20a882a5040640542cdc7,подбор авто,1.0,1.0,0.0,False,1,1
unseen_text,ead0dae5cbeb49b6366d86b3,доставка из сша,1.0,1.0,0.0,False,1,1
unseen_text,ead65c99528acde37fd2ede4,установщик кондиционеров,1.0,1.0,0.0,False,1,1
unseen_text,eaf57b38e98a2a8bf1070a44,мини кун,1.0,1.0,0.0,False,1,1
unseen_text,eb3aac233c2ec927dc653201,стилист по волосам,1.0,1.0,0.0,False,1,1
unseen_text,ebd6e57abd234da14299eedb,мобильная съемка,1.0,1.0,0.0,False,2,2
unseen_text,ebe20ae9a81412e99a5a5ae6,ремонт и установка гбо,1.0,1.0,0.0,False,1,1
unseen_text,ebff01f3212c480dad40aebf,заменить аккумулятор на iphone,1.0,1.0,0.0,False,1,1
unseen_text,ec2654e836b930ff6638c135,перфоратор,1.0,1.0,0.0,False,1,1
unseen_text,ec6f1e18ded1f6864079781b,детские мастер классы выездные,1.0,1.0,0.0,False,1,1
unseen_text,edaef58f28fe8c12883b7f81,реабилитация после инсульта,1.0,1.0,0.0,False,1,1
unseen_text,edbc3210951030650141c956,чистка газового котла,1.0,1.0,0.0,False,1,1
unseen_text,ee3ba2701432ba67d8308ba2,оклейка пленкой. интерьер,1.0,1.0,0.0,False,1,1
unseen_text,eec764bd8c2b43f7c34abfe4,юридическая проверка квартиры,1.0,1.0,0.0,False,1,1
unseen_text,ef6e50378035f44200b9898a,цветная печать a4,1.0,1.0,0.0,False,1,1
unseen_text,f0ea26bff5f6fe62d216aa77,покраска рамы велосипеда,1.0,1.0,0.0,False,1,1
unseen_text,f11db1a92677a048d75ee916,клининг уборка,1.0,1.0,0.0,False,1,1
unseen_text,f15de1568e87eddef3ac222e,сварка дисков,1.0,1.0,0.0,False,1,1
unseen_text,f2208103d7f914c7ab8bccc3,ремонт бамперов пайка пластика ремонт креплений,1.0,1.0,0.0,False,1,1
unseen_text,f23648e63ca62b06a0935529,ремонт кожи сидений авто,1.0,1.0,0.0,False,1,1
unseen_text,f2a4a712c3408d0391d6fed3,вывоз мусора с участка,1.0,1.0,0.0,False,1,1
unseen_text,f2a8d81a80dc8bc1735eaedd,выровнять участок,1.0,1.0,0.0,False,1,1
unseen_text,f38199eaa146dd39deb5c095,удаление татуажа бровей,1.0,1.0,0.0,False,1,1
unseen_text,f38289d312a095363332b12b,реабилитолог на дом,1.0,1.0,0.0,False,1,1
unseen_text,f39afc74bba49ffdad0fda93,продам фотоаппарат,1.0,0.0,-1.0,False,1,1
unseen_text,f3af9caa93b1b45336150102,сауна с джакузи,1.0,1.0,0.0,False,1,1
unseen_text,f3e1e08319073e22ed3bf361,репетитор японский,1.0,1.0,0.0,False,1,1
unseen_text,f3ea8ccea8b7bb9c3d899386,установка windows 11,1.0,1.0,0.0,False,1,1
unseen_text,f40c93f8075509191d39c56d,скупка монет,1.0,1.0,0.0,False,1,1
unseen_text,f48014ae432a9888760760c0,вымыть окна в квартире,1.0,1.0,0.0,False,1,1
unseen_text,f4898237ea5c146679d0a8d9,репетитор русский язык,1.0,1.0,0.0,False,1,1
unseen_text,f5452194230c105ae1bbd6ca,осинезатор,1.0,1.0,0.0,False,1,1
unseen_text,f5fdc3880f6c6817730bf3f4,карта зарубежного банка выпустить,1.0,1.0,0.0,False,1,1
unseen_text,f65416fa28fa63edde2aa083,дом а фрейм снять,0.0,1.0,1.0,False,1,1
unseen_text,f68ad33e3513a6cf7ac303ad,распил лдсп на чпу,1.0,1.0,0.0,False,1,1
unseen_text,f72911ffcccdb9f75b2e0291,завивка волос,1.0,1.0,0.0,False,1,1
unseen_text,f757e04daec9846e259c9a34,айклауд создать,0.0,0.0,0.0,False,1,0
unseen_text,f794e75f464e552f5d9811aa,написание индивидуального проекта для колледжа,1.0,1.0,0.0,False,1,1
unseen_text,f7b4c246cdd921dbd52d42b5,лофт для мероприятий,0.0,0.0,0.0,False,1,1
unseen_text,f801ac5a4a130f28bf509ea8,скупка бытовой техники,1.0,1.0,0.0,False,1,1
unseen_text,f992bfc0f2d4abd3802315c9,ресницы лэд,1.0,1.0,0.0,False,1,1
unseen_text,faa2e3c8e9e717d715654b08,база отдыха зеленый остров,1.0,1.0,0.0,False,1,1
unseen_text,fb3733317bad22b586a69258,ножничный подъемник,1.0,1.0,0.0,False,1,1
unseen_text,fb8409b7ef7849c2b2805c75,напыление бровей,1.0,1.0,0.0,False,1,1
unseen_text,fb982b53cad8f4e47a8e03d9,откачка выгребных ям,1.0,1.0,0.0,False,1,1
unseen_text,fce310c15ca3e820fed81607,трактор планировка,1.0,1.0,0.0,False,1,1
unseen_text,fda568cfd8996900fa9273a7,покраска мебельных фасадов,1.0,1.0,0.0,False,1,1
unseen_text,fe07f1fa8e18d9563c8ea191,монтаж потолка из гипсокартона,0.0,1.0,1.0,False,1,1
unseen_text,fe889731d58259bf56c4eba6,ремонт мебели рестоврация,0.0,0.0,0.0,False,1,1
unseen_text,fef1f135acf2208f57c830b8,выездной бар,1.0,1.0,0.0,False,1,1
unseen_text,fef35aa8f81f27b27c9badd3,отделка ванной пвх панелями,1.0,1.0,0.0,False,1,1
unseen_text,ff105a2b9caadb2f40b23b9e,замена стекла в межкомнатной двери,1.0,1.0,0.0,False,1,1
unseen_text,ff181e34bb01d7e76f978b4c,замена стекла в стеклопакете,1.0,1.0,0.0,False,1,1
unseen_text,ff80f3bc2fde389961d687fa,свадьба на природе,1.0,1.0,0.0,False,1,1
unseen_text,ffb66d077194889cb21113ff,аренда биотуалета,1.0,1.0,0.0,False,1,1
unseen_text,ffcd2790719e85fcef95e969,повесить зеркало,1.0,1.0,0.0,False,1,1
unseen_text,ffd67f089e70f27a5c5bd037,чистка сплит системы,1.0,1.0,0.0,False,1,1
unseen_text,00361eb2f0c70cece2254122,поиск по архивам,1.0,1.0,0.0,False,1,1
unseen_text,006ce696de21634eb56e7486,дом отдыха с бассейном снять,1.0,1.0,0.0,False,1,1
unseen_text,00778df480b4743739d72fe6,ремонт вывесок,1.0,1.0,0.0,False,1,1
unseen_text,01dcc87e32cc2cbca755c20c,куплю пустые баллоны из под фреона,1.0,1.0,0.0,False,1,1
unseen_text,01e1899f62d90850aaa245de,мастер класс по рисованию,1.0,1.0,0.0,False,1,1
unseen_text,01fbbf4d9774c9e76cbc0c1d,замена тачскрина,0.0,0.0,0.0,False,1,1
unseen_text,0221ed61789042b65776e837,анодирование,1.0,1.0,0.0,False,1,1
unseen_text,0258809c3471cc864929929b,восстановление аккумуляторов,1.0,1.0,0.0,False,1,1
unseen_text,0264342abf8d8733fe354062,восстановление информации с жесткого диска,1.0,1.0,0.0,False,1,1
unseen_text,02e8661aca9d210f53e91d12,чистка стирка ковров с вывозом,1.0,1.0,0.0,False,1,1
unseen_text,02ee09295be60aad31c0bdf2,пескоструйная обработка кирпича,1.0,1.0,0.0,False,1,1
unseen_text,04665ec2246b7885c4f79698,лофт,0.75,0.75,0.0,False,4,4
unseen_text,04ab050c46a87382af9ac8aa,установка акриловый вкладыша в ванну,0.0,0.0,0.0,False,1,1
unseen_text,0524c220c712147aa3394923,такси по городу,1.0,1.0,0.0,False,1,1
unseen_text,05859e26014cd366ae3191aa,проколы под дорогой,1.0,1.0,0.0,False,1,1
unseen_text,0612072d971f591dc4c9888f,изготовление памятников,1.0,1.0,0.0,False,1,1
unseen_text,067407b6649580d98af330cd,обслуживание бассейна,1.0,1.0,0.0,False,1,1
unseen_text,06760b855a1a7f77ced9536f,остекление балкона,0.0,0.0,0.0,False,1,1
unseen_text,06d38e35334e863cef106083,свет на свадьбу,1.0,1.0,0.0,False,1,1
unseen_text,06ff188f29ac18261a196823,баня с бассейном и мангалом,1.0,1.0,0.0,False,2,2
unseen_text,07bad2a4cd1366f424eac155,сплав на байдарках,1.0,1.0,0.0,False,1,1
unseen_text,07c889d8cb75d0c71301a1c6,установка зеркал,1.0,1.0,0.0,False,1,1
unseen_text,0827ce3161d6075b7db53394,резка плитки,1.0,1.0,0.0,False,1,1
unseen_text,08612c67cf5ebaa655781b86,ремонт крыши балкона,1.0,1.0,0.0,False,1,1
unseen_text,08a9fe7d295e82400d801903,экскурсия по владивостоку с авто,1.0,1.0,0.0,False,1,1
unseen_text,08dd3b84b788b85c73b88540,торт 3 шоколада,0.0,0.0,0.0,False,1,1
unseen_text,09064fdd91cbbb3503d4b170,пригоню авто из белоруссия,1.0,1.0,0.0,False,1,1
unseen_text,098ed95716091bfa988e0aae,пайка трубы пнд,1.0,1.0,0.0,False,1,1
unseen_text,09c041cdc40498c8b10309b8,водопровод из колодца,1.0,1.0,0.0,False,1,1
unseen_text,09d8fa64ad36d9f7d29b6b85,литье из алюминия,1.0,1.0,0.0,False,1,1
unseen_text,0a67bef5b161604b23f03630,подравнивание кончиков,1.0,1.0,0.0,False,1,1
unseen_text,0ac0e41a9ce9268cd578b244,ремонт газового бойлера,1.0,1.0,0.0,False,1,1
unseen_text,0b149994f2a3bcd8c029172f,вакцинация собак,1.0,1.0,0.0,False,1,1
unseen_text,0b7074844796bdb89e9533c9,отзывы яндекс,1.0,1.0,0.0,False,1,1
unseen_text,0c7561f35dab8c5a91a30245,ремонт нивелиров,1.0,1.0,0.0,False,1,1
unseen_text,0ca4da068af35f8228fe732f,тонар,1.0,1.0,0.0,False,1,1
unseen_text,0ce3d188aa8252a7f850792e,проектирование апс соуэ,1.0,1.0,0.0,False,1,1
unseen_text,0cff010c6e6ef21aa6f81dbc,отправка посылок из калининграда,1.0,1.0,0.0,False,1,1
unseen_text,0d2621068cd26cb501bd6668,проем в стене,1.0,1.0,0.0,False,1,1
unseen_text,0d3a478d25c45a551156af1a,аренда помещения на праздник,0.0,0.0,0.0,False,1,1
unseen_text,0d447a506ed1a8245adee247,мастер по ремонту ванной комнаты,0.0,0.0,0.0,False,1,1
unseen_text,0d44f47fe3c6b9f4a8f19b4c,пленка на крышу,1.0,1.0,0.0,False,1,1
unseen_text,0dfd2be004cf7343b6b8926a,вынести диван,1.0,1.0,0.0,False,1,1
unseen_text,0eb2fadf9f827cf955bc52be,чистка крыш,1.0,1.0,0.0,False,1,1
unseen_text,0eb392a005fa62be2b99aab1,авто под выкуп от частных лиц,1.0,1.0,0.0,False,1,1
unseen_text,0ecf633b23672f666cfef85c,полировка стекол автомобиля,1.0,1.0,0.0,False,1,1
unseen_text,0f0959275e0738fbcd7acd50,ремонт бамперов,1.0,1.0,0.0,False,1,1
unseen_text,0f57c768fb53e9e9d48d9140,занятия с кинологом,1.0,1.0,0.0,False,1,1
unseen_text,0f822a34839ec4c82a646325,замена дверного замка,1.0,1.0,0.0,False,1,1
unseen_text,0fb023962ef59cd89f07bd53,прошивка эбу ваз,1.0,1.0,0.0,False,1,1
unseen_text,1027521a7a005d9f9684ec9b,перевозки на дачу,1.0,1.0,0.0,False,1,1
unseen_text,108a52d0bbec815295fed809,авитолог,1.0,1.0,0.0,False,1,1
unseen_text,114a9fe8981fef8ba3c2350d,проектирование частных домов,1.0,1.0,0.0,False,1,1
unseen_text,116b69499a7fdf8d1b00308f,выкуп авто жигули,1.0,1.0,0.0,False,1,1
unseen_text,117aa7ef8b2e028701854952,няня с авто,1.0,1.0,0.0,False,1,1
unseen_text,1198db15e9c351cf60ba3749,дым на свадьбу,0.0,0.0,0.0,False,1,1
unseen_text,11cac9fdf9963ad550a0610c,продажа и установка кондиционеров,1.0,1.0,0.0,False,1,1
unseen_text,120cc3f5a7d2e782f018d2b0,услуги парикмахера стрижка,1.0,1.0,0.0,False,1,1
unseen_text,12289356c2716ce67a8eda9f,сайт,1.0,1.0,0.0,False,1,1
unseen_text,12c11fd46fb528aaae883ac2,прием картона,0.0,1.0,1.0,False,1,1
unseen_text,13432b4a937abf34bb83e8d8,ботокс лица,1.0,1.0,0.0,False,1,1
unseen_text,13470b5669d4134a234f47ef,ремонт гаражных ворот,1.0,1.0,0.0,False,1,1
unseen_text,13c66d0acb9fb124eac15359,ремонт пластиковых окон кудепста,1.0,1.0,0.0,False,1,1
unseen_text,13dc7a6084c0ddb11b5e7cd5,копка огорода мотоблоком,1.0,1.0,0.0,False,1,1
unseen_text,13f9cbe85c5f4e1dc87f4eeb,триколор,1.0,1.0,0.0,False,1,1
unseen_text,1411d32bd323b4023804668e,тонировка люберцы,1.0,1.0,0.0,False,1,1
unseen_text,14407777d56a6f7b47fa98c0,аренда авто выкуп,1.0,1.0,0.0,False,1,1
unseen_text,14aa428cfdb00d7dd471fe30,визитки на заказ типография,1.0,1.0,0.0,False,1,1
unseen_text,14ceda1281a3f2a51339cafe,лечебный массаж спины,1.0,1.0,0.0,False,1,1
unseen_text,15bb6b092d3bddd16d7d57d6,изготовление рвд,1.0,1.0,0.0,False,1,1
unseen_text,16ba4bb7b38d4671f52e17ff,ремонт цветочных холодильников,1.0,0.0,-1.0,False,1,1
unseen_text,16d97df1673e1f17fdc01e33,мастер по ремонту велосипедов,1.0,1.0,0.0,False,1,1
unseen_text,16e4f72d908591cec3bba725,детский логопед,1.0,1.0,0.0,False,1,1
unseen_text,170ed78081493c9d930e7edc,реболл видеокарт,1.0,1.0,0.0,False,1,1
unseen_text,17b8e6e216efade845b76e68,хамам с бассейном,1.0,1.0,0.0,False,1,1
unseen_text,17cb861553ab20242a17b39d,домик в лесу с чаном и баней,1.0,1.0,0.0,False,1,1
unseen_text,17e1f129b443245afd82fef9,отделка стен гипсокартоном,1.0,1.0,0.0,False,1,1
unseen_text,1837ec1982bb4c4c2a3a35df,прокол под дорогой,1.0,1.0,0.0,False,1,1
unseen_text,18419e23902179ad034c4225,активация скрытых функций и кодирование ford,1.0,1.0,0.0,False,1,1
unseen_text,1897dba925dc88b875384bc6,прокат карнавальных костюмов для взрослых,1.0,1.0,0.0,False,1,1
unseen_text,18e93534d7499ed5c28be277,ремонт подвески,1.0,1.0,0.0,False,1,1
unseen_text,190baf71ddbbc2a4f4b8b431,обслуживание пожарной сигнализации,1.0,1.0,0.0,False,1,1
unseen_text,19550f12dc1c57c739d6977c,юрист по административным делам,1.0,1.0,0.0,False,1,1
unseen_text,196a7e42dc12f863bfe24ba1,стены,0.0,0.0,0.0,False,1,1
unseen_text,19da69ef91d1db352bc42e37,тонировка окон дома,1.0,1.0,0.0,False,1,1
unseen_text,19f4418f9e1396702b0f024c,выкорчевать пень,1.0,1.0,0.0,False,1,1
unseen_text,1b52a3768fbdfe1f6c30c35f,бассейны/баня,0.0,0.0,0.0,False,1,1
unseen_text,1bdb17f61b78aee2490d487f,тренер по легкой атлетике,1.0,1.0,0.0,False,1,1
unseen_text,1c0fa8bdb735dafe380426ac,канализация под ключ,1.0,1.0,0.0,False,1,1
unseen_text,1c21a078b63977f47493a04a,раздача флаеров,1.0,1.0,0.0,False,1,1
unseen_text,1d15ad923151e88b80f45ebc,ремонт электроники пайка,1.0,1.0,0.0,False,1,1
unseen_text,1d63518b0879661a9e5b5758,окрашивание яркие цвета,1.0,1.0,0.0,False,1,1
unseen_text,1d94df454f6cfb3f7086c6de,ремонт дивана,1.0,1.0,0.0,False,1,1
unseen_text,1e86b491a98fecb5fcbc9b53,аренда ноутбука,1.0,1.0,0.0,False,1,1
unseen_text,1e9d8a266f8002c41b688270,ремонт и установка водонагревателей,1.0,1.0,0.0,False,1,1
unseen_text,1f169da3dc40da79c415131d,укладка брусчатки,1.0,1.0,0.0,False,1,1
unseen_text,1f4e04516f7ba246327020eb,аренда садового катка,1.0,1.0,0.0,False,1,1
unseen_text,1f5903b9db864046a509932d,трихолог,1.0,1.0,0.0,False,1,1
unseen_text,1f995fcbe1c58c8f71640571,илосос,0.0,0.0,0.0,False,1,0
unseen_text,2001f38abef2708f2e84f9dd,аниматоры синий трактор,1.0,1.0,0.0,False,1,1
unseen_text,2049dc662ebc6c7087857225,вывоз веток,1.0,1.0,0.0,False,1,1
unseen_text,2060e747974ce95561c6d50d,замена стекла samsung,1.0,1.0,0.0,False,1,1
unseen_text,206e9fe9c0cfb34949d43ce3,выкуп скутеров,1.0,1.0,0.0,False,1,1
unseen_text,20f6254feaf2b987cc890e4d,комплекс маникюр и педикюр,1.0,1.0,0.0,False,1,1
unseen_text,2109cc59839c204de9e362f2,установка молдингов химки,1.0,1.0,0.0,False,1,1
unseen_text,21b64082faed29d17c24e4c0,душевые,1.0,1.0,0.0,False,1,1
unseen_text,21c91c2259f592fba87ec22d,установка забора,1.0,1.0,0.0,False,1,1
unseen_text,21f9ce186ae646f9f19cc07e,столярные услуги,0.0,0.0,0.0,False,1,1
unseen_text,22228b97700db66682edad94,перевозка людей на микроавтобусе,1.0,1.0,0.0,False,1,1
unseen_text,2282764e558ccb78dddb3f95,детские танцы,1.0,1.0,0.0,False,1,1
unseen_text,228c17c94e54046ed13c8084,нанесение жидких обоев,1.0,1.0,0.0,False,1,1
unseen_text,22cf71881de7ee9ae6df00fa,пошив мягких игрушек на заказ,1.0,1.0,0.0,False,1,1
unseen_text,22ed394c7a034f1e52c8fd04,фотосессия женский портрет,1.0,1.0,0.0,False,1,1
unseen_text,238192980f76af5d62b4a935,выездной шиномонтаж,1.0,1.0,0.0,False,1,1
unseen_text,23b994aa81ac8eca7f8ed1a7,швейная фабрика,1.0,1.0,0.0,False,1,1
unseen_text,24357d425d507b893146a58f,трансфер сочи гудаута,1.0,1.0,0.0,False,1,1
unseen_text,245c374353ff45f526754855,водитель погрузчика аксай обучение,1.0,1.0,0.0,False,1,1
unseen_text,2489fff1ea64ed28bbc7f330,разблокировать iphone от айклауда,1.0,1.0,0.0,False,1,1
unseen_text,24a349166df0b97bbbf83e16,подкат,1.0,1.0,0.0,False,1,1
unseen_text,24d12e93b68cf5fc47a5dd91,фотограф и видеограф,1.0,1.0,0.0,False,1,1
unseen_text,2523574122a26f8bbcd8fc15,настройка vps под ключ,1.0,1.0,0.0,False,1,1
unseen_text,26c6502997b474975d5bec67,доставка пгс песок,1.0,1.0,0.0,False,1,1
unseen_text,26d32b89a1598c94cc4e3b3f,аренда лофта для вечеринки,1.0,1.0,0.0,False,1,1
unseen_text,26e0eac85359f0722804d229,ломовоз услуи,1.0,1.0,0.0,False,1,1
unseen_text,26ee235bad02a0e8b1484f9d,печать полиграфия,1.0,1.0,0.0,False,1,1
unseen_text,273a5748b745afc148dbb6bd,чистка консолей,1.0,1.0,0.0,False,1,1
unseen_text,279bfffbac5a4e349ce360b9,наращивание ногтей северный,1.0,1.0,0.0,False,1,1
unseen_text,27c595a49ff376f8a476f92c,монтаж пленки на окна,1.0,1.0,0.0,False,1,1
unseen_text,27ca0ead9102cebb4617c5a9,установка люстр,0.0,0.0,0.0,False,1,1
unseen_text,285aa23f1024376928cb103c,ишу работу уборка каждый день,1.0,1.0,0.0,False,1,1
unseen_text,289287c3d400552f29585c29,маркировка честный знак,1.0,1.0,0.0,False,1,1
unseen_text,28c37aa5850bbc23e926abfa,детское такси,1.0,1.0,0.0,False,1,1
unseen_text,28e5b8547fd00a055fe1235b,печать на флагах,1.0,1.0,0.0,False,1,1
unseen_text,29793a2eb3e8986c11e3e2a2,шоу на праздник,1.0,1.0,0.0,False,1,1
unseen_text,29f01b5aa4b55e0bb09a51a8,сургут ногти,1.0,1.0,0.0,False,1,1
unseen_text,2a43f293e55f93e1f7668bdc,разнорабочий голицыно,1.0,1.0,0.0,False,1,1
unseen_text,2a70f8133891e1a486e2b628,ремонт домофона видеодомофона,1.0,1.0,0.0,False,1,1
unseen_text,2a841d9d8763a9bb16625c1e,настройка карбюратора с выездом,1.0,1.0,0.0,False,1,1
unseen_text,2ac933a11b3e8807cacc7c04,вывоз мусора 15 кубов,0.0,0.0,0.0,False,1,1
unseen_text,2bc191a17dbc2a6b047f04e0,установить кондиционер,1.0,1.0,0.0,False,1,1
unseen_text,2c03d4e42dcad4dd6bf61899,эконометрика,1.0,1.0,0.0,False,1,1
unseen_text,2c05f7d7fed6fd141b639e7d,гнб,1.0,1.0,0.0,False,1,1
unseen_text,2c842a460d721480a6c88e9c,контейнер для мусора 8 м3 аренда,0.0,0.0,0.0,False,1,1
unseen_text,2cb512e192b460878403b147,разуклонка участка,1.0,1.0,0.0,False,1,1
unseen_text,2d76606077b6bbd8c8828625,винтовые сваи под ключ,1.0,1.0,0.0,False,1,1
unseen_text,2d948275dcf1db60a85ad71c,монтаж трубостойки,1.0,1.0,0.0,False,1,1
unseen_text,2dc8084acba3a050acd11064,домашняя еда на заказ,1.0,1.0,0.0,False,1,1
unseen_text,2dd002340e4be5f20ed17fc0,аренда бензогенератора,1.0,1.0,0.0,False,1,1
unseen_text,2e2299933efe78dc7ff4d6a0,регистрация честный знак,1.0,1.0,0.0,False,1,1
unseen_text,2e5f1bc58e94f0c76a13c204,трехгорка,1.0,1.0,0.0,False,1,1
unseen_text,2e8448063562c6b01cf8ba22,слесарь сантехник прочистка канализации,1.0,1.0,0.0,False,1,1
unseen_text,2eaf36d2076020c259ffdede,покраска решеток на окнах,0.0,0.0,0.0,False,1,0
unseen_text,2f480c0f89256e72b78c96aa,сантехник люберцы,1.0,1.0,0.0,False,1,1
unseen_text,314424c8effc2b62f7c061b7,банный чан,1.0,1.0,0.0,False,1,1
unseen_text,31471d89ce02c99b9e482138,бетононасос,1.0,1.0,0.0,False,1,1
unseen_text,318b577d6990999cc072d87b,замена смесителя,1.0,1.0,0.0,False,1,1
unseen_text,31f6041bc18dd35477590f19,наращивание биопротеин,1.0,1.0,0.0,False,1,1
unseen_text,324d37d6e68ad8090a844a99,липолитики лицо,1.0,1.0,0.0,False,1,1
unseen_text,3268e03712451fe929769537,роль ставни ремонт,0.0,1.0,1.0,False,1,1
unseen_text,330dcfdb1bdd0ac17d84e268,ремонт мягкой кровли гаража,1.0,1.0,0.0,False,1,1
unseen_text,33143b83626871dc8a46a428,трендовое наращивание ресниц,1.0,1.0,0.0,False,1,1
unseen_text,33a7f391cd8455df3617c4c7,психолог бесплатно,0.0,0.0,0.0,False,1,1
unseen_text,33be86259c4166e7c8443b3f,коворкинг для визажиста,1.0,1.0,0.0,False,1,1
unseen_text,33f5a7942aa695f8605ce916,полуфабрикаты,1.0,1.0,0.0,False,1,1
unseen_text,341bed48d1c38e4547849632,септик из бетонных колец,1.0,1.0,0.0,False,1,1
unseen_text,3488fb2998b4872bac083c5f,картина на холсте,1.0,1.0,0.0,False,1,1
unseen_text,34a680f01383bfca73820022,симферополь-краснодар,1.0,1.0,0.0,False,1,1
unseen_text,34abdecd77038ec7f7004b61,ремонт механизма дивана,1.0,1.0,0.0,False,1,1
unseen_text,34bf66e88ae99444417e5c00,газель пассажирская,1.0,1.0,0.0,False,1,1
unseen_text,34c0775fb084c7041a8b8a59,байер zara,1.0,1.0,0.0,False,1,1
unseen_text,351e46b2da99611340accf9a,очистка вентиляции,1.0,1.0,0.0,False,1,1
unseen_text,354d64b1b4321d40d871542d,обшивка вагонкой,1.0,1.0,0.0,False,1,1
unseen_text,364215e291c4370117655546,массаж в спб расслабляющий с релаксам,0.0,0.0,0.0,False,1,1
unseen_text,3695a4bfa420cdd433031a56,поклейка и покраска обоев,1.0,1.0,0.0,False,1,1
unseen_text,36c1914a76db7635e150941d,аренда бобкета,1.0,1.0,0.0,False,1,1
unseen_text,3809a0e7d1d139e11ea922cc,автомастерская,1.0,1.0,0.0,False,1,1
unseen_text,3829db78767fa1ac71b5d4dc,аренда туры 15 метров,1.0,1.0,0.0,False,1,1
unseen_text,38af83195e1c9ddc9708c0de,снять авто с учета,1.0,1.0,0.0,False,1,1
unseen_text,38d005ef30f54c467bafc4cb,разрешение перевозчика такси,1.0,1.0,0.0,False,1,1
unseen_text,393319fcbe81e2eb4344f3d6,пылесос для химчистки,1.0,1.0,0.0,False,1,1
unseen_text,39ccc73748db7cf3c2c68a18,копка сливных ям,1.0,1.0,0.0,False,1,1
unseen_text,3a735699d7e10e66486d6aa3,частный займ,1.0,1.0,0.0,False,1,1
unseen_text,3b6ff3fb2df553f403a3acec,монтаж систем водоснабжения в квартире,0.0,0.0,0.0,False,1,1
unseen_text,3b75415337cd02cdc526719b,управляющий арбитражный,1.0,1.0,0.0,False,1,1
unseen_text,3b9a3c646357a115d88df3aa,ремонт телефонов iphone невидит симкарту упал и не включается,1.0,1.0,0.0,False,1,1
unseen_text,3be16074b1909bba0080dcf3,перенос откатных ворот,1.0,1.0,0.0,False,1,1
unseen_text,3bf11e7436f07462d3a10e00,ремонт скутеров с выездом,1.0,1.0,0.0,False,1,1
unseen_text,3c02c33503d10f9cf693d5c4,реставрация фотографий,1.0,1.0,0.0,False,1,1
unseen_text,3c1e02771409f62d928dae92,фрезеровка бетона,1.0,1.0,0.0,False,1,1
unseen_text,3d0d1af92c016f63149f8ab5,ремонт ресиверов denon,0.0,0.0,0.0,False,1,1
unseen_text,3d3e5adae4b34546acef8371,массаж на дому для мужшин,0.0,0.0,0.0,False,1,1
unseen_text,3d3f7f1538aa37bbea7b03c7,отделка балконов лоджий,1.0,1.0,0.0,False,1,1
unseen_text,3da9fa2ff778b59770863c64,восстановление данных,1.0,1.0,0.0,False,1,1
unseen_text,3dd13d4d30c2150a82283312,юрист по разводу,1.0,1.0,0.0,False,1,1
unseen_text,3df8e4d10763bab1cfdb279c,постановка на учет квадроцикла,1.0,1.0,0.0,False,1,1
unseen_text,3e22d0829475bbc84b5fa1cc,услуги разнорабочих,1.0,1.0,0.0,False,1,1
unseen_text,3e4253c6801ca5d6ee7a97ff,демонтировать ламинат,1.0,1.0,0.0,False,1,1
unseen_text,3f091fff4e107a800229665f,мастер по увеличению губ,1.0,1.0,0.0,False,1,1
unseen_text,3faf8b5f46b56b5700644aa3,английский для репетиторов,1.0,1.0,0.0,False,1,1
unseen_text,3fe8c5c53144e2facbf56f5a,внесение изменений в конструкцию автомобиля,1.0,1.0,0.0,False,1,1
unseen_text,3ff910dcb8fcf26810b634a3,монтаж скрытого плинтуса,1.0,1.0,0.0,False,1,1
unseen_text,40385093824aa446bc9901ed,ремонт перемотка динамиков,1.0,1.0,0.0,False,1,1
unseen_text,403aa0f2e3737836b3148f66,швея портной,1.0,1.0,0.0,False,1,1
unseen_text,4093f64fcf9dd38be49562bd,вспашка культивация,1.0,1.0,0.0,False,1,1
unseen_text,40bd0ad156a3014a4cf2bd0e,установка музыки в автомобили,1.0,1.0,0.0,False,1,1
unseen_text,41a8bfbf0e6cdcd7ef44987b,домофон мастер,1.0,1.0,0.0,False,1,1
unseen_text,4247d2c019373332a565eb26,репетитор математики,1.0,0.0,-1.0,False,1,1
unseen_text,4281087fd870cff4bae95700,вставить дверь,1.0,1.0,0.0,False,1,1
unseen_text,4325ee8b91b25e050577c98d,аренда фрезера по дереву,1.0,1.0,0.0,False,1,1
unseen_text,4357b4b7f2ce0778f88ff7da,вывоз мусора печатники,1.0,1.0,0.0,False,1,1
unseen_text,43833ad9ed33ba8d3fe8b9a8,прием металолома,1.0,1.0,0.0,False,1,1
unseen_text,439a537f5e27972bc6bd154b,замена раковины в кухонном гарнитуре,1.0,1.0,0.0,False,1,1
unseen_text,439dc6683621985542bb30b2,автобус межгород,1.0,1.0,0.0,False,1,1
unseen_text,439eb446fe871fcdc3bb0f5d,армянский ансамбль,1.0,1.0,0.0,False,1,1
unseen_text,43ab4c77a64adfaa8aec882b,скупка шин,1.0,1.0,0.0,False,1,1
unseen_text,440ab92d6bf7e403a6d03627,косметолог увеличение губ,1.0,1.0,0.0,False,1,1
unseen_text,440cab6baf5b1a6a7f4876c1,баня с мангалом,1.0,1.0,0.0,False,1,1
unseen_text,443624e998e5eba94e6d9fd9,заправка кондиционера машины,1.0,1.0,0.0,False,1,1
unseen_text,443a1cb79df6c031d120926f,личный инструктор по фитнесу,1.0,1.0,0.0,False,1,1
unseen_text,44517627bac4d26ff606c7e9,сваи фундамент,1.0,1.0,0.0,False,1,1
unseen_text,448eb91f6425c0fcb20ddd6b,удаление новообразований,1.0,1.0,0.0,False,1,1
unseen_text,44ca7551019cdf7bae9e7eba,сабельная пила аренда,1.0,1.0,0.0,False,1,1
unseen_text,450c0d48627c34b5312b1c4a,авто из белоруссии,1.0,1.0,0.0,False,1,1
unseen_text,45904a50fcfb75fd10357a74,ремонт стеклоподъемников,1.0,1.0,0.0,False,1,1
unseen_text,463db70b2dae4aa86877001d,прошить ps4,1.0,1.0,0.0,False,1,1
unseen_text,464bce404d16ed020b3ad4ae,замена кухонных столешниц,1.0,1.0,0.0,False,1,1
unseen_text,4652ed355793fae088f386d4,ростов донецк,1.0,1.0,0.0,False,1,1
unseen_text,46916144e715996e4513737f,монтажник зеркал,1.0,1.0,0.0,False,1,1
unseen_text,47b476ed9ea26157eb14ffe9,сколы на лобовом,1.0,1.0,0.0,False,1,1
unseen_text,47cbd44e86d5685d0c7cdf3c,снять кабинет в аренду,1.0,1.0,0.0,False,1,1
unseen_text,481059d98f37d8b45aae6b6e,скупка смарт часов,1.0,1.0,0.0,False,1,1
unseen_text,48ac94bf6e474cd2a6e7f003,неоновая вывеска на заказ,1.0,1.0,0.0,False,1,1
unseen_text,4901a5af5d8ea6fa1d5e6b3d,чертежи в компасе,1.0,1.0,0.0,False,1,1
unseen_text,4939a2ba3818ee97d9cb4234,ремонт литиевых аккумуляторов,1.0,1.0,0.0,False,1,1
unseen_text,49910714bde0ca3f3c187db6,грузоперевозки 3 тонны,1.0,1.0,0.0,False,1,1
unseen_text,49a04b9c52bf6636cf2e17bd,окрашивание волос модель рыжый,0.0,0.0,0.0,False,1,1
unseen_text,4a951602e0768f2599d7fe1f,составить бизнес план,1.0,1.0,0.0,False,1,1
unseen_text,4c26733dec7650fa543c05a8,сценарист,1.0,1.0,0.0,False,1,1
unseen_text,4c47dee6500b7b12af3a8b2a,первичная аккредитация,1.0,1.0,0.0,False,1,1
unseen_text,4cc8e5903068f4c39153e8ee,кафельщик работа,1.0,1.0,0.0,False,1,1
unseen_text,4d68c0a412a7da4a16cd4e70,услуги переезда с грузчиками,1.0,1.0,0.0,False,1,1
unseen_text,4e4b1c8b887613ea9540a060,pdr,1.0,1.0,0.0,False,1,1
unseen_text,4e575cc63561eeba689c92f8,поездка на мотоцикле,1.0,1.0,0.0,False,2,2
unseen_text,4e734d10df402739f03e2de1,септик из бетонных колец под ключ,1.0,1.0,0.0,False,1,1
unseen_text,4eb3f1388115c2bf1075d32f,хорарный вопрос,1.0,1.0,0.0,False,1,1
unseen_text,4ed2064143d07e50fbedf998,педикюр подолог,1.0,1.0,0.0,False,1,1
unseen_text,505d5f394da0edd1a88f12be,наращивание ресниц 2d,1.0,1.0,0.0,False,1,1
unseen_text,514e603f343b606557dc7062,свадебный образ,1.0,1.0,0.0,False,1,1
unseen_text,51b3bf9141044bdf6714904c,скупка моторов двс,1.0,1.0,0.0,False,1,1
unseen_text,51f6f9065808571d5d28107f,косметология,1.0,1.0,0.0,False,1,1
unseen_text,51fff93362627c2f235b76f6,пескоструйка,1.0,1.0,0.0,False,1,1
unseen_text,5215bb2bbee27ebceab68ff6,скупка монет ссср,1.0,1.0,0.0,False,1,1
unseen_text,52559ba2a7427b8616af63e6,регистрация по месту жительства,1.0,1.0,0.0,False,1,1
unseen_text,52ad1e0308b92a5da999b834,реставрация керамогранита,1.0,1.0,0.0,False,1,1
unseen_text,52e573fd6dc661cab6569013,изготовление вывесок,1.0,1.0,0.0,False,1,1
unseen_text,531c090e1e93b0b136bd80a7,заправка кондера в авто,1.0,1.0,0.0,False,1,1
unseen_text,535c9bd2aecdc15f6aa51865,выкуп электроники,1.0,1.0,0.0,False,2,2
unseen_text,5374f278afa574e9738ea749,скупка стекла,1.0,1.0,0.0,False,1,1
unseen_text,53b5faa4c276a71f2b0de6cf,ремонт откосов,1.0,1.0,0.0,False,1,1
unseen_text,54511deb3cf0c59d750c4502,аренда террасы,0.0,0.0,0.0,False,1,1
unseen_text,548808be23a0ea698b532157,вскрытие замков дверей квартиры,1.0,1.0,0.0,False,1,1
unseen_text,54f262fc637a1bbbea329d7b,газель по городу,1.0,1.0,0.0,False,1,1
unseen_text,5560a8624e63b9c050fdc60f,шелкография,1.0,1.0,0.0,False,1,1
unseen_text,55b1b6bc11a2bcc32afc42fd,штроборез в аренду,1.0,1.0,0.0,False,1,1
unseen_text,55ca0d0ad242a3e244f1d546,коррекция тату,1.0,1.0,0.0,False,1,1
unseen_text,55f60e0e3d3d6bf2dd1559f5,натяжные стены тихие,1.0,1.0,0.0,False,1,1
unseen_text,56097063ad0acb914e9b0365,замена шкворней,1.0,1.0,0.0,False,1,1
unseen_text,56522e00f757e318ef491ad7,скупка кислородных баллонов,1.0,1.0,0.0,False,1,1
unseen_text,56f329edf9dbbf278c36106c,вывоз старой плиты,1.0,1.0,0.0,False,1,1
unseen_text,57572e2e78551c5619f19613,ламинирование волос,1.0,1.0,0.0,False,1,1
unseen_text,57a5ab3564b709ff553f9539,услуги сваекрута,1.0,1.0,0.0,False,1,1
unseen_text,57c0f63c9907ac51e3dbe11d,аренда автобуса на свадьбу,1.0,1.0,0.0,False,1,1
unseen_text,58339e79e5e4a6a948c5ec12,прокат посуды,1.0,1.0,0.0,False,1,1
unseen_text,58784b72c14e701238326af5,перевозка замороженных продуктов,1.0,1.0,0.0,False,1,1
unseen_text,58fee2c24d1ea8005b9257bf,медведя федерико феллини,1.0,1.0,0.0,False,1,1
unseen_text,5915c00fcfb802535502db7f,записаться на ресницы,1.0,0.0,-1.0,False,1,1
unseen_text,599e330ddcde06c8cd0906e2,ремонт мониторов,1.0,1.0,0.0,False,2,2
unseen_text,5ae602dd3f11d7a6a46d6f61,рыбалка на белом море,1.0,1.0,0.0,False,1,1
unseen_text,5aed053fe64f26ba10ad8fb0,скупка айфонов на запчасти,1.0,1.0,0.0,False,1,1
unseen_text,5b420f004bb22bf9a30ac5f7,реставрация мрамора,0.0,0.0,0.0,False,1,1
unseen_text,5c67bbe91b4fcc3c2a5cb201,русификация китайских автомобилей,1.0,1.0,0.0,False,1,1
unseen_text,5c7ae81cdc257202e436c79f,курсы обучение наращивание ресниц,1.0,1.0,0.0,False,1,1
unseen_text,5cadd5a3606b06a498c4959b,продать авто на разбор,1.0,1.0,0.0,False,1,1
unseen_text,5cbd59aa7c4f530befaf6e7f,ремонт мобильных телефонов,1.0,1.0,0.0,False,1,1
unseen_text,5d33483590e75fefcf5d76be,автосервис ниссан,1.0,1.0,0.0,False,1,1
unseen_text,5d4c13e46e9b889f9936d18e,шпаклевка стен под обои,1.0,1.0,0.0,False,1,1
unseen_text,5d88d2e2c0257db2e854f619,кастрация крыс,1.0,1.0,0.0,False,1,1
unseen_text,5dc3662c682e3ed8330cf8b5,аренда автомобиля с водителем s class,1.0,1.0,0.0,False,1,1
unseen_text,5dc698e7c0560409d59c5cfd,слесарь ремонт замков двери,1.0,1.0,0.0,False,1,1
unseen_text,5dd513a845e7e6c2654acab8,стирка ковров с вывозом,1.0,1.0,0.0,False,1,1
unseen_text,5efb7cf46b32768618c6f097,волосковые брови,1.0,1.0,0.0,False,1,1
unseen_text,5f0d5d9ea0e214e0734e4d5d,репетитор по флейте,1.0,1.0,0.0,False,1,1
unseen_text,6081417e4111f0c8fdb4285c,экспертиза квартиры,1.0,1.0,0.0,False,1,1
unseen_text,608237cda5c298eeb3cd223d,автоперевозки,1.0,1.0,0.0,False,1,1
unseen_text,609be1e3e2125ac2fcacf9ea,лабораторное шоу аниматоры,1.0,1.0,0.0,False,1,1
unseen_text,61834e30f2a8b96acaa97669,дома из клееного бруса,1.0,1.0,0.0,False,1,1
unseen_text,619151dcaca7a98cf6f33375,восстановить телеграмм,1.0,1.0,0.0,False,1,1
unseen_text,619657b19bb59d3dc6968fef,вывоз грунта,1.0,1.0,0.0,False,2,2
unseen_text,61d6608b58a626c9751c9a19,баня кумысная поляна,1.0,1.0,0.0,False,1,1
unseen_text,61e0827eaf21e9cf4b7c9969,написание статьи вак,1.0,1.0,0.0,False,1,1
unseen_text,61f7804bc7f8cc199dc01d5d,табличка из нержавейки на крест,1.0,1.0,0.0,False,1,1
unseen_text,620178d42e2acf93daabb240,вывоз ненужной мебели бесплатно,1.0,1.0,0.0,False,2,2
unseen_text,621278a99d5f276e2c43eed2,отдых,1.0,1.0,0.0,False,1,1
unseen_text,623cb6f957b656d9430fe690,липолиз,1.0,1.0,0.0,False,1,1
unseen_text,6299af6f9a3fc5b3a0751635,заберу металлолома,1.0,1.0,0.0,False,1,1
unseen_text,62f909ec0df8654d9c6c1a87,учитель гитары,1.0,1.0,0.0,False,1,1
unseen_text,631d92a2acb02e1d4a141b7e,сантехнические перегородки,0.0,0.0,0.0,False,1,0
unseen_text,6396ef4510f51109e9394d9d,грузо такси,1.0,1.0,0.0,False,1,1
unseen_text,63b5865612c6704a469f571c,услуги электрика электромонтаж,1.0,1.0,0.0,False,1,1
unseen_text,63f2d63ebba7001a1022f449,сборщик кухни,1.0,1.0,0.0,False,1,1
unseen_text,642371d95f9b8259c15444fa,услуги юриста бесплатная консультация,1.0,1.0,0.0,False,1,1
unseen_text,649f29f6cc3a546280d9c4d7,рефенансирование кредита,1.0,1.0,0.0,False,1,1
unseen_text,64a840ba6c2e625559d5b466,укладка волос прически,1.0,1.0,0.0,False,1,1
unseen_text,64bbafe552fc4acf296791f4,аренда стремянки,1.0,1.0,0.0,False,1,1
unseen_text,64ebaf2235b66837e19a3d26,1 с,1.0,1.0,0.0,False,1,1
unseen_text,650237996935749da72af3c1,виза в китай,1.0,1.0,0.0,False,1,1
unseen_text,6534edfe82166bfb712fda08,отделка бани,1.0,1.0,0.0,False,1,1
unseen_text,655e3ab5c0d32ce2f5b76b0a,собеседник на час мужчина,1.0,1.0,0.0,False,1,1
unseen_text,6568a627be692fb735eedae9,установка системы очистки воды,1.0,1.0,0.0,False,1,1
unseen_text,656dfbfc8d5387f224f409a1,снос домов,1.0,1.0,0.0,False,1,1
unseen_text,65bc3bac07fff193dfe6bbd0,трансфер маршрутка,1.0,1.0,0.0,False,1,1
unseen_text,65e6d23bf2cd7c181d849f64,семейный адвокат,1.0,1.0,0.0,False,1,1
unseen_text,6692e56f32bdfeb3b6119945,мужской психолог,1.0,1.0,0.0,False,1,1
unseen_text,66c5e742ec3151e18ca38ab0,услуги по переезду,1.0,1.0,0.0,False,1,1
unseen_text,66c6371fe22a29045aaaa2ec,почасовая аренда массажного кабинета,1.0,1.0,0.0,False,1,1
unseen_text,66d4a051d0c2565d8ef1ce4e,шары цифры,1.0,1.0,0.0,False,1,1
unseen_text,66f5403a2e51b6793bb81824,аренда оборудования,0.0,0.0,0.0,False,1,1
unseen_text,6733e9e82fb089f9601eb7da,видеосъемка,1.0,1.0,0.0,False,1,1
unseen_text,685adf7d3bd3fe45ca3c440c,изготовление статуэток,0.0,1.0,1.0,False,1,1
unseen_text,689a8a9d1df0bdb874708cc0,обучение массажу,1.0,1.0,0.0,False,1,1
unseen_text,689efdec344c06a560dfde29,сварочные работы аргон,1.0,1.0,0.0,False,1,1
unseen_text,689f78c985c83d50fa7ea975,прическа на выпускной в школу,1.0,1.0,0.0,False,1,1
unseen_text,697bd82ee7390e1ac3df9fb3,установка стеновых панелей,1.0,1.0,0.0,False,1,1
unseen_text,69a3acb6759e74719ccd67ed,газонный каток в аренду,1.0,1.0,0.0,False,1,1
unseen_text,69e552bc67b838c8ecd26ff5,услуги ямобура бурение,1.0,1.0,0.0,False,1,1
unseen_text,6b435ba117274ddc3bd78f1d,снести стену,1.0,1.0,0.0,False,1,1
unseen_text,6b86863dd7278e2c44fad8d9,скупка вывоз и утилизация бытовой техники,1.0,1.0,0.0,False,1,1
unseen_text,6bb5c4364871bc0ab567809d,обучение педикюр,1.0,1.0,0.0,False,1,1
unseen_text,6bf49773fd96aa37a70c31ae,доставка мебели по городу кемерово,1.0,1.0,0.0,False,1,1
unseen_text,6bff2e6ef63aa281199ded33,скупка мотоциклов,0.0,1.0,1.0,False,1,1
unseen_text,6c780c2b4d7cc89177d2a209,спутниковый интернет,1.0,1.0,0.0,False,1,1
unseen_text,6ce15352c64f5edcd63b3688,аренда обжим,1.0,1.0,0.0,False,1,1
unseen_text,6cea5d9c7f0953949cf803af,вынос старой мебели из квартиры,1.0,1.0,0.0,False,1,1
unseen_text,6d0fc8416389707aff63c53a,инструктор по вождению lada granta,1.0,1.0,0.0,False,1,1
unseen_text,6e097d102e428235a19ab40e,ретушь фотографий на памятник,1.0,1.0,0.0,False,1,1
unseen_text,6e1efc155a429b8b3cd739a3,просушка квартиры после затопления,1.0,1.0,0.0,False,1,1
unseen_text,6e6d601d78cceec19ded7d56,разблокировать iphone,1.0,1.0,0.0,False,1,1
unseen_text,6e925018b290d1124025216b,аренда салона красоты,1.0,1.0,0.0,False,1,1
unseen_text,6f3aeacf405ac634582f563e,мастер по напольным покрытиям,1.0,1.0,0.0,False,1,1
unseen_text,6f5b5185c9ed085c550d24c8,реанимация растений,1.0,1.0,0.0,False,1,1
unseen_text,6f92ae7f9e888718b341aa4a,удаление краш даты,1.0,1.0,0.0,False,1,1
unseen_text,6fcffbef5e43c700600b7572,полиграфические услуги,1.0,1.0,0.0,False,1,1
unseen_text,6fddbfd3bbe1dc66c1b6f56e,технический проект планировки,1.0,1.0,0.0,False,1,1
unseen_text,7028e966c520fc23181282f1,дверные проемы,1.0,1.0,0.0,False,1,1
unseen_text,7034d4fcf30a3f739119c290,макаронс,1.0,1.0,0.0,False,1,1
unseen_text,7077c015c694a714f97544d6,заправка фрионом,1.0,1.0,0.0,False,1,1
unseen_text,70a445f791d79a2b8f00c8ac,изготовление штампа,1.0,1.0,0.0,False,1,1
unseen_text,714cf445c1d327453f9aab2e,услуги педикюра,1.0,1.0,0.0,False,1,1
unseen_text,71731a2f78f7541c6541ef88,промывка отопления,1.0,1.0,0.0,False,2,2
unseen_text,721df29b330347c3a41171bf,открыть машину ло,1.0,1.0,0.0,False,1,1
unseen_text,721ef7d19fff33a48a0e403b,power query,1.0,1.0,0.0,False,1,1
unseen_text,722aba67395afbd7c57e8cbb,банщик,1.0,1.0,0.0,False,1,1
unseen_text,7255c291d8ddc3630922f261,ремонт тентов полуприцепов,1.0,1.0,0.0,False,1,1
unseen_text,729c0b77b5133868f5eca13f,монолитчики,1.0,1.0,0.0,False,1,1
unseen_text,72f9cd085cf811d2f77eaac6,доставка земли грунта,1.0,1.0,0.0,False,1,1
unseen_text,737b454fd6ed696c7a5cb806,отсыпка участка выравнивание,1.0,1.0,0.0,False,1,1
unseen_text,73ba7455e5f5a9b1c4fa6c54,гальваника,1.0,1.0,0.0,False,1,1
unseen_text,73c142e19f6e50d07d9909b8,замена счетчиков воды,1.0,1.0,0.0,False,1,1
unseen_text,73c24e07de36b21c69698251,сварка аргоном выезд,1.0,1.0,0.0,False,1,1
unseen_text,753c9360b7d2d23cb4f7677c,3д печать на заказ,1.0,1.0,0.0,False,1,1
unseen_text,7631ddec27e2ae261870326e,подготовка к школе 1 класс,1.0,1.0,0.0,False,1,1
unseen_text,7642d75f03ef7b595d534700,татуаж,1.0,1.0,0.0,False,1,1
unseen_text,76e5e25c66700e93026dce19,курсы кройки и шитья,1.0,1.0,0.0,False,1,1
unseen_text,77645fb0b4eeb92cbb2bb9ec,принимаем катализаторы,1.0,1.0,0.0,False,1,1
unseen_text,77a791379107bacda7fa15ba,кладка газоблока,1.0,1.0,0.0,False,1,1
unseen_text,78b232507d602b02d4ece50f,памятник из гранита,1.0,1.0,0.0,False,1,1
unseen_text,78c9f053621ceaa113360465,образ невесты,1.0,1.0,0.0,False,1,1
unseen_text,78dd7bd221a90f0a5d185b9f,кровельные работы,1.0,1.0,0.0,False,1,1
unseen_text,78ee778cdf377e416936d8e1,груминг с выездом на дом,1.0,1.0,0.0,False,1,1
unseen_text,78eec6722fb8b5ee1b2edf7b,аренда kia k5 на свадьбу,1.0,1.0,0.0,False,1,1
unseen_text,796a17a24f13d025355793ac,платная рыбалка,0.0,0.0,0.0,False,1,1
unseen_text,797c9b5fde9afd1747911c61,перетяжка кухонных фасадов пленкой,1.0,1.0,0.0,False,1,1
unseen_text,7a9ceb34bb7f749b26385108,установка напольных плинтусов,1.0,1.0,0.0,False,1,1
unseen_text,7a9d31690fbcf59e96d23235,аренда тепловизор,1.0,1.0,0.0,False,1,1
unseen_text,7b092f3ab456670944b0c239,иглоукалывание,1.0,1.0,0.0,False,1,1
unseen_text,7b0d38bceff0880411a398d1,юрист по вопросам жкх,1.0,1.0,0.0,False,1,1
unseen_text,7b777105f038406e27e88b9b,отсыпка щебнем,1.0,1.0,0.0,False,1,1
unseen_text,7bf2f91b08046a4e51da11ae,аренда помещение для праздника,1.0,1.0,0.0,False,1,1
unseen_text,7c2bb4e89ae957aa2dbd1cf4,аренда электровелосипеда u2,1.0,1.0,0.0,False,1,1
unseen_text,7c57a20250cb91edf97c6e8b,монтаж гипсокартона,1.0,1.0,0.0,False,1,1
unseen_text,7c87081528b7409a8dab59aa,вывеска реклама,1.0,1.0,0.0,False,1,1
unseen_text,7ce390dafe2588a24a967813,вывоз мусора контейнером 20 м3,1.0,1.0,0.0,False,1,1
unseen_text,7e1ff72b9479ce772733d737,скупка катализатора,1.0,1.0,0.0,False,1,1
unseen_text,7e4e0b39e600913579ba5492,перевозка посылок из калининграда в россию,1.0,1.0,0.0,False,1,1
unseen_text,7e8c33701fabbe147be9dfc0,установка мдф панелей на двери,1.0,1.0,0.0,False,1,1
unseen_text,7eaa3a8c182933078b79b825,поездки геленджик с горячего,1.0,1.0,0.0,False,1,1
unseen_text,7f0bb2b6ddc04aa1b6cc933d,машинная вышивка на заказ на одежде,1.0,1.0,0.0,False,1,1
unseen_text,7f66f2612561159108efe013,электровелосипед,1.0,1.0,0.0,False,1,1
unseen_text,7f853fd4ccc0f1cf2bcf8946,вспахать участок мини тракторои,1.0,1.0,0.0,False,1,1
unseen_text,7ffb32c094ff42132a41d0fd,обустройство скважины,1.0,1.0,0.0,False,1,1
unseen_text,800eaa1642100a64b5bf1588,ремонт партативной электростанции,1.0,1.0,0.0,False,1,1
unseen_text,80661859c374706d01d82c5d,промышленная безопасность,1.0,1.0,0.0,False,1,1
unseen_text,8068b343cfc703d9b056f0d6,такси из астаны,1.0,1.0,0.0,False,1,1
unseen_text,807bdd4ab2e51e4e976a916f,баня с чаном в аренду,1.0,1.0,0.0,False,1,1
unseen_text,809efb621093c30cf7702756,африканские косички,1.0,1.0,0.0,False,1,1
unseen_text,80fde39144702db46177edf9,мойка днища на подъемнике,1.0,1.0,0.0,False,1,1
unseen_text,810c53415a82a9106b42562a,чистка подушек,1.0,1.0,0.0,False,1,1
unseen_text,810f009bea9a321c59534d31,ремонт холодильного оборудования,1.0,1.0,0.0,False,1,1
unseen_text,814c60dc28d0cd7a285a62e0,ремонт нинтендо свич,1.0,1.0,0.0,False,1,1
unseen_text,814db22045d2690b53a99b3d,обучение прическам,1.0,1.0,0.0,False,2,2
unseen_text,814eb8ebfd00974d89ecc5b2,заливка бетонного пола в гараже,1.0,1.0,0.0,False,1,1
unseen_text,818e60e3fded3e3d40ff1b56,тренер по шахматам,1.0,1.0,0.0,False,1,1
unseen_text,820951fbd4225935e7e2d531,аренда дома с чаном и баней,1.0,1.0,0.0,False,1,1
unseen_text,82acb48fdb5cd846b8777b3a,ремонт велосипедов на дому,1.0,1.0,0.0,False,1,1
unseen_text,83525d2cedf6cbbb39abca2f,восстановить удаленные файлы,1.0,1.0,0.0,False,1,1
unseen_text,8354c3ac0db922289136dea4,трансфер грузия,1.0,1.0,0.0,False,1,1
unseen_text,836711f25e56c388d53dec83,замена катализатора киа рио 3,1.0,1.0,0.0,False,1,1
unseen_text,84ee33cfb7981b78b36a1f62,обучение excel,1.0,1.0,0.0,False,2,2
unseen_text,85a8d4e0b1909c4796287fa6,чистка ковров на дому,1.0,1.0,0.0,False,1,1
unseen_text,85fd755ec4146d3842275134,химчистка салона авто,1.0,1.0,0.0,False,1,1
unseen_text,86db694a8eff8f1448164057,услуги крана манипулятора,1.0,1.0,0.0,False,1,1
unseen_text,86e9eea1e9363f534350e6ca,ассенизация,0.0,0.0,0.0,False,1,1
unseen_text,8789f7026239dac90beec09b,шатуш,1.0,1.0,0.0,False,1,1
unseen_text,8818a480a2f2d264f11f7e4b,починка iphone,1.0,1.0,0.0,False,1,1
unseen_text,888f70e45cac5a1a36f89f79,аренда мебели,0.0,0.0,0.0,False,1,1
unseen_text,8893b6492252810e9ce9a9cd,пирсинг модель,1.0,1.0,0.0,False,1,1
unseen_text,889ba46ed8db70f0ed57acfd,фундамент под ключ,1.0,1.0,0.0,False,1,1
unseen_text,8a9e9162a798cc173c4e4150,сделать ключ от домофона,1.0,1.0,0.0,False,1,1
unseen_text,8affe98cd9a8aa7c35b904ab,преподаватель по вокалу,1.0,1.0,0.0,False,1,1
unseen_text,8b01d1a9f85a9d6dae786fbc,детали машин,0.0,0.0,0.0,False,1,0
unseen_text,8bec7f5f00adbabdf7390d6b,ремонт электро самокатов,1.0,1.0,0.0,False,1,1
unseen_text,8c04d0d26a1f2c91ad050165,кудри,1.0,1.0,0.0,False,1,1
unseen_text,8c6a33158e8dc032b78aacf1,аренда porsche,0.0,0.0,0.0,False,1,1
unseen_text,8c857edcb18c3961b77d799e,наращивание цветных прядей,1.0,1.0,0.0,False,1,1
unseen_text,8c8cc167dbfe8518babf63b5,заточка,1.0,1.0,0.0,False,1,1
unseen_text,8cce1ab3adab73f89e00538a,грузоперевозки газель маленькая,1.0,1.0,0.0,False,1,1
unseen_text,8cf3516a7d9d7c96b49bd7f8,оформление гбо на автомобиль,1.0,1.0,0.0,False,1,1
unseen_text,8d32af30a49db48d37573bc0,печать фотографий в стиле polaroid,1.0,1.0,0.0,False,1,1
unseen_text,8d344d38942fa49ce4717f4b,печать журналов,1.0,1.0,0.0,False,1,1
unseen_text,8e19c5a5530ee11fec9dbdeb,сборка кухонного гарнитура,1.0,1.0,0.0,False,1,1
unseen_text,8e5c85ce266ae53229639d9b,семейный домик с баней,1.0,1.0,0.0,False,1,1
unseen_text,8eb88ca28f12b7a0489078eb,моющий пылесос для мебели в аренду,1.0,1.0,0.0,False,1,1
unseen_text,8ed2d4a018119a3687ffeae8,маникюр наращивание модель,1.0,1.0,0.0,False,1,1
unseen_text,8f063eb9001f5c14d37fd3bd,аренда газонокосилки,1.0,1.0,0.0,False,1,1
unseen_text,8f0cb03ddcafcc56ca046d96,устаноака кондиционера,1.0,1.0,0.0,False,1,1
unseen_text,8f3a48e89d6e9b794476cbac,заказать мишку,1.0,1.0,0.0,False,1,1
unseen_text,8f4d958fe1282a4ca6422dc6,заливка бетона во дворе,1.0,1.0,0.0,False,1,1
unseen_text,8fa7df2f0e80b164dd2a0ed7,беседки для отдыха,1.0,1.0,0.0,False,2,2
unseen_text,8fb11330f50762320ab99f56,компьютерные мастера,0.0,0.0,0.0,False,1,1
unseen_text,90105390b2baaeda09e61b34,стрижка кошек выезд на дом,1.0,1.0,0.0,False,1,1
unseen_text,90bc4942f0a8dbee312d69b6,замена насоса стиральной машины,1.0,1.0,0.0,False,1,1
unseen_text,90becf9edf9eeb4e64867011,разработка мобильных приложений,1.0,1.0,0.0,False,1,1
unseen_text,90eb08e4ac4b9d5c9eb50165,передержка кошек на время отпуска,1.0,1.0,0.0,False,1,1
unseen_text,912544c16811c09caf834521,рабочие по ремонту квартир,0.0,0.0,0.0,False,1,1
unseen_text,91955adf1b103e5211cbd178,проектирование каркасных домов,1.0,1.0,0.0,False,1,1
unseen_text,91d636ddc6dce440862e3230,покос травы трактором,1.0,1.0,0.0,False,1,1
unseen_text,922b1fbfd883a052bbe807de,учетная запись ps5,1.0,1.0,0.0,False,1,1
unseen_text,923e4ec1a082773111319ebe,увлажнение губ,1.0,1.0,0.0,False,1,1
unseen_text,928b446bda472ca156a233ee,переводчик английского,1.0,1.0,0.0,False,1,1
unseen_text,92931d51d0c2ab0de724cbf7,установка печки в баню,1.0,1.0,0.0,False,1,1
unseen_text,93068a37bc6cb9c490539875,пескоструй выезной,1.0,1.0,0.0,False,1,1
unseen_text,93dbc104b3ffc48e62a2e8ae,триколор тв,1.0,1.0,0.0,False,1,1
unseen_text,942b5e01a1d3b585e01296bc,ава терапия,1.0,1.0,0.0,False,1,1
unseen_text,944ccd59eb9642270240cc72,кератин волос,1.0,1.0,0.0,False,1,1
unseen_text,944d057f68a780406337ee32,сухая стяжка,1.0,1.0,0.0,False,1,1
unseen_text,9471a32bf8e853d8f03b3c4b,доставка по городу,1.0,1.0,0.0,False,1,1
unseen_text,95d9102a27b8d3e18b355e49,уроки скрипки онлайн,1.0,1.0,0.0,False,1,1
unseen_text,95efd271263f2a1625c57145,рисунок на стене,1.0,0.0,-1.0,False,1,1
unseen_text,95f4eb2a7e7caad97eca70ff,ведущий настольных игр,1.0,1.0,0.0,False,1,1
unseen_text,96129ab0ccf332a1bc0e67da,свой человек в сша,1.0,1.0,0.0,False,1,1
unseen_text,96f01248ff315da94eab9174,эвакуатор 24 7 андрей,1.0,1.0,0.0,False,1,1
unseen_text,9714dda5e6549581b04d3da1,срочный выкуп квартир,1.0,1.0,0.0,False,1,1
unseen_text,971a91ed49ea191a9f04710d,обслуживание сплит систем,1.0,1.0,0.0,False,1,1
unseen_text,973cbc8f1508d487180f5dfb,фронтальный погрузчик,1.0,1.0,0.0,False,1,1
unseen_text,973f835f512ca6c633b1c2e3,баня с бассейном на улице,1.0,1.0,0.0,False,2,2
unseen_text,976caaecb5daf0c0e3e2f25f,промыть форсунки,1.0,1.0,0.0,False,1,1
unseen_text,97a1d4744ac6006e785dfe14,съемка рилс,1.0,1.0,0.0,False,1,1
unseen_text,989a070c64cfbf4091ea449c,установить карниз для штор,0.0,0.0,0.0,False,1,1
unseen_text,98a0fb9bcf45f437451ec94f,выкуп товарных и складских остатков,1.0,1.0,0.0,False,1,1
unseen_text,98f9eb6bcbff799871a32f9f,грузчики на час разнорабочие п��реезд вынос мусора,1.0,1.0,0.0,False,1,1
unseen_text,98ff1f4a06c34215a9a1ae39,вспашка и культивация земли трактором,1.0,1.0,0.0,False,1,1
unseen_text,9935d124a5ee052345f3af77,разработка документов по охране труда,1.0,1.0,0.0,False,1,1
unseen_text,994e242b6f62f80311e76305,аниматор голустян,1.0,1.0,0.0,False,1,1
unseen_text,99bbdaaa242407efcb8018db,место для свадьбы,1.0,1.0,0.0,False,1,1
unseen_text,99e31e661b709a4ed9bfe450,проверка счетчиков воды,1.0,1.0,0.0,False,1,1
unseen_text,99f8acb06acfab7c38f4aab8,автоключи,1.0,1.0,0.0,False,1,1
unseen_text,9a048d2be3caf57e23fc69e5,ремонт пневматического оружия,1.0,1.0,0.0,False,2,2
unseen_text,9a34463bcbb49217f638de44,аппаратный педикюр,1.0,1.0,0.0,False,1,1
unseen_text,9a5dc1ee782981b5f5d4158c,массаж мужчинам,0.0,0.0,0.0,False,1,1
unseen_text,9a62fbd10e978d7f8ca504a7,мастер холодильников,1.0,1.0,0.0,False,1,1
unseen_text,9a6cc0645ce5dc48b0d2c932,модель брови,1.0,1.0,0.0,False,1,1
unseen_text,9b53e9d61fe4830308123329,электровелосипед аренда с выкупом,1.0,1.0,0.0,False,1,1
unseen_text,9ba26659d49dcd9fbe4a53b0,перевозки газель,1.0,1.0,0.0,False,1,1
unseen_text,9c10ece37c8a7049e79edf7d,роблокс аниматор,1.0,1.0,0.0,False,1,1
unseen_text,9c9860852bb191f77c9d05a3,курсы графического дизайна,1.0,1.0,0.0,False,1,1
unseen_text,9ce6ebd2c58485dde3f032b6,ремонт выхлопной системы,1.0,1.0,0.0,False,1,1
unseen_text,9d06de412a6d096271681955,лечение бруксизма,1.0,1.0,0.0,False,1,1
unseen_text,9d7643fa07c7e9be232e5090,двойник,1.0,1.0,0.0,False,1,1
unseen_text,9db24e52cc2c077114a86510,абиссинская скважина бурение,1.0,1.0,0.0,False,1,1
unseen_text,9dc6a0a54bb6543a03cdae57,спил деревьев обрезка веток,1.0,1.0,0.0,False,1,1
unseen_text,9dd06590f9ea22239deb1deb,тяжелый дым,1.0,1.0,0.0,False,1,1
unseen_text,9eb5a04261fa43b4884e36f5,маникюр алтуфьево,1.0,1.0,0.0,False,1,1
unseen_text,9f90415ce7c3a7b2bf79f24e,роспись стен,1.0,1.0,0.0,False,1,1
unseen_text,9fb4d93b7e3a324e00b8d3a1,ботокс в пятки,1.0,1.0,0.0,False,1,1
unseen_text,a027ba923b45e56f81b9c11c,торт наполеон,1.0,1.0,0.0,False,1,1
unseen_text,a04205d4262f63c45604ef42,выбить долги,1.0,1.0,0.0,False,1,1
unseen_text,a062ffd0d6d37764fc9ba9b6,изготовление маскитных сеток,1.0,1.0,0.0,False,1,1
unseen_text,a0a89f8fd472e9a3fa6ce967,вакцинация кошек,1.0,1.0,0.0,False,1,1
unseen_text,a0b1d6343a021c7eb5904c59,ремонт harman kardon go play,1.0,1.0,0.0,False,1,1
unseen_text,a0cc6251b36a4f6888755983,визитки по установке кондиционера,1.0,1.0,0.0,False,1,1
unseen_text,a0d937ac9c0f50b34e4f4b48,грузоперевозка,1.0,1.0,0.0,False,1,1
unseen_text,a1e69249adfdc5c0161022c8,трансфер гагра,1.0,1.0,0.0,False,1,1
unseen_text,a26aca6b5ae1673d8bbb7198,обучение наращиванию ресниц с трудоустройством,1.0,1.0,0.0,False,1,1
unseen_text,a27b0376df4be82fa7193668,музыканты на мероприятие,1.0,1.0,0.0,False,1,1
unseen_text,a290b8ab139d3b1077c6aee6,массажист на дом,1.0,1.0,0.0,False,1,1
unseen_text,a290d5c231c3d80dc5e029bc,выкуп битых авто,1.0,1.0,0.0,False,1,1
unseen_text,a2a92715337713f97fc7d10a,сборка шкафов,1.0,1.0,0.0,False,1,1
unseen_text,a32469d4b82d3cec4a1abfd4,услуги риэлтора,1.0,1.0,0.0,False,1,1
unseen_text,a39fb852f36c799dc80181c2,собеседник друг на час,1.0,1.0,0.0,False,1,1
unseen_text,a3db33fba143a7eef0331b3f,установка генератора для автозвука,1.0,1.0,0.0,False,1,1
unseen_text,a3edc51369e0139ed4dc0a70,монтажный пистолет,1.0,1.0,0.0,False,1,1
unseen_text,a4985c9326f08e94e8dd7ab9,монтаж антидроновой сетки,1.0,1.0,0.0,False,1,1
unseen_text,a49fe68a47e26a9400c2f173,границы участка,1.0,1.0,0.0,False,1,1
unseen_text,a4d928588502467f9b8cc26b,трессы,1.0,1.0,0.0,False,1,1
unseen_text,a4e9df3c7bf364c72376630d,отмостка,1.0,1.0,0.0,False,1,1
unseen_text,a50f76439223176df97482a9,перевозки газель рефрижератор,1.0,1.0,0.0,False,1,1
unseen_text,a5628321551195e8c7f68500,мтс домашний интернет,1.0,1.0,0.0,False,1,1
unseen_text,a5eaec3ec3b082f321bae97d,ремонт блоков управления стиральных машин,1.0,1.0,0.0,False,1,1
unseen_text,a5fff738a8a2018d2d70caf7,водородная раскоксовка двигателя,1.0,1.0,0.0,False,1,1
unseen_text,a76a1764045592333eab6734,скупка резины,1.0,1.0,0.0,False,1,1
unseen_text,a77d8fe6742619aad6d60fec,покошу траву каширский район,1.0,1.0,0.0,False,1,1
unseen_text,a7fb8171335fe97cd0b133d0,эротичиский массаж,0.0,0.0,0.0,False,1,1
unseen_text,a806b59cc20f3121fb8b3b33,обучение маникюр,1.0,1.0,0.0,False,1,1
unseen_text,a80f3f1f8f8bf532e1f9fff0,грумер на дом,1.0,1.0,0.0,False,1,1
unseen_text,a81de308b1f85eeef16ef5bb,ремонт стиралтных машин,1.0,1.0,0.0,False,1,1
unseen_text,a83d7c736f5bb22dc2d763d6,ремонот триколор,1.0,1.0,0.0,False,1,1
unseen_text,a877fc854dc316e6c9cbe634,байер казахстан,1.0,1.0,0.0,False,1,1
unseen_text,a962470d7bfe748dfc20d2ed,codesys,1.0,1.0,0.0,False,1,1
unseen_text,a9be4e3fd4d50f84e5adf866,прогулки на лошадях,1.0,1.0,0.0,False,2,2
unseen_text,a9cc0a8970aa58e400faa8af,регистрация авто в гибдд,1.0,1.0,0.0,False,1,1
unseen_text,a9d54667e5c6c4fa5b019157,аренда массажного кабинета,1.0,1.0,0.0,False,1,1
unseen_text,aa7c6a309a92e673fe3c458f,широкоформатная печать банер пленка,1.0,1.0,0.0,False,1,1
unseen_text,ab81286a022c4b7f11a10525,переоборудование авто с категории д на в,1.0,1.0,0.0,False,1,1
unseen_text,ab824a5aa3dee27017feb1db,ремонт автомобильных кондиционеров,1.0,1.0,0.0,False,1,1
unseen_text,ab991e2849ec57ea27ba1f03,веломастер,1.0,1.0,0.0,False,1,1
unseen_text,ac6f616d23b4eb235e374ea3,настройка vr шлема,1.0,1.0,0.0,False,1,1
unseen_text,ac7843b89530989572337952,надгробные памятники изготовление и установка,1.0,1.0,0.0,False,1,1
unseen_text,acada62e0496df036743a3b4,треугольный дом с чаном,1.0,1.0,0.0,False,1,1
unseen_text,ad1a9eb2326dac35ad0afac5,обработка участка от комаров,1.0,1.0,0.0,False,1,1
unseen_text,ad454bef7e44d6f33e250af8,изготовление печатей и штампов,1.0,1.0,0.0,False,1,1
unseen_text,ad4a76594e4f64fa96e9e98c,выездное мороженое,1.0,1.0,0.0,False,1,1
unseen_text,ad5738a85f91342f6028330e,укладка настил линолеума,1.0,1.0,0.0,False,1,1
unseen_text,addd1e30a79d36db6275fff7,плетение кос с канекалоном,1.0,1.0,0.0,False,1,1
unseen_text,ae6f1018a2eeef957ef401d7,передежка кошек,0.0,0.0,0.0,False,1,1
unseen_text,aefb9e579513e3e0e980ff55,гудронатор,1.0,1.0,0.0,False,1,1
unseen_text,af187830d4498ef21a0f0bd5,каркасный дом,1.0,1.0,0.0,False,1,1
unseen_text,af2109df4324614436d7eb92,золочение серебра,1.0,1.0,0.0,False,1,1
unseen_text,af77c5261ca470f1b4d33220,еврозапил столешницы,1.0,1.0,0.0,False,1,1
unseen_text,afb44b0161fe7f085fe75981,ремонт шкафов,1.0,1.0,0.0,False,1,1
unseen_text,afb53e5ef167fcceda287fbc,ремонт автомобильных холодильников,1.0,1.0,0.0,False,1,1
unseen_text,b02c6012569604952058f8ce,монтаж систем вентиляции,1.0,1.0,0.0,False,1,1
unseen_text,b0451abe3d93617198c145eb,курсы фотографа,1.0,1.0,0.0,False,1,1
unseen_text,b0457aca9fe9702119c5a031,репетитор по рисованию,1.0,1.0,0.0,False,1,1
unseen_text,b083157f320f077779468097,сауны,1.0,1.0,0.0,False,1,1
unseen_text,b154069fad13575134aef555,снятие катализатора,1.0,1.0,0.0,False,1,1
unseen_text,b1d67d50c7be1ad6dddf7762,рыбалка на сахалине,1.0,1.0,0.0,False,1,1
unseen_text,b2226162dea0ccbceeaba660,мишка,1.0,1.0,0.0,False,1,1
unseen_text,b28e0e302a80b9f244303fef,прокладка канализации,1.0,1.0,0.0,False,1,1
unseen_text,b2cb5c7764ceaf3880e2e341,изготовление и установка ворот,1.0,1.0,0.0,False,1,1
unseen_text,b2f11e04c47b1ce4a532c45f,демонтаж плитки,1.0,1.0,0.0,False,1,1
unseen_text,b41f20d5469480404e19be46,такси под выкуп,1.0,1.0,0.0,False,1,1
unseen_text,b43893e27d14c6b7f52d081b,фасадный подъемник люлька купить бу,1.0,1.0,0.0,False,1,1
unseen_text,b44a55d9f0ee3bf7fb0d71cd,мебель на заказ,1.0,1.0,0.0,False,1,1
unseen_text,b5033991799349bff8477f6e,гадание,1.0,1.0,0.0,False,1,1
unseen_text,b55807d387a017664f6dd319,установка пластиковых дверей,1.0,1.0,0.0,False,1,1
unseen_text,b5d9245217c5670de391ad82,наращивание ресниц за час,1.0,1.0,0.0,False,1,1
unseen_text,b65c01e545e8a76cd7eb9527,уход для волос,1.0,0.0,-1.0,False,1,1
unseen_text,b6bd2f2546bc52f4190f1762,отделка панелями,1.0,1.0,0.0,False,1,1
unseen_text,b7467c72e0ef7153d80e452c,дрель алмазного сверления аренда,1.0,1.0,0.0,False,1,1
unseen_text,b76af9b3a5cbc8e80dd75718,расточка центрального отверстия диска,1.0,1.0,0.0,False,1,1
unseen_text,b7b397d8074078416df0f850,аренда контейнера для мусора,1.0,1.0,0.0,False,1,1
unseen_text,b7f2386af8523f0819eb8fcf,стрижка и окрашивание волос,1.0,1.0,0.0,False,1,1
unseen_text,b81a4f39c6363241c51a8617,перевозка ларгус,1.0,1.0,0.0,False,1,1
unseen_text,b84e06049556d188667b87a4,приклеить обои,0.0,1.0,1.0,False,1,1
unseen_text,b8bfcdae6e3d160dfbd076d4,вывоз старых окон,1.0,1.0,0.0,False,1,1
unseen_text,b8c6653a58f7e90fb25aa932,положить плитку,1.0,1.0,0.0,False,1,1
unseen_text,b8d2025f86e4e2a91fd45b06,трансфер межгород,1.0,1.0,0.0,False,1,1
unseen_text,b9b7017974502ad05d9afeb1,грузоперевозки fiat,1.0,1.0,0.0,False,1,1
unseen_text,b9f42151b945092b6821269a,землекопы разнорабочие,1.0,1.0,0.0,False,1,1
unseen_text,ba761efccc086099206d1e8a,ремонт снегозадержателей,1.0,1.0,0.0,False,1,1
unseen_text,babc656f41ecc394532a2575,автомеханик,1.0,1.0,0.0,False,1,1
unseen_text,bb65502508203ef566a9e8e1,ремонт шаровых опор,1.0,1.0,0.0,False,1,1
unseen_text,bb661b3bf8707ecd19dda61a,укладка деревянных полов,1.0,1.0,0.0,False,1,1
unseen_text,bb864ce5c715d05c2d951f7f,ремонт apple,0.0,0.0,0.0,False,1,1
unseen_text,bbb2db4b5b98dbfdfef5e2df,скупка авто дорого,1.0,1.0,0.0,False,1,1
unseen_text,bbd3ca8a136bbd606b842cb9,вспашка земли в тюмени район лесобазы,1.0,1.0,0.0,False,1,1
unseen_text,bbd9d1ea073d7b9f686e9582,парфюмерный мастер класс,1.0,1.0,0.0,False,1,1
unseen_text,bbdcc04183792b515ff07208,ремонт стиральной машинки lg,1.0,1.0,0.0,False,1,1
unseen_text,bc05868eec0a36554029729b,ремонт рюкзаков,1.0,1.0,0.0,False,1,1
unseen_text,bc168a94f788811487858582,трансфер 12 мест,1.0,1.0,0.0,False,1,1
unseen_text,bc3159ed1be21100c38253db,тяжелый дым на свадьбу,1.0,1.0,0.0,False,1,1
unseen_text,bc7a149fd00ddd432d009124,александритовый лазер,1.0,1.0,0.0,False,1,1
unseen_text,bca6e9c6ccb626815f433fb7,обустройство скважин,1.0,1.0,0.0,False,1,1
unseen_text,bcbf6e45b5dab3020b3beeff,автоэлектрик на вызов,1.0,1.0,0.0,False,1,1
unseen_text,bd4fad098a772b1e977e2961,оклейка винилом,1.0,1.0,0.0,False,1,1
unseen_text,bd50c3ec8dfe11ddb6c9aa9a,косметолог эстетист,1.0,1.0,0.0,False,1,1
unseen_text,bd718c3e788ff9def227c15c,прически локоны укладки,1.0,1.0,0.0,False,1,1
unseen_text,bdb0c89eaa8629e6eb6eec30,г батайск master окна рол ставни ремонт рольставней на окна,1.0,1.0,0.0,False,1,1
unseen_text,bdde61abe037f26697d41b76,исполнительное производство,1.0,1.0,0.0,False,1,1
unseen_text,be1e3c62837c278cbd113dc1,репетитор по русскому языку егэ,1.0,1.0,0.0,False,1,1
unseen_text,be234599d476b685c2027ff1,объемные наклейки,0.0,0.0,0.0,False,1,1
unseen_text,be67383b8a346946fe8ee3ab,оклейка автозеркал пленкой,0.0,0.0,0.0,False,1,1
unseen_text,becb68ba57476015ae8c5b8c,ремонт стеклокерамической плиты zanussi,1.0,1.0,0.0,False,1,1
unseen_text,bf094bb2f84ab69e303fe2a4,секции для взрослых,1.0,1.0,0.0,False,1,1
unseen_text,bf3a7cda73e2331d87c94619,песня ии,1.0,1.0,0.0,False,1,1
unseen_text,c0239402bc5ea466bd7c7736,реклама на автомобиле,1.0,1.0,0.0,False,1,1
unseen_text,c09025304ed2d3daac742d50,копка земли,1.0,1.0,0.0,False,1,1
unseen_text,c13f737204765579abfe3593,джиси би услуги,1.0,1.0,0.0,False,1,1
unseen_text,c16d712b2e6e73bc9104174f,автовышка продажа,1.0,1.0,0.0,False,1,1
unseen_text,c1b1d2df78dd85212137e0e8,криолиполиз модель,1.0,1.0,0.0,False,1,1
unseen_text,c1bff128f430e48489a8b6ea,рекультивация участка,1.0,1.0,0.0,False,1,1
unseen_text,c2207f41000d789c4564358d,монтаж винтовых свай,1.0,1.0,0.0,False,1,1
unseen_text,c3332723f4497659381fa7d0,колл центр удаленно,1.0,1.0,0.0,False,1,1
unseen_text,c377b99e1e4e9d2856e4f85b,бригада разнорабочих,1.0,1.0,0.0,False,1,1
unseen_text,c38f6c2e403c7637dd6e9cfe,минитрактор,1.0,1.0,0.0,False,1,1
unseen_text,c3b09166563bd1bfc24a67e0,ведение соц сетей,1.0,1.0,0.0,False,1,1
unseen_text,c3bca336f5f0b3fa050234b2,навесы из поликарбоната,1.0,1.0,0.0,False,1,1
unseen_text,c3d32dfdfa3f5932821818d8,массажистка релакс выезд,1.0,1.0,0.0,False,1,1
unseen_text,c41cb0570d83f80e63017af5,татуировка с онлайн,1.0,1.0,0.0,False,1,1
unseen_text,c46551a78fbc427ab95a2b4f,hydrafacial,1.0,1.0,0.0,False,1,1
unseen_text,c520adc82d08f0229fc8abe5,поменять экран телефона,1.0,1.0,0.0,False,1,1
unseen_text,c54ce0882aff260eea0293aa,ремонт hilti,1.0,1.0,0.0,False,1,1
unseen_text,c5539f386cec9ba31711443a,радиодетали скупка,1.0,1.0,0.0,False,1,1
unseen_text,c585ef630b8b7660f365e362,курсы кройки и шитья бесплатно,1.0,1.0,0.0,False,1,1
unseen_text,c5c6b42cf5c22c34972c736e,аренда плиткореза,1.0,1.0,0.0,False,1,1
unseen_text,c5dd29c479df05f2d6a73c8d,строительство из сендвич панелей,1.0,1.0,0.0,False,1,1
unseen_text,c6ff83d217b3932b6b06a871,замена экрана телевизора,1.0,1.0,0.0,False,1,1
unseen_text,c760c08e8e47a36d7f63b14f,уход за лежачими больными,1.0,1.0,0.0,False,1,1
unseen_text,c76e53e21ddeb461567e2886,биопротеиновое наращивание,1.0,1.0,0.0,False,1,1
unseen_text,c7cbcefe73de14741e0b23b0,вождение с инструктором автомат,1.0,1.0,0.0,False,1,1
unseen_text,c8e71ca8dee55862159827c4,банкетный зал в аренду,1.0,1.0,0.0,False,1,1
unseen_text,c8e81d9e6a9d5139652d7900,"создам gmail, google",1.0,1.0,0.0,False,1,1
unseen_text,c9308f7500bc539f01d6ec1c,печать этикеток на бутылки,1.0,1.0,0.0,False,1,1
unseen_text,c96eb8d8a869c374676511e9,заказ минивена,1.0,1.0,0.0,False,1,1
unseen_text,ca2b48371222997cdd9dc2ff,разблокировка iphone пин код,1.0,1.0,0.0,False,1,1
unseen_text,ca3be428f8035d05ada24049,асфальторез аренда,1.0,1.0,0.0,False,1,1
unseen_text,ca4200fa9beb31cf0a626ba1,вспашка огорода,1.0,1.0,0.0,False,1,1
unseen_text,ca86331b6545f4a85d8986fe,доставка из китая,1.0,1.0,0.0,False,1,1
unseen_text,ca8bdc4bbcd698980ce5b7c3,капсулирование волос,1.0,1.0,0.0,False,1,1
unseen_text,cb7aa5c634106bb0a12fac99,от клопов,1.0,1.0,0.0,False,1,1
unseen_text,cbedd8fd8d9ca82173d697bd,доставка с грузчиками обухово,1.0,1.0,0.0,False,1,1
unseen_text,cc04dd44c8bae5b4ae53a36b,трансфер владикавказ тбилиси,1.0,1.0,0.0,False,3,3
unseen_text,cca3193ec25c58617967bace,аренда бензопилы,1.0,1.0,0.0,False,1,1
unseen_text,cd5c2ffeb7859a82359508ba,муж на час сантехник,1.0,1.0,0.0,False,1,1
unseen_text,cd62f0107e6d3d8d378e5c77,продвижение яндекс карты,1.0,1.0,0.0,False,1,1
unseen_text,cea1febca2598b6941f02b81,пришить погоны,1.0,1.0,0.0,False,1,1
unseen_text,ceaa7d0d552ae4cc02233f08,свадебный танец,1.0,1.0,0.0,False,2,2
unseen_text,cfd669e18f3baea39326cb3d,плов,1.0,1.0,0.0,False,1,1
unseen_text,d09913b9579891d08c48bc22,репетитор по математике 7класс приволжский м-н самара,1.0,1.0,0.0,False,1,1
unseen_text,d0bdfd2c1baaaa9ee4a43309,акт вдпо на дымоход,1.0,1.0,0.0,False,1,1
unseen_text,d17a9a39fcd1ce4cbdddcb90,"мастер по настройке телевизора, текстильщики",1.0,1.0,0.0,False,1,1
unseen_text,d18930aaad172f4dc85eface,изготовление номеров на автомобиль,1.0,1.0,0.0,False,1,1
unseen_text,d2170089446e1c503baec2b3,вывоз мусора ломовозом,1.0,1.0,0.0,False,1,1
unseen_text,d2924e800087062ffd4ec5a0,маникюр сормово,1.0,1.0,0.0,False,1,1
unseen_text,d2bd7dfd3da3448aa4362955,чистка компьютеров,0.0,0.0,0.0,False,1,0
unseen_text,d2c6c36722ec64c94fb60029,осеменение коров,1.0,1.0,0.0,False,1,1
unseen_text,d312a31f84ed0120159e817c,ручной траншеекопатель аренда,1.0,1.0,0.0,False,1,1
unseen_text,d3153e64e601d6b6a659c59b,скупка приставок,1.0,1.0,0.0,False,1,1
unseen_text,d36ec3d412ec88e361802476,приемщик дома,1.0,1.0,0.0,False,1,1
unseen_text,d45d31788688f9dcfa2c8fae,трансфер новороссийск геленджик,1.0,1.0,0.0,False,1,1
unseen_text,d4ae82c5377113c017bbdf7f,свадебный координатор,1.0,1.0,0.0,False,1,1
unseen_text,d522dc18ff0b2c414cb92700,место мастера маникюра,1.0,1.0,0.0,False,1,1
unseen_text,d53a178d87dd623399fbaa64,выкуп шин резины дисков,1.0,1.0,0.0,False,1,1
unseen_text,d5f388ec56a3bdafea1bd968,установка дверных замков,1.0,1.0,0.0,False,1,1
unseen_text,d647827244578b8cea69e2a8,байер япония,1.0,1.0,0.0,False,2,2
unseen_text,d66b6aed8e56e9cc597dbac6,ул российская,0.0,0.0,0.0,False,1,0
unseen_text,d68fbff33e24cb65b0749d0f,бурение лунок под столбы,1.0,1.0,0.0,False,1,1
unseen_text,d6a2284fa5f14517317747f6,услуги юриста по недвижимости,1.0,1.0,0.0,False,1,1
unseen_text,d6ca5487b960f7dd5bc83e80,тюнинг фар,1.0,1.0,0.0,False,1,1
unseen_text,d71fc9c9284c78eb61fefe98,свой человек в владивостоке,1.0,1.0,0.0,False,1,1
unseen_text,d7c3077fc1db3fb24f2bd57f,ремонт водостоков крыши,1.0,1.0,0.0,False,1,1
unseen_text,d856971b914d9d6ee008aa30,услуги плиточника,1.0,1.0,0.0,False,1,1
unseen_text,d8b804dc8f1bd104011e90c4,ремонт туалета,1.0,1.0,0.0,False,1,1
unseen_text,d93e15cddee3119b286b2547,постановка на учет авто,1.0,1.0,0.0,False,1,1
unseen_text,d975aba8a72384f46274b71b,гараж сборный из сип панели,0.0,0.0,0.0,False,1,0
unseen_text,d989fb50dec34a84a3699cf4,мастер класс луна,1.0,1.0,0.0,False,1,1
unseen_text,d991b3136ef1f11a082198a4,зал в аренду,1.0,1.0,0.0,False,1,1
unseen_text,d9dbf1769f969b801467eb4f,мастер по газовым колонкам,1.0,1.0,0.0,False,1,1
unseen_text,d9dea73448ddaedc2e6859a9,тренер по велоспорту,1.0,1.0,0.0,False,1,1
unseen_text,da0df07eadd25cfc4c83170b,плитка укладка санузел,1.0,1.0,0.0,False,1,1
unseen_text,da351233a97d74fd574d288e,контейнер для мусора 8 м3,1.0,1.0,0.0,False,1,1
unseen_text,dab2b5436155a3d19c98ffcd,эвакуатор между городами,1.0,1.0,0.0,False,1,1
unseen_text,daf1c0b01abe4ada78532fca,диагностика geely,1.0,1.0,0.0,False,1,1
unseen_text,db00b766a7eb43fc09dee3ad,точить тормозные диски,1.0,1.0,0.0,False,1,1
unseen_text,db1573bece9213e8e78c1d6d,экскаватор выкопать траншею,1.0,1.0,0.0,False,1,1
unseen_text,db18d1da42b31dc938847d52,английский с носителем языка оноайн,1.0,1.0,0.0,False,1,1
unseen_text,db4c98641edf9911989263c9,мастер аккаунт geely,1.0,1.0,0.0,False,1,1
unseen_text,dc25fb3d1f594c864eabd750,ремонт авто генераторов,1.0,1.0,0.0,False,1,1
unseen_text,dce54bbe44e583ef5becd9ba,заказ такси микроавтобус,1.0,1.0,0.0,False,1,1
unseen_text,dcfb5704119f0ea137b45c1c,адвокат по трудовым спорам,1.0,1.0,0.0,False,1,1
unseen_text,dd1ea1f919d11aba166d4c45,перепланировка квартиры согласование,1.0,1.0,0.0,False,1,1
unseen_text,ddd897fb405533bc0d067c31,смарт ключ,1.0,1.0,0.0,False,1,1
unseen_text,ddf0380afb5a6e73204a8c93,танец живота,1.0,1.0,0.0,False,1,1
unseen_text,de4d3589ac3cb2243519db3f,плету косы,1.0,1.0,0.0,False,1,1
unseen_text,de81108e62681bde8d20ae3b,ботекс,1.0,1.0,0.0,False,1,1
unseen_text,df5e1703f6cc80f50f05ff1d,массаж для беременных,1.0,1.0,0.0,False,1,1
unseen_text,df8caae3f5d2d93761cb2765,бирки печать для одежды,1.0,1.0,0.0,False,1,1
unseen_text,e017a03cd688241814c34f8f,регистрация изменений в конструкцию тс,1.0,1.0,0.0,False,1,1
unseen_text,e0485eaa49a5b96ffbe96685,моющий пылесос karcher,1.0,1.0,0.0,False,1,1
unseen_text,e080133fbb93c06c3acdbc5b,дублирование ткани,1.0,1.0,0.0,False,1,1
unseen_text,e0a17d34eae7a9bec9d4e54c,кузовной ремонт и покраска,1.0,1.0,0.0,False,1,1
unseen_text,e0c8b1d2e7e29b8bd143f11e,снять домик у озера,1.0,1.0,0.0,False,1,1
unseen_text,e0eb8606055fd0a826a93c65,прокат авто с водителем v class,1.0,1.0,0.0,False,1,1
unseen_text,e0f9d910c52e12d998cf29ef,сорняки,1.0,1.0,0.0,False,1,1
unseen_text,e147af46739e4dca835d0f26,разбор и вывоз мебели,1.0,1.0,0.0,False,1,1
unseen_text,e1e70c27863bd022f5d3f0b5,модель на брови,1.0,1.0,0.0,False,1,1
unseen_text,e2146c47001d2b0e2314784a,костоправ,1.0,1.0,0.0,False,1,1
unseen_text,e24374218398ce5c6498da98,кератиновое выпрямление,1.0,1.0,0.0,False,1,1
unseen_text,e2ce02fd0f6f8ae88eb7d754,ремонт автомобильных дверных замков,1.0,1.0,0.0,False,1,1
unseen_text,e35c3d1c267ce3965e479809,двери купе на заказ,1.0,1.0,0.0,False,1,1
unseen_text,e38ad6fc9d25ec7395f23cd9,пирсинг левенцовка,1.0,1.0,0.0,False,1,1
unseen_text,e3a47c2825d559dff1b0e01a,joy con ремонт,1.0,1.0,0.0,False,1,1
unseen_text,e3b6681104c742e96cd17027,вывоз мусора веток деревьев,1.0,1.0,0.0,False,1,1
unseen_text,e406d851481169788c664048,груминг собак,1.0,1.0,0.0,False,2,2
unseen_text,e4132f1c0e0250ad35aedae6,ремонт рамы газель,1.0,1.0,0.0,False,1,1
unseen_text,e42ddd63a7a4a740d7da642a,массаж на дому,1.0,1.0,0.0,False,1,1
unseen_text,e4ab4e285319ac252fb3e8dd,родирование,1.0,1.0,0.0,False,1,1
unseen_text,e59ef51482155056b7fa14a9,переводчик документов с русского на английский,1.0,1.0,0.0,False,1,1
unseen_text,e5ca685658909197d0c1f455,ремонт яндекс станции алиса,1.0,1.0,0.0,False,1,1
unseen_text,e61f8bde9be407099cfb13b0,фотопрогулка,1.0,1.0,0.0,False,1,1
unseen_text,e71c1edc1c9438f53da32fab,вечерняя укладка,1.0,1.0,0.0,False,1,1
unseen_text,e9570185e08d228e074db15b,пескоструй авто,1.0,1.0,0.0,False,1,1
unseen_text,e9b27391f965f44fe7780327,бобкет,0.0,0.0,0.0,False,1,1
unseen_text,eaa0f4c163dfcd277412d019,депиляция для мужчин,1.0,1.0,0.0,False,1,1
unseen_text,eab4cb38e96a0e2e79071087,йога,0.0,0.0,0.0,False,1,1
unseen_text,eb268ef437a49e8fa3696ecd,запись музыки на диск,1.0,1.0,0.0,False,1,1
unseen_text,eb428c43fa76d535a6316222,привоз воды,1.0,1.0,0.0,False,1,1
unseen_text,eb57e5dcbee5a9353c640b7c,бесплатная консультация юриста,1.0,1.0,0.0,False,1,1
unseen_text,ebed4b6588a055ad03839f66,скупка кинокамера,1.0,1.0,0.0,False,1,1
unseen_text,ec11c81adeae2358ff8c58d9,лизинг для физических лиц,1.0,1.0,0.0,False,1,1
unseen_text,ec2e5d68760f40c72cd707cc,услуги перевозки людей,1.0,1.0,0.0,False,1,1
unseen_text,ec7b9db12966d68c3848886e,аниматоры тик ток вечеринка,1.0,1.0,0.0,False,1,1
unseen_text,ed0643c2649ab0436e7931d0,снять зал для танцев,1.0,1.0,0.0,False,1,1
unseen_text,ed5f60291f529dc1b33ba86d,диджей,1.0,1.0,0.0,False,1,1
unseen_text,eda8d43cdc91ba69ca3c03d7,аренда грузовика с водителем,1.0,1.0,0.0,False,1,1
unseen_text,eda9639460995eb898d97951,кератиновое выпрямление волос модель,1.0,1.0,0.0,False,1,1
unseen_text,ee41e3863ee00e659627c396,грузотакси с грузчиками,1.0,1.0,0.0,False,1,1
unseen_text,ef33d70b2c5eaf90d3399cfd,резьба по дереву,0.0,0.0,0.0,False,1,0
unseen_text,ef95be2746b5a2fa63e475fb,украшение шариками,1.0,1.0,0.0,False,1,1
unseen_text,f002a82c48f15037cb3bc143,аренда бани с мангалом,1.0,1.0,0.0,False,1,1
unseen_text,f02c5b9df701c596d948fbdf,ведущий мероприятий недорого,0.0,0.0,0.0,False,1,1
unseen_text,f04745ddb79cb911d38adf23,мастер по стиральным машинам,1.0,1.0,0.0,False,1,1
unseen_text,f0d4b6b92cc720ac7ca1f142,ремонт ходовой грузовых автомобилей,1.0,1.0,0.0,False,1,1
unseen_text,f1813c9d3ea28f8f46580da6,внешняя отделка балкона,1.0,1.0,0.0,False,1,1
unseen_text,f18537d1d306f75e18059135,"террасы, веранды под ключ",1.0,1.0,0.0,False,1,1
unseen_text,f1f78745e88ddffcc541ca69,аренда сваекрута,1.0,1.0,0.0,False,1,1
unseen_text,f2088fae06d96473dee0cb3a,полировка авто,1.0,1.0,0.0,False,1,1
unseen_text,f2bb30d1c332954a98a22af3,парикмахер колорист,1.0,1.0,0.0,False,1,1
unseen_text,f30c6330f163bc8d2d3785dd,мягкие игрушки на заказ,1.0,1.0,0.0,False,1,1
unseen_text,f3638a3b5ec99112f5a8d974,замена аккумулятора iphone 16 pro max,1.0,1.0,0.0,False,1,1
unseen_text,f3835176fe0d44d8b5ed4c7b,ремонт кофемашин saeco,1.0,1.0,0.0,False,1,1
unseen_text,f40d8a978be60563e5a0c556,ремонт автомобильных ключей,1.0,1.0,0.0,False,1,1
unseen_text,f4b14c7c4900047a419748d5,кофе на песке на мероприятие,1.0,1.0,0.0,False,1,1
unseen_text,f4c00e018431974ef7077745,липолитик,1.0,1.0,0.0,False,1,1
unseen_text,f50e2193ca89e244c10e44f4,катализатор,1.0,1.0,0.0,False,1,1
unseen_text,f52352c0603cf33780c2e64c,брови коррекция,1.0,1.0,0.0,False,1,1
unseen_text,f54f4d495c0966659fca144f,грузоперевозки днр,1.0,1.0,0.0,False,1,1
unseen_text,f5c44ef0407c267d9557a8ed,вывеска,1.0,1.0,0.0,False,1,1
unseen_text,f5e7d13e6eba2f40f7972aa5,ремонт насосных станций,1.0,1.0,0.0,False,1,1
unseen_text,f5ea9b88d6bcb0156b3980f7,оформление дверного проема,1.0,1.0,0.0,False,1,1
unseen_text,f610614225b2b422860c14b7,вк тк,1.0,1.0,0.0,False,1,1
unseen_text,f61fad244e656bfb62235a0e,бурение лунок под забор,1.0,1.0,0.0,False,1,1
unseen_text,f62d5b6f6504caa4778cfa0f,поклейка обои,1.0,1.0,0.0,False,1,1
unseen_text,f67b16b7df355da85aa01318,очистка участков,1.0,1.0,0.0,False,1,1
unseen_text,f742eb57e342f0c17bd10f02,носослезная борозда,1.0,1.0,0.0,False,1,1
unseen_text,f790b75ad494d9ce3c590d87,ремонт квартир под ключ без посредников,1.0,1.0,0.0,False,1,1
unseen_text,f7e8258f77d0c491d63d5cd3,анализ грунта,1.0,1.0,0.0,False,1,1
unseen_text,f8c2279bf1668f7dad8a64d8,гвоздетерапия,1.0,1.0,0.0,False,1,1
unseen_text,f8cacf19ccd7222f8143565f,спил деревьев на участке,1.0,1.0,0.0,False,1,1
unseen_text,f99110babb95d73c2cc1ffe5,шарики на день рождения,1.0,1.0,0.0,False,1,1
unseen_text,f996f2912cbd8214777370a4,афронаращивание волос,1.0,1.0,0.0,False,1,1
unseen_text,fa433117b4f2a581a4c1f2c9,скосить траву,1.0,1.0,0.0,False,1,1
unseen_text,fa456f4dab3e42748706a170,видео монтажер,1.0,1.0,0.0,False,1,1
unseen_text,fa585529764ad6d739706cf6,модель барбершоп,1.0,1.0,0.0,False,1,1
unseen_text,faa6ffa646c5f9a1e2e4430d,мытье фасадов,1.0,1.0,0.0,False,1,1
unseen_text,fad7636b4ae16bbcf33a6bbc,утепление стен пеной,1.0,1.0,0.0,False,1,1
unseen_text,fb03d8efd03df78d19270577,правка литых дисков,1.0,1.0,0.0,False,1,1
unseen_text,fb9bcf25f3432bc22ed4fe91,"строители, бетонщики",1.0,1.0,0.0,False,1,1
unseen_text,fc8a0f8dafe8e9ed92133f1b,перевозка лежачих больных,1.0,1.0,0.0,False,1,1
unseen_text,fc9658c613870180c953d60d,ремонт квартир под ключ,1.0,1.0,0.0,False,1,1
unseen_text,fd249d4d9407594c5290f088,автовоз из владивостока,1.0,1.0,0.0,False,1,1
unseen_text,fd25426c5f97794698eac34a,холодное цинкование,1.0,1.0,0.0,False,1,1
unseen_text,fd5866bcfa2a05468be5564c,дреды,1.0,1.0,0.0,False,2,2
unseen_text,fddcf3e400279a2070242932,наращивание ногтей модель бесплатно,1.0,1.0,0.0,False,1,1
unseen_text,fe5929e45e350c8775e0a7cf,master по окнам сао,0.0,1.0,1.0,False,1,1
unseen_text,febf7a03269d112bac19c822,детский день рождения,1.0,1.0,0.0,False,1,1
unseen_text,ff9a2aab6a8df594b46a9db7,авто аредна,1.0,1.0,0.0,False,1,1
unseen_text,ffa3be2476353322cd0e8fe6,тур база с баней,1.0,1.0,0.0,False,1,1
unseen_text,ffbbe94eb9fe6d33da74092a,перенос данных с iphone,1.0,1.0,0.0,False,1,1
unseen_text,ffdd289c02b8d1a292cd4e50,вывоз компьютерной техники,1.0,1.0,0.0,False,1,1
held_context,00376f4ca2018fc1875844bb,откосы на входную дверь,1.0,1.0,0.0,True,1,1
held_context,003d6201d9d495ea36cc8ec7,прием пленки,1.0,1.0,0.0,True,1,1
held_context,00c44b1f97ecb5ebb380d429,изготовление гос номеров на машину,1.0,1.0,0.0,False,1,1
held_context,00c605ed59d1de061adcb5f4,укладка фартука на кухне,1.0,1.0,0.0,True,1,1
held_context,00c92de694656fcb7d1c2840,старокорсунская,0.0,0.0,0.0,False,1,0
held_context,00ca778a7216554898efca9d,ремонт прокладки гбц,1.0,1.0,0.0,True,1,1
held_context,00eae68ad66d3b90b5b47dfd,ремонт блока абс mercedes,1.0,1.0,0.0,False,1,1
held_context,01092f27b81097a624a60fd1,стрижка кошек на дому с выездом,1.0,1.0,0.0,True,1,1
held_context,014577bb57aa35332e7dd9dc,татуаж бровей,1.0,1.0,0.0,True,3,3
held_context,019ff9ac825ccebcf4467405,бара грунторез,0.0,0.0,0.0,True,1,1
held_context,01a83ed72902035db6e734fa,укладка пола,1.0,1.0,0.0,True,1,1
held_context,01b343aa59483237154b0101,подбор жилья с отчетными документами,1.0,1.0,0.0,False,1,1
held_context,01cf615ee14a337ad404a79f,выкуп стиральных машин,1.0,1.0,0.0,True,1,1
held_context,01d458cdfc42bede28726e46,песня,1.0,1.0,0.0,True,1,1
held_context,0225a716f39c5c7c702e3e39,ремонт брелков автосигнализаций,1.0,1.0,0.0,True,1,1
held_context,0231f77013fbf9807a8faf65,лифтинг,1.0,1.0,0.0,True,1,1
held_context,026a3472fb882f368449c443,снять домик для двоих,1.0,1.0,0.0,True,1,1
held_context,02b35167a999bac24b2f6525,покупка книг,1.0,1.0,0.0,True,1,1
held_context,02cc79fd455797ef699ad0e3,ремонт профессиональных кофемашин,1.0,1.0,0.0,False,1,1
held_context,03034a6a2235d0d32615f80c,скупка телевизоров на запчасти,1.0,1.0,0.0,True,1,1
held_context,03611695fbc20b37cec7b566,мастер по ремонту квартир,1.0,1.0,0.0,False,1,1
held_context,03c3f420018860efff352804,посредник в японии mercari,1.0,1.0,0.0,False,1,1
held_context,03c7f467cedc0f3bc60a7c79,лфк для детей,1.0,1.0,0.0,True,1,1
held_context,03ce2ce51b795ee6fc6f73f0,аренда ручной лебедки,1.0,1.0,0.0,False,1,1
held_context,0406b12c3181e2ce4520667a,заточка инструмента,1.0,1.0,0.0,True,1,1
held_context,04081e269436e1657e38a6b8,ремонт и диагностика акпп,1.0,1.0,0.0,True,1,1
held_context,04210ad5d6248234369c1904,артисты на праздник,1.0,1.0,0.0,True,1,1
held_context,042dfba0027d0cc27b80f4d0,тамада на юбилей,1.0,1.0,0.0,True,1,1
held_context,043f0f315d5cf497c177d0c5,услуги фрезеровщика,1.0,1.0,0.0,True,1,1
held_context,04471b223a218d20424b0d4d,тула москва,1.0,1.0,0.0,False,1,1
held_context,0458bdfbe1b315c7175c6404,укладка кафельной плитки,1.0,1.0,0.0,True,1,1
held_context,045fdd2f02440f92390e3982,ремонт двигателей bmw,1.0,1.0,0.0,True,1,1
held_context,04660bfeb33e084339764410,виза шенген,1.0,1.0,0.0,True,1,1
held_context,047124045f631c3a7ff92b3f,натяжной потолок от частника,1.0,1.0,0.0,False,1,1
held_context,0486f1ca67a20570795c8a9f,пескоструйная обработка,1.0,1.0,0.0,True,1,1
held_context,049415175b9cd377a8cf1058,наращивание волос,1.0,1.0,0.0,True,2,2
held_context,0506bf6e09766529a5ce7217,гтд на двигатель,1.0,1.0,0.0,False,1,1
held_context,054efd7312a2cb04808ba644,аренда фургона,1.0,1.0,0.0,True,1,1
held_context,055bde24bb7487b881f0b7db,оценщик недвижимости,1.0,1.0,0.0,True,1,1
held_context,0669097144a96c5708772f12,миграционный юрист,1.0,1.0,0.0,True,1,1
held_context,06704e22de2366e9462e14f1,демонтаж фундамента,1.0,1.0,0.0,True,1,1
held_context,06857de4edda5d1dd460e6c9,стиральная машина выкуп,1.0,1.0,0.0,False,1,1
held_context,0692ed90ef28d92a9c959916,диагностика акпп,1.0,1.0,0.0,True,1,1
held_context,06b7b41e40987534347f59d9,скупка ps4,1.0,1.0,0.0,True,1,1
held_context,071933760d82c5cd6deab75e,дом отдыха с бассейном,1.0,1.0,0.0,True,2,2
held_context,0729ea447b6556ed9897956c,надувной медведь,1.0,1.0,0.0,True,1,1
held_context,0746ce9c1d296c37e2738ce2,клейка обоев,1.0,1.0,0.0,True,1,1
held_context,07aecbbacf6e71173e781517,развал схождение на куйбышева,1.0,1.0,0.0,False,1,1
held_context,07ea1b8664b7cb6daa07d994,аренда авто,0.5,0.5,0.0,True,2,2
held_context,0800004ecaa4e9a7d90a0f4d,замена стекла фары,1.0,1.0,0.0,True,1,1
held_context,080bdb52be817309e6eac15b,массаж после кесарево,1.0,1.0,0.0,False,1,1
held_context,080df04a88e1f29b7a6fc9db,поменять экран на iphone,1.0,1.0,0.0,True,1,1
held_context,0880fec13f8af05bc5761ef1,наращивание ресниц модель,1.0,1.0,0.0,True,1,1
held_context,0890aaaa4d97560743b54620,мастер класс по керамике,1.0,1.0,0.0,True,1,1
held_context,0891f59a16e270c5f3e59d21,дымоход,1.0,1.0,0.0,True,1,1
held_context,08ac7c045210a904a54cd21c,шенгенская виза италия,1.0,1.0,0.0,False,1,1
held_context,08d36b4529f3d864799c0a02,кавитация,1.0,1.0,0.0,True,1,1
held_context,09204bd67b36015f740e0a84,рыбалка с баней,1.0,1.0,0.0,False,1,1
held_context,095f3202c9634b9ef23d616b,манипулятор 5 тонн аренда,1.0,1.0,0.0,False,1,1
held_context,0974f335e957141ceddff728,передержка кошек,1.0,1.0,0.0,True,1,1
held_context,097a64735a6eccaac81725c7,биозавивка волос обучение,1.0,1.0,0.0,True,1,1
held_context,0a085f95c0ca29735cd546fe,уроки игры на виолончели,1.0,1.0,0.0,True,1,1
held_context,0a250195baa505d695bc44b8,обработка от плесени грибка,1.0,1.0,0.0,True,1,1
held_context,0a2e7f30d3130a43521e6400,таблички на дверь,1.0,1.0,0.0,True,1,1
held_context,0a31139460d4462d1360f24e,аренда автомобиля на месяц,1.0,1.0,0.0,False,1,1
held_context,0a7464ed836ea8a0d1ac6799,u2 под выкуп,1.0,1.0,0.0,True,1,1
held_context,0a8aafc722e29a3c611586c5,аренда гуся,0.0,0.0,0.0,True,1,0
held_context,0a95b36cb78358d2a4af147b,окраска крыш,1.0,1.0,0.0,False,1,1
held_context,0aa892602fa5e9a177791447,фотосессия для беременных,1.0,1.0,0.0,True,1,1
held_context,0abbbadfafdfc01f2e080b64,снять домик в лесу,1.0,1.0,0.0,True,1,1
held_context,0ae602171eb709432e264383,ремонт москитных сеток,1.0,1.0,0.0,True,1,1
held_context,0b35515582754b9b0af37a20,трансфер кисловодск,1.0,1.0,0.0,True,1,1
held_context,0b79e884df46e5d6c52d9dfa,украшение помещений,1.0,0.0,-1.0,False,1,1
held_context,0bb0a11114fe21e4e91c499d,декоратор на свадьбу,1.0,1.0,0.0,True,1,1
held_context,0bb195aa9be481cca98fd026,изготовление заборов из профлиста,1.0,1.0,0.0,True,1,1
held_context,0bd852119a00c2ef0c2a334e,ремонт пластиковых окон и дверей регулировка,1.0,1.0,0.0,True,1,1
held_context,0beacc475b1d07ebb2c5f586,ютуб адсенс,1.0,1.0,0.0,False,1,1
held_context,0bfb297a49beb2f559061eda,фотобудка в аренду,1.0,1.0,0.0,True,1,1
held_context,0c1c6d889bf62f840a7f6ff2,сборка корпусной мебели,1.0,1.0,0.0,True,1,1
held_context,0c271238c49f3a75872770db,грузоперевозки краснодар москва,1.0,1.0,0.0,False,1,1
held_context,0c36b2ad82023eff7572f55a,перевозка груза на пикапе,1.0,1.0,0.0,False,1,1
held_context,0c95588feff5073f2e1ef1bd,прошивка веста,1.0,1.0,0.0,True,1,1
held_context,0d001123cf1da03532c70752,аренда полки в магазине,1.0,1.0,0.0,True,1,1
held_context,0d0bfee7b0dac21f25af56ec,выкуп сломанных телевизоров,1.0,1.0,0.0,True,1,1
held_context,0d106c02cc2665a996fa1767,эмалировка ванн,1.0,1.0,0.0,True,1,1
held_context,0d1beeb4f28b0e93e2f687ae,sony playstation 5 скупка,1.0,1.0,0.0,False,1,1
held_context,0d27d85e106f068f059d55ab,бригада каменщиков,1.0,1.0,0.0,True,1,1
held_context,0e22b00c78312da9d6eebb65,мануальный терапевт,1.0,1.0,0.0,True,1,1
held_context,0e2d204d6a901e7f3b56d6a4,обучение на погрузчик,1.0,1.0,0.0,True,1,1
held_context,0e63d12c71e03a2fa7453321,стеклодув,1.0,1.0,0.0,True,1,1
held_context,0ec0c4ccf79a125d6bf74458,установка фаркопа,1.0,1.0,0.0,True,1,1
held_context,0f06563cc5926e010a558cd6,заправка автомобильных кондиционеров,1.0,1.0,0.0,True,1,1
held_context,0f368b56a82e46056fcd5d69,карта visa,1.0,1.0,0.0,True,1,1
held_context,0f4ef95b7dd319e20cb9bdc9,вскрытие автомобиля,1.0,1.0,0.0,True,1,1
held_context,0f91880cb6b43a45e31df46f,реставрация кухонных фасадов,1.0,1.0,0.0,True,1,1
held_context,0f9f96940610de0cb639c58c,дизайн фотошоп,1.0,1.0,0.0,False,1,1
held_context,0ff7f26f63022d088da814be,замена аккумулятора iphone 12 mini,1.0,1.0,0.0,False,1,1
held_context,104865140e49a654e346d99b,массаж расслабляющий,0.0,0.0,0.0,True,1,1
held_context,105b75a1fa435486e900d2d8,сиделка для лежачего,1.0,1.0,0.0,True,1,1
held_context,1086f823873ed600e7156ff2,ремонт гребных валов,1.0,1.0,0.0,True,1,1
held_context,109344fde7ec623aeb306e55,скупка железа с выездом,1.0,1.0,0.0,False,1,1
held_context,10d7ff2fd51bbac1cd0ad0b2,наращивание волос рассрочка,0.0,0.0,0.0,False,1,1
held_context,1145992e5eb38cf24210ce8f,аренда электросамоката,1.0,1.0,0.0,True,1,1
held_context,1146c5ef4f3bb5f496b5e7fe,бригада белорусов,0.0,0.0,0.0,True,1,1
held_context,11c94f57c1d8e1a8d4accbf5,хирург,0.0,1.0,1.0,True,1,1
held_context,1296fe0d35dbd757ab5f42ed,баня с бассейном,1.0,1.0,0.0,True,1,1
held_context,1298762dfa93a79528969966,ремонт электросамокатов,1.0,1.0,0.0,True,5,5
held_context,12a939bf4e87b41528a6e942,толщиномер аренда,1.0,1.0,0.0,True,1,1
held_context,130e21e5bb5cc942e42f58d7,вывоз мусора с дачного участка,1.0,1.0,0.0,True,1,1
held_context,134cbe950e04f0d6c1add875,снять дом для праздника,1.0,1.0,0.0,True,1,1
held_context,1350ce40be67ba11d7efa71e,трактор беларусь с плугом,1.0,1.0,0.0,False,1,1
held_context,138a97b930cbf72defc987c8,юрист по делам снт,1.0,1.0,0.0,False,1,1
held_context,13c4a965ac67ffab9c4eb4ba,пошив игрушек,1.0,0.0,-1.0,True,1,1
held_context,13c85e759eae8a80cd969a23,наращивание волос люберцы,1.0,1.0,0.0,True,1,1
held_context,13d4231d48f98b4bfe21d59a,электроскутер,1.0,1.0,0.0,False,1,1
held_context,142a509aafc5a0659320f3e2,аренда автомобиля посуточно,1.0,1.0,0.0,True,1,1
held_context,1486bb1657668fdf3a8b67f2,газель в аренду без водителя,1.0,1.0,0.0,True,1,1
held_context,1487df5f5eb6eaea6591f00c,окрашивание седины,1.0,1.0,0.0,True,1,1
held_context,14eecbbb1ca1ff4db9bf7692,лофт для вечеринки,1.0,1.0,0.0,True,1,1
held_context,1535d5d56b7997fcbe0f3c85,подшить футболку,1.0,1.0,0.0,True,1,1
held_context,1535f0969547414a6e77f679,монтажор видео,1.0,1.0,0.0,True,1,1
held_context,154f7e0a78ca33f24ee496f3,вскрытие даери,1.0,1.0,0.0,False,1,1
held_context,157faf2ba1eda3beb811460f,плетение косичек детям девочке,1.0,1.0,0.0,False,1,1
held_context,15a08696c90495a78e2b3b7f,автоюрист,1.0,0.0,-1.0,True,1,1
held_context,15bd1afef3a9a7629c334785,собеседник собутыльник,1.0,1.0,0.0,True,1,1
held_context,161947e94df1793d9296991e,адаптация изитроник,1.0,1.0,0.0,True,1,1
held_context,1620fa3e5d0fb57989c509cb,работа в 3д компасе,1.0,1.0,0.0,False,1,1
held_context,1630e3259f577a7fc4e33ce4,мастер по ремонту домофонов,1.0,1.0,0.0,False,1,1
held_context,16b6ac48b97d9d41bb93fa57,ремонт резьбы гбц,1.0,1.0,0.0,False,1,1
held_context,16c085864f7d75cbeaf205b8,монтаж гипсокартона на потолок,1.0,1.0,0.0,False,1,1
held_context,16dea90c8f97905510a3bb76,готовые обеды суворовский,1.0,1.0,0.0,False,1,1
held_context,1759e152b98c810c9a861c5b,куплю антиквариат,1.0,1.0,0.0,True,1,1
held_context,177b0a4996849177840fc08c,аренда бассейн,1.0,1.0,0.0,True,1,1
held_context,1789b63878e81310785d910b,аренда авто на свадьбу,1.0,1.0,0.0,True,1,1
held_context,17b0d94b625ec0152501e8be,воздушный шар с фото,1.0,1.0,0.0,False,1,1
held_context,17b948fca9c7b5d034021b9e,ремонт электронных плат,1.0,1.0,0.0,True,1,1
held_context,17d0bc3a3c4b9b3725a9e00d,липоредукция живота,1.0,1.0,0.0,True,1,1
held_context,18015fa869246fffcd2c13dd,вывоз мусора контейнером 27 м3,0.0,0.0,0.0,False,1,1
held_context,183570df851103ceca78a3e1,услуги логопеда ребенку,1.0,1.0,0.0,True,1,1
held_context,1859bbc72554d69b884f13ba,аренда мотоциклов,1.0,1.0,0.0,True,1,1
held_context,18671893b27a21ec22681e65,уборка и вывоз мусора,1.0,1.0,0.0,True,1,1
held_context,1888088e0b69ce1078f4a1eb,ремонт автомобильных колонок,0.0,0.0,0.0,False,1,0
held_context,18ba7221fc18b4693bd3cb20,аренда майбах,1.0,1.0,0.0,True,1,1
held_context,18f2188db488672bda78f1e7,наращивание ресниц пролетарский район,1.0,1.0,0.0,False,1,1
held_context,192c80e4d212e3b3596c68a8,грузоперевозки 24 часа,1.0,1.0,0.0,False,1,1
held_context,1999955d8f6169f9a8f90490,ремонт наушников marshall major 4,1.0,1.0,0.0,True,1,1
held_context,19bca34483c8f4e13259ecb1,авто электрик,0.0,0.0,0.0,True,1,1
held_context,1a2aece709bc6d4a9c4658cb,аренда ретро автомобиля,1.0,1.0,0.0,True,1,1
held_context,1a6940515097644e2e79751a,рубанок электрический аренда,1.0,1.0,0.0,False,1,1
held_context,1aa27c2fc5265827cfc9d464,перетяжка сиденья,1.0,1.0,0.0,True,1,1
held_context,1ae5c5efbcdc1c8542e13e46,чистка канализации в частном доме,1.0,1.0,0.0,True,1,1
held_context,1aec0ce04489d190693c713e,поклейка пленки на окна,1.0,1.0,0.0,True,1,1
held_context,1afb58a894f15311a87a083b,сборка электрического щита,1.0,1.0,0.0,True,1,1
held_context,1b39631fc68a71c821fa72f2,курсы медсестер,0.0,0.0,0.0,False,1,1
held_context,1b7dff5d92b11d7fdf956116,репетитор,1.0,1.0,0.0,True,1,1
held_context,1b8e12a905201828b5b35d74,шпаклевка гипсокартон,1.0,1.0,0.0,False,1,1
held_context,1c51d091d599a39604f448af,чистка айфона,1.0,1.0,0.0,False,1,1
held_context,1c778e8ea0351c760debf67f,ремонт косметологического оборудования,1.0,1.0,0.0,True,2,2
held_context,1cf5ec1919caa1522a3adc71,прокат электровелосипедов,1.0,1.0,0.0,True,1,1
held_context,1d4c267d7b36282d578077f6,обработка участка от клещей,1.0,1.0,0.0,True,1,1
held_context,1d73609702387ac8c16e28da,детский сад,1.0,1.0,0.0,True,1,1
held_context,1d82b0132ba3f2c586a76ca1,бармен,1.0,1.0,0.0,True,1,1
held_context,1e0d72338e659cf4bfe32076,независимая экспертиза авто после дтп,1.0,1.0,0.0,True,1,1
held_context,1e18471fecc20e5e399a563d,химчистка матраса,1.0,1.0,0.0,True,1,1
held_context,1e409958495247e42872328d,ремонт чемоданов колес,1.0,1.0,0.0,True,1,1
held_context,1e47c2e041ebb598c03fb09e,аренда кораблика,1.0,1.0,0.0,True,1,1
held_context,1e84a8052434d8f72784df29,мастер стиральных машин,1.0,1.0,0.0,True,1,1
held_context,1edf8a2464372f0408c25092,услуги разнорабочих все виды работ,0.0,0.0,0.0,False,1,1
held_context,1ee1b5635310f51c6c0ad27f,прически укладки,1.0,1.0,0.0,True,1,1
held_context,1f16ad7abd352ca84e87abe5,фрезеровка оргстекла,1.0,1.0,0.0,False,1,1
held_context,1f5035fe18a91afc85aab5d8,сценарист youtube,1.0,1.0,0.0,False,1,1
held_context,1f58c5bf29fd66f5103b2ce7,аренда спортивного зала футбол,1.0,1.0,0.0,False,1,1
held_context,1f9536b9bdfd56914a35f351,покрасить бампер,1.0,1.0,0.0,True,1,1
held_context,202a354625e3fcf7f7207ff5,ремонт экрана телевизора,1.0,1.0,0.0,True,1,1
held_context,2098e4d492d65d025770321e,баер эстония,1.0,1.0,0.0,True,1,1
held_context,20a7d7e93ef575e0b9b30d4c,смм,0.0,0.0,0.0,True,1,1
held_context,20be36e885fe5c1d9e8acad8,услуги компьютерщика,1.0,1.0,0.0,True,1,1
held_context,20c6883d6978fa2520c97e58,трансфер из аэропорта стамбула,1.0,1.0,0.0,True,1,1
held_context,20d567bb117fc6982b88501b,площадка для свадьбы,1.0,1.0,0.0,True,1,1
held_context,20e3e2d458ce49178b07b7fe,установка газовой колонки,1.0,1.0,0.0,True,1,1
held_context,213a274e37968f506a92caf5,аренда v class,1.0,1.0,0.0,True,1,1
held_context,21551ec9a91ae834aa7416ea,очистка вин номера лазером,1.0,1.0,0.0,True,1,1
held_context,21635371cc6785d8a0a3e387,чертежи в компасе на заказ,1.0,1.0,0.0,False,1,1
held_context,2187b17d35396c4a4d4102f2,каравай,1.0,1.0,0.0,True,1,1
held_context,21fd874778d08be204bd940c,разрешение на перевозку негабарита,1.0,1.0,0.0,False,1,1
held_context,221e81a367e9866ebcbbcc4f,резка мрамора,1.0,1.0,0.0,False,1,1
held_context,223014abe99478bb35198455,настройка ps4,1.0,1.0,0.0,False,1,1
held_context,225ec449e9d20c9f63a60523,бронепленка,1.0,1.0,0.0,True,1,1
held_context,227112cb0c5d3d8ee94d38bf,ремонт аудио техники,1.0,1.0,0.0,True,1,1
held_context,22787a503208087423af9275,выгребная яма,1.0,1.0,0.0,True,1,1
held_context,228819a5528213bd65864af5,ремонт экранов планшета,1.0,1.0,0.0,False,1,1
held_context,22afde571a43faa36a511260,няня для ребенка с рас,1.0,1.0,0.0,True,1,1
held_context,22b86055954cabc4505d8913,ультразвуковая чистка форсунок,1.0,1.0,0.0,True,1,1
held_context,22c368df827dc6ac6a25d144,замена межкомнатных дверей,1.0,1.0,0.0,True,1,1
held_context,22dd168b25c8f6c331dcad59,покраска кафеля в ванной,1.0,1.0,0.0,True,1,1
held_context,22ea56965e7568d6680e2671,ремонт стартеров,0.0,0.0,0.0,True,1,1
held_context,22f76d7b58edb35754869eeb,аренда электровелосипедов для курьеров,1.0,1.0,0.0,True,1,1
held_context,23055a2b5c8691595b5f89c3,чистка наушников airpods,1.0,1.0,0.0,True,1,1
held_context,2372ff678621f8273bc327de,вокал для души,1.0,1.0,0.0,False,1,1
held_context,23adc011fe46147f86208748,скупка старых компьютеров,1.0,1.0,0.0,True,1,1
held_context,23bb7963eb81655374419aaa,курсы кройки и шитья с нуля,1.0,1.0,0.0,True,1,1
held_context,23da0dbab65435d9f85ee479,разбор и вывоз старой мебели,1.0,1.0,0.0,True,1,1
held_context,23eccc660f2e44b807186861,новичок рилсмейкер на мероприятие,1.0,1.0,0.0,False,1,1
held_context,23ed1091b651120e33cbf9fa,бесплатная стрижка,1.0,1.0,0.0,True,1,1
held_context,23fadbc875b64ec20662f460,печать книги,1.0,1.0,0.0,True,2,2
held_context,24057a952de1aa495a431eaa,ремонт блютуз колонок,1.0,1.0,0.0,True,1,1
held_context,240d4331055e76ce075cc9da,плиточник частный мастер,1.0,1.0,0.0,False,1,1
held_context,241ff29cc6aded3e7512fbf7,кабинет мастера в аренду,1.0,1.0,0.0,False,1,1
held_context,24479958e6efc273fee6e4bb,лизинговый брокер,1.0,1.0,0.0,True,1,1
held_context,24645994c30abd81a41b1df9,аренда бьюти кабинета,1.0,1.0,0.0,True,1,1
held_context,24a0c3634561d0dfa98838d3,сигнализация с автозапуском,1.0,1.0,0.0,True,1,1
held_context,24d493d0a1d78f61746e16db,услуги трактора,1.0,1.0,0.0,True,1,1
held_context,24db6e68b389938ef9e4cfc7,разблокировка android,1.0,1.0,0.0,True,1,1
held_context,24ebadaa2225e23de8e5b11d,регистрация paypal,1.0,1.0,0.0,True,1,1
held_context,2506d1a966cb7f52ef3067ce,диагностика volkswagen,1.0,1.0,0.0,True,1,1
held_context,252d55addb1b521c96891898,ремонт мопедов,1.0,1.0,0.0,True,1,1
held_context,25545df00e5a8c1780390031,доставка посылок в грузию,1.0,1.0,0.0,True,1,1
held_context,259dce478f7a63cc3927195d,тепловизор,0.0,0.0,0.0,True,1,0
held_context,25d5f1a2d74afac378a88310,таблички из пвх,1.0,1.0,0.0,True,1,1
held_context,262fa3bb9f039875db0d68a0,услуги трактора с фрезой,1.0,1.0,0.0,True,1,1
held_context,26324ca4b6f7a531a9acfa09,токарные работы,1.0,1.0,0.0,True,1,1
held_context,266410410375ad77cc2471df,гидромолот,0.0,0.0,0.0,True,1,1
held_context,269b59b3073cd30b6264126b,аренда рохли,1.0,1.0,0.0,True,1,1
held_context,26eede4c4cfa707796f3ab3b,архыз,1.0,1.0,0.0,False,1,1
held_context,26fffdbd5e9dd080b40010b9,изготовление золотых изделий,1.0,1.0,0.0,True,1,1
held_context,272131031ebb42c8c159649f,поездка на квадроцикле,1.0,1.0,0.0,True,1,1
held_context,2721728be9e33ca17ed7cd8d,вода для кулера,1.0,1.0,0.0,True,1,1
held_context,273cbebf83143fdf6fad642f,автовоз москва минск,1.0,1.0,0.0,False,1,1
held_context,275f9b28d72f92064cdbe6f8,резка бумаги,1.0,1.0,0.0,False,1,1
held_context,2789b97cae3fc0e64b8bb51b,печать деталей на 3d принтере,1.0,1.0,0.0,True,1,1
held_context,27be4f144249ef180a666cc3,копка ям,1.0,1.0,0.0,True,1,1
held_context,27e2e65d5bcee7f29f8aff4f,углубление колодца,1.0,1.0,0.0,True,1,1
held_context,27e316a565954abf57f2668a,изготовление автоключей,1.0,1.0,0.0,True,1,1
held_context,27fe4d12a0ca2efd4f5f7268,ремонт приставок триколор тв,1.0,1.0,0.0,True,1,1
held_context,281e71339b2c5f64c228150a,хоккей секция,1.0,1.0,0.0,False,1,1
held_context,2841c014fda05b0e24880ac6,доставка домашней еды,1.0,1.0,0.0,False,1,1
held_context,284ddd063350e1dfa414a908,курсы дизайнера интерьера,1.0,1.0,0.0,True,1,1
held_context,28ac88b837161cb056fbc264,контейнер под мусор,1.0,1.0,0.0,True,1,1
held_context,290666b105cbd68cd05c070f,аренда волейбольного зала,0.0,0.0,0.0,True,1,1
held_context,2939f9a6e1a861829318e81a,куплю старую стиральную машину,1.0,1.0,0.0,False,1,1
held_context,293fb69b17a4c3ab6847fa1c,алмазное сверление,1.0,1.0,0.0,True,1,1
held_context,297e9009db3eb6e642e7bd0b,бухгалтерия для ип,0.0,0.0,0.0,True,1,1
held_context,29874f24f8bff98dc1db2a82,создание презентаций и доклад,1.0,1.0,0.0,True,1,1
held_context,298d5f24ec03317bdf0bb21f,подъемный кран,1.0,1.0,0.0,True,1,1
held_context,2992381af77a9fb11938d5a5,независимая экспертиза после дтп,1.0,1.0,0.0,True,1,1
held_context,29bcf91d8595daa544076574,грузовой микроавтобус аренда без водителя,1.0,1.0,0.0,False,1,1
held_context,29d02d659391bfbbd0572ac2,начинающий фотограф,1.0,1.0,0.0,True,1,1
held_context,29da5b55950136c3c5e470d3,установка счетчиков воды,1.0,1.0,0.0,True,1,1
held_context,29f4df9e4cc67ae4bae0e187,эвакуатор с манипулятором,1.0,1.0,0.0,True,1,1
held_context,2a03f56892af362104060d25,силиконовые молды на заказ,1.0,1.0,0.0,True,1,1
held_context,2a6568b5cc7fab71a767b1f6,ремонт шуруповерта,1.0,1.0,0.0,True,1,1
held_context,2ae190474631e00b88729ac3,оформление документов,1.0,1.0,0.0,False,1,1
held_context,2b44911e8756e37d0d6fc8c8,кератиновое выпрямление волос с выездом на дом,1.0,1.0,0.0,False,1,1
held_context,2b8cc4391402694a67e18c9b,dtf печать,1.0,1.0,0.0,True,2,2
held_context,2bcbf8ad71ce099ccf49b283,ремонт духовки,1.0,1.0,0.0,True,1,1
held_context,2bcf4ef8a711efb89eb64325,обучение накс,1.0,1.0,0.0,False,1,1
held_context,2bde81eeaffc5234b135a9f9,пересвет приборной панели,1.0,1.0,0.0,True,1,1
held_context,2c077d7430954158a55b79ce,перевезти диван,0.0,0.0,0.0,True,1,1
held_context,2c5a769c58a35a50b01e64c9,картины на заказ,1.0,1.0,0.0,True,2,2
held_context,2c666c10de5968a712b2dbfe,работы по даче,1.0,1.0,0.0,True,1,1
held_context,2c769a047c1f25c7b44c753f,свадебный рилсмейкер,1.0,1.0,0.0,True,1,1
held_context,2ca413f8c5ccfda5c05a07a3,модель на выход из черного,1.0,1.0,0.0,True,1,1
held_context,2cac84ba40abbcab988aa137,жилищный юрист,1.0,1.0,0.0,True,1,1
held_context,2cb8b5445b98ff77e5cf7bb7,замена дисплея iphone 13 pro,1.0,1.0,0.0,True,1,1
held_context,2cc72fcffcc300608d66d24b,замена дисплея samsung,1.0,1.0,0.0,True,1,1
held_context,2cfebb95b27b81cd43ad11bc,микроавтобус переезд на дачу,1.0,1.0,0.0,False,1,1
held_context,2d4b48d95e010eb88f82052f,сварщик трубопроводов,1.0,1.0,0.0,True,1,1
held_context,2da9e7bec8eae30a172e1049,помощь в постановке на учет авто,1.0,1.0,0.0,True,1,1
held_context,2dd6ee585c0291f39611947d,аренда балона с гелием,1.0,1.0,0.0,False,1,1
held_context,2de328af809b3afe7b82a7cf,шатер,1.0,1.0,0.0,True,1,1
held_context,2e3a22747c7ea3501211273b,электрик подольск,1.0,1.0,0.0,True,1,1
held_context,2eb0efea974b1465263ab483,сантехник метро раменки,0.0,0.0,0.0,False,1,1
held_context,2ec079fc043b3fb12e78479e,проверка дымоходов акт ф15,1.0,1.0,0.0,True,1,1
held_context,2f208f2eed90843fe20ec126,аккаунт paypal,1.0,1.0,0.0,False,1,1
held_context,2f5c83ff38ebb1cfcd0422f9,ремонт часов polar,1.0,1.0,0.0,True,1,1
held_context,2fd0621527dcba97960425c9,замена радиатора кондиционера,1.0,1.0,0.0,True,1,1
held_context,2fe7ad7d5192c9f39daf5e69,настройка домашнего кинотеатра,1.0,1.0,0.0,True,1,1
held_context,2ffd913eb03c130ee748bfb7,прикорневой объем,1.0,1.0,0.0,True,1,1
held_context,3009020f0bd976265ca2fb22,школьный проект 9 класс,1.0,1.0,0.0,False,1,1
held_context,301dcff49ca3b3f738c84bce,монтаж видео,1.0,1.0,0.0,True,1,1
held_context,306c623385bdf77e28c44e8e,аренда авто под такси на автомате,1.0,1.0,0.0,False,1,1
held_context,30ab2d6f3c2a6f1b5ee443a9,переводчик с португальского,1.0,1.0,0.0,False,1,1
held_context,314e9ff6d315211bb8b87466,скупка запчастей пк,1.0,1.0,0.0,True,1,1
held_context,31b92437c1a4163b40c27882,прием радиаторов,1.0,1.0,0.0,False,1,1
held_context,31c019c20e23c8c809000c5c,аренда прокат инструмента,1.0,1.0,0.0,True,1,1
held_context,31f3b7eac414ea508663fa08,ремонт пневмоподвески,1.0,1.0,0.0,True,1,1
held_context,31ff7c82645444e87b2d913b,прием пластика,1.0,1.0,0.0,True,1,1
held_context,3255d7b3013d421748509b2f,ремонт квартир без посредников,1.0,1.0,0.0,True,1,1
held_context,325ec933033698972ee2b8ad,трансфер от адлера до абхазии,1.0,1.0,0.0,False,1,1
held_context,326834be9e88209b4b0486bb,настройка ноутбука,1.0,1.0,0.0,True,1,1
held_context,328e889eb71f09cdcb717d6a,аренда виброплиты,1.0,1.0,0.0,True,1,1
held_context,32b28f583a7e27c33ca46cc5,ремонт ворот дорхан,1.0,1.0,0.0,True,1,1
held_context,33113340c748edc516da1a8d,выравнивание земли,1.0,1.0,0.0,True,1,1
held_context,3345725f908ef64f92c6a3e4,полировка мрамора,1.0,1.0,0.0,True,1,1
held_context,33536a8f66d0400a3a39a1d4,нивелир в аренду,1.0,1.0,0.0,True,1,1
held_context,335aeb8ca1854573cae0424f,ремонт аирподс,1.0,1.0,0.0,False,1,1
held_context,335eab1134ee177354d17cde,песок щебень доставка,1.0,1.0,0.0,True,1,1
held_context,338008e12f0c422764a90c4d,автосервис по chevrolet,1.0,1.0,0.0,False,1,1
held_context,33be13bd4e1fbc0a991b05e2,аниматор на детский праздник с выездом,1.0,1.0,0.0,True,1,1
held_context,33db3c69f0663a8a02196341,мангальная зона из кирпича,1.0,1.0,0.0,True,1,1
held_context,33ee726bd30139c011c158b9,ремонт рвд,1.0,1.0,0.0,True,1,1
held_context,3427d62d5ae3494a1f18cc62,разблокировка телефона андроид xiaomi,1.0,1.0,0.0,False,1,1
held_context,347082d4cd8183593e7625df,помещение для праздника,1.0,1.0,0.0,True,1,1
held_context,348ae028753a320e836c58c2,кортеж на свадьбу ранж ровер,0.0,0.0,0.0,False,1,1
held_context,3535fb4ab4810713b4294568,водоснабжение,1.0,1.0,0.0,True,1,1
held_context,35e87ce84c6263f9b8091cd0,восстановление стс,1.0,1.0,0.0,False,1,1
held_context,360a314066677a4e43b2ce7e,доборы железные,1.0,1.0,0.0,False,1,1
held_context,361d6a4ba543c640b84c4c90,психотерапевт,1.0,1.0,0.0,True,1,1
held_context,365749c290b4c2bac9475fe2,аренда домика с баней,1.0,1.0,0.0,True,1,1
held_context,36c48c240020141fe3065f26,ветеринар на дом дешево,1.0,1.0,0.0,False,1,1
held_context,36ee032d098cdded3465eb43,чистка газовых колонок,1.0,1.0,0.0,True,1,1
held_context,36f1710b2f0dd9ec76188c3a,утилизация холодильник,1.0,1.0,0.0,False,1,1
held_context,37333d2286bb16d07bfaa026,болгарка на прокат,1.0,1.0,0.0,False,1,1
held_context,3738b10260dff059da02ca61,аренда автобуса,1.0,1.0,0.0,True,1,1
held_context,378c17f3567975e2b44e43c9,шлифовка лица,1.0,1.0,0.0,True,1,1
held_context,37aec504bd0c6c1083d88534,курсы ювелира,1.0,1.0,0.0,False,1,1
held_context,37b314be6b369e8e11ccd945,ремонт стиральной машины,1.0,1.0,0.0,True,1,1
held_context,37f5ffef4ddd5042fcffc043,прикурить авто,1.0,1.0,0.0,True,1,1
held_context,3809afbac6713d834af4a242,чистка кондиционера авто,1.0,1.0,0.0,True,1,1
held_context,3821dd99b76d7e2b3cba2d3c,модель на увеличение губ,1.0,1.0,0.0,True,1,1
held_context,385f9ce105899df0f59e75c4,прокат велосипедов беговая,1.0,1.0,0.0,False,1,1
held_context,389bd0fdc8bf5af5074e5017,прием стеклопакета,1.0,1.0,0.0,True,1,1
held_context,392d4f3abf632d80b12d9d7d,слив воды с натяжного потолка,1.0,1.0,0.0,True,1,1
held_context,39d18e65655caf26e669b621,коммерческие торги,1.0,1.0,0.0,False,1,1
held_context,3a29c843c6c3bd463b3cecd8,юрист,1.0,1.0,0.0,True,1,1
held_context,3a2f34e75bdc0996546a5583,удаление папилломы,1.0,1.0,0.0,True,1,1
held_context,3a4d96d77a7c13b6838209cc,аренда утюга для труб,1.0,1.0,0.0,False,1,1
held_context,3acd08ed65c742c7fa609df8,шиномонтаж с виброконтролем hunter,1.0,1.0,0.0,False,1,1
held_context,3ae2fc2d962556fa4c282050,распространение листовок по почтовым ящикам,1.0,1.0,0.0,True,1,1
held_context,3b157712f569631e59c940a4,оклейка пленкой мебели,1.0,1.0,0.0,False,1,1
held_context,3b161d7f0da02d03d7539bb6,перевозка в ереван,1.0,1.0,0.0,True,1,1
held_context,3b38eaa91c6a9561ae7754ba,реставрация,1.0,1.0,0.0,True,2,2
held_context,3b69b9acac11af8c417c832f,автоэлектрик установка автозвука,1.0,1.0,0.0,False,1,1
held_context,3c12f5d33a6a7c0915cad6ed,ремонт гибочного станка,1.0,1.0,0.0,False,1,1
held_context,3c15a825011ecbfb2e99cd24,замена гнезда зарядки,1.0,1.0,0.0,True,1,1
held_context,3c1fd926e0c4de9e007a62d9,землекопы траншей ямы,1.0,1.0,0.0,False,1,1
held_context,3c253c317d8283d41ef95ee3,эндоскоп,0.0,0.0,0.0,True,1,0
held_context,3c89dae3a890317d293481c7,услуги эвакуатора круглосуточно,1.0,1.0,0.0,True,1,1
held_context,3c9a5eb5e96f37d9180a32a0,ремонт айфонов,1.0,1.0,0.0,True,1,1
held_context,3ca0cb2bcf2db89b7444bbfc,перевозка мототехники,1.0,1.0,0.0,True,1,1
held_context,3cb2e0f87103a705df8cbab3,куплю отходы пластика акрил,1.0,1.0,0.0,False,1,1
held_context,3cbaece35b27f06e87c062fc,муж на час сборщик мебели,1.0,1.0,0.0,True,1,1
held_context,3ce5362d844cf0d68b45013d,замена масла в двигателе,1.0,1.0,0.0,True,1,1
held_context,3cea7357ccdc157667afd50b,сброс ошибок авто,1.0,1.0,0.0,True,1,1
held_context,3d1511526398c1eeea380a50,восстановление замка зажигания,1.0,1.0,0.0,False,1,1
held_context,3d2d912ed7434d5ac971f982,срочный выкуп земельных участков,1.0,1.0,0.0,True,2,2
held_context,3d30ce5725e65544ac8d0088,стилист по подбору одежды,1.0,1.0,0.0,True,1,1
held_context,3e2ffd5bfad1ca2b3f4b19e1,трансфер тверь шереметьево,1.0,1.0,0.0,False,3,3
held_context,3eac9dcc9eb4305a227563a0,ремонт будки газель,1.0,1.0,0.0,True,1,1
held_context,3eb5521583a6720804406ed3,грузчики свао,1.0,1.0,0.0,False,1,1
held_context,3eee808b7b77633c53cd519d,порошковая покраска ворот,0.0,1.0,1.0,False,1,1
held_context,3f09f4a99aaa8a84a7d1daaa,установка заборов,1.0,1.0,0.0,True,1,1
held_context,3f26e3a2a4330bed9253de4e,грузоперевозки с аппарелью,1.0,1.0,0.0,False,1,1
held_context,3f285d51e33d788b71e587e6,демонтаж радиатора отопления,1.0,1.0,0.0,False,1,1
held_context,3f6cc32a5db159d3b0f01ea6,программист,1.0,1.0,0.0,True,1,1
held_context,3f71b86795d89b41c25a2c0f,курсовая работа,1.0,1.0,0.0,True,1,1
held_context,3f7c8def0f4e85639dc9f222,наращивание ресниц суворовский,1.0,1.0,0.0,True,1,1
held_context,3fdcf9eff6448a01c9b85760,ищу музыкантов,1.0,1.0,0.0,False,1,1
held_context,3fe5c1176aa49c6a4ea7156b,услуги грузчиков и разнорабочих,1.0,1.0,0.0,True,1,1
held_context,4005839d3fc8f4dd3c053b3a,замена картриджей фильтров для воды,1.0,1.0,0.0,True,1,1
held_context,400e4ae25e3ded0015f5b6ff,подолог на дом,1.0,1.0,0.0,True,1,1
held_context,40de4a94b43e3bbe43c5bcd5,электрорубанок аренда,1.0,1.0,0.0,False,1,1
held_context,40df6ef6f0e565438a519350,турецкая карта,1.0,1.0,0.0,True,1,1
held_context,4116e7362653682ae4d8c486,кровля,0.0,0.0,0.0,True,1,0
held_context,4159d3b25f46fb8d704ddfa5,авто с выкупом без банка,1.0,1.0,0.0,True,1,1
held_context,41e84e804c0b9ebbc0dc68fd,3d моделирование для 3d печати,1.0,1.0,0.0,True,1,1
held_context,41fa5bfe6a6681893356f8be,грузоперевозка межгород,1.0,1.0,0.0,True,1,1
held_context,4214afc11db793d1fa9e76b5,вывоз чугунных ванн бесплатно,1.0,1.0,0.0,True,1,1
held_context,425e52422491581ee5f343ca,реставрация плитки керамогранита,1.0,1.0,0.0,True,1,1
held_context,425ff02c6e4d91071c19eb50,грузоперевозки ларгус,1.0,1.0,0.0,True,1,1
held_context,42bdb486da205bbce360e613,автоюрист по осаго,1.0,1.0,0.0,False,1,1
held_context,433779bac13090c15816800c,возведение ангаров,1.0,1.0,0.0,True,1,1
held_context,435fa9b7e938693abb391898,замена личинки замка,1.0,1.0,0.0,True,1,1
held_context,43689bd2e5cc9e6a5b7ffbff,уроки игры на трубе,1.0,1.0,0.0,True,1,1
held_context,43f31186c25748080db3b273,выкарчевывание деревьев,1.0,1.0,0.0,True,1,1
held_context,443789b04cd42567a88c4076,массаж с онлайн записью,1.0,1.0,0.0,True,1,1
held_context,44724363c1e03b1ad69fa235,руссификация gac s7,1.0,1.0,0.0,False,1,1
held_context,447514ea1a1bc43e0f1ae24c,электроинструмент аренда,1.0,1.0,0.0,False,1,1
held_context,44c79773ad8f9e7f48cec2ff,чип тюнинг ford,1.0,1.0,0.0,True,1,1
held_context,44f0ee8a90ff01b8e82252fb,куплю металлолом самовывоз,1.0,1.0,0.0,True,1,1
held_context,45700e41ce3c73d4dd35eb57,прокладка трассы для кондиционера,1.0,1.0,0.0,True,1,1
held_context,459646e408681c590b9f560d,грузоперевозки по городу 5 тонн,1.0,1.0,0.0,True,1,1
held_context,45978b343b260ded90241083,бригада строителей чехов,1.0,1.0,0.0,False,1,1
held_context,45b77ada711bddce62e12f67,ремонт форсунок в зао,1.0,1.0,0.0,False,1,1
held_context,45c157c7a228dbcf1ac838b2,подтяжка груди,1.0,1.0,0.0,True,1,1
held_context,45c642fd76ba5f054b941370,экспресс линька кошке,1.0,1.0,0.0,False,1,1
held_context,4610274b15c353ce32f10984,свадебный торт и капкейки на заказ,1.0,1.0,0.0,False,1,1
held_context,468207aba018be6292090e2e,прически на дому,1.0,1.0,0.0,True,1,1
held_context,4682aca147d3fe71a0d4ada9,перевозка вещей по городу,1.0,1.0,0.0,True,1,1
held_context,471fe307b148f2bc8e2e58e5,боксерские косички,1.0,1.0,0.0,True,1,1
held_context,47452171073e54149eded09e,тренер по футболу,1.0,1.0,0.0,True,1,1
held_context,475ae14d9d4b29f21e619900,самопогрузчик,1.0,1.0,0.0,True,1,1
held_context,476b9b655211a368273a088d,локация для свадьбы,1.0,1.0,0.0,False,1,1
held_context,4776f01b3438c9779c50d8d3,вывоз металлолома,1.0,1.0,0.0,True,1,1
held_context,47858d7553e09c4c5a97d3c6,курсовая по экономике,1.0,1.0,0.0,True,1,1
held_context,47a8c530d023eb71d8467db5,пирсинг в студии,1.0,1.0,0.0,False,1,1
held_context,47e35c746be0651e40f8a63b,прием электроники,0.0,1.0,1.0,True,1,1
held_context,47e3e7825e704548bdf877c4,мастер сантехник,1.0,1.0,0.0,True,1,1
held_context,480372e6a01f22267e5c8ec6,замена замков,1.0,1.0,0.0,True,1,1
held_context,48199835a1c172f187ff36b3,водоснабжение на участке,1.0,1.0,0.0,False,1,1
held_context,481d52e8e14b69338a2a1395,баня аренда,0.0,0.0,0.0,True,1,0
held_context,483382adeb29296380ec6dad,наращивание ресниц led,1.0,1.0,0.0,True,1,1
held_context,48441c42357b26374ad6c74c,ремонт будок и фургонов,1.0,1.0,0.0,True,1,1
held_context,486ebbf9dcba152d44b47c7c,прием аккумуляторов,1.0,1.0,0.0,True,1,1
held_context,48cfb278b753e04fa1c42cce,грузчики,1.0,1.0,0.0,True,1,1
held_context,496a15b485ff28face27653f,снятие защиты компонентов vag,1.0,1.0,0.0,True,1,1
held_context,49d20f603634e9ea1a9acc9b,прическа на свадьбу,1.0,1.0,0.0,True,1,1
held_context,49d8726504d7b2d78376ffe3,шлифовка покраска сруба,1.0,1.0,0.0,True,1,1
held_context,49efe5c7f1b95048fc883f8b,производство металлоконструкций,1.0,1.0,0.0,True,1,1
held_context,4a50a0cf14f9ca8102e3ab83,конопатка срубов,1.0,1.0,0.0,True,1,1
held_context,4a511da43b17cd0720c53a4e,футболка со своим принтом,1.0,1.0,0.0,True,1,1
held_context,4a7ab7422ece96ca2dc777a1,муж на час сборка мебели,1.0,1.0,0.0,True,1,1
held_context,4a987db3933f8dce05c6b14d,кран манипулятор,1.0,1.0,0.0,True,1,1
held_context,4ae85df40dd6b5498aa2013b,автоэлектрик выезд,1.0,1.0,0.0,True,1,1
held_context,4afa4a31cbb3240c8f285ced,сдать iphone,1.0,1.0,0.0,True,1,1
held_context,4b140254e2e687afcccd0061,креативное окрашивание,1.0,1.0,0.0,True,1,1
held_context,4b1c0eba7ef73df7ab4d83bd,репетитор по английскому языку,1.0,1.0,0.0,True,1,1
held_context,4b23a3a04eec78f6ff79738e,кранборт вездеход,1.0,1.0,0.0,False,1,1
held_context,4bc55ba1dc034cf17091bb2d,газель услуги,1.0,1.0,0.0,False,1,1
held_context,4c1c284c3d3ce3bad492c3b3,разработка приложений iherb,0.0,0.0,0.0,False,1,1
held_context,4c36bdc59c7fe77bda61e083,3d фигурки по фото,1.0,1.0,0.0,True,1,1
held_context,4cdea18f35e93ee48c9c48be,макияж и прическа,1.0,1.0,0.0,True,1,1
held_context,4d254816b0ddfbcaba140829,расточка блока,1.0,1.0,0.0,True,1,1
held_context,4d28c7ca889fbc63da8ed68a,установка выхлопа,1.0,1.0,0.0,True,1,1
held_context,4d44b152f755771248c51ecc,чистка фотоаппарата,1.0,1.0,0.0,False,1,1
held_context,4d4b02dc4caa778e7994d782,готовый проект дома 130 кв,1.0,1.0,0.0,False,1,1
held_context,4dbf15a8b2b55488cdaf0767,аренда автомобиля от собственника,1.0,1.0,0.0,False,1,1
held_context,4de2482a282aad81c9bb3a53,репетитор по сольфеджио,1.0,1.0,0.0,True,1,1
held_context,4e046a218d9c6725c9712e91,изготовление номеров авто,1.0,1.0,0.0,True,1,1
held_context,4e34a0595c74ae296b4c4d85,удаление царапин,1.0,1.0,0.0,True,1,1
held_context,4e6561a1262b054a03a8721e,гидроизоляция стен,1.0,1.0,0.0,True,1,1
held_context,4e7274bc22ac361968bb0a02,вывоз мусора подмосковье,1.0,1.0,0.0,False,1,1
held_context,4e775a001181fcf81c5beebf,проектировщик мебели,1.0,1.0,0.0,True,1,1
held_context,4e7dc5e6032ef12850ee50c9,сдать катализатор,1.0,1.0,0.0,True,1,1
held_context,4e83d2bc22acc031f1e0a536,художник на стенах,1.0,1.0,0.0,False,1,1
held_context,4ea9dcfee7af15da0c5a2af4,отходы бамперов,1.0,1.0,0.0,False,1,1
held_context,4ee4550f91b6ae5143578d64,диагностика двигателя,1.0,1.0,0.0,True,1,1
held_context,4efb4e82d049d05c402cb508,танцы вальс,0.0,1.0,1.0,True,1,1
held_context,4f1ca844b3325f243031f15c,канеколон,1.0,1.0,0.0,True,1,1
held_context,4fc27913fe6033abc9e7304d,автоэлектрик audi,1.0,1.0,0.0,True,1,1
held_context,50661b681f4c5b1438155732,беседка красивая,1.0,1.0,0.0,False,1,1
held_context,506764b41877c70983efdb79,шпатлевка стен,1.0,1.0,0.0,True,1,1
held_context,5098d8e68ff8a5210c363e00,обшивка пластиком ванна туалет,1.0,1.0,0.0,False,1,1
held_context,50b0c1211ad7b1874f9c18f6,организация праздников,1.0,1.0,0.0,True,1,1
held_context,50df9c5d308c59f2a9929e48,омск натяжные потолки установка,1.0,1.0,0.0,False,1,1
held_context,511a02eef51c674de9cf94ad,постоянная прописка в москве собственник,1.0,1.0,0.0,True,1,1
held_context,51615ae6124f8247ed73bb9c,медицинский массаж,0.0,1.0,1.0,True,1,1
held_context,518b453e0eca284aa25f30a7,скупка продажа мониторов,1.0,1.0,0.0,False,1,1
held_context,518c1f4fd1f3d24ca1f9c976,арендп автомобиля с водителем на свадьбу,1.0,1.0,0.0,False,1,1
held_context,5196afe66fd9a60d78a7d49a,саксофонист на мероприятие,1.0,1.0,0.0,False,1,1
held_context,519af067c98c69113e08b5c1,перевезти вещи,1.0,1.0,0.0,True,1,1
held_context,51c805d92d0f08cd1db2965e,сантехник полотенцесушитель,1.0,1.0,0.0,False,1,1
held_context,51e101e4410aa74dfac568c4,поиск воды на участке новгородская область,1.0,1.0,0.0,False,1,1
held_context,51e68e83d26086157fce2009,печать виниловых наклеек на двери,1.0,1.0,0.0,False,1,1
held_context,51f6cbcf30f74b154970e199,оценщик,1.0,1.0,0.0,True,1,1
held_context,521db01c641a838dccdd34d3,генерация видео ии,1.0,1.0,0.0,True,1,1
held_context,52498c01d34f57b7d9d84b6b,корректировка пробега kia,1.0,1.0,0.0,False,1,1
held_context,5269ccd4145741297087df2e,монтаж рилс,1.0,1.0,0.0,True,1,1
held_context,5273ab49aa7c4ebc7ef8dbab,парковка аэропорт курумоч,1.0,1.0,0.0,True,1,1
held_context,5287d7fdaeb2da96da4fb6f8,покраска потолка в квартире,1.0,1.0,0.0,True,1,1
held_context,52e3c3a925b94ab32ea9b491,замена платы кондиционера,1.0,1.0,0.0,False,1,1
held_context,52e47cc3668c489b4d945d5b,настройка яндекс директ,1.0,1.0,0.0,True,1,1
held_context,52fe29f2b147c251a1043b67,мотоблоком,1.0,1.0,0.0,True,1,1
held_context,530a25770ac97203dc42665a,армавир,1.0,1.0,0.0,False,1,1
held_context,530d344069a60d44a943d0a0,скупаю компьютеры,1.0,1.0,0.0,True,1,1
held_context,532f7881281ae858e23037a9,яхта в аренду,1.0,1.0,0.0,True,1,1
held_context,536caf1700542d84fceb9735,смас лифтинг,1.0,1.0,0.0,True,1,1
held_context,53b5f3e12a5beb3b97675392,костюм ростовой куклы аренда,1.0,1.0,0.0,True,1,1
held_context,53ef47aa4ec5eff8f230801c,обслуживание лодок пвх,1.0,1.0,0.0,False,1,1
held_context,53fa484efa4a768a47b27554,доставка животных,1.0,1.0,0.0,True,1,1
held_context,540bded921601d59f7463874,манипулятор старокарасунская,1.0,1.0,0.0,False,1,1
held_context,5427e0dd187c3b3782a4f8b2,ночные квесты 18,1.0,1.0,0.0,False,1,1
held_context,5446d05a70c81a62590710ae,реставрация брендовых сумок,1.0,1.0,0.0,False,1,1
held_context,544b2868678506f9598f0645,ремонт амортизаторов,1.0,1.0,0.0,True,1,1
held_context,54649d09b7382840c400b3ee,микроавтобус 8 мест на свадьбу,1.0,1.0,0.0,True,1,1
held_context,547a5d9898c34395c75bded5,обучение на права тракториста,1.0,1.0,0.0,True,1,1
held_context,54d31860fdd1f02b87ab60a3,байер германия,1.0,1.0,0.0,True,1,1
held_context,54e2c2725f568fec8ab3f4f5,обучение сварке аргоном,1.0,1.0,0.0,True,1,1
held_context,54ea9121a8916333961a8406,реставрация оружия,1.0,1.0,0.0,False,1,1
held_context,551fba20db5624fa7db0cd4c,ремонт ford f-150,1.0,1.0,0.0,False,1,1
held_context,552fa57cba7b78b99b1129f2,химчистка колясок детских,1.0,1.0,0.0,False,1,1
held_context,558713c9b25af47172228d7d,подсветка в салон,1.0,1.0,0.0,True,1,1
held_context,55cfc61b4a80328c7d20bf4f,установка розеток,1.0,1.0,0.0,True,1,1
held_context,562883edb6827f4994aab69d,замена газового котла,1.0,1.0,0.0,True,1,1
held_context,568051252a2581bc00991e45,выкачка септика,1.0,1.0,0.0,True,1,1
held_context,568569d6fe67f1b7189aec70,наращивание кудрей,1.0,1.0,0.0,False,1,1
held_context,568a2d9739e32d16a2b9bb72,ремонт газонокосилок,1.0,1.0,0.0,True,1,1
held_context,572ee6ba19bf6f20e37d8206,биоревитализация модель,1.0,1.0,0.0,True,1,1
held_context,57ac8746d77b00e7cc3589cf,утилизация стиральных машин бесплатно,1.0,1.0,0.0,True,1,1
held_context,5851d36d21a130d2c5680a4c,архитектор проектировщик,1.0,1.0,0.0,True,1,1
held_context,585eef012e1dd5b1ff1b08c0,печать на 3d принтере из смолы,1.0,1.0,0.0,False,1,1
held_context,58b327353da5630ee0c06cbb,от сглаза,1.0,1.0,0.0,True,1,1
held_context,59611d2edd4e02f446486d83,межевание земельного участка,1.0,1.0,0.0,True,1,1
held_context,597949e9153ad806dd3deb81,подключение теплых полов,1.0,1.0,0.0,False,1,1
held_context,599a1937d2434086a928f4e5,грузоперевозки в ереван,1.0,1.0,0.0,False,1,1
held_context,59b2be2ae329aa0de1e381cf,инструктор по вождению мкпп lada vesta,1.0,1.0,0.0,False,1,1
held_context,5a1009054199eaf63396b1af,перевозки largus,1.0,1.0,0.0,False,1,1
held_context,5a170860a5005529825f90ad,караоке,1.0,1.0,0.0,True,1,1
held_context,5a4fede2be18cab7409d9ec3,покраска 3d моделей,1.0,1.0,0.0,True,1,1
held_context,5a502991497c20008630abca,покраска мотоцикла,1.0,1.0,0.0,True,1,1
held_context,5a532af0274eeed49302dcf4,фото видео съемка на свадьбу,1.0,1.0,0.0,False,1,1
held_context,5ab7692cfba557cd5c3624c4,манипулятор 12 метров,1.0,1.0,0.0,True,1,1
held_context,5b2e4ba021a94088185c0360,аренда игровых приставок,1.0,1.0,0.0,True,1,1
held_context,5b3aabc076447459cafdcba4,растяжка обуви,1.0,1.0,0.0,True,1,1
held_context,5b6dab32e3ea3b02664ec1ef,грузоперевозки межгород,1.0,1.0,0.0,True,1,1
held_context,5b8b7df97b44864fb2c41abf,перекатка процессора samsung,1.0,1.0,0.0,False,1,1
held_context,5c2d9ba47b93fa45adcb9412,кузовной ремонт и покраска авто,1.0,1.0,0.0,True,1,1
held_context,5c9f2f85f4e9808141f0e2ed,программа ofis на macbook,1.0,1.0,0.0,False,1,1
held_context,5d1cf751390da81b54c999ef,реставрация сидений автомобили,1.0,1.0,0.0,True,1,1
held_context,5d39c1175997e474759431cf,визажист стилист,1.0,1.0,0.0,True,1,1
held_context,5d537b9949dbe5ba86fd429f,парная фотосессия,1.0,1.0,0.0,True,1,1
held_context,5d5752c330f6fc04a10425f7,выкорчевывание деревьев калужская область бабынинский район,1.0,1.0,0.0,False,1,1
held_context,5e29cf28b020af9ea193bda3,неоновая вывеска бу,1.0,1.0,0.0,True,1,1
held_context,5e413661051f2396ac3c2c0d,ремонт карбона,1.0,1.0,0.0,True,1,1
held_context,5e8385e1341e482a7ab8e31b,распечатать визитки,1.0,1.0,0.0,True,1,1
held_context,5ec6670a01f0a0853f60daed,сауна на час,1.0,1.0,0.0,True,1,1
held_context,5f07110d64e20ebe0702221d,посылка в германию,1.0,1.0,0.0,False,1,1
held_context,5f55c660ac3dfb03d8d0128e,видеовизитка,1.0,1.0,0.0,True,1,1
held_context,5f70c11e03fc8964744104fe,кабинет психолога в аренду,1.0,1.0,0.0,True,1,1
held_context,5f79cb1d74733c86b0778f95,ремонт электро газонокосилок,1.0,1.0,0.0,True,1,1
held_context,5f9a693b92c9086b2b837850,разнорабочий на день на дачу,1.0,1.0,0.0,True,1,1
held_context,5f9df43a57829bbbce19f0ed,типография,1.0,1.0,0.0,True,1,1
held_context,60029cc7c8b1897ee730a30f,ремонт холодильников атлант,1.0,1.0,0.0,True,1,1
held_context,60216ca9aee998da3a061237,забор из штакетника,1.0,1.0,0.0,True,1,1
held_context,603957c29d0676b55a759515,плата ключа форд фокус,1.0,1.0,0.0,False,1,1
held_context,6041732812b45741a55fd210,лазерная обработка металла,1.0,1.0,0.0,True,1,1
held_context,605d2d67072d9e71ac2209f1,ремонт вентиляции,1.0,1.0,0.0,True,1,1
held_context,605ec3a44f187bf82086aafa,изготовление вывески,1.0,1.0,0.0,True,1,1
held_context,6067d06462c3e6e8dbb2c0b5,косметолог домашний уход,1.0,1.0,0.0,False,1,1
held_context,6075fe7cf4f4ed35f6289554,кабинет для мастер классов,1.0,1.0,0.0,False,1,1
held_context,608b964a774d50f9fb8dcc0c,дизайнер принтов для одежды,1.0,1.0,0.0,False,1,1
held_context,60a70cf67926bf903e0fb90a,самогруз 10 тонн,1.0,1.0,0.0,True,1,1
held_context,60ad2938d30d26f11b2b84d1,приборная панель ремонт,1.0,1.0,0.0,False,1,1
held_context,60b1ed63216bf36a0561e011,заказ еды на мероприятие,1.0,1.0,0.0,True,1,1
held_context,60c0a1fe16e6ced93fb9535a,удлинить газель,1.0,1.0,0.0,True,1,1
held_context,60d445f6b3c81bd7be80a72f,лазерная резка фанеры услуга,1.0,1.0,0.0,False,1,1
held_context,612252f3d25c4d965c88bfaf,пескоструй обработка ворот дверей,1.0,1.0,0.0,False,1,1
held_context,614bdbdc077fe3c564a79ed9,чистка зубов,1.0,1.0,0.0,True,1,1
held_context,614fd1e27fddd7c0a1be5b3c,классическое наращивание ресниц,1.0,1.0,0.0,True,1,1
held_context,61603d1ef4e1da9229667fbb,фотограф бесплатно,1.0,1.0,0.0,True,1,1
held_context,616cc50f093626e8fba13868,чистка номера двигателя,1.0,1.0,0.0,True,1,1
held_context,61e54fb13d3e60edc085064a,бьюти коворкинг аренда кабинета,1.0,1.0,0.0,True,1,1
held_context,61e62d783f54633b406ee468,повесить зеркало в ванной яхромская,1.0,1.0,0.0,False,1,1
held_context,62300d3cb3a0e9838e25016b,изготовление дубликатов грз,1.0,1.0,0.0,True,1,1
held_context,6239d3d1a328f6e62bf8d64e,ремонт светильников,1.0,1.0,0.0,True,1,1
held_context,6292cf3f808290df4e5cee98,смывка для волос,1.0,1.0,0.0,True,1,1
held_context,629f969e367de043cbbb3213,такси 7 мест,1.0,1.0,0.0,True,1,1
held_context,62ae2db94b0d6c22011a7cf5,сайт tilda,1.0,1.0,0.0,False,1,1
held_context,62c9b891b0014eef085cbea1,интим девочка,0.0,0.0,0.0,False,1,1
held_context,62f7042535a264b83d17f1cb,аниматор трансформеры,1.0,1.0,0.0,True,1,1
held_context,6349172f24f9e0b545f57ce0,покрас волос,1.0,1.0,0.0,False,1,1
held_context,635735ea3ba51f12fb2266a5,наращивание ногти,1.0,1.0,0.0,True,1,1
held_context,63a8b3b096d7a03e63de13eb,ремонт одежды,1.0,1.0,0.0,True,1,1
held_context,63d4e4a250f07ba0c664f5f0,прокат кабриолета без водителя,1.0,1.0,0.0,True,1,1
held_context,640eaeb6e4431a78ac65a688,багетная мастерская,1.0,1.0,0.0,True,1,1
held_context,641f51dd064101dcc54fc12b,вывоз мусора солнечногорск,1.0,1.0,0.0,False,1,1
held_context,644dd6fd7dedf70668707f57,проект каркасного дома,1.0,1.0,0.0,True,1,1
held_context,65163a496d6b73de23da9bfc,бросковая зона,1.0,1.0,0.0,False,1,1
held_context,652d8be6bfa4bfa986543a6c,услуги токаря фрезеровщика,1.0,1.0,0.0,True,1,1
held_context,6533df985b62b19d71650f77,репетитор по математике 1 4 класс,1.0,1.0,0.0,False,1,1
held_context,6547c49b6f206410e14dbd04,расточка цилиндров иж,1.0,1.0,0.0,False,1,1
held_context,65749be687dd243e8b214e73,сварка по ржавчине,1.0,1.0,0.0,False,1,1
held_context,65b1cb903c881298982a979e,базы отдыха на озере,1.0,1.0,0.0,True,1,1
held_context,65e02e913d6b3c45bac94e42,утепление стен пеноплексом,1.0,1.0,0.0,True,1,1
held_context,65f01ca1134c64acddef5116,попутный груз,1.0,1.0,0.0,True,1,1
held_context,667fd3c5d415e3efe5112e22,газель перевозки,0.0,0.0,0.0,True,1,1
held_context,668688449fdd2b591ee84f16,печать на джерси,0.0,0.0,0.0,False,1,1
held_context,669b35b8b4484b9a2c6eb034,байер финляндия,0.0,0.0,0.0,True,1,1
held_context,66a3214ca58dfbaf7d63c045,ремонт авто ходовка,1.0,1.0,0.0,True,1,1
held_context,672f0123ab953dbc64a87031,мастер класс для взрослых,0.0,0.0,0.0,True,1,1
held_context,673092ce8e03541252fd024f,грузоперевозки 6 метров,1.0,1.0,0.0,True,1,1
held_context,675b3d052a0e266f2a62cee0,база отдыха на волге,1.0,1.0,0.0,True,1,1
held_context,6773210691629e95a0522ce1,тула бобкет,1.0,1.0,0.0,False,1,1
held_context,6777d261c9442016aa1be546,памятник стальной,1.0,1.0,0.0,False,1,1
held_context,67b102b38b9bb8a93c8a5739,вросший ноготь,1.0,1.0,0.0,True,1,1
held_context,680713a9dd2402cfcc23b86e,рекламные наклейки банеры,0.0,1.0,1.0,True,1,1
held_context,680caca02e9ed0fb2c024e67,открыть машину без ключа,1.0,1.0,0.0,True,1,1
held_context,6834f2f47d0469efb443d465,развлечения,0.0,0.0,0.0,True,1,1
held_context,6866d464f464a90033cf3a0f,тренер по мма,1.0,1.0,0.0,True,1,1
held_context,687638c72935617e1c88105e,афрокудри,1.0,1.0,0.0,True,1,1
held_context,68a53f801cf795a7053a110a,моделирование в simintech,1.0,1.0,0.0,False,1,1
held_context,6912e6131c58247f72ede795,мойка окон в квартире,1.0,1.0,0.0,True,1,1
held_context,695801f64159d813d36e028e,выкуп недвижимости,1.0,1.0,0.0,True,1,1
held_context,69bfff411b2323564dd14e17,оградки,1.0,1.0,0.0,True,1,1
held_context,69d0a93144e1508d81a8d8fa,брейды мужские,1.0,1.0,0.0,True,1,1
held_context,6a25791f3a33ad629f63b7df,снос демонтаж домов,1.0,1.0,0.0,True,1,1
held_context,6a2bd7e7200d78e44356c590,аренда строительного пылесоса,1.0,1.0,0.0,True,1,1
held_context,6a7e6e343467d49654e37a29,ремонтные и отделочные работы,1.0,1.0,0.0,True,1,1
held_context,6a7f8ae6230ce6f038148efc,ремонт ванной под ключ,1.0,1.0,0.0,True,1,1
held_context,6a9f3739f3280fe72b2efd81,диджей на юбилей,1.0,1.0,0.0,False,1,1
held_context,6afb03a2d19ea8751eeab320,строительство гаражей,1.0,1.0,0.0,True,1,1
held_context,6b044dfedc76ae07b118e687,прозрачные наклейки в рулоне,1.0,1.0,0.0,False,1,1
held_context,6b12fa524c57567771d402c5,промывка форсунок,1.0,1.0,0.0,True,1,1
held_context,6b3a8e458bc209c6975ebb42,пластиковые визитки,1.0,1.0,0.0,True,1,1
held_context,6b8723b933881a5b8939c5a9,бурение канализации,1.0,1.0,0.0,True,1,1
held_context,6ba9484ffe49ecc39e870e8a,покраска мебели,1.0,1.0,0.0,True,1,1
held_context,6bd667ded13f19dae299757e,корпоратив на природе,1.0,1.0,0.0,True,1,1
held_context,6becc04eac84518b835f576f,аренда ушм,1.0,1.0,0.0,True,1,1
held_context,6c06fb6cb333ee74ae049eb7,ремонт головки гбц,1.0,1.0,0.0,True,1,1
held_context,6c1875056148c8709523d2fb,настройка честного знака,1.0,1.0,0.0,True,1,1
held_context,6c1cf4be4a07b2e2037728d4,ремонт духовых шкафов neff,1.0,1.0,0.0,False,1,1
held_context,6c2326274411c7aa856fe6cd,дезинфекция от клопов,1.0,1.0,0.0,True,1,1
held_context,6c3bc40657d62a40ee5edac3,логопед онлайн,1.0,1.0,0.0,True,1,1
held_context,6c4c9db1ae4c166f0b347d2d,губы,1.0,1.0,0.0,True,1,1
held_context,6c6642fca7bd1f776cb920d2,ремонт боковых порезов шин,1.0,1.0,0.0,True,1,1
held_context,6c7e082b51683ac3a90d3e32,установка парктроников,1.0,1.0,0.0,True,1,1
held_context,6cbfb5fbfad83e37de90b01c,прием боя стекла,1.0,1.0,0.0,True,1,1
held_context,6cc5557c79bbd7b3eb4be241,хим чистка дивана,1.0,1.0,0.0,True,1,1
held_context,6cc5a2959502baff8c0c33af,karcher на прокат,1.0,1.0,0.0,True,1,1
held_context,6ce697c0514af24cfa13c019,репетитор по патологической анатомии,1.0,1.0,0.0,True,1,1
held_context,6d0d50305dfc7fdfc522b5ea,выкуп ссср,1.0,1.0,0.0,False,1,1
held_context,6da4a9c41556532ba0badf5a,ремонт стартеров bmw,1.0,1.0,0.0,False,1,1
held_context,6ddee009ccad565d6eff1911,изготовление табличек с вин номером,1.0,1.0,0.0,False,1,1
held_context,6decf0e09bed8db4db520568,восстановление стекол авто,1.0,1.0,0.0,False,1,1
held_context,6e1aaa178b01b7496bbeb9fe,прокат самокатов,1.0,1.0,0.0,True,1,1
held_context,6e7f3867bbf767be29921ccd,лидогенерация,1.0,1.0,0.0,True,1,1
held_context,6ea1c9f67e8840f5bb3b1716,услуги культиватора,1.0,1.0,0.0,True,1,1
held_context,6eadb67561c03afa20e54eeb,тренировки по боксу,1.0,1.0,0.0,True,1,1
held_context,6ec8908650bd5f0efacdc98e,аренда бетономешалки,1.0,1.0,0.0,True,1,1
held_context,6eceffe2a0f9c7091fe0840c,изготовление автомобильных номеров,1.0,1.0,0.0,True,1,1
held_context,6ecf5f819a8de5137ca66005,вывоз деревьев с грузчиками,0.0,0.0,0.0,False,1,1
held_context,6ee7a494eae8fd29ed41f411,металлические визитки,1.0,1.0,0.0,True,1,1
held_context,6f1713e412cc3b6d03e922c5,минивен аренда,1.0,1.0,0.0,True,1,1
held_context,6f24abc5e83c630a0a33648b,загранпаспорт,1.0,1.0,0.0,True,1,1
held_context,6f35f8af04c83c8479bb8d0f,вывоз газовой плиты бесплатно,1.0,1.0,0.0,True,1,1
held_context,6f786e806b8b23aef27dc82c,акт проверки дымоходов и вентканалов щапово,1.0,1.0,0.0,False,1,1
held_context,6fa9655e6d34d2480a4597ba,кровля услуги ремонт,1.0,1.0,0.0,False,1,1
held_context,6fe6a311aad93e8daec0687a,манипулятор 7т,1.0,1.0,0.0,True,1,1
held_context,6fed25725c43801296b0a854,переезд москва калининград,1.0,1.0,0.0,False,1,1
held_context,6ff2b550103af0dee73ff915,начинающий ландшафтный дизайнер,1.0,1.0,0.0,True,1,1
held_context,6ffa64d5b7d806c4c5fe6d64,установка кондиционера в авто,1.0,1.0,0.0,True,1,1
held_context,7013cab09ec5044fb2de76af,скупка золота,1.0,1.0,0.0,True,1,1
held_context,701dc0a2be81ebe688b3175d,ремонт стоматологических наконечников,1.0,1.0,0.0,False,1,1
held_context,702a9753f717f4f16ad0fab7,токарь фрезеровщик,1.0,1.0,0.0,True,1,1
held_context,7042ea87705dd0c72b5574e3,ремонт питбайков,1.0,1.0,0.0,True,1,1
held_context,704dea41b5c5fccc7a36c8fa,аренда авто под выкуп,1.0,1.0,0.0,True,1,1
held_context,706e405c7d0afb377b8c4f1b,фотоомоложение lumecca,1.0,1.0,0.0,True,1,1
held_context,70c32a8042b38d55f16107b8,спицовка колес мотоцикла,1.0,1.0,0.0,True,1,1
held_context,70d6e45f40887f4736d791fe,мастер по ремонту косметологического оборудования,1.0,1.0,0.0,False,1,1
held_context,714a3adfb111e2d726ff2f12,изготовление перегородок интерьерных,1.0,1.0,0.0,False,1,1
held_context,716067b71ad715b76958af8e,снять студия для фотосессия,1.0,1.0,0.0,True,1,1
held_context,71ae4aba92c2e77c77de3545,тиснение бумаги,1.0,1.0,0.0,False,1,1
held_context,71d867bd354ac3d7c16e1a21,дтф печать,1.0,1.0,0.0,True,1,1
held_context,71e2f32a5e4e43ef3c77af6a,ремонт коробки робот,1.0,1.0,0.0,True,1,1
held_context,7246a6a8b9f73d59334aad93,срочное печать банеров,1.0,1.0,0.0,False,1,1
held_context,727db7610fa893865a156b44,шугаринг для мужчин,1.0,1.0,0.0,True,1,1
held_context,72ea493f8202a7cdcd631fc1,алмазное бурение стен под вентиляцию,1.0,1.0,0.0,True,1,1
held_context,7314af4337dc5f149b9b3ff3,спортивный массаж,1.0,1.0,0.0,True,1,1
held_context,745355ec6c81c9c0d792786a,беседка отдыха снять,1.0,1.0,0.0,False,1,1
held_context,747baacd82ea1fb79a77ce6c,ремонт пневматики,1.0,1.0,0.0,True,1,1
held_context,7486302d87330310cd0b996c,курьер,1.0,1.0,0.0,True,1,1
held_context,74af65aace8cb3be84427a39,замена заднего стекла iphone,1.0,1.0,0.0,True,1,1
held_context,74b522210b1cf3bc9b648bed,заливка ванны акрилом,1.0,1.0,0.0,True,1,1
held_context,74f9e38e4affe808ae83b650,граффити на стенах,1.0,1.0,0.0,True,1,1
held_context,75372e0c98e09fae14fa5a15,виза во францию,1.0,1.0,0.0,True,1,1
held_context,75ad481d42b2c0f3c1db3110,фундамент под баню,1.0,1.0,0.0,True,1,1
held_context,75e39387355695d59ae78271,ремонт nespresso,1.0,1.0,0.0,False,1,1
held_context,75f374fba688c5a3e9cb5296,фрезеровка почвы,1.0,1.0,0.0,True,1,1
held_context,75f47b5a4b65a2921b15e0aa,ремонт ресторанного оборудования,1.0,1.0,0.0,True,1,1
held_context,760e9ebb595da2aa57edb3a2,чистка впускного коллектора,1.0,1.0,0.0,True,1,1
held_context,7664bbc931a8d3eecddadfe2,егаис,1.0,1.0,0.0,True,1,1
held_context,768d64c16346ecd3bf9ce58b,репетитор начальных классов по чтение,1.0,1.0,0.0,False,1,1
held_context,76fb6eb96a0e351ee859dfbb,blender 3d,1.0,1.0,0.0,True,1,1
held_context,7709d1cbba6e5d1441f3b1fb,аренда авто под такси премьер,1.0,1.0,0.0,True,1,1
held_context,77211a599ea9ffcfc67cb337,демонтаж вывески,1.0,1.0,0.0,True,1,1
held_context,772e32903a71a7ac8e58f3af,сварка пнд,1.0,1.0,0.0,True,1,1
held_context,7737054799e7fe9eaf0b2514,замена ключа на авто,1.0,1.0,0.0,True,1,1
held_context,77696358e2ae6a7370d8957b,заправка баллонов,1.0,1.0,0.0,True,1,1
held_context,77838252cd2df793d265655f,курсы наращивания ресниц с трудоустройством,1.0,1.0,0.0,False,1,1
held_context,77a72dda9a9f49eb843d6183,бобкет гидромолот,1.0,1.0,0.0,False,1,1
held_context,77f9e20562477357c53463d6,модели на окрашивание,1.0,1.0,0.0,True,1,1
held_context,781587790d53fcc7e56746ef,скупка смартфонов,1.0,1.0,0.0,True,2,2
held_context,78491f9ac3f8f649fc1129a2,мангал,1.0,1.0,0.0,True,1,1
held_context,785306fa43bba91f772a3348,установка гбо,1.0,1.0,0.0,True,1,1
held_context,78556c06492e3b3c34613147,рыбалка морская,1.0,1.0,0.0,True,1,1
held_context,7870b322a0ff296681697e09,обслуживание станков,1.0,1.0,0.0,False,1,1
held_context,7890ee2c6d759041ec5dbf5f,комплексные обеды с доставкой,1.0,1.0,0.0,True,1,1
held_context,789f3adbf2781756c2f01449,ремонт квадроциклов выезд,1.0,1.0,0.0,True,1,1
held_context,789fc5fa0fd65bcfee804236,бурение скважин под ручной качок без электричества,1.0,1.0,0.0,True,1,1
held_context,78b29db38e6f2e5df35a5282,замена экрана iphone 11,1.0,1.0,0.0,True,1,1
held_context,79003f9e1ba00e4ea40eb8ce,экскаватор погрузчик,1.0,1.0,0.0,True,1,1
held_context,791c21414c7c39b5209afd77,бенто сникерс,1.0,1.0,0.0,False,1,1
held_context,79442aebc4e65b346fa75713,установка противотуманных фар,1.0,1.0,0.0,True,1,1
held_context,796d17301129c72b9bbc6f9b,романтическое свидание,1.0,1.0,0.0,True,1,1
held_context,797c796a03ab4e41b019cb75,перевозка больных,1.0,1.0,0.0,True,1,1
held_context,799f31fe68db381fa0a27752,приемка шин на переработку,0.0,0.0,0.0,False,1,1
held_context,79ba6fa67b768ac695401811,маникюр онлайн запись,1.0,1.0,0.0,True,1,1
held_context,79c2f506467d310e5869c7a0,аренда mercedes v класс,0.5,1.0,0.5,True,2,2
held_context,7a064cea2aa7661c1aa56031,ремонт турбин,1.0,1.0,0.0,True,1,1
held_context,7a0ac4f8d24aaf36a8d26503,ремонт бампера,1.0,1.0,0.0,True,1,1
held_context,7a9f849bd37f317290ecedc8,монтаж дымохода для газового котла и вентиляции,1.0,1.0,0.0,False,1,1
held_context,7abc8a7a4c17d32485626003,коррекция наращивания ногтей,0.0,0.0,0.0,True,1,1
held_context,7ac07e4943c1c13466481dfe,вывоз мусора металловозом,1.0,1.0,0.0,True,1,1
held_context,7af5e15eab37bb1f6cf9061d,ванна акриловая,1.0,1.0,0.0,True,1,1
held_context,7b05578f1c20e703dfd438b6,ремонт брелков сигнализации starline,1.0,1.0,0.0,True,1,1
held_context,7b0b091962612b248b7119bd,тренер на дому,1.0,1.0,0.0,False,1,1
held_context,7b0eeee9222d4a1b9cd7503e,снять банкетный зал,1.0,1.0,0.0,False,1,1
held_context,7b1f2c40b0e04d837a0a7f1d,аренда бункера для мусора,1.0,1.0,0.0,False,1,1
held_context,7b58ef0b3c765337e63f331d,репетитор по биологии огэ,1.0,1.0,0.0,True,1,1
held_context,7b59374362de4a06e73d2a5a,скупка домашней мебели,0.0,0.0,0.0,False,1,1
held_context,7b831ff4681333ef9bc17a68,неотрайбл тату,0.0,0.0,0.0,False,1,1
held_context,7b83abcd4102c161e652a569,френч маникюр,1.0,1.0,0.0,False,1,1
held_context,7bf983bf2a36df0d0102e633,памятник,1.0,1.0,0.0,True,1,1
held_context,7c07e34ad3325b341c881104,аренда вибротрамбовки,1.0,1.0,0.0,True,1,1
held_context,7c09f468fb7471f332f8fe83,bybit аккаунт,1.0,1.0,0.0,True,1,1
held_context,7c45152cfdf6cb6b514ef87d,аккумулятор ryobi для газонокосилки,1.0,1.0,0.0,False,1,1
held_context,7ca401fbab23e0136e3773bb,заправка фреона в авто,1.0,1.0,0.0,True,1,1
held_context,7cc35dc714a0782f78e6cff4,чистка форсунок на стенде,1.0,1.0,0.0,True,1,1
held_context,7d052d2eae7809850d8c1083,регистрация apple id,1.0,1.0,0.0,False,1,1
held_context,7d164025ab162b49cb3b5f44,профессиональный свет на свадьбу,1.0,1.0,0.0,True,1,1
held_context,7d5a60a08bbd2ccd19727775,резка бетона,1.0,1.0,0.0,True,1,1
held_context,7daf8b19e83e676da3d98eab,аренде на час для массажа,1.0,1.0,0.0,False,1,1
held_context,7e3850347d7a0787bc4ae097,осаго,1.0,1.0,0.0,True,1,1
held_context,7e458ffe8ac486bf7af9eb4d,швея портной услуги,1.0,1.0,0.0,True,1,1
held_context,7e7a9ad5dde208c4b2f59e4e,газель самосвал,1.0,1.0,0.0,True,1,1
held_context,7e8713f90e7ad86322004f36,аренда скутера с выкупом,1.0,1.0,0.0,True,1,1
held_context,7eaea268154879527bd3fc2b,юрист по составлению договоров,1.0,1.0,0.0,False,1,1
held_context,7ebe8fe3685b4659ffb9d0fd,сантехник круглосуточно,1.0,1.0,0.0,True,1,1
held_context,7ebfd27a476ee521d8a1ea9f,копка земли на даче,1.0,1.0,0.0,True,1,1
held_context,7ecc40d4d63ae6811dab69f4,инн казахстан,1.0,1.0,0.0,True,1,1
held_context,7f034ea2e6802a31f3845940,прокол ушей детям,1.0,1.0,0.0,True,1,1
held_context,7f062cc175d807da06265796,фотосессии на кабриолетах,1.0,1.0,0.0,False,1,1
held_context,7f21231adc5b422b51f526f9,мастер по потолкам,1.0,1.0,0.0,False,1,1
held_context,7f6744598bc61f7bf7a38fe2,взлом телеграмм аккаунта,1.0,1.0,0.0,False,1,1
held_context,8036b16d0e53fe0d91081593,прокладка водопровода проколом,1.0,1.0,0.0,True,1,1
held_context,804e108e2ae737fb70b3724e,стрижка котов,0.0,0.0,0.0,True,1,1
held_context,80d7a79c97f981ffe4d29dd3,аренда sprinter,1.0,1.0,0.0,True,1,1
held_context,80e6d8234bc56d8bda45f11b,хим чистка салона на авто,1.0,1.0,0.0,True,1,1
held_context,810002911b1a452966cdaf2c,тонировка стекол автомобиля,1.0,1.0,0.0,True,1,1
held_context,812916bca0598309ab847a1c,свадьба под ключ,1.0,1.0,0.0,True,1,1
held_context,813028d5ad1132e406dabbd2,дом под ключ,1.0,1.0,0.0,True,1,1
held_context,813cab3fbca6c5025b5ec61a,выгул собак,0.0,0.0,0.0,True,1,1
held_context,81b3c6fdf5fb166f4f9ba31e,модель на перманентный макияж,1.0,1.0,0.0,True,1,1
held_context,81cb08a261a501ec4dfa077c,услуги грузчика,1.0,1.0,0.0,True,1,1
held_context,81d36018c810856f04eb73af,утилизация старой мебели,1.0,1.0,0.0,True,1,1
held_context,81ffb78ec62dfc6346a263d8,аниматоры на день рождения,1.0,1.0,0.0,True,1,1
held_context,8201d460a8eb4d5b6f53238b,пространство для праздника,1.0,1.0,0.0,True,1,1
held_context,82050cd63bbd2133079944a9,обучение плаванию детей,1.0,1.0,0.0,True,1,1
held_context,825a3646363535a42ee75d87,логопед дефектолог поселок новый тукаевский район,1.0,1.0,0.0,False,1,1
held_context,826f1559891da81706957b34,липофилинг ягодиц,1.0,1.0,0.0,False,1,1
held_context,8276968572c74d437ea201c8,выкуп битых автомобилей,1.0,1.0,0.0,True,2,2
held_context,829097fe43b77e3f0ba1bbf0,реабилитолог,1.0,1.0,0.0,True,1,1
held_context,82bacb53aae1b5e9a33d9eba,медсестра на дом,1.0,1.0,0.0,True,1,1
held_context,82bb3772b60a5a08c29c3df6,перевозка инвалидов,1.0,1.0,0.0,True,1,1
held_context,82bfd8965c4397c60c3649bb,ремонт акпп,1.0,1.0,0.0,True,1,1
held_context,82c68e8ea5a49e0f078641be,лодка на прокат с мотором,1.0,1.0,0.0,True,1,1
held_context,82de0576c20101cee42a6e96,ремонт стартеров и генераторов,1.0,1.0,0.0,True,1,1
held_context,8341a21339082071133b4147,ремонт одежды джинсы,1.0,1.0,0.0,False,1,1
held_context,845b0164b51b8547ffb46892,наружная реклама на прицепах,1.0,1.0,0.0,False,1,1
held_context,845f44e09d1d0484b4818fd9,распилочный цех лдсп,1.0,1.0,0.0,False,1,1
held_context,84785fa2e0a0aafc370dc03c,ремонт верхней одежды,1.0,1.0,0.0,True,1,1
held_context,84c1b6923248c974d07d9fe7,таблички вывески,1.0,1.0,0.0,False,1,1
held_context,84c594b6b813d49c50e502c4,штукатурная станция,1.0,1.0,0.0,True,1,1
held_context,84cfcd9ada4397f67112a7f8,ремонт магнитол,1.0,1.0,0.0,True,1,1
held_context,84d711fec9cd2265641e1421,откачка туалетов,1.0,1.0,0.0,True,1,1
held_context,84df4567cde06c16ba8cb093,покраска кожи,1.0,1.0,0.0,True,1,1
held_context,85213079e26405278b7b5de5,циркулярная пила аренда,1.0,1.0,0.0,True,1,1
held_context,852a31526f3b4e9cf6aeb0b2,ремонт металлических дверей,1.0,1.0,0.0,True,1,1
held_context,85471b2b3424da20660c95ab,вывоз мусора ленинский район,1.0,1.0,0.0,False,1,1
held_context,8580ad181ce86885aae41db6,глэмпинг с чаном аренда,1.0,1.0,0.0,False,1,1
held_context,85a68c1f7c908b596224d174,кабинет косметолога аренда,1.0,1.0,0.0,True,1,1
held_context,85aef88252e5a50f2b6cbe3e,техосмотр для постановки на учет,1.0,1.0,0.0,False,1,1
held_context,85d91a7e28b619cda107861a,кастрация поросят,1.0,1.0,0.0,True,1,1
held_context,85f1b4afb1c8019e2f9d4aa4,обшивка сайдингом,1.0,1.0,0.0,True,1,1
held_context,860d7f9af82d76ebb8cbbd16,выкуп товарных остатков,1.0,1.0,0.0,True,1,1
held_context,863b73c153d52569c48bb2e4,прошивка контроллера электромотоцикла,1.0,1.0,0.0,True,1,1
held_context,867277e9f23fb52feee26f4d,ремонт айфона,0.0,0.0,0.0,True,1,1
held_context,86a3cafaa7c5e0ab161f8c1c,чертежи от руки,1.0,1.0,0.0,True,1,1
held_context,86ec5f7e6f4c7e57b6fcf67a,разработка 3d модели для печати,1.0,1.0,0.0,False,1,1
held_context,8724758389c69296c3325003,укладка напольной плитки,1.0,1.0,0.0,True,1,1
held_context,8727b5dde621bded175e9c5e,бригада строителей,1.0,1.0,0.0,True,1,1
held_context,87958dbd2b3c4dadcd4f3b0e,обучение на колориста,1.0,1.0,0.0,True,1,1
held_context,87c96c49c6fc868c4b12b068,сиделка в больницу,1.0,1.0,0.0,True,1,1
held_context,87f98e7b119ad67b5ed0a124,ремонт входных дверей,1.0,1.0,0.0,True,1,1
held_context,8896d9ba114c9b60cbdd79d6,плазморез аренда,1.0,1.0,0.0,True,1,1
held_context,889800e20a6e8d0e623deb11,глажка белья,1.0,1.0,0.0,True,1,1
held_context,88be9ffc8d8e9445fb74bcfe,монтаж наклеек,1.0,1.0,0.0,True,1,1
held_context,890a943f2aa970ac6bf20b4b,обучение capcut,1.0,1.0,0.0,True,1,1
held_context,8932c105cfcc52734bc44fa9,трансфер адлер пицунда,1.0,1.0,0.0,False,1,1
held_context,89500784dcd5e46d64aa06b7,риллсмейкер,1.0,1.0,0.0,False,1,1
held_context,8958039ff7718b68314d0b7f,массаж тантрический,1.0,1.0,0.0,True,1,1
held_context,8961976035040bddacaad402,настройка роутера,1.0,1.0,0.0,True,1,1
held_context,897b3256007c33ef10f37bd4,сварщик обучение,1.0,1.0,0.0,True,1,1
held_context,89a834416a1aee59ab88b8ae,замена фасадов на кухне,1.0,1.0,0.0,True,1,1
held_context,89b0b2e5ed937ea8340b989f,изготовление дубликатов номеров,1.0,1.0,0.0,True,1,1
held_context,89c60c323c221768365d9fd8,выездная мойка автомобиля,1.0,1.0,0.0,True,1,1
held_context,89d6c5b8aab5214da9e3e5e6,уборка участка от мусора,1.0,1.0,0.0,True,1,1
held_context,89e1760cf6a05427d6a41a9b,рулевая рейка на f30,1.0,1.0,0.0,False,1,1
held_context,89eba62d62e2db71483aff2e,коррекция носослезной борозды,1.0,1.0,0.0,True,1,1
held_context,8a6964ef3a6f861160273e00,тренер по бегу,1.0,1.0,0.0,True,1,1
held_context,8b06d45e95f7787e46c0722d,афрокосы девочке,0.0,0.0,0.0,False,1,1
held_context,8b4e3c8efa2ed6dbbeeb655f,вспашка земли проф.мотоблоком,1.0,1.0,0.0,False,1,1
held_context,8c7026ea321b05cf88287aab,отбойный молоток,1.0,1.0,0.0,True,1,1
held_context,8cef9a5d0202aa432b170056,русификация geely,1.0,1.0,0.0,True,1,1
held_context,8cf6c94047c61c8ae1df671a,трансфер мин воды домбай,1.0,1.0,0.0,True,1,1
held_context,8d3b6430e2c5fb2b958d9c7c,таролог,1.0,1.0,0.0,True,1,1
held_context,8dccdbb208b567f0f6540617,наращивание ресниц голливуд,1.0,1.0,0.0,True,1,1
held_context,8e25adc8a1832ae34a5df99d,наращивание led,1.0,1.0,0.0,False,1,1
held_context,8e3006bbc54eac6a8bdc828c,курсы excel,1.0,1.0,0.0,True,1,1
held_context,8e459b9d81a63afb4282733f,реставрация стульев,1.0,1.0,0.0,True,1,1
held_context,8e625c03c5ce1743833e568d,аренда инструмента,1.0,1.0,0.0,True,3,3
held_context,8ecd1eae581d484179eafc34,бетонный насос,1.0,1.0,0.0,True,1,1
held_context,8ee882ad4413aa8e36ae2ba2,косы боксерские,1.0,1.0,0.0,False,1,1
held_context,8f0e94c45f19eecdc29fb704,разблокировка iphone,1.0,1.0,0.0,True,1,1
held_context,8f15dcab5fe9dc89373cb406,ремонт балкона,1.0,1.0,0.0,True,1,1
held_context,8f2a3ecd635bd423936148f9,установка бойлера водонагревателя,1.0,1.0,0.0,True,1,1
held_context,8f310b1ab4184c704cdce7ef,подбор мотоцикла,1.0,1.0,0.0,True,1,1
held_context,8f4c46735a6ff9d292461bd7,фотосессия бесплатно,1.0,1.0,0.0,True,1,1
held_context,8f6482b2cf17a0e1a28b2683,фуршет боксы,1.0,1.0,0.0,True,1,1
held_context,8f7892e3236155ac5a840a8b,реставрация камня,1.0,1.0,0.0,False,1,1
held_context,8f85b19cc90618e2fe047eab,татуировки на дому,1.0,1.0,0.0,True,1,1
held_context,8f874aabe519f7aba2268e8f,плиточные работы,1.0,1.0,0.0,True,1,1
held_context,8fc1dc43c44aeb47dd024e82,чистка ремонт газовых котлов,1.0,1.0,0.0,False,1,1
held_context,90023a17ac318cf292c3443f,банкетное меню,1.0,1.0,0.0,True,1,1
held_context,9031ae2477d03d57db73a3eb,гружу вожу,1.0,1.0,0.0,True,1,1
held_context,90393b66fdb563c236396e07,скупка игровых компьютеров,1.0,1.0,0.0,True,1,1
held_context,907a95c49db7dd4152ada8f8,передержка щенков,1.0,1.0,0.0,True,1,1
held_context,908309b7f00afdcd89a58362,трансфер горно алтайск манжерок,1.0,1.0,0.0,False,1,1
held_context,9093e6ef71975187ff0f2344,ремонт пола спб,0.0,1.0,1.0,False,1,1
held_context,90a4e62035afdd217cfff5dc,ремонт дизельной топливной аппаратуры,1.0,1.0,0.0,True,1,1
held_context,912f8c9a1bb525a1b69c520d,вывоз макулатуры,1.0,1.0,0.0,True,3,3
held_context,913384fdd9ce83e343b310ee,замена аккумулятора ноутбука,1.0,1.0,0.0,False,1,1
held_context,913b849814074a62f4b83c32,аренда лебедки электрическая,1.0,1.0,0.0,True,1,1
held_context,91468e889899e7e1b79fc4d2,сварка металла,1.0,1.0,0.0,True,1,1
held_context,9166368e22fe2fec14c85a0b,уборка квартиры,1.0,1.0,0.0,True,1,1
held_context,91abfcc05e6bc665a77d14ff,аренда дома с чаном,1.0,1.0,0.0,True,1,1
held_context,920f3ce3578b21a03681b2ca,скупка литых дисков,1.0,1.0,0.0,False,1,1
held_context,922c40273e5efe59d057163a,беседка у воды,1.0,1.0,0.0,True,1,1
held_context,9234fe2072787148813a067a,чпу по дереву,1.0,1.0,0.0,True,1,1
held_context,924290fef6568249b6e2bca5,аренда лимузина на свадьбу,1.0,1.0,0.0,True,1,1
held_context,924e7cc8ae9eed09c399dd8b,укладка плитки в ванной,1.0,1.0,0.0,True,1,1
held_context,92577962f0074ddbd77f5624,3d стикеры,1.0,1.0,0.0,True,1,1
held_context,925a079ab851a9cd626514e9,изготовление офисных табличек,1.0,1.0,0.0,False,1,1
held_context,92d23046d574f7ed580439e9,ремонт бензиновых генераторов,1.0,1.0,0.0,True,1,1
held_context,9321a5f9c0a5378e2cb3858c,изготовление бирок на одежду,1.0,1.0,0.0,True,1,1
held_context,938f87236f23a9afd6dd2709,надуть шары гелием,1.0,1.0,0.0,True,1,1
held_context,939480ca25f427c1af7e42c0,ремонт лобовых стекол,1.0,1.0,0.0,True,1,1
held_context,93a015e1a5cc10c30cf41113,сплит система,1.0,1.0,0.0,True,1,1
held_context,93c46783cc031b4e3b8cb342,доставка из ikea,1.0,1.0,0.0,True,1,1
held_context,93c9b54616efffc65bfe558e,мончегорск ремонт сантехники,1.0,1.0,0.0,False,1,1
held_context,948d5ab155df6748c87c32f2,гитара обучение игре,1.0,1.0,0.0,True,1,1
held_context,94bfa87056112b4cec3dc722,бурение под столбы,1.0,1.0,0.0,True,1,1
held_context,94dcbf8eb4dc9f369ea19c94,барбекю,1.0,1.0,0.0,True,1,1
held_context,94de54903499d7001b9650a4,манипулятор перевозка бытовки,1.0,1.0,0.0,True,1,1
held_context,94eefcc37712aa91dd52908f,аренда шлифовальной машины,1.0,1.0,0.0,True,2,2
held_context,952a4d7172200bf5d04f04e3,грузовой эвакуатор 24 часа,1.0,1.0,0.0,False,1,1
held_context,952aae5ae9db8a7a61f14812,дом у ели,1.0,1.0,0.0,False,1,1
held_context,9579891169c382aae6ae010c,открытие замков,1.0,1.0,0.0,True,1,1
held_context,957d387c3ffc788afbc5306c,монтаж канализации,1.0,1.0,0.0,True,1,1
held_context,959da5d648fa873316caebad,чистка засоров насосах,1.0,1.0,0.0,False,1,1
held_context,95a615fa6377134dcb746008,перевозка морских контейнеров,1.0,1.0,0.0,True,1,1
held_context,95cb75491f128d182f1bc9c2,стас михайлов,1.0,1.0,0.0,True,1,1
held_context,95daca036bcd061a89144622,рассылка в телеграм по чатам,1.0,1.0,0.0,False,1,1
held_context,95fa57b91526e9c4fbe84f72,фото зона для свадьбы,1.0,1.0,0.0,True,1,1
held_context,9649d90c089662999954de13,резка плитки и керамогранита под 45 градусов,1.0,1.0,0.0,True,1,1
held_context,964ce3cd0ebc8abc59a102e5,подключение стиральной машины,1.0,1.0,0.0,True,1,1
held_context,96877eaa145eded2a7a85222,обслуживание электросамокатов,1.0,1.0,0.0,True,1,1
held_context,9794666914a7a1e5c1bb2778,куплю старую технику,1.0,1.0,0.0,False,1,1
held_context,97ba914c7fccba69f0a9c00a,копер в аренду,1.0,1.0,0.0,True,1,1
held_context,9816876255b467720548ce09,шпаклевка финишная,1.0,1.0,0.0,True,1,1
held_context,982084fbe38ef3c3010fae6f,замена разъема зарядки,1.0,1.0,0.0,True,1,1
held_context,9825b5e6329cc5951e19d75b,ремонт двигатель,1.0,1.0,0.0,True,1,1
held_context,98270adc2d7ae293a8a4e196,подтяжка лица,1.0,1.0,0.0,True,1,1
held_context,983757b5b72e02f0bbd215c8,садик,1.0,1.0,0.0,True,1,1
held_context,9853fc3fd2787e9ef8ab4b5e,грузоперевозки пикап,1.0,1.0,0.0,True,1,1
held_context,986f83f9bb823f4e811686a1,перенос газовой трубы,1.0,1.0,0.0,True,1,1
held_context,98db7743ba7b0c6d933063bc,ответственное хранение,1.0,1.0,0.0,True,1,1
held_context,990f5ecde2aeb55419b187ff,парикмахер на дому мужские стрижки,1.0,1.0,0.0,True,1,1
held_context,995ffab44f69ba6e13d4eb96,лазерная резка оргстекла,1.0,1.0,0.0,True,1,1
held_context,9a0c34cccc63210c2e40d745,балкон под ключ,1.0,1.0,0.0,True,1,1
held_context,9a2536a40e57c983d36dc732,настройка ютуб,1.0,1.0,0.0,True,1,1
held_context,9a2d3b0fb45139da92f277ed,перевод видео ии,1.0,1.0,0.0,False,1,1
held_context,9a5bfcfd29d1130cd473ad33,антихимия,1.0,1.0,0.0,True,1,1
held_context,9ade62aa9f87bf5ad213be50,сборка и установка уличных спортивных комплексов,1.0,1.0,0.0,False,1,1
held_context,9ae064a46c0d20a2d8977cb6,теплые беседки,1.0,1.0,0.0,False,1,1
held_context,9b28846cfcf4aa38beebf97c,обьгэс педикюр,1.0,1.0,0.0,False,1,1
held_context,9b598bc680cac45a725cba72,фотограф индивидуальный,0.0,0.0,0.0,True,1,1
held_context,9b748de1c0de5ea7494e0d08,диагностика авто с выездом,1.0,1.0,0.0,True,1,1
held_context,9b9933774dedf25a74de21b3,тренировки по тайскому боксу,1.0,1.0,0.0,False,1,1
held_context,9bd2a65ec3796b1334c248c1,выкуп электроинструмента,1.0,1.0,0.0,True,1,1
held_context,9bd7367a42ad34c8e11b87ee,нивелир,1.0,1.0,0.0,True,1,1
held_context,9c010411ceb85e4c75997db0,куплю старые холодильников,1.0,1.0,0.0,False,1,1
held_context,9c02dab0b5bb23e97eb9a45b,репетитор по речи и дикции,1.0,1.0,0.0,False,1,1
held_context,9c444e86bf1e918616ff3f76,честный знак маркировка,1.0,1.0,0.0,False,1,1
held_context,9c4fd463d574ac6c64a37647,ремонт бензотриммеров,1.0,1.0,0.0,True,1,1
held_context,9c720476b83b6d5fc2e04fc2,газель перевозка,1.0,1.0,0.0,True,1,1
held_context,9c7e23a991a9c899e9d7ab76,удаление жучков,1.0,1.0,0.0,True,1,1
held_context,9d36659549befe1a909ce9c0,поклейка плинтусов,1.0,1.0,0.0,True,1,1
held_context,9d6b701403a1ed02cc05ba0c,криополиз,1.0,1.0,0.0,True,1,1
held_context,9d83a84fe7e2c46ca8b5b23a,медсестра,1.0,1.0,0.0,True,1,1
held_context,9d9b697ddfe3d948425cdbb4,копать под кольцо,1.0,1.0,0.0,False,1,1
held_context,9dc7a2ad6ce15b49ee984e78,колорист аиртач,1.0,1.0,0.0,False,1,1
held_context,9de0eb58a6de9bf6d5eaa53b,продать ноутбук,1.0,1.0,0.0,True,1,1
held_context,9dff80509b11e1fb0695861a,ремонт котла,1.0,1.0,0.0,True,1,1
held_context,9e0a2a0953ce0b9a87704d3a,ремонт плат buderus,1.0,1.0,0.0,False,1,1
held_context,9e1b93105b0b6977325317cf,каток газонный,1.0,1.0,0.0,True,1,1
held_context,9e6b25c6b4aa89b479c13ddd,химическая завивка волос женская,1.0,1.0,0.0,False,1,1
held_context,9e754c8b04932d6004ce87bf,обучение ремонту телефонов,1.0,1.0,0.0,True,1,1
held_context,9ed2f9a88951400d995e8fe3,бухгалтерские услуги для ип на патенте,1.0,1.0,0.0,False,1,1
held_context,9f6db41a7863722dc3e5b95c,торт,1.0,1.0,0.0,True,1,1
held_context,9fb2cf15f8e2698969bfca31,трансфер владикавказ ереван,1.0,1.0,0.0,False,1,1
held_context,a0243434b71ce54b56b655f5,вывоз книг,1.0,1.0,0.0,True,1,1
held_context,a031ec280186287cbea69248,автокран 50 тонн,1.0,1.0,0.0,False,1,1
held_context,a03fdc3cb8569190cf5faa65,технологическое присоединение к электрическим сетям,1.0,1.0,0.0,True,1,1
held_context,a0449ce85bf6e39693452283,бухгалтерские услуги,1.0,1.0,0.0,True,1,1
held_context,a08812cbd2e2f592fe930209,психолог онлайн,1.0,1.0,0.0,True,1,1
held_context,a0b75790075a151cdd1b3a1b,ремонт авд,1.0,1.0,0.0,True,1,1
held_context,a0ce346e6533af49c2fa9e4c,аренда костюмов,1.0,1.0,0.0,True,1,1
held_context,a1326f8c14bc51e9e4822953,авто на выписку из роддома,1.0,1.0,0.0,False,1,1
held_context,a14222ed58bfa22c20eff305,москва казань 10 тонн,1.0,1.0,0.0,False,1,1
held_context,a179b1371a7b484bd7892b9b,бизнес план для соцконтракта,1.0,1.0,0.0,True,1,1
held_context,a17e44efbc32cb8978a4d95b,снять домик с теплым бассейном титоровская,1.0,1.0,0.0,False,1,1
held_context,a1891bd445e59280d66238cd,аренда cadillac escalade,1.0,1.0,0.0,True,1,1
held_context,a1a90ac259b715f5f9890c98,чистка ноутбуков,1.0,1.0,0.0,False,1,1
held_context,a1c6dab5d84665d59be6dfb6,обучение макияжу,1.0,1.0,0.0,True,1,1
held_context,a1fcb3458fa8d9b8230c3a67,зона отдыха,1.0,1.0,0.0,True,1,1
held_context,a1fcd4272bbbcd670d8f7007,дипломная работа медицина,1.0,1.0,0.0,False,1,1
held_context,a2775c5c7702fadc27c3a0ee,выкуп автосервисного оборудования,1.0,1.0,0.0,False,1,1
held_context,a2af9fef942859f44840b8ed,домики для отдыха,1.0,1.0,0.0,True,1,1
held_context,a31d6e449b66fe143e534f06,уничтожение плесени,1.0,1.0,0.0,True,1,1
held_context,a326f119fd10e55c0b77fede,расчитска участка,1.0,1.0,0.0,True,1,1
held_context,a35cd9a93539517c7daca836,аренда лофта с кальяном,1.0,1.0,0.0,False,1,1
held_context,a3ff0ac741ae844f30c5671f,выкуп техники apple,1.0,1.0,0.0,True,1,1
held_context,a402e9d89849bbb91531f95a,можель на стрижку,1.0,1.0,0.0,True,1,1
held_context,a44b590ce40f434c4a585ef3,дизель центр,1.0,1.0,0.0,False,1,1
held_context,a46f8e59f8cafce6fb8f28d1,автовоз усурийск,1.0,1.0,0.0,False,1,1
held_context,a499ae1f6124cb8af5b4f293,сброс айклауда,1.0,1.0,0.0,True,1,1
held_context,a4f0affeef86b061677bbc12,демонтаж теплицы,1.0,1.0,0.0,True,1,1
held_context,a5248905b281e00a4c8138db,ремонт зеркальных фотоаппаратов,1.0,1.0,0.0,False,1,1
held_context,a542c6279abd4673de642c29,бенто-торт,1.0,1.0,0.0,False,1,1
held_context,a579d1a5543ab5fd9152a2b3,помощь в одобрении ипотеки,1.0,1.0,0.0,True,1,1
held_context,a5ddda41ac61619dfc098ace,аренда лобзика,1.0,1.0,0.0,True,1,1
held_context,a6a262ffe6141046a6800fb0,покраска,1.0,1.0,0.0,True,1,1
held_context,a6abb1a52609ce7088b5447a,ремонт тормозных систем,1.0,1.0,0.0,True,1,1
held_context,a6daa534dbc6eb41fddc5f7d,услуги мастера ростелеком,1.0,1.0,0.0,False,1,1
held_context,a6e8e7e8220ebfd2624c1b39,ремонт швейных машин,1.0,1.0,0.0,True,1,1
held_context,a7022b5ca5411be6f3fa9a86,станция для заправки автокондиционеров,1.0,1.0,0.0,False,1,1
held_context,a725742c31c6c3cdd99622ef,авторемонт,1.0,1.0,0.0,True,1,1
held_context,a73d549ca12c6ecfc57537ca,горячее цинкование,1.0,1.0,0.0,True,1,1
held_context,a7407de5057661ec44bdee4e,вскрытие замков авто востанавит ключи,1.0,1.0,0.0,False,1,1
held_context,a870d37597787339859e936c,печать ростовых фигур,1.0,1.0,0.0,True,1,1
held_context,a8c63d55fb6e21dddd335df2,вывоз мебели,1.0,1.0,0.0,True,1,1
held_context,a8dad4fac2dee5ebf5e5b54a,локоны,1.0,1.0,0.0,True,1,1
held_context,a951bd1a43c42aab52cbcf2d,обзвон по базе,1.0,1.0,0.0,True,1,1
held_context,a95d11ac510b3103f996a17d,перевозка эндуро,1.0,1.0,0.0,True,1,1
held_context,a9758772e820a993ee31ca08,линолеум,1.0,1.0,0.0,True,1,1
held_context,a988c73cc03ded46b3cdad79,косы,1.0,1.0,0.0,True,1,1
held_context,a9acb0a428f02646748d7a11,ремонт iphone x,1.0,1.0,0.0,False,1,1
held_context,a9ad12f757d38a7b657d3c83,скупка газовых плит,1.0,1.0,0.0,True,1,1
held_context,a9f7137ae274f2311fff950f,оценка для суда,1.0,1.0,0.0,False,1,1
held_context,a9ff8149ddb5d709ac40d566,ремонт двигателя honda,1.0,1.0,0.0,False,1,1
held_context,aa01110b6ccfbf10a6ec509a,кремация животных,1.0,1.0,0.0,True,1,1
held_context,aa6ac63792a02147573493a9,шары на заказ гелиевые,1.0,1.0,0.0,True,1,1
held_context,aa8d0d095b83200f50288357,переоборудование автомобиля,1.0,1.0,0.0,True,1,1
held_context,aad9b9d80e5dd645441a7e8b,аренда инструмента каток,1.0,1.0,0.0,False,1,1
held_context,ab199a6f6ab5838c722f7bc5,сбрщик мебели,1.0,1.0,0.0,True,1,1
held_context,abaf892edc36ae22be6d97d9,наращивание ногтей френч,1.0,1.0,0.0,True,1,1
held_context,ac50e88f414d308887a1b96e,ремонт погружных насосов,1.0,1.0,0.0,True,1,1
held_context,ace004816ed18b88cf26d29f,фотосессия под ключ,1.0,1.0,0.0,True,1,1
held_context,ace9d6ae49f3b5cee05e04d8,ремонт проигрывателей винила,1.0,1.0,0.0,True,1,1
held_context,ad7b5e966704b1a4aae992ed,клининг дивана,1.0,1.0,0.0,True,1,1
held_context,ad8aaf099fa1291e796e160a,беседка аренда,1.0,1.0,0.0,True,1,1
held_context,ad90ee9ab2cc9d32c94d5861,снять баню с бассейном,1.0,1.0,0.0,True,1,1
held_context,ad98821b35ccf17cc651f789,аренда шлифмашины,1.0,1.0,0.0,True,1,1
held_context,adce51f8098a23fb569515f0,дам таблетку от сбера,1.0,1.0,0.0,False,1,1
held_context,ae037b91de21b27929bb7256,изготовление шевронов нашивок позывные,1.0,1.0,0.0,True,1,1
held_context,ae2c25dabdf957c9fddeb99a,ищу парня,0.0,0.0,0.0,False,1,1
held_context,ae2d2eba6b6343a31e7f7f68,замена акб айфон,1.0,1.0,0.0,False,1,1
held_context,aea85270bcb1496fc86c5e75,плетение афрокосичек,1.0,1.0,0.0,True,1,1
held_context,aed84d3e4064032873d8c193,mercedes v класс с водителем,1.0,1.0,0.0,False,1,1
held_context,af1ec467b2708b7af9f1aec1,установка приложений на макбук,1.0,1.0,0.0,False,1,1
held_context,af2086a23724c73440dbe3bd,трансфер автобус,1.0,1.0,0.0,True,1,1
held_context,af7dbfe89744008682283977,отбеливание интимной зоны,1.0,1.0,0.0,True,1,1
held_context,af7ef2e8a131f4e060f9c0cf,визитки на заказ,1.0,1.0,0.0,True,1,1
held_context,af8e3e21002f451d3974f644,русификация toyota sienta,1.0,1.0,0.0,True,1,1
held_context,afaceae45155bfd6bb0ea715,снятие блокировки iphone,0.0,0.0,0.0,True,1,1
held_context,aff454d609285dee6b40d2ed,покраска фигурок и миниатюр,1.0,1.0,0.0,True,1,1
held_context,b03f7ce69557062580950bd3,прием резины,1.0,1.0,0.0,True,1,1
held_context,b06ac58f63c0b85d5daa2e43,оформление кп и презентаций,1.0,1.0,0.0,False,1,1
held_context,b0750b38a5dadc23177acea6,перешивка офисных кресел,1.0,1.0,0.0,False,1,1
held_context,b08abc575baeef15d565a603,установка межкомнатных дверей москва,1.0,1.0,0.0,False,1,1
held_context,b08e282e2ba5ee4f51e628bb,перевес номеров,1.0,1.0,0.0,True,1,1
held_context,b0a187f84ac449cb04be4f79,портная,1.0,1.0,0.0,True,1,1
held_context,b0b795226c44e980f978e434,ремонт электроплит на дому,1.0,1.0,0.0,True,1,1
held_context,b0ba829363cb464fd1d3c351,запись на брови,1.0,1.0,0.0,False,1,1
held_context,b10b7542da2f0bb00d006c6b,домики в архызе отдых,1.0,1.0,0.0,True,1,1
held_context,b125e7c0af429ebbcd1aa199,реставрация плитки,1.0,1.0,0.0,True,1,1
held_context,b133c9ec7b2283e79ab3e0d3,модель для фотосессии,1.0,1.0,0.0,True,1,1
held_context,b15edff5877e2d82cce3b6fd,массаж простаты,1.0,1.0,0.0,True,1,1
held_context,b16a2ec10ad435e08eed3f99,аренда машина автомат,1.0,1.0,0.0,False,1,1
held_context,b183bba15dfeac0081adbcd5,ремонт тв на дому,1.0,1.0,0.0,True,1,1
held_context,b1ae7653c14812f1f87dee8d,услуги байера из сша,1.0,1.0,0.0,False,1,1
held_context,b1c470d93a5b82e634167b10,услуги видеомонтаж,1.0,1.0,0.0,True,1,1
held_context,b1c5a79bc8172f6339406f4d,сухая стяжка пола кнауф,1.0,1.0,0.0,True,1,1
held_context,b1da85d4f3e13f4e0353930e,сезонное хранение шин и дисков,1.0,1.0,0.0,True,1,1
held_context,b1f540ca5e7641d01d3a08a2,виброплита услуга,1.0,1.0,0.0,True,1,1
held_context,b21cc5e89dc22dc7264ccb37,отделка балконов наружняя,1.0,1.0,0.0,False,1,1
held_context,b233610865074ca9a855b5be,создание видеороликов,1.0,1.0,0.0,True,1,1
held_context,b2536ac08c00450571736a9f,ремонт офисов,1.0,1.0,0.0,True,1,1
held_context,b290365a45b0238627cd9529,хай хилс танцы,1.0,1.0,0.0,True,1,1
held_context,b2cfe1be0f573e5ea1861810,наращивание ресницы,1.0,1.0,0.0,True,1,1
held_context,b32195866dae7d04dbd0cf56,ремонт электрических плит на дому,1.0,1.0,0.0,True,1,1
held_context,b3433cee1075cc1266b86b3b,репетитор по рисованию procreate,1.0,1.0,0.0,False,1,1
held_context,b37c6413c7a8e6dfd535d696,автовоз калининград,1.0,1.0,0.0,False,1,1
held_context,b39543e671f579c279827b02,изготовление капп,1.0,1.0,0.0,False,1,1
held_context,b39fafcd478243f5beea7e34,ремонт компрессоров авто,1.0,1.0,0.0,False,1,1
held_context,b3a7e1b9ba24c5060bfcc65f,прошивка китайских android,1.0,1.0,0.0,False,1,1
held_context,b40ed0cb1f975e847235e8e2,ремонт ноутбуков удаленно,0.0,0.0,0.0,False,1,1
held_context,b447efb1719aa122fbe0b4d7,снять площадку на воздухе в аренду,0.0,0.0,0.0,False,1,1
held_context,b47da3cc962f81e309cf5701,обед,1.0,1.0,0.0,False,1,1
held_context,b487aca5bf5769ef1ea05444,прикорневой объем обучение,1.0,1.0,0.0,True,1,1
held_context,b4dc2b974a2ede8197ed4712,каменщик,1.0,1.0,0.0,True,1,1
held_context,b50285c6fcd0cdc763b086cf,предпродажная подготовка,1.0,1.0,0.0,False,1,1
held_context,b5391746beeb354c1f3453db,печать на пищевой бумаге,1.0,1.0,0.0,True,1,1
held_context,b5830d2439d26a07776358ab,каппа ретенционная изготовление,1.0,1.0,0.0,False,1,1
held_context,b5a8feedaaa0ae0b0fd0a78d,трансфер аэропорт сочи пицунда,1.0,1.0,0.0,False,1,1
held_context,b5e3fd14ee275bb3f5b21f49,откачка септиков и выгребных ям,0.0,0.0,0.0,True,1,1
held_context,b5e503c8e773a97c182e4f89,монтаж промышленных полов,1.0,1.0,0.0,False,1,1
held_context,b615ae3750e40738b1489fae,еда на заказ,1.0,1.0,0.0,True,1,1
held_context,b6a504dfe7625dea39a3916a,обивка входных дверей,1.0,1.0,0.0,True,1,1
held_context,b6ae38e02b190bf476a2ec6f,караоке круглосуточно,1.0,1.0,0.0,False,1,1
held_context,b6ba675d44f86e65c1d45060,электро эпиляция,1.0,1.0,0.0,True,1,1
held_context,b6e36110c03e0e86a02ddf09,детские пособия,1.0,1.0,0.0,True,1,1
held_context,b7646fdba8e8d13cfa643aeb,аренда газели,1.0,1.0,0.0,True,1,1
held_context,b779453fbeef8ddc4fc50436,ремонт электросамокатов kugoo xiaomi ninebot,1.0,1.0,0.0,False,1,1
held_context,b78bd44a0e0357cb974d3fc3,пригоню автомобили,1.0,1.0,0.0,False,1,1
held_context,b7bd22432442deb053703424,реставрация часов ссср,1.0,1.0,0.0,False,1,1
held_context,b82606df9c7513966e806740,ямочный ремонт,1.0,1.0,0.0,True,1,1
held_context,b8379aaa0ba47241992c037a,реставрация ванн,1.0,1.0,0.0,True,1,1
held_context,b83b1d62e32b0a503acb0deb,химчистка сумок,1.0,1.0,0.0,True,1,1
held_context,b874b69d90077fa35a776a5c,покрасить волосы на дому,1.0,1.0,0.0,True,1,1
held_context,b875af7724817663b3340efc,антенна триколор,1.0,1.0,0.0,False,1,1
held_context,b8968db800eba3d0c985510e,прием стрейч пленки,1.0,1.0,0.0,True,1,1
held_context,b8b1e3a8bc2d848d727c50bc,дизайн кухни,1.0,1.0,0.0,True,1,1
held_context,b8d86fa26f5afafcdd0ff942,привет,1.0,1.0,0.0,False,1,1
held_context,b91d3b734624de23144bd0ab,займ от частного инвестора,1.0,1.0,0.0,True,1,1
held_context,b95becc8ed4bcaf141d55363,ремонт коляски bugaboo,1.0,1.0,0.0,False,1,1
held_context,b9650f8d8cb1129a736a897d,замена emmc,1.0,1.0,0.0,False,1,1
held_context,b9ce32b5404903160ef38615,замена стартера с выездом,1.0,1.0,0.0,True,1,1
held_context,ba0cb60fbff54b8d82b867d5,поздравление мишки,1.0,1.0,0.0,False,1,1
held_context,ba90cb96dff62050d6c486f6,перетянуть диван,0.0,0.0,0.0,True,1,1
held_context,baa41e19fd4fde0ea4a0ea48,поклеить обои,1.0,1.0,0.0,True,1,1
held_context,bad455f69f80c659c4f053ad,катание на яхте,1.0,1.0,0.0,True,1,1
held_context,bb58a2af0e9cb4576ca1e318,ремни безопасности замена,1.0,1.0,0.0,False,1,1
held_context,bba2477b16fb7512b7d4f6be,замена задней крышки iphone 16 pro max,1.0,1.0,0.0,True,1,1
held_context,bba83736e47a5d10c5153c1d,танцы,1.0,1.0,0.0,True,1,1
held_context,bbae424e3c39832697215267,визажист одинцово,1.0,1.0,0.0,False,1,1
held_context,bbdd0ec5528a68bfd860e404,ремонт приборной панели шкода,1.0,1.0,0.0,False,1,1
held_context,bc35aa6ee2e609d0d4fad35e,виза италия,1.0,1.0,0.0,True,1,1
held_context,bc5c2817889316b21413cbc9,химическая завивка мужская,1.0,1.0,0.0,True,1,1
held_context,bc90b87284ccffe5af03a833,ведущий адель,1.0,1.0,0.0,False,1,1
held_context,bca46e41c05a37cd9caf3641,дагестан гид с автомобилем,1.0,1.0,0.0,True,1,1
held_context,bceeb96220a6336daea3a3cd,столярные работы,1.0,1.0,0.0,True,1,1
held_context,bd2d0a340e7de82cb94fd30f,газель москва казань,1.0,1.0,0.0,False,1,1
held_context,bd533a14d734180e3a3ad984,ремонт медицинского оборудования,1.0,1.0,0.0,True,1,1
held_context,bd7e0536a587a72f8c737deb,оклейка авто пленкой,1.0,1.0,0.0,True,1,1
held_context,bd84a2d50bd17afa75c32f0e,кладка кирпича,1.0,1.0,0.0,True,1,1
held_context,bda6a1c14b0d455f798f258a,оценка антиквариата,0.0,0.0,0.0,True,1,1
held_context,bdf8b8e6c53b5b3bb8f99c09,мастер по бровям,1.0,1.0,0.0,True,1,1
held_context,be5d70ec40447bd4182f278f,ремонт стекла в межкомнатной двери,1.0,1.0,0.0,False,1,1
held_context,be7036b2e7014575510c5af2,полировка фар,1.0,1.0,0.0,True,1,1
held_context,bea0ef416c6d5399baae8fac,"вывоз мусора,контейнер 8/3",1.0,1.0,0.0,False,1,1
held_context,bea73f2be437d14698c976de,баня на берегу,1.0,1.0,0.0,True,1,1
held_context,bec41b727be4208f74ab87ff,заливка ванны,1.0,1.0,0.0,True,1,1
held_context,bf127120d5ac15ef0bd9e200,обшивка стен панелями,1.0,1.0,0.0,False,1,1
held_context,bf3b8acbf338e537d2178437,репетитор по английскому языку носитель оффлайн,1.0,1.0,0.0,False,1,1
held_context,bf6e5304b0bb974fe820657d,настройка айфона,1.0,1.0,0.0,True,1,1
held_context,bf71164f3f658d7214017597,доставки услуги грузовика,1.0,1.0,0.0,False,1,1
held_context,bfa20ee24bcc13b63c501777,наклейки с вин номером,1.0,1.0,0.0,False,1,1
held_context,bfa5cd8dd7156b7282d50748,инструмент в аренду перфоратор,1.0,1.0,0.0,False,1,1
held_context,bfaf751125c730dd39bf9c5a,настройка спутниковой антенны,1.0,1.0,0.0,True,1,1
held_context,bfb535b9b1ee5224bb50a905,скупка колес,1.0,1.0,0.0,True,1,1
held_context,c04331e820cb3f20616a71eb,алмазное пиление бетона,1.0,1.0,0.0,False,1,1
held_context,c058738f64a1729d195e630f,уроки вождения автомат,1.0,1.0,0.0,True,1,1
held_context,c07dab1d9a24dce4c7035072,аренда кресла для кератина,1.0,1.0,0.0,True,1,1
held_context,c08c3e631e1cc95aacfc71a4,баня с подогреваемым бассейном,1.0,1.0,0.0,False,1,1
held_context,c0b83b64c3db15571bfa3381,перфоратор в аренду,1.0,1.0,0.0,True,1,1
held_context,c0c15f9596d5d53c50810ccf,ремонт мебели,1.0,1.0,0.0,True,1,1
held_context,c13e9e0780519ccb4ca418e9,художник иллюстратор,1.0,1.0,0.0,True,1,1
held_context,c1b0c99cc75809dc6216c958,замена стекла дисплея iphone,1.0,1.0,0.0,False,1,1
held_context,c1c6c04cf79d1f4a4751d1cf,наращивание ресниц и ногтей,1.0,1.0,0.0,True,1,1
held_context,c2220fcc26b3dc8fd0dbfb8a,видеодиагностика труб,1.0,1.0,0.0,True,1,1
held_context,c251c3f9d64ad4ee723802ec,зоопсихолог,1.0,1.0,0.0,True,1,1
held_context,c279e67802f47ba7bbb30326,ремонт мотоциклов honda,1.0,1.0,0.0,True,1,1
held_context,c29c6070d305f0e2c617d0c4,гидроизоляция балконов,1.0,1.0,0.0,False,1,1
held_context,c2b02cc18a57ab4315b9faa1,резка камня,1.0,1.0,0.0,True,1,1
held_context,c2dc2451b20e126dd8314272,мастер газовых плит,1.0,1.0,0.0,True,1,1
held_context,c305bec6de4da532372981f0,продам натуральные волосы,1.0,1.0,0.0,True,1,1
held_context,c31331e1ce733f49bab86946,подшив одежды,1.0,1.0,0.0,True,1,1
held_context,c33732a4a55eb1047832c7ce,мастер пирсинга,1.0,1.0,0.0,True,1,1
held_context,c36b79bd60b8f0f45407f552,модель на ногти бесплатно,1.0,1.0,0.0,True,1,1
held_context,c37c9e8063a28535da13471b,обслуживание кондиционеров авто,1.0,1.0,0.0,True,1,1
held_context,c3b19c04e8755d8a208982c0,поклейка стеклообоев,1.0,1.0,0.0,True,1,1
held_context,c3c21ca4b1cadeaf209debb9,парикмахер мужской мастер,0.0,0.0,0.0,True,1,1
held_context,c3c4f35120bbde635514cfeb,романтическое spa свидание для двоих,1.0,1.0,0.0,True,2,2
held_context,c4140dc1d1c278b7e95ca75f,развал схождение,1.0,1.0,0.0,True,1,1
held_context,c45567df55524acba04ad7f6,зарубежная карта,1.0,1.0,0.0,True,1,1
held_context,c4e44c80844df4feb599a2ac,ремонт эбу,1.0,1.0,0.0,True,1,1
held_context,c507cde0593f55259852bd03,передержка птиц,1.0,1.0,0.0,True,1,1
held_context,c529973b33b41552e7423f21,химический анализ воды,1.0,1.0,0.0,True,1,1
held_context,c52aa3a37c1d70f61636b926,пороги mazda rx8,1.0,1.0,0.0,False,1,1
held_context,c54309a4d4a46468c756dc5c,клининг,1.0,1.0,0.0,True,1,1
held_context,c559adba06f42d6cd774662d,гос номер 330 165,1.0,1.0,0.0,False,1,1
held_context,c55a6f2dc742e1ab934fd44b,хаусбот,1.0,1.0,0.0,True,1,1
held_context,c56660331e82d0cfc837b14b,фотограф мобильный,1.0,1.0,0.0,True,1,1
held_context,c5d10c231db820e276ca1bc4,проверка авто перед покупкой,1.0,1.0,0.0,True,1,1
held_context,c5eac9e7f143bfab5f858195,бурение фундамента,1.0,1.0,0.0,False,1,1
held_context,c5fbda33912c45092eebd2d4,ладожские шхеры катер,1.0,0.0,-1.0,False,1,1
held_context,c69b3290de01a44f2f063bee,скупка apple watch,1.0,1.0,0.0,True,1,1
held_context,c6bd9cb38a4a48a73567485e,взвешивание автомобилей,1.0,1.0,0.0,True,1,1
held_context,c6d369dc37067ec99bde475a,скупка оргтехники,1.0,1.0,0.0,True,3,3
held_context,c6dbd19d07fa97ea3a72272d,вывоз металлолома прием и скупка металла лома,1.0,1.0,0.0,True,1,1
held_context,c6e2bd9b1606d7244845515f,замена москитной сетки,1.0,1.0,0.0,True,2,2
held_context,c74d1600f07ba9f923d4234b,ремонт газовых колонок,1.0,1.0,0.0,True,1,1
held_context,c78a8cad40457dc69a2cfe2f,заточка садового инструмента,1.0,0.0,-1.0,True,1,1
held_context,c7bc5e41c41173c62cfe71f4,рабочий на участок,0.0,0.0,0.0,True,1,1
held_context,c7d81e3f378ebfd984aa5824,обработка от клопов паром,1.0,1.0,0.0,False,1,1
held_context,c7ea6c4abe9f491c1b303aac,скупка старых видеокарт,1.0,1.0,0.0,True,1,1
held_context,c8168a13815b5c89481a0af0,аренда миксера,1.0,1.0,0.0,False,1,1
held_context,c8b66830f6c954aed9b57fc6,фотосессия для двоих,1.0,1.0,0.0,False,1,1
held_context,c92d900743324acd12e5c478,шлифовка гбц,1.0,1.0,0.0,True,1,1
held_context,c9cd85e2ed08829a4c0b2495,обучение верховой езде,1.0,1.0,0.0,True,1,1
held_context,ca00ad60b89971dda10b1f96,такси от тулы до шереметьево,1.0,1.0,0.0,False,1,1
held_context,ca05632f832fc652495adef3,мобильная баня в аренду,1.0,1.0,0.0,False,1,1
held_context,ca283f1948c1593ba0197751,ремонт очков ray ban,1.0,1.0,0.0,True,1,1
held_context,ca7dae833f615107484b80cd,фигурки на заказ,1.0,1.0,0.0,True,1,1
held_context,caed98c1662e415bda476dbf,замена маслосъемных колпачков,1.0,1.0,0.0,True,1,1
held_context,cb168511c4ef587046b1b89b,трактор с плугом,1.0,1.0,0.0,True,1,1
held_context,cb18f8921ee7814ccfb0f50c,сопромат задачи,1.0,1.0,0.0,True,1,1
held_context,cb1d77c51eccb1f6c1baaac6,рилсмейкер на свадьбу,1.0,1.0,0.0,True,1,1
held_context,cb3093b7e2775c9cba82f814,аварийное вскрытие замков двери 24/7,1.0,1.0,0.0,False,1,1
held_context,cb885c8af9cc357eff6b1e6e,ремонт наушников airpods 3,1.0,1.0,0.0,False,1,1
held_context,cbc51ac45eea541fec4ae7a0,эндоскопия двигателя на выезд,1.0,1.0,0.0,False,1,1
held_context,cbc96661c31c8dedaa3561b4,скупка техники самара,1.0,1.0,0.0,False,1,1
held_context,cc0728c586a7bc48fce6a7a2,косметический ремонт квартир,1.0,1.0,0.0,True,1,1
held_context,cc0cb68312d72f9f4832a9ea,покупка шин,1.0,1.0,0.0,False,1,1
held_context,cc48992bb055ab723e120b08,поиск кабелей под землей трассировка,1.0,1.0,0.0,False,1,1
held_context,cc621f161e8ece1d715e63e5,удаление шрамов,1.0,1.0,0.0,True,1,1
held_context,cc76ef32ffddaa54b1f6c020,ламинирование ресниц,1.0,1.0,0.0,True,1,1
held_context,cc7b3e6863ab916dae7f3189,аренда ps4,1.0,1.0,0.0,True,1,1
held_context,cc8c5e1f987451e7d903f46c,тренер по кс 2,0.0,0.0,0.0,True,1,1
held_context,cc949ee8169299c28bf2d516,коррекция носогубных складок,1.0,1.0,0.0,False,1,1
held_context,cc9870b2bd897796b6d1abc8,воровайка аренда,1.0,1.0,0.0,True,1,1
held_context,cd516cf9a1678334f48cda30,кафе для свадьбы,1.0,1.0,0.0,True,1,1
held_context,cd524c82d9ff6479feb8f95e,столяр,1.0,1.0,0.0,True,1,1
held_context,cd981f80b4dab63c86985b82,прочистка канализации устранение засоров в трубах,1.0,1.0,0.0,True,3,3
held_context,cdb9c905c1c6aa2ea3cfd7ce,хромирование пластика,1.0,1.0,0.0,True,1,1
held_context,cdf71a866ce910775a987f9a,воровайка 5 тонн,1.0,1.0,0.0,True,1,1
held_context,ce1cb93b349d8975e242a8ab,ремонт рольставни,1.0,1.0,0.0,True,1,1
held_context,ce303c92c651ed2698f90782,маникюр и педикюр,1.0,1.0,0.0,True,1,1
held_context,ce9b075382c349d1b2308e38,пылесос аренда,1.0,1.0,0.0,True,1,1
held_context,cee7a47d782c5a09880ea6cb,кастрация кота,1.0,1.0,0.0,True,1,1
held_context,ceeb5b7a8300cf157f728dd2,замена радиаторов отопления,1.0,1.0,0.0,True,2,2
held_context,cf9df410bd513706e883063d,прокат кабриолета,1.0,1.0,0.0,True,1,1
held_context,cfba2c08a064c1294fdbd956,рыболовная база,1.0,1.0,0.0,True,1,1
held_context,d00ebc2054e07cf6ac26ca5f,парикмахерская,1.0,1.0,0.0,True,1,1
held_context,d018d8ca62a59023d957ebd6,точные стрижки,1.0,1.0,0.0,False,1,1
held_context,d0b2d653133f14bc70d74409,ламинат,1.0,1.0,0.0,True,1,1
held_context,d11869edb25516157165bedb,моляр,1.0,1.0,0.0,False,1,1
held_context,d1210c298fd1db918fed7308,химчистка мягкой мебели,1.0,1.0,0.0,True,1,1
held_context,d12968ffdf171174ad3dc954,перетяжка компьютерного кресла,1.0,1.0,0.0,True,1,1
held_context,d1307c1e57d453eb676ad401,ремонт секционных ворот,1.0,1.0,0.0,True,1,1
held_context,d15048360d925f6137f805ac,аренда детектора скрытой проводки,1.0,1.0,0.0,True,1,1
held_context,d154fb0131d2c3ba64a5bb67,настройка аудиосистемы,1.0,1.0,0.0,True,1,1
held_context,d1777c2b2f421807c77bff2b,сантехник услуги сантехника,1.0,1.0,0.0,True,1,1
held_context,d1a1b4c14d08c06054a7ac0b,осинизатор откачка канализации,1.0,1.0,0.0,True,1,1
held_context,d1e786699c8775b2b12c1bdf,ремонт дверей,1.0,1.0,0.0,True,1,1
held_context,d1eef6c640adea1b90e13c44,натяжные потолки частный мастер,1.0,1.0,0.0,True,1,1
held_context,d224634bf860d8c4ac0eb3b4,снять бассейн,1.0,1.0,0.0,True,1,1
held_context,d23e57cb8009f91ff4da750f,посредник на ebay,1.0,1.0,0.0,False,1,1
held_context,d2505054195ed230159a3e01,фотограф на выпускной,1.0,1.0,0.0,True,1,1
held_context,d2691a83b97a7cbf2d5eb27e,психолог сексолог,1.0,1.0,0.0,True,1,1
held_context,d2aaf3b29d2c562f6d084d52,откачка септиков услуги ассенизатора,1.0,1.0,0.0,True,1,1
held_context,d2fe287f5dabf239c043be59,ремонт газовых плит,1.0,1.0,0.0,True,1,1
held_context,d345e8674e70924d8128308d,замена аккумулятора iphone 13,1.0,1.0,0.0,True,1,1
held_context,d3562ccc6feeb2d3f8514c1a,таролог бесплатно,1.0,1.0,0.0,True,1,1
held_context,d3605e1781a4b60b23bc25bf,выкуп телевизоров под ремонт,1.0,1.0,0.0,False,1,1
held_context,d43188909005938f37016a42,ремонт спецтехники,1.0,1.0,0.0,True,1,1
held_context,d4496e35de0712c0e8fe9b42,кератин модель,1.0,1.0,0.0,True,1,1
held_context,d481eccdb819608f03e11393,ремонт бус и бижутерии,1.0,1.0,0.0,True,1,1
held_context,d49c1c57de547731acafadf8,установка генератора,1.0,1.0,0.0,True,1,1
held_context,d4af6be88e3e0b17b1c7e502,аренда вертолета,1.0,1.0,0.0,True,1,1
held_context,d4e95fac738362795f902e08,adsense,1.0,1.0,0.0,True,1,1
held_context,d552a3a382010d3a67457fd7,ремонт бензокосы,1.0,1.0,0.0,True,1,1
held_context,d5e0aa4059e8918c2d637a80,индивидуальные экскурсии на куршскую косу,1.0,1.0,0.0,False,1,1
held_context,d5f17edce4a9e0301d34bb50,услуги каменщика кладка кирпича,1.0,1.0,0.0,True,1,1
held_context,d5f2bb96a767eaa6dccbeece,передержка домашних животных,1.0,1.0,0.0,True,1,1
held_context,d5f42aa4220f6884ed30730c,сложное окрашивание волос,1.0,1.0,0.0,True,1,1
held_context,d60ca94bc36d7d881c8a1ee7,аренда домика на двоих,1.0,1.0,0.0,False,1,1
held_context,d6161020075b5929692c657a,свадьба на двоих,1.0,1.0,0.0,False,1,1
held_context,d626aaa0f67acb8327a3fd3d,бортовая машина,1.0,1.0,0.0,True,1,1
held_context,d664cbbc93beef2b934d1056,дробилка веток аренда,1.0,1.0,0.0,True,1,1
held_context,d704f81b21e234591d7db5c3,дом с теплым бассейном,1.0,1.0,0.0,True,1,1
held_context,d71806c5128a58c513961c9f,нянч для ребенка,1.0,1.0,0.0,True,1,1
held_context,d7c449864ff17547206af811,ремонт подъездов,1.0,1.0,0.0,True,1,1
held_context,d7f9a61a9afa4df2bb2548f4,в пахать землю,1.0,1.0,0.0,True,1,1
held_context,d8876f2c4eba67177f43a322,монтажнтк двери,1.0,1.0,0.0,False,1,1
held_context,d89f39adad906201497e4501,отопление,1.0,1.0,0.0,True,1,1
held_context,d8c9603c26dad296c93c0bf2,мотошиномонтаж,1.0,1.0,0.0,True,1,1
held_context,d93391ddbc21e0e852cd9a1b,аренда авто под доставку,1.0,1.0,0.0,True,1,1
held_context,d94b194a98ee3636e13f27d2,скупка и вывоз холодильников,1.0,1.0,0.0,True,1,1
held_context,d9592e52e05639c81ffc3f8c,подбор гибридных,1.0,1.0,0.0,False,1,1
held_context,d98154604c5e566afa471fb8,покрас фигурок,1.0,1.0,0.0,False,1,1
held_context,d9a1cd04ea5128d6729c1b8d,монтаж окон,1.0,1.0,0.0,True,1,1
held_context,d9d3bb6fa8ed5e4eff84a527,мойка двигателя,1.0,1.0,0.0,True,1,1
held_context,d9d72d3e65248381f7c5df2d,гелий,1.0,1.0,0.0,True,1,1
held_context,da31a94a66b28ed8bb28c4cb,прием пнд труб,1.0,1.0,0.0,True,1,1
held_context,da48720636d7f1c148b362bd,грузоперевозки газель 4 метра,1.0,1.0,0.0,False,2,2
held_context,da4ea4ce12fcd377eba7b028,проточка гбц,1.0,1.0,0.0,True,1,1
held_context,da72c2d681fcecc8521cd844,3d модель на заказ,0.0,1.0,1.0,True,1,1
held_context,daac3fa3fa4ddd4b73d1cf0a,аренда авто свадьба,1.0,1.0,0.0,True,1,1
held_context,dac9ff6fd25f1e13e1d2b0ba,перекрыть крышу,1.0,1.0,0.0,True,1,1
held_context,dad72ebfdf1a289b1e6b2d44,перекопка огорода,1.0,1.0,0.0,True,1,1
held_context,dafa1ebd5980bc9289a96f2a,циклевка и ремонт паркета,1.0,1.0,0.0,True,1,1
held_context,db34c5b9420f9b7e6973016a,прошивка nintendo switch,1.0,1.0,0.0,True,1,1
held_context,db91daed329482b9ed25de4e,костюм японской школьницы,1.0,1.0,0.0,False,1,1
held_context,db99b1bd30e5bf9e040123b3,печать альбомов,1.0,1.0,0.0,False,1,1
held_context,dbcf58aab95265375f7b15cd,дрессировка щенков,1.0,1.0,0.0,True,1,1
held_context,dbe4ddef383afedf1027782a,аренда мотоблока,1.0,1.0,0.0,True,1,1
held_context,dc2cccd63b5d1638614b1587,вывески на заказ с разрешением,1.0,1.0,0.0,False,1,1
held_context,dc4989d07e7b8d5dfae8167f,помощник по хозяйству,1.0,1.0,0.0,True,1,1
held_context,dc7270dc331c52461dc30b70,написание рефераты,1.0,1.0,0.0,False,1,1
held_context,dc80bcd725b61cd46ba0362d,массаж живота,1.0,1.0,0.0,True,1,1
held_context,dc8d4e9a25035497b0110c01,проектирование вентиляции,1.0,1.0,0.0,True,1,1
held_context,dce71bbafd0ae58ba01e1100,ремонт и чистка водостоков крыши,1.0,1.0,0.0,False,1,1
held_context,dce9ea233e34ec83c4b2ad15,домик на берегу,0.0,0.0,0.0,False,1,0
held_context,dd5dbab64023c6b1173ffa44,аренда места мастера маникюра,1.0,1.0,0.0,True,1,1
held_context,dd8f5d10f31c0a1da147ca06,фотосессия с машиной,0.0,1.0,1.0,False,1,1
held_context,ddbdf16d1f0476df40ce8b38,скупка iphone дорого,1.0,1.0,0.0,True,1,1
held_context,ddc6ec8ad269fc127bff5491,алмазная резка проемов,1.0,1.0,0.0,True,1,1
held_context,dddc24cd5367a53cc23fab86,монтаж скуд,1.0,1.0,0.0,True,2,2
held_context,de12d8629219f70502a13dad,реставратор мебели,1.0,1.0,0.0,True,1,1
held_context,ded6ac54ac2aabaf515cabf9,водолаз,1.0,1.0,0.0,True,1,1
held_context,dee5eb425b3b3b4543200cad,тонировка артемальной пленкой,1.0,1.0,0.0,False,1,1
held_context,df4e05967bea6c5b341fa4bd,техосмотр,1.0,1.0,0.0,True,1,1
held_context,dfe0179e66c4168a24ae0511,авто на прокат,1.0,1.0,0.0,True,1,1
held_context,e00c01c82979555e3e6ddc00,мастер по изготовлению мебели,0.0,0.0,0.0,False,1,1
held_context,e00fece4d5a129fdb70cfd00,сборка мебели на дому,1.0,1.0,0.0,True,1,1
held_context,e034897f7fcb3b5cad4bc057,пошив обуви на заказ,1.0,1.0,0.0,True,1,1
held_context,e044725ca28f400680941cbc,вышивка на одежде,1.0,1.0,0.0,True,1,1
held_context,e05087958b321d64ab2ca399,диагностика range rover,1.0,1.0,0.0,False,1,1
held_context,e05a4ebb34846a45c8b6894a,алмазное бурение,1.0,1.0,0.0,True,1,1
held_context,e0638b5c59152ca73df23bce,ремонт аккумуляторов iphone,0.0,0.0,0.0,False,1,1
held_context,e09c2e92d0b395c799542ddf,аренда танцевального зала,1.0,1.0,0.0,True,1,1
held_context,e0bde14e22c8b83c0d0b1c49,манипулятор длинномер,1.0,1.0,0.0,True,1,1
held_context,e0dbafeabf7df1108fe9e189,лом цветных металлов,1.0,1.0,0.0,True,1,1
held_context,e0f94f87094614633eb09cac,тихие стены,1.0,1.0,0.0,True,1,1
held_context,e16478d468fa1b2a26d70f72,аренда закрытой беседки,1.0,1.0,0.0,True,1,1
held_context,e165beb172954dfa4d1adc71,пневматическое оружие,1.0,1.0,0.0,True,1,1
held_context,e1b3efbe80102e1f8ee01b34,гибка металла,1.0,1.0,0.0,True,1,1
held_context,e1cf23559a8463a6580f017a,обучение по ламинированию ресниц,1.0,1.0,0.0,True,1,1
held_context,e1d89d4be0d6c4d4e331d049,поверка нивелира,1.0,1.0,0.0,True,1,1
held_context,e1feee3f248e83918f258713,байер италия,1.0,1.0,0.0,True,1,1
held_context,e23edbc7cf939c7fa16709c0,установка кондиционера,1.0,1.0,0.0,True,1,1
held_context,e27d8a758f4bec7398b6330e,печать для ип,1.0,1.0,0.0,True,1,1
held_context,e285b1042de2b3cf2780cade,оформлении карты казахстан,1.0,1.0,0.0,True,1,1
held_context,e2a02f04fa908e3b96f4b487,свадебная машина,1.0,1.0,0.0,True,1,1
held_context,e2c1c2bf4068ff93030c78af,автошкола,1.0,1.0,0.0,True,1,1
held_context,e2d3861d91ef46eae28af1ea,печать баннеров дешево,1.0,1.0,0.0,True,1,1
held_context,e3132e5b13222588794c992c,найти работника,1.0,1.0,0.0,False,1,1
held_context,e35fd2ef6c8fa8547ba44c13,ремонт яндекс станции,1.0,1.0,0.0,True,1,1
held_context,e3f5fcf5f756e3959cb99fc5,покос участка,1.0,1.0,0.0,True,1,1
held_context,e4226346b994fa157e85c8b2,кабельщик,1.0,1.0,0.0,False,1,1
held_context,e480bc035520244f6122020c,вскрывать авто,1.0,1.0,0.0,False,1,1
held_context,e4b5e018accf7829aadd0288,автосервис,1.0,1.0,0.0,True,1,1
held_context,e5311e2de7335425ebcd3a45,гигиенический маникюр,1.0,1.0,0.0,True,1,1
held_context,e54256cc90b5c32e75b05de7,дезинсекция,1.0,1.0,0.0,True,1,1
held_context,e57ae167fa3b91cddd007325,короткая женская стрижка,1.0,1.0,0.0,True,1,1
held_context,e5a55f10a366b11f49998320,скупка фарфора ссср,1.0,1.0,0.0,False,1,1
held_context,e5fd7e4f42d55e2305058249,дипломная работа синергия,1.0,1.0,0.0,False,1,1
held_context,e683c5a173e5c5f7c7fac702,обработка от насекомых,1.0,1.0,0.0,True,1,1
held_context,e68ad82f577438addb0d4d23,вышибала,0.0,0.0,0.0,True,1,0
held_context,e6a95c9610468a45c2b3f68e,репетитор по литературе егэ,1.0,1.0,0.0,True,1,1
held_context,e6dbfdfc93088cd7aed2bb51,из турции,1.0,1.0,0.0,False,1,1
held_context,e71233cc7c0384bdcfd9a332,ремонт мотоблоков,1.0,1.0,0.0,True,1,1
held_context,e71f85c2287d87de80c5d02f,установка окон,1.0,1.0,0.0,True,1,1
held_context,e726ea428a4dd241a8525d4a,манипулятор 7 тонн,1.0,1.0,0.0,True,1,1
held_context,e78f506ef8097b5192b019ee,медведь с днем рождения,1.0,1.0,0.0,False,1,1
held_context,e80b9015053b839ee0782a56,домик отдыха лес,1.0,1.0,0.0,False,1,1
held_context,e8603438aaf5266bbcf4800a,выездное караоке,1.0,1.0,0.0,True,1,1
held_context,e86abf6b8d8d240f3203cc23,камуфляж шрамов,1.0,1.0,0.0,True,1,1
held_context,e8a4bfbb02ffd1e442dd195b,дубликаты номеров жирный шрифт,1.0,1.0,0.0,True,1,1
held_context,e8aa2a7ae2c7e66cbb5def45,грузоперевоки армения,1.0,1.0,0.0,False,1,1
held_context,e913c8762cadad1292610217,укладка брусчатки шабан,1.0,1.0,0.0,False,1,1
held_context,e92b4a637514dbb856d6dcb0,ремонт бензореза,1.0,1.0,0.0,False,1,1
held_context,e92cff8de8ee5d242495dae4,москитные сетки на окна,1.0,1.0,0.0,True,1,1
held_context,e944e2c9fa2f1a1e7370a231,курсы ламинирования ресниц,1.0,1.0,0.0,True,1,1
held_context,e9db46f868dbe3d2237d5220,уф дтф наклейки,1.0,1.0,0.0,True,1,1
held_context,ea1619418807cfe705df1a09,ремонт окон,1.0,1.0,0.0,True,1,1
held_context,ea24f7f8e4a06964eb86d159,вспашка плугом,1.0,1.0,0.0,True,1,1
held_context,ea57a10e1e94fb472263b414,vip трансфер,1.0,1.0,0.0,True,1,1
held_context,ea61018a62bde95d4dba5afc,оклейка бренд яндекс такси,1.0,1.0,0.0,True,1,1
held_context,eadbcb7e74778c7b0ccf2776,росреестр помощь ресурс,1.0,1.0,0.0,False,1,1
held_context,eaf59761374f3ffb3832477d,ремонт бойлеров на дому чеховский район московская область,1.0,1.0,0.0,False,1,1
held_context,eb85d288e712d653399c5f9d,с ндс,0.0,0.0,0.0,False,1,1
held_context,eb86711898ba79100a964569,скупка старины,1.0,1.0,0.0,True,1,1
held_context,eb8ac2ad08c9e59eb4aee442,педикюр от 1000,1.0,1.0,0.0,False,1,1
held_context,eba88a470f2746549000e937,перетяжка потолка автомобиля,1.0,1.0,0.0,True,1,1
held_context,ebbab244cacf1b3bf9e09fd7,реструктуризация,1.0,1.0,0.0,True,1,1
held_context,ebc615dde87827defdc14dd1,липосакция,1.0,0.0,-1.0,True,1,1
held_context,ebcf05cd2712ed4e26377190,частный детский сад,1.0,1.0,0.0,True,1,1
held_context,ebf351ccc8ce3691159a2224,стяжка пола за 1 день,1.0,1.0,0.0,True,1,1
held_context,ec3282ae66e5fdaae3338d4f,автосервис опель,1.0,1.0,0.0,True,1,1
held_context,ec47999c63b3d92222986d1a,замена фар,1.0,1.0,0.0,True,1,1
held_context,eca731ece16681994923ff65,экскурсия,1.0,1.0,0.0,True,2,2
held_context,ecb9ed60a710c54ee537dc1d,аренда шлифовальной машины по бетону,1.0,1.0,0.0,True,1,1
held_context,ecf1a74fe3d9d35ed58ede59,ремонт автоматики для откатных ворот,1.0,1.0,0.0,False,1,1
held_context,ed10b323b66808f02a8d4af6,пароочиститель karcher,1.0,1.0,0.0,True,1,1
held_context,ed1bb99f181cadf4da87c07f,прополка,1.0,1.0,0.0,True,1,1
held_context,ed255c466618cc6f941feb4d,муж на час,1.0,1.0,0.0,True,1,1
held_context,ed441e0b7e78e7b28c5d2122,каменный ковер,1.0,1.0,0.0,True,1,1
held_context,eda6d8eb5669fc56fdfc2c6e,прикурить автомобиль,0.0,0.0,0.0,True,1,1
held_context,edf821d9818f9f6d12fc2725,аренда палатки,1.0,1.0,0.0,True,1,1
held_context,eefa5e81bbe01d1956b08bfd,установка подоконников,1.0,1.0,0.0,True,1,1
held_context,ef29e3fb0c3f11632fce1be6,наращивание волос капсулы,1.0,1.0,0.0,True,1,1
held_context,efadd80b12aa9ee3257724cf,укладка газоблока,1.0,1.0,0.0,True,1,1
held_context,efb5d0a3ab5adf899d9793ab,мастер по окнам,1.0,1.0,0.0,True,1,1
held_context,f0b2a15ff358d18ec8f80b1c,lkp,1.0,1.0,0.0,False,1,1
held_context,f0b478ddadf46c51cfbf061c,краскопульт,0.0,0.0,0.0,True,1,0
held_context,f0d34342f6dad37b1ec54553,нужен работник,1.0,1.0,0.0,False,1,1
held_context,f0d79fc84aa943cf68c1354f,поставить машину на учет в гибдд,1.0,1.0,0.0,False,1,1
held_context,f0f5a9ceb37f1150b895140f,ремонт электрических плит,1.0,1.0,0.0,True,1,1
held_context,f100e1a517f2a5fe002788eb,покраска забора,1.0,1.0,0.0,True,1,1
held_context,f14238a3a33a99f04da68a85,эндоскопия катализатора,1.0,1.0,0.0,True,1,1
held_context,f14ab752815c292ffa675ea8,репетитор на лето,1.0,1.0,0.0,True,1,1
held_context,f1a68923fd267d5ffa34e702,сиделка с мед.образованием,1.0,1.0,0.0,False,1,1
held_context,f1af71ed372ad6e43f04374b,рефрижератор 5 тонн,1.0,1.0,0.0,True,1,1
held_context,f1c3b33d795e0d9594e4803e,подшив одежды на дому,1.0,1.0,0.0,True,1,1
held_context,f25d44e4ae1f32b3988c5643,услуги программиста пк,1.0,1.0,0.0,False,1,1
held_context,f29cd4299bf954f0324fbe87,торт ламбет,1.0,1.0,0.0,True,1,1
held_context,f29d5c9bcd308e8e9c24b796,печник кладка печей,1.0,1.0,0.0,True,1,1
held_context,f2a3c9d1607339f7082e59f2,инструктор по вождению бутово,1.0,1.0,0.0,False,1,1
held_context,f2afc6c1d17dc3a0eae45aea,3d принтер,1.0,1.0,0.0,True,1,1
held_context,f2dad77839f6e9ce3b852018,аренда помещения для девичника,1.0,1.0,0.0,True,1,1
held_context,f2fe1f10844f5b3ddd8c6857,малярные работы,1.0,1.0,0.0,True,1,1
held_context,f386f5d2afd3b983c345d94d,вывоз бытового мусора,1.0,1.0,0.0,True,1,1
held_context,f39748c268d4bdcd3d1b0bd0,пилатес зеленогорск,0.0,0.0,0.0,False,1,0
held_context,f39cd2f3202e31b06b8f7063,перешив ручки кпп,1.0,1.0,0.0,True,1,1
held_context,f39f3eeb84caa6607adcc0e9,выкуп авто ваз,1.0,1.0,0.0,True,1,1
held_context,f3b3a6a66b3120a49d1df186,ремонт ауди,1.0,1.0,0.0,True,1,1
held_context,f459bf0515b2ad307744ad74,установка умного замка,1.0,1.0,0.0,True,1,1
held_context,f55020745a6adb22c2c893fb,спутниковое тв мтс ремонт спутниковое,1.0,1.0,0.0,False,1,1
held_context,f5b1207a107762e9eb94efe4,воровайка 10 тонн,1.0,1.0,0.0,True,1,1
held_context,f5f54d10ef321ce47e3d7c0e,ремонт холодильника,1.0,1.0,0.0,True,1,1
held_context,f5fa7641fa463e44ad2069c7,караоке зал аренда,1.0,1.0,0.0,False,1,1
held_context,f651742baedd4eaf1daa7d9c,аниматор лабубу,1.0,1.0,0.0,True,1,1
held_context,f754741086be294920b7ba20,прошивка vag,1.0,1.0,0.0,True,1,1
held_context,f777989ffd87bd3beaa7f34f,аренда автомобиля с водителем,1.0,1.0,0.0,True,1,1
held_context,f77f39ee40350064e2ae2ab8,прием твердосплава р6. м5,1.0,1.0,0.0,False,1,1
held_context,f7af78727f9667190e766224,репетитор по информатике огэ,1.0,1.0,0.0,True,1,1
held_context,f82bbc4b7c4010962d2c971f,замочник,1.0,1.0,0.0,False,1,1
held_context,f82cf1eb234758c0e899059c,вытягивание вмятин,1.0,1.0,0.0,True,1,1
held_context,f82d370ab20765617e875725,перепахать участок,1.0,1.0,0.0,True,1,1
held_context,f88db28aa8466788ff5edefa,система автополива,1.0,1.0,0.0,True,1,1
held_context,f8bb09ed36eac111d856f35e,аренда кабинета парадайс плейс,1.0,1.0,0.0,False,1,1
held_context,f8d24ae50ab5904c6045a368,полимерная покраска,1.0,1.0,0.0,True,2,2
held_context,f92624068f5397b6deb07b02,ремонт электроинструмента,1.0,1.0,0.0,True,1,1
held_context,f954c3c47a7bb2ba2fa6b77c,вспахать огород,1.0,1.0,0.0,True,1,1
held_context,f96e09bd0edb0c366c0cc4d1,ремонт лифтов,1.0,1.0,0.0,True,1,1
held_context,f97729436f93ad46d65b4cca,укоротить джинсы,1.0,1.0,0.0,True,2,2
held_context,f9ab33ce8c5177fceb43336f,ведущий на корпоратив,1.0,1.0,0.0,True,1,1
held_context,f9adf4b0dd93c67e66cdfc99,сборка компьютера,1.0,1.0,0.0,True,1,1
held_context,f9b854af4e0ea79752d5f908,землекопы ручная копка,1.0,1.0,0.0,True,1,1
held_context,f9f97610e2a8b645b7676a08,сиделка на дому,1.0,1.0,0.0,True,1,1
held_context,fa27836692eb9aa96253980b,такси омск петропавловск,1.0,1.0,0.0,False,1,1
held_context,fa2f06dca04ac6da40adc654,шоу с животными,1.0,1.0,0.0,False,1,1
held_context,fa7b5d5541f82cfc5d77e23c,расчистка участка,1.0,1.0,0.0,True,1,1
held_context,fab208c050625995463f6e23,блонд,1.0,1.0,0.0,True,1,1
held_context,fab72b84cafd5fa6a966db7a,прокат вибратора для бетона,1.0,1.0,0.0,True,1,1
held_context,fb27dceda948c64f7584185f,научу заказывать с китая,1.0,1.0,0.0,True,1,1
held_context,fb43ac3cca5371785629aba1,ремонт+обуви,1.0,1.0,0.0,False,1,1
held_context,fbafb6b55c9d3686cd7913e8,гид спб центр,1.0,1.0,0.0,False,1,1
held_context,fbee2fcc17a0d2269e929703,каршеринг авто,1.0,1.0,0.0,True,1,1
held_context,fc05d9d025bbe62224bfbd88,экскурсия на английском языке,1.0,1.0,0.0,False,1,1
held_context,fc0cbebc953d9de15123a764,скупка стиральных машин на запчасти,1.0,1.0,0.0,True,1,1
held_context,fc229edf8ee1239862ff1756,ремонт коленвалов мотоциклов,1.0,1.0,0.0,True,1,1
held_context,fc282a77d8c0803e3dde1139,ломбард техники,1.0,1.0,0.0,True,1,1
held_context,fc7b48747515751ac5f10fc2,копаем ямы,0.0,1.0,1.0,True,1,1
held_context,fc8a2509467be05b055e4369,прокат оборудования мотоблока,1.0,1.0,0.0,False,1,1
held_context,fcb9a1417517f79368895039,кран 40 метров,1.0,1.0,0.0,True,1,1
held_context,fccaf306000775c158437e6a,демонтаж батарей радиаторов отопления,1.0,1.0,0.0,True,1,1
held_context,fccb2941a9081abf97d6de65,цветное наращивание ресниц,1.0,1.0,0.0,True,1,1
held_context,fceae7c2e994f42c5af6d7e0,русская баня на дровах,1.0,1.0,0.0,True,1,1
held_context,fd14c975b9f7a1cd173d0af2,прицеп кемпер аренда,1.0,1.0,0.0,True,1,1
held_context,fd170f8ff60b95aae62c55ee,временная регистрация спб,1.0,0.0,-1.0,False,1,1
held_context,fd49d0e98a6e6bced3bbed22,афрохвост,1.0,1.0,0.0,True,1,1
held_context,fd5699fa81fa23d4acda288f,русификация китайских авто,1.0,1.0,0.0,True,1,1
held_context,fd6f62566d17466b6c9dca3e,дренаж участка истра,1.0,1.0,0.0,True,1,1
held_context,fd959d09bc176ad1eb25c77b,прокладка труб водопровода,1.0,1.0,0.0,True,1,1
held_context,fd971203fa615af71f7eb57b,изготовление ключей на авто,0.0,0.0,0.0,True,1,1
held_context,fd987a9295da897f7174f4d3,частное такси,1.0,1.0,0.0,True,1,1
held_context,fdce1de787a438ac67739282,укладка тратуарной плитки,1.0,1.0,0.0,True,1,1
held_context,fe4b7621f899b6f7dde1173b,номера на машину,1.0,1.0,0.0,True,1,1
held_context,fe7b7aabf3c00faaffc95131,заказ минивэна,0.0,0.0,0.0,True,1,0
held_context,fef710f572f249496905ee0f,садовые работы,1.0,1.0,0.0,True,1,1
held_context,fef8515ac92def0f9e96d7dd,мужской шугаринг,1.0,1.0,0.0,True,1,1
held_context,ff141c9ec96e24d60d0d595c,помощь с шумными соседями,1.0,1.0,0.0,True,1,1
held_context,ff20bc515d0ad4f251cf183c,шар с фамилией,1.0,1.0,0.0,True,1,1
held_context,ffa982a605601b7628b25598,ремонт объективов,1.0,1.0,0.0,True,1,1
held_context,ffce940a6f098af32bbefada,сауна снять,1.0,1.0,0.0,True,1,1
held_context,01764508fd45a5aa9bd36766,печать фото на холсте,1.0,1.0,0.0,True,1,1
held_context,019297e36b2258c2a0dabf9e,аренда помещения,0.0,0.0,0.0,True,1,1
held_context,0268728d2d03301b93ebb805,ремонт пылесосов,1.0,1.0,0.0,True,1,1
held_context,03360eb9ad8a7e2de1689acd,вывоз хлама,1.0,1.0,0.0,True,1,1
held_context,03bb510d12041e794e8d0f2c,услуги парикмахера на дому,1.0,1.0,0.0,True,1,1
held_context,056c1c0345f98585c7981c4b,батайск торты на заказ,1.0,1.0,0.0,False,1,1
held_context,05b4a6f8e2cd7ba110702304,сварные работы,1.0,1.0,0.0,True,1,1
held_context,05e545132f6d0add44c5a15b,ремонт спутниковых антенн,1.0,1.0,0.0,True,1,1
held_context,06044377f611c61a742e1948,услуги эндоскопа на дизельные двигателя,1.0,1.0,0.0,False,1,1
held_context,062e322ab7d66b79651fdade,написание конспектов,1.0,1.0,0.0,True,1,1
held_context,06c097e526bae0e05e45e0cf,ремонт старинных часов ссср,1.0,1.0,0.0,False,1,1
held_context,077ac6cd92c7b8ec71bb0883,педикюр для мужчин,1.0,1.0,0.0,True,1,1
held_context,078f234573995593042e25a1,предметная съемка для маркетплейсов,1.0,1.0,0.0,True,1,1
held_context,07b29bf407f45d4dac6f759a,скупка инструмента,1.0,1.0,0.0,True,1,1
held_context,08f7ed091899e9927773db60,распил фанеры,1.0,1.0,0.0,True,1,1
held_context,0958b9af8187ac3ef1e46208,удаление тату,1.0,1.0,0.0,True,1,1
held_context,096b4722eadcd412d72651fb,настройка гбо,1.0,1.0,0.0,True,1,1
held_context,09b7fb4b8343690d4a0b93c2,замена лобового стекла,1.0,1.0,0.0,True,1,1
held_context,09d4d19c2b8809d65f37c94b,скупка и вывоз мебели,1.0,1.0,0.0,True,1,1
held_context,0a27b866fd944108ff2389a9,контемпорари танцы,1.0,1.0,0.0,True,1,1
held_context,0a65239d6a1afa3ddce6210b,вольная борьба,1.0,1.0,0.0,True,1,1
held_context,0aa60b3d1f13d85e1548351b,ремонт бензопил,1.0,1.0,0.0,True,1,1
held_context,0aff1bd5c1f3285c169d3270,загран срочно,1.0,1.0,0.0,False,1,1
held_context,0b103130cc8344fab2878d7b,гид,1.0,1.0,0.0,True,1,1
held_context,0b69f9b02c558030d15a6326,нашивки на заказ,1.0,1.0,0.0,True,1,1
held_context,0be5f019edb7f605789d38f1,стрижка растений,1.0,1.0,0.0,True,1,1
held_context,0beba82b4922d569202506d0,гибка нержавейки,1.0,1.0,0.0,True,1,1
held_context,0c40060f9eefaf08ecd33b35,скупаем пк,1.0,1.0,0.0,False,1,1
held_context,0c9394bc4509f6424b106a50,удаление тату бесплатно,1.0,1.0,0.0,False,1,1
held_context,0d30f94bd1dd2231a0f5f2c8,скупка ковров,1.0,1.0,0.0,False,1,1
held_context,0de81e0bcda1b858792cd286,разблокировка телефона,1.0,1.0,0.0,True,1,1
held_context,0e724b8de80a8a1261de61eb,мойка форсунок бензиновых,1.0,1.0,0.0,True,1,1
held_context,0ed434d89906e21d7b593bf1,вывоз холодильников,1.0,1.0,0.0,True,2,2
held_context,0ee6f18029e0e7d3d62f0879,лазерная резка фанеры,1.0,1.0,0.0,True,1,1
held_context,0f532af4e679074d4d481a64,ателье по ремонту одежды,0.0,0.0,0.0,True,1,1
held_context,0f82430a0b726be5c1e109be,тонировка фар пленкой,1.0,1.0,0.0,True,1,1
held_context,0fa90eb84a2ffc2ea7601e00,груминг,1.0,1.0,0.0,True,2,2
held_context,0fae99fbc1b5825d40d8a0fa,реклама на заднем стекле,1.0,1.0,0.0,False,1,1
held_context,0ff0dacb2e3e204aa0c53cf9,макулатура,1.0,1.0,0.0,True,1,1
held_context,0fff0103b36ac4e181bcd93f,коттедж на свадьбу,1.0,1.0,0.0,False,1,1
held_context,1011ab44fa3e040af501b4fa,установка опалубки,0.0,0.0,0.0,True,1,0
held_context,11a6e7df2ec7942d65a8f5a2,плазмалифтинг,1.0,1.0,0.0,True,1,1
held_context,11b12444623381daa38128f1,таможенный брокер,1.0,1.0,0.0,True,1,1
held_context,1273c56e63934261cbb38858,восстановление мастер аккаунта lixiang,1.0,1.0,0.0,True,1,1
held_context,129c17928a6848690411c4aa,изготовление помолвочных колец,1.0,1.0,0.0,True,1,1
held_context,12ed82ef8670eda941025629,ремонт телевизоров toshiba в мосикве,1.0,1.0,0.0,False,1,1
held_context,12fc3f8bb6766dff34df4579,интернет оптоволокно,1.0,1.0,0.0,False,1,1
held_context,139efa20433f069afec130df,ремонт алисы,1.0,1.0,0.0,True,1,1
held_context,13a4d6dfa198a473b1bb2938,вскопка огорода,1.0,1.0,0.0,True,1,1
held_context,15395e8986d8cbc947be611b,мастер по ремонту телефонов,1.0,1.0,0.0,True,1,1
held_context,1565f6663f10cd22eb1bfe4d,аренда авто сутки,1.0,1.0,0.0,True,1,1
held_context,15a91ec612941968a78b305e,утилизация бытовой техники,1.0,1.0,0.0,True,1,1
held_context,15ac5282d288785008f16d69,передержка котов,1.0,1.0,0.0,True,1,1
held_context,1630f575ab1ebc5c0f1eb8ca,экскурсия на мотоцикле,1.0,1.0,0.0,True,1,1
held_context,177d59a78f45627083c63428,проводы в аэропорт минивэн,1.0,1.0,0.0,False,1,1
held_context,1783839c27c0e527c90001dc,роспись на одежде,1.0,1.0,0.0,True,1,1
held_context,17ce0675842af3c5f88c9ca9,временная прописка,0.0,0.0,0.0,True,1,1
held_context,17ce43f44cd1f550b68baf16,скупка кофемашин,1.0,1.0,0.0,False,1,1
held_context,18016f6d9406db9127f8761d,отказное письмо для озон,1.0,1.0,0.0,True,1,1
held_context,1812aef540f12ef40b6cd303,номера на лодку,1.0,1.0,0.0,True,1,1
held_context,18ddcdf3699b1d9f3164ee12,аренда моющего пылесоса для мебели,1.0,1.0,0.0,True,1,1
held_context,1a68b2c073e7549246a22806,ремонт радиаторов,1.0,1.0,0.0,True,1,1
held_context,1aaef75ff66a54ee45992cb9,таргетолог инстаграм,1.0,1.0,0.0,False,1,1
held_context,1ad3b25c2eedee40c4163b62,астрахань рыбалка,0.0,0.0,0.0,True,1,1
held_context,1ad503621134dfe961e0c2ed,обслуживание котлов,1.0,1.0,0.0,True,1,1
held_context,1bcb799d6602a5133638f952,пошив штор,1.0,1.0,0.0,True,1,1
held_context,1c49b15013b24a7f6441619d,аренда виброноги,1.0,1.0,0.0,True,1,1
held_context,1c56a24a1bcacc5b9cbce5ed,ремонт вакууматоров,1.0,1.0,0.0,True,1,1
held_context,1c87f63889537d00516a682f,копка фундамента,1.0,1.0,0.0,True,1,1
held_context,1cca01c5d217293ad59ec84f,стрижка собак,1.0,1.0,0.0,True,1,1
held_context,1dad31f02db628da4a965591,аренда пароочистителя керхера,1.0,1.0,0.0,True,1,1
held_context,1dcfd451e60c91ec08073577,очистка водоемов,1.0,1.0,0.0,True,1,1
held_context,1e480ccf164cd77d9fd40804,доставка газовых баллонов,1.0,1.0,0.0,False,1,1
held_context,1e564bb2707ca23f4423a226,база отдыха с чаном,1.0,1.0,0.0,True,1,1
held_context,1ea3b55061563b50b5a3be58,стрижка кошки,1.0,1.0,0.0,True,1,1
held_context,1eccc5c39585dab45ac3852b,расточка дисков,1.0,1.0,0.0,True,1,1
held_context,1ed07a2676b888f99b509a48,сигнализация с автозапуском ремонт,1.0,1.0,0.0,False,1,1
held_context,1ee3fa7d3632c068f0336be1,заправить кондиционер авто,1.0,1.0,0.0,True,1,1
held_context,1f211ba4a7f98c78c6b2acdf,тату бесплатно,1.0,1.0,0.0,True,1,1
held_context,1f458a7e9efcf1a8ffc9de48,очистка форсунок,1.0,1.0,0.0,True,1,1
held_context,1f78b6e954e41c5961f0ecfd,утилизация холодильников,1.0,1.0,0.0,True,1,1
held_context,1fc52d873d78e965691b399e,конструктор мебели,1.0,1.0,0.0,True,1,1
held_context,1fe3958a13072e63a12b3bb7,расточка блока цилиндров,1.0,1.0,0.0,True,1,1
held_context,1ff6e56cb47ea96e57e4ee85,мастер по окрашиванию волос,1.0,1.0,0.0,True,1,1
held_context,1ffa5649960c0a196fa767f1,скупка разъемов,1.0,1.0,0.0,True,1,1
held_context,2030c3b7d6d1a32de0c7dd3e,установка сантехники,1.0,1.0,0.0,True,1,1
held_context,204350d772d892f4e87c3ead,спортивный стилист,1.0,1.0,0.0,True,1,1
held_context,20e707925bda1308a6b8902f,манипулятор 10 тонн,1.0,1.0,0.0,True,1,1
held_context,2244e2057932317152ad01a1,разровнять участок,1.0,1.0,0.0,True,1,1
held_context,22905bbc2b087cd803cfbc8a,ремонт брелков starline,0.0,0.0,0.0,True,1,1
held_context,22b48b9e0250ab834d851a07,доставка таобао,1.0,1.0,0.0,False,1,1
held_context,2305b7139282964e36ba234d,гальваническое золочение,1.0,1.0,0.0,False,1,1
held_context,2374179e01b23260afd0c222,каркас забора,1.0,1.0,0.0,True,1,1
held_context,2378e4ced0f928d472862edc,компьютерный мастер,1.0,1.0,0.0,True,1,1
held_context,23a88528bf3e11aab6a9ebf3,диагностика двигателя с выездом,1.0,1.0,0.0,True,1,1
held_context,245cb945c7046dceae34d0bc,iphone заблокированный,1.0,1.0,0.0,True,1,1
held_context,246fc0ec710f1f3293d20cd4,озонирование помещения после пожара,1.0,1.0,0.0,False,1,1
held_context,24b64e4c864f8e0972ddb55e,покраска ворот,1.0,1.0,0.0,True,1,1
held_context,259895fa9c9fb7dc8cffba79,тонировка авто стекла,1.0,1.0,0.0,False,1,1
held_context,25ddfb42aa43c24e5e44119b,ремонт дверных замков,1.0,1.0,0.0,True,1,1
held_context,274dbd17d7ca55ea3bb3c4ef,актер,1.0,1.0,0.0,True,1,1
held_context,27589b1d03833623bbcf8c22,дубликаты номеров,1.0,1.0,0.0,True,1,1
held_context,27a96e1aee85288ac319cb00,такси екатеринбург,1.0,1.0,0.0,False,1,1
held_context,286479301cda3a26d7e4016e,корректировка пробега,1.0,1.0,0.0,True,1,1
held_context,287c31f901e4904ef306c9bd,косметолог лечение акне,1.0,1.0,0.0,True,1,1
held_context,28c7c782297a74febf20c94c,пилинг головы,1.0,1.0,0.0,True,1,1
held_context,28de0caba5711ba5c500ef03,вспашка земли кременкуль,1.0,1.0,0.0,False,1,1
held_context,2ac64881437668e7e55f8768,склад в китае,1.0,1.0,0.0,False,1,1
held_context,2ad575d8ecd303359dd1b4c3,укладка ламината елочкой,1.0,1.0,0.0,True,1,1
held_context,2ad8bc072fb75592b81b64f1,стилист имиджмейкер,1.0,1.0,0.0,True,1,1
held_context,2b03449837b309da4db549c2,отбеливание зубов,1.0,1.0,0.0,True,1,1
held_context,2b28905427326522b4e49e47,публикация приложения,1.0,1.0,0.0,True,1,1
held_context,2c2b36da0e3a2e4faba7c357,расточка наплавка восстановление отверстий,1.0,1.0,0.0,True,1,1
held_context,2c2ec8fef59141a734cbaa6c,перевезти металлолом,1.0,1.0,0.0,False,1,1
held_context,2c4939f103792b05036036f2,капельницы на дому собаке,1.0,1.0,0.0,False,1,1
held_context,2c580ec2760f1dd3c85ddb10,скупка офисных кресел,1.0,1.0,0.0,False,1,1
held_context,2c617598e770b298261bd84c,пошив постельного белья,1.0,1.0,0.0,True,1,1
held_context,2d56e5acb7cf00739ef3e32d,модель на макияж,1.0,1.0,0.0,True,1,1
held_context,2dea31ed516f62c765dd641b,обучение на мастера по реконструкции волос,1.0,1.0,0.0,True,1,1
held_context,2e29943a618ca4960fd8402e,омск астана,1.0,1.0,0.0,True,1,1
held_context,2e30e9dd745b6245a143fd6c,диагностика авто перед покупкой,1.0,1.0,0.0,True,1,1
held_context,2ea977576370308a9985e038,сход развал,1.0,1.0,0.0,True,1,1
held_context,2ee360fee1f01ac6995b19a7,фулфилмент,1.0,1.0,0.0,True,1,1
held_context,2fd1f920d0cdb635effa0467,установка водяных счетчиковгород,1.0,1.0,0.0,False,1,1
held_context,2ff8f1a1ba354598365dce35,ремонт apple magic keyboard,1.0,1.0,0.0,False,1,1
held_context,31db3d61db431e8b63aa611e,прогулка на карете,1.0,1.0,0.0,True,1,1
held_context,3204bdaeb351abcd6c1de36d,эмаль для ванны,1.0,1.0,0.0,True,1,1
held_context,3236ff90717ec3ff0285bcd8,кладка пеноблока,1.0,1.0,0.0,True,1,1
held_context,323ff85c8a4b3b6be27d448f,выкуп шин резины,1.0,1.0,0.0,False,1,1
held_context,335eb38836228b8871ab84bd,хип хоп танцы,1.0,1.0,0.0,False,1,1
held_context,3390ac419c4f5dded77d7d76,стирка паласов,1.0,1.0,0.0,True,1,1
held_context,34b3a02701287c555f996d29,прошивка магнитолы haval м6,1.0,1.0,0.0,True,1,1
held_context,34b82cfc48648e99ba93c4c7,выравнивание участка вручную,1.0,1.0,0.0,True,1,1
held_context,34e43a12fb1bf113002be15a,сварка из нержавейки,1.0,1.0,0.0,False,1,1
held_context,365a1470699d53e736edc7d2,аренда парикмахерского кресла,1.0,1.0,0.0,True,1,1
held_context,369e88656d08b6af650f3e3d,сладкая вата на праздник,1.0,1.0,0.0,True,1,1
held_context,36d8fb00f71b827215d22e98,кастрация,1.0,1.0,0.0,True,1,1
held_context,36e83e204ddede447c407a08,снять авто,1.0,1.0,0.0,False,1,1
held_context,37028f2d9bb24a3d08d6bab4,ремонт водонагревателей,1.0,1.0,0.0,True,1,1
held_context,3731c2e95cbd90f1a5eb8fe3,часовой мастер,1.0,1.0,0.0,True,1,1
held_context,3749294ed4b04daf9a47a406,шарик на девичник с фамилией,1.0,1.0,0.0,True,1,1
held_context,375327083c0d65bf2300330d,автоинструктор по вождению мкпп,1.0,1.0,0.0,True,1,1
held_context,3771ad890da1545f3562f862,снос дома,1.0,1.0,0.0,True,1,1
held_context,37f4200c33835e5fb5ea8975,выкуп бу шин и дисков,1.0,1.0,0.0,True,1,1
held_context,37fcf2b683e456b1f83559d8,ремонт личинки замка зажигания,1.0,1.0,0.0,True,1,1
held_context,39b35daf8d51a11158aa853d,заливка бетона под оборудование,1.0,1.0,0.0,False,1,1
held_context,3a63b8ecfa0462675211335c,такси на дачу недорого,0.0,0.0,0.0,False,1,1
held_context,3a9213e09f7e366e5f960900,репетитор по испанскому языку,1.0,1.0,0.0,True,1,1
held_context,3b09ab69f967cb4e592f9820,печать флагов на заказ,1.0,1.0,0.0,True,1,1
held_context,3ba2797aa9955b5ece9de22e,сборщики мебели,1.0,1.0,0.0,True,1,1
held_context,3bb839879964a8becac1e1e7,водяной теплый пол,1.0,1.0,0.0,True,1,1
held_context,3d09958e2d695a8cadc2f799,ремонт компрессоров,1.0,1.0,0.0,True,1,1
held_context,3d70d3bac8f663f3ba9c83fc,лицензия такси,1.0,1.0,0.0,True,1,1
held_context,3e4013a62d04554a2d48de4a,таро,1.0,1.0,0.0,True,1,1
held_context,3ea2e8f025974287cf4af2a0,аренда автомобиля и прокат без водителя,1.0,1.0,0.0,True,1,1
held_context,3eca0a453677a15987629687,репетитор математика,1.0,1.0,0.0,True,1,1
held_context,3f1bcca2d4d636ad04acf98e,курсы,0.0,0.0,0.0,True,1,1
held_context,3f4ca6031dd3dab9a61c78f4,прогулка на мотоцикле,1.0,1.0,0.0,True,1,1
held_context,402518682c163c230b594896,циклевка доски,1.0,1.0,0.0,False,1,1
held_context,40781d46caf884c3d8198de7,ремонт электровелосипедов,1.0,1.0,0.0,True,1,1
held_context,407a8576374093f011efffb7,страховка осаго,1.0,1.0,0.0,True,1,1
held_context,412b5245d29661443fd8f730,газосварка,1.0,1.0,0.0,True,1,1
held_context,41d771f7677bc3eb0d9e1bee,светотехнический расчет квартиры,1.0,1.0,0.0,False,1,1
held_context,4215fc5c714d590c7a210fe5,ремонт компрессора автокондиционера,1.0,1.0,0.0,True,1,1
held_context,425f74227b726c2560bfe08a,ремонт стартеров генераторов,1.0,1.0,0.0,True,1,1
held_context,42f85a455987ec5ae61bf35a,акб для электровелосипеда,1.0,1.0,0.0,False,1,1
held_context,438e8f5ba5fe51a01f2dd182,аывоз строительного мусора,1.0,1.0,0.0,True,1,1
held_context,44b0ea9895489610f8e8068d,монтаж поликарбоната,1.0,1.0,0.0,True,1,1
held_context,44dcf6e562df479ffd3eecc1,ремонт задней крышки iphone,1.0,1.0,0.0,True,1,1
held_context,44e88000957fb79b1fb00f92,услуги мебель на заказ,1.0,1.0,0.0,False,1,1
held_context,44ef974d3f43a3bb395b4a8f,трансфер из шереметьево автобус,1.0,1.0,0.0,False,1,1
held_context,451787b2c25aec79cd36efa0,ремонт ворот,1.0,1.0,0.0,True,1,1
held_context,456ce51597bce1d92f3fd8ac,педикюр щербинки,1.0,1.0,0.0,False,1,1
held_context,4575fc96183e07b610e1c21e,макет визиток,1.0,1.0,0.0,True,1,1
held_context,459d1e1eb830b94eb4e270ed,виртуальная карта иностранного банка,1.0,1.0,0.0,False,1,1
held_context,466ec303b349a097dca9d3d3,депиляция воском мужской,1.0,1.0,0.0,True,1,1
held_context,46c3d447ded091bb0c50105a,мастер классы по рисованию сегодня,1.0,1.0,0.0,False,1,1
held_context,47c2c4abe380a691a67bbb26,муж на час москва метро скобелевская,1.0,1.0,0.0,False,1,1
held_context,47da184a07cb6f59c58ac7dc,дом для отдыха,1.0,1.0,0.0,True,1,1
held_context,48225da7a21b61231b0c031a,установка уличных дверей,1.0,1.0,0.0,True,1,1
held_context,4852907be2df3fb35dd507b2,свидание в гончарной мастерской,1.0,1.0,0.0,True,1,1
held_context,487a2eae1bf207dc4f44bcac,разбор сборка и перевозка мебели,1.0,1.0,0.0,True,1,1
held_context,48ca1e77f386f2a8934ba183,строительство домов семейная ипотека,0.0,0.0,0.0,True,1,0
held_context,48e564f898faf29381788ecb,ремонт samsung,1.0,1.0,0.0,True,1,1
held_context,48e5ff15b258f01b150c0ed4,репетитор по физике 8 класс,1.0,1.0,0.0,True,1,1
held_context,4905315e0792187c18eca463,накрутка лайков,1.0,1.0,0.0,True,1,1
held_context,4950b66efa79b9639f899017,сантехник замена труб,1.0,1.0,0.0,True,1,1
held_context,4984c69511c33220b514b620,поездки в казахстан,0.0,0.0,0.0,True,1,1
held_context,49abc6ada389679547dd7f6c,хоста,1.0,1.0,0.0,True,1,1
held_context,49adbe04820f25f5d3561c05,посуточная аренда авто,1.0,1.0,0.0,True,1,1
held_context,49f17e95d92effd0593d511a,изготовление госномера,1.0,1.0,0.0,True,2,2
held_context,4ac9157592b3fa8c472dc17b,услуги экстрасенса,0.0,1.0,1.0,True,1,1
held_context,4afd6d00b30ee206f4b1ba5b,репититор математика огэ,1.0,1.0,0.0,False,1,1
held_context,4b1382af128f5b893f33562a,микроавтобус,1.0,1.0,0.0,True,1,1
held_context,4b247b27acc810cad1950804,мастер не час,1.0,1.0,0.0,True,1,1
held_context,4b7b6b9e7ecab65e5ac6ca5f,взлом замков,1.0,1.0,0.0,True,1,1
held_context,4ba2fbca04d69517997da583,вахта перевозка сотрудников,1.0,1.0,0.0,True,1,1
held_context,4bb9cdf6910825be832fb532,снятие обоев,1.0,1.0,0.0,False,1,1
held_context,4c077460efb409c0a23a25e3,услуги бухгалтера,1.0,1.0,0.0,True,1,1
held_context,4c78864bd53c1ce4828c896b,сварка кпп,1.0,1.0,0.0,False,1,1
held_context,4cc95cb17dbd115decd4075e,замена капота,1.0,1.0,0.0,False,1,1
held_context,4f3b2cf297d11354ef3e9647,низкорамный манипулятор,1.0,1.0,0.0,False,1,1
held_context,4fc8b592ac8462cf3515667a,беседки с басейном,1.0,1.0,0.0,False,1,1
held_context,507b40cdfabc0ea91344524b,юрист в сфере образования,1.0,1.0,0.0,False,1,1
held_context,518327877392154c87cf05b1,изготовление печати ип,1.0,1.0,0.0,True,1,1
held_context,51a5a2695cd060adad11c136,прокат аренда катера без капитана,1.0,1.0,0.0,False,1,1
held_context,51b00e38e84e68ec279da45c,массаж лица,1.0,0.0,-1.0,True,1,1
held_context,51f05742405ca57753451ef3,авто электрик бмв,1.0,1.0,0.0,False,1,1
held_context,5266c4167d9610282cfee5b6,вывоз мусора услуги предложение,1.0,1.0,0.0,False,1,1
held_context,52b6b7dd2660167c43a9d2f9,ремонт google pixel,0.0,0.0,0.0,True,1,1
held_context,52eb70bdc3dc9b7af9a4d5ca,откосы дверей,1.0,1.0,0.0,True,1,1
held_context,530ac104e828263d363cb09c,благоустройство участка,0.5,0.5,0.0,True,2,2
held_context,530fd7d44f05385c12ca8475,промывка топливных форсунок,1.0,1.0,0.0,True,1,1
held_context,535a7841a1457dd7382b9623,ремонт скважинных насосов,1.0,1.0,0.0,True,1,1
held_context,53e02cf4246b7e86405c5e86,кодирование mercedes,1.0,1.0,0.0,True,1,1
held_context,545f5a391f13b584e2b37678,переоборудование тс,1.0,1.0,0.0,True,1,1
held_context,5487fe6a9f05ba13e38dbb3d,чистка участка,1.0,1.0,0.0,True,1,1
held_context,55cf7e24e7513d5a1074e7fc,написание статей экономика промышленности,0.0,0.0,0.0,False,1,1
held_context,5608f094d09f4e2d4e9edb45,микроавтобус грузовой,1.0,1.0,0.0,True,1,1
held_context,561b8527c3b5d24a42407bee,свайно винтовой фундамент,1.0,1.0,0.0,True,1,1
held_context,57a1867ab91fcd5b2b144a2a,перевозка негабаритных грузов,1.0,1.0,0.0,True,1,1
held_context,57b5adaa2dc3ac658c725c4f,снятие порчи,1.0,1.0,0.0,True,1,1
held_context,58694a7b6a4353b5d13ff2c0,индиба,1.0,1.0,0.0,True,1,1
held_context,58a11b128290774cf6c84618,снять беседку теплую,1.0,1.0,0.0,True,1,1
held_context,58ac3d9fb20bb4ba3430705d,плетение кос можель,1.0,1.0,0.0,False,1,1
held_context,58dc1089a91b598b37867fd0,капельницы на дому животным,1.0,1.0,0.0,False,1,1
held_context,596dd9736f535dc9e416e07f,гараж под ключ,1.0,1.0,0.0,True,1,1
held_context,5980b33b75206b8e36153cab,покрыть паркет воском,1.0,1.0,0.0,False,1,1
held_context,5a0bc08ccd4b4d50d35d0775,обшивка имитацией бруса,1.0,1.0,0.0,False,1,1
held_context,5a5087d01b9abcdbac144ba4,чистка дивана от кошачьей мочи,1.0,1.0,0.0,True,1,1
held_context,5ac564a9e2de162c15f82f42,доставка небольших грузов на каблуке,1.0,1.0,0.0,False,1,1
held_context,5cc385574063175df45e0f2f,скважина вымывная,1.0,1.0,0.0,False,1,1
held_context,5cd0c3e9f94923a6fb2891b8,dtg печать на одежде,1.0,1.0,0.0,False,1,1
held_context,5d15f4923ead3ae8062d4bf1,скупка электроники,1.0,1.0,0.0,True,1,1
held_context,5d187109df23398508338ea5,ночная няня,1.0,1.0,0.0,True,1,1
held_context,5d6919cfc1971f9eb2e5e8fc,аренда рояль,1.0,1.0,0.0,False,2,2
held_context,5d9539327b7e783821d01796,ремонт наушников,1.0,1.0,0.0,True,1,1
held_context,5ea3dedda62c253d069e9215,катер без капитана,1.0,1.0,0.0,True,1,1
held_context,61a3efac333000fd6714c711,висцеральный массаж по огулову,1.0,1.0,0.0,True,1,1
held_context,6275339576a926d66396d263,прочистка канализации устранение засоров,1.0,1.0,0.0,True,1,1
held_context,629b390eae9644726ceb1fc2,установка раций,1.0,1.0,0.0,False,1,1
held_context,62b68dc807d749cadb71aaa8,аварийный комиссар оформление дтп,1.0,1.0,0.0,False,1,1
held_context,62c5ba015377383758a4645d,замена автомобильного стекла,1.0,1.0,0.0,False,1,1
held_context,63103ed28cc5347e68c22ca7,фотограф и видеограф на свадьбу,1.0,1.0,0.0,True,1,1
held_context,631267492184616d102cdde6,пригоню авто,0.0,0.0,0.0,True,1,1
held_context,63cea03a29923f790aeb183b,охота на медведя,1.0,1.0,0.0,False,1,1
held_context,64064313132a047098863e41,чистка дымохода,1.0,1.0,0.0,True,1,1
held_context,64a762f62dd533542bbcb1ef,перераспределение земли,1.0,1.0,0.0,False,1,1
held_context,6531e1803b85ae0d2d4b659a,производство одежды,1.0,1.0,0.0,True,1,1
held_context,66d3d6b6d5eafde480a0a920,аренда длинномера,1.0,1.0,0.0,True,1,1
held_context,66d5ca1c7701eaefa029030a,гравировка на клавиатуре,1.0,1.0,0.0,True,1,1
held_context,66e31e9a8f8edb7e54bad8ab,снять дом в селе нижне озерное,1.0,1.0,0.0,False,1,1
held_context,671d03d50952645183107075,мобильный фотограф,1.0,1.0,0.0,True,1,1
held_context,674b68bdb82b713be1c32675,окна,1.0,1.0,0.0,True,1,1
held_context,67cc1bece4defaedbfb37b2e,монтаж пвх мембраны,1.0,1.0,0.0,True,1,1
held_context,68911d317794ff2b4d51999e,сауна на двоих,1.0,1.0,0.0,False,1,1
held_context,68d320f697c9f4dcde9b908d,сварка сварщик,1.0,1.0,0.0,True,1,1
held_context,6961f01be57b9c9e470b98c8,баржа,1.0,1.0,0.0,True,1,1
held_context,69d484eb2540a89619a8859d,лофт аренда,1.0,0.0,-1.0,True,1,1
held_context,6a72df965f7107c61d988eff,вызов металлолома из дома,1.0,1.0,0.0,False,1,1
held_context,6b06f65a0ea04be66907bc0a,пункты приема,1.0,1.0,0.0,False,1,1
held_context,6bf84aba1b9185eda3829a80,компьютерная помощь,1.0,1.0,0.0,True,1,1
held_context,6c8ef840a0fecb0864ef8ba1,грузоперевозки краснодар,1.0,1.0,0.0,True,1,1
held_context,6caf85701648dea5a8f90f91,перекупская покраска,1.0,1.0,0.0,True,1,1
held_context,6d1d4139dfd133dd8bdb49a0,электроэпиляция,1.0,1.0,0.0,True,1,1
held_context,6d4b3592beddfb24836cb15e,работы на кладбище,1.0,1.0,0.0,True,1,1
held_context,6dd2edefff5f97a95eea3f98,резка рулонных материалов,1.0,1.0,0.0,False,1,1
held_context,6de4fa49997c946201428c02,ремонт мягкой мебели на дому,1.0,1.0,0.0,True,1,1
held_context,6f35f2d86e60e109668c44a3,ремонт автоусилителей,1.0,1.0,0.0,True,1,1
held_context,6f44f885c415868aace64ade,джампинг занятия,1.0,1.0,0.0,True,1,1
held_context,6fdf4cfa32492a53f65208b7,газель удлиненная,1.0,1.0,0.0,False,1,1
held_context,7008a88c9da86d75dd24a77a,отправка авто паромом из калининграда,1.0,1.0,0.0,False,1,1
held_context,701d8d1efe009f1ae157debe,скупка фотоаппаратов,0.0,0.0,0.0,True,1,1
held_context,70877efedd46d326d87de6fd,фитнес для беременных,1.0,1.0,0.0,True,1,1
held_context,70987a197fef97ea563fad4b,массажист после инсульта,1.0,1.0,0.0,True,1,1
held_context,70b60dd46c27a3e228d2d3f6,снять баню,1.0,1.0,0.0,True,1,1
held_context,7164b8b030653c2746028fdc,варка глушителя,1.0,1.0,0.0,True,1,1
held_context,720c6a529c05962a2df91ae4,продать мукулатуру картон цена 1 кг,1.0,1.0,0.0,True,1,1
held_context,72dffc7ad910ae1b22fd674f,помощь студентам экономика,1.0,1.0,0.0,True,1,1
held_context,72ea834afd605bcc19ee43d3,удаление филлера,1.0,1.0,0.0,True,1,1
held_context,7377b56e0a71ba3a461cbba1,выкуп айфона,1.0,1.0,0.0,True,1,1
held_context,73a2b68439b0aff7aa995346,смывка краски,1.0,1.0,0.0,True,1,1
held_context,742d266127467f6d5b1d5b02,парикмахер на дому женский,1.0,1.0,0.0,True,1,1
held_context,74a2844a3b78820d6ff7054d,аренда зала для тренинга,1.0,1.0,0.0,True,1,1
held_context,75ed5628991af5d46d3d6f5b,юрист по недвижимости,1.0,1.0,0.0,True,1,1
held_context,7725579b5e6d74aff2a1081b,аренда для визажиста,1.0,1.0,0.0,True,1,1
held_context,77a5f3ca532f7c0d6034c964,аренда на час массажного кабинета,1.0,1.0,0.0,False,1,1
held_context,781306b17695672ad928cc46,изготовление ключей авто клбчей,1.0,1.0,0.0,True,1,1
held_context,787d24f527d297c10f6fc9f1,распечатать листовки,1.0,1.0,0.0,True,1,1
held_context,78c5bff3041d4e4f4db5bb89,модель на окрашивание бесплатно,1.0,1.0,0.0,True,1,1
held_context,78d63a85e7081c755fef8d77,резка металла,1.0,1.0,0.0,True,1,1
held_context,7903dd2c7a35f4ea6437cb41,стилист по подбору одежды мужской,1.0,1.0,0.0,True,1,1
held_context,799171517b8476a6b0ea5878,табличка на заказ,1.0,1.0,0.0,False,1,1
held_context,79fc4cbbc4ff22cc1c34146e,еврозапил,1.0,1.0,0.0,True,1,1
held_context,7a15bf02f6ba7e1b264c6ad1,неоновые вывески,1.0,1.0,0.0,True,1,1
held_context,7b22e9c240d3a03e8c15a324,ремонт телевизора,1.0,1.0,0.0,True,1,1
held_context,7b73f3942d9607b86235a700,наращивание волос биопротеин,1.0,1.0,0.0,True,1,1
held_context,7ba5f0369dc147b8d4ee6792,обработка от клещей на участке,1.0,1.0,0.0,True,1,1
held_context,7ba93bc25e4fe979871ec788,сбока мебели,1.0,1.0,0.0,True,1,1
held_context,7bb72566cf3c53dfbe1588cd,турбаза отдых,1.0,1.0,0.0,True,2,2
held_context,7c34086e19b15e57ac1687f8,установка кронштейнов,1.0,1.0,0.0,True,1,1
held_context,7cfe066eeffa2ab60a9fd001,гидроизоляция,1.0,1.0,0.0,True,1,1
held_context,7d31e8ca3976e5a547e4288b,прием аккумуляторов дорого,1.0,1.0,0.0,True,1,1
held_context,7d4b521e2ac627569cea3499,покраска металлических дверей,1.0,1.0,0.0,True,1,1
held_context,7d591ef269b68b444db07a20,прошивка xbox 360,1.0,1.0,0.0,True,1,1
held_context,7daa87a85b8d067f52bea016,радиусная полировка металла,1.0,1.0,0.0,False,1,1
held_context,7df9a62d5783a89d81ea54d9,аниматоры на выпускной детский сад,1.0,1.0,0.0,True,1,1
held_context,7e1901e279b8f3b9ef5fcd33,справка о судимости,1.0,1.0,0.0,False,1,1
held_context,7e7c056a0c2d470e9524b7ad,установка кондиционеров монтаж,0.0,1.0,1.0,True,1,1
held_context,7ebbf0b08c173474496537d9,ремонт кровати,1.0,1.0,0.0,True,1,1
held_context,7edc5309cf0b699f8c4b8d74,мастер час,1.0,1.0,0.0,True,1,1
held_context,7ffd3584e04db934c54e51f6,редактирование фото,1.0,1.0,0.0,True,1,1
held_context,80a7e2c5844bcf9527a97bf9,учитель по гитаре,1.0,1.0,0.0,True,1,1
held_context,80d523bb93bfa7b501487644,уничтожение крыс,1.0,1.0,0.0,True,1,1
held_context,81c3f2f13b6582a265f1ca73,изготовление мебели для балкона,1.0,1.0,0.0,False,1,1
held_context,8224975af9ee43df86876ee5,дезинфекция тараканов,1.0,1.0,0.0,True,1,1
held_context,82759d85a04c24bed33b6e4c,замена стекла на межкомнатной двери,1.0,1.0,0.0,True,1,1
held_context,82e0e21b3863c7ef2df69774,маникюр некрасовка,1.0,1.0,0.0,True,1,1
held_context,834078a5f5749d389117bb43,маркировка,1.0,1.0,0.0,True,1,1
held_context,83e85e8a5ddda1d4a2ad723a,скупка холодильного оборудования,1.0,1.0,0.0,True,1,1
held_context,841bdffe64240703919bab09,аренда дозиметра,1.0,1.0,0.0,True,1,1
held_context,845e3b2beee20a379b1937db,распил раскрой лдсп мдф,1.0,1.0,0.0,False,1,1
held_context,86316d0af26c5514376e5506,мастер класс свидание,1.0,1.0,0.0,False,1,1
held_context,8653af9f7ed80840bfee228c,лофт с мангалом,1.0,1.0,0.0,True,1,1
held_context,871d8ce83ec2b2af57ac2cbf,аренда авто бизнес,1.0,1.0,0.0,True,1,1
held_context,87a2633445f78431f58517cf,шале,1.0,1.0,0.0,True,2,2
held_context,87b67be4143f960bd4b77db3,филлеры,1.0,1.0,0.0,False,1,1
held_context,88d66271f7a7fddec534f036,регулировка алюминиевых окон,1.0,1.0,0.0,True,1,1
held_context,89ed317f108ae6aa0609f49f,сиделка для пожилого человека,1.0,1.0,0.0,True,1,1
held_context,8ab063a9c9bcf1c3ff2818fc,мелирование,1.0,1.0,0.0,True,1,1
held_context,8bf16f722ca164e8b30fdf57,ремонт тнвд японских,1.0,1.0,0.0,False,1,1
held_context,8c6ee5fc01663a54d6897e5c,откачка сливных ям,1.0,1.0,0.0,True,1,1
held_context,8d35c5823405077e9f012e68,белый мишка поздравление,0.0,0.0,0.0,True,1,1
held_context,8ddfb6445b2cce182d5ad353,аренда манипулятора вездеход,1.0,1.0,0.0,True,1,1
held_context,8e6e11ab483d8c7ef83a278f,заберу старый диван,1.0,1.0,0.0,True,1,1
held_context,8ed6e2ace4562c84ca88d1af,ремонт джойстиков ps5,1.0,1.0,0.0,True,1,1
held_context,8f79117237fad54807b67014,укладка плинтуса,1.0,1.0,0.0,True,1,1
held_context,90195234b46dfdae04586515,выпрямление волос,1.0,1.0,0.0,True,1,1
held_context,9027ba7fd7918d9c6c6352a5,откачка ям,1.0,1.0,0.0,True,1,1
held_context,908cff12aa9755ce3d2c5e95,фура москва,1.0,1.0,0.0,True,1,1
held_context,913298ef4738ff5e0952eb9b,заливка фундамента,1.0,1.0,0.0,True,1,1
held_context,926cbd4734609110085f167e,купирование ушей собаке,1.0,1.0,0.0,False,1,1
held_context,92b4282cc04c950b2e144d47,вскрытие замков автомобили,1.0,1.0,0.0,True,1,1
held_context,92faf45da10cdaf347200c85,ремонт форсунок,1.0,1.0,0.0,True,1,1
held_context,93b62364cc4aadd7336a9725,выкачка ям,1.0,1.0,0.0,True,1,1
held_context,9474d6ac9f7cc21ea868ee70,аренда пылесоса,1.0,1.0,0.0,True,1,1
held_context,9553cb442506a8b79af3ae27,ремонт усилителей,1.0,1.0,0.0,True,1,1
held_context,95974c89a2bb662ec2510cfe,вывоз мусора всеволожск,1.0,1.0,0.0,False,1,1
held_context,98eb99c430c2dfa8637364ad,модель пампинг,1.0,1.0,0.0,False,1,1
held_context,990193111c4215249dbde32d,семейный психолог,0.0,0.0,0.0,True,1,1
held_context,996aaf584e18753e08a83377,трансфер шереметьево,1.0,1.0,0.0,True,1,1
held_context,997d214aa4d7b80f3759e9c1,ремонт скутеров yamaha,1.0,1.0,0.0,False,1,1
held_context,99faf6c7639b7ff1d4347071,заполнение декларации 3 ндфл,1.0,1.0,0.0,True,1,1
held_context,9a07f4a1aa0f535e2828a2a9,ремонт натяжных потолков,1.0,1.0,0.0,True,1,1
held_context,9a13b4827e5318d3f4fc4dc5,утечка фреона,1.0,1.0,0.0,False,1,1
held_context,9a183e55b3b68cc84175ba58,предложение руки и сердца,1.0,1.0,0.0,True,1,1
held_context,9a3d5a53b0a5323bb94a7a5a,настройка антенн,1.0,1.0,0.0,True,1,1
held_context,9a86b45a595d444c6d361ce1,сборка велосипеда,1.0,1.0,0.0,True,1,1
held_context,9a976f0d84371ebce67753ab,оживление фото,1.0,1.0,0.0,True,1,1
held_context,9b2a43deab30e94445f964e2,канекалон плетение,1.0,1.0,0.0,False,1,1
held_context,9b9fa0361a512061071051a5,торт заказать,1.0,1.0,0.0,False,1,1
held_context,9c72d7aa080126d8a71d2099,тротуарная плитка,1.0,1.0,0.0,True,1,1
held_context,9c9f9e7d8938a8f7ca569ea9,можель на педикюр,1.0,1.0,0.0,True,1,1
held_context,9cedea637d38b8ef1e82fa8d,прокат лампы от желтушки,1.0,1.0,0.0,True,1,1
held_context,9d5654589d6ef9cf033c26f2,скупка старой техники,1.0,1.0,0.0,True,1,1
held_context,9dc4ac7a212b35db9ca44e6e,прокол для водопровода,1.0,1.0,0.0,True,1,1
held_context,9e6d2ada0782a22ea7032aff,ремонт лодочных моторов,1.0,1.0,0.0,True,1,1
held_context,9f9a1f08fb7debd4d816af3f,поменять аккумулятор на iphone,1.0,1.0,0.0,True,1,1
held_context,a0469c5837fe871b9e4b2b68,моторист,1.0,1.0,0.0,True,1,1
held_context,a048d65465601cb05afd2feb,постановка свадебного танца,1.0,1.0,0.0,True,1,1
held_context,a069427bfa6cc662013d5b8d,доставка питьевой воды,1.0,1.0,0.0,True,1,1
held_context,a08ac85a84fa108481c7f69e,прокат авто,1.0,1.0,0.0,True,1,1
held_context,a0b62ce3d0a2213dfb420ada,психолог подростковый,1.0,1.0,0.0,True,1,1
held_context,a0c3e3b863e21b35d6e6e71f,курсовые работы,1.0,1.0,0.0,True,1,1
held_context,a1a4ec0ad10f7f883d8cedd3,инструктор по роликам,1.0,1.0,0.0,True,1,1
held_context,a268e6a88102b30ceb5a6023,грумминг собак,1.0,1.0,0.0,True,1,1
held_context,a2f80e55541f0915dadbe3db,прочистка дымохода печи,1.0,1.0,0.0,True,1,1
held_context,a308d00e379ca86ff221dc98,укладка плитки туалет,1.0,1.0,0.0,False,1,1
held_context,a3231fbc60e127061d75010d,девичник,1.0,1.0,0.0,True,2,2
held_context,a39864e3cea42b355c2c9dd2,виброрейка,1.0,1.0,0.0,True,1,1
held_context,a3cc8d466d1f89de80b6456f,обои отделка ремонт,1.0,1.0,0.0,False,1,1
held_context,a4baaa03aa6f960bf21f1880,ремонт алмазных коронок,1.0,1.0,0.0,True,1,1
held_context,a4e198cf3b7e82e36d882615,установить забор из профлиста,1.0,1.0,0.0,False,1,1
held_context,a5b1629ba0165c1a5ce0f4ae,установщик дверных замков,1.0,1.0,0.0,False,1,1
held_context,a6a7628e04086f689440ba98,запись голоса на гендер пати,1.0,1.0,0.0,False,1,1
held_context,a6b7943907195c5add4261e7,обучение окрашивание сложное окрашивание,1.0,1.0,0.0,False,1,1
held_context,a6e7048ef14679cb8a4a620d,шары с днем рождения,1.0,1.0,0.0,True,1,1
held_context,a75f3e353dac3a9a661df6c2,ремонт подогрева сидений,1.0,1.0,0.0,True,1,1
held_context,a84237d1605706f79d39fcff,баня на воде,1.0,1.0,0.0,True,1,1
held_context,a91be5abfa649bb04c9bb263,реформер пилатес,1.0,1.0,0.0,True,1,1
held_context,a9e0cfd0f98efb0067f25538,ремонт macbook,1.0,1.0,0.0,True,1,1
held_context,aa7522790fe287e3808af96e,а фрейм,0.0,0.0,0.0,True,1,0
held_context,aaefe1c98365dd134cac19f6,карвинг волос,1.0,1.0,0.0,True,1,1
held_context,abe1f9a09335f2af44f20796,антикор,1.0,1.0,0.0,True,1,1
held_context,ac1b1a875c1d23305c82a3fd,куплю отходы пластмасс,1.0,1.0,0.0,True,1,1
held_context,ac266c2732ec31f1c51bc345,шенгенская виза,1.0,1.0,0.0,True,1,1
held_context,acbfe58b3c69776b0be0774f,видеонаблюдение,1.0,1.0,0.0,True,1,1
held_context,ad0450299e7e57d5bf9dbc6c,штукатуры,1.0,1.0,0.0,True,1,1
held_context,ae0fc9c1f3fe953f6175a750,английский язык репетитор,0.0,0.0,0.0,True,1,1
held_context,af15efdca93915ff7088f4c9,гипсокартонщик,1.0,1.0,0.0,True,1,1
held_context,afdf37a81715965a7e8a3bf5,нанопластика волос,1.0,1.0,0.0,True,1,1
held_context,afe6673736498c21f8ba4854,теплая беседка,1.0,1.0,0.0,True,1,1
held_context,b04fabcc9b54c2c403a371e7,поздравление от мишки,1.0,1.0,0.0,True,1,1
held_context,b176f38a68724e5561ea194b,скупка балонов с фреоном,1.0,1.0,0.0,False,1,1
held_context,b2d4d02d9582a719f3d79fde,свой человек в городе,1.0,1.0,0.0,True,1,1
held_context,b2f004a6b13385dda416bfe9,ремонт компьютеров,1.0,1.0,0.0,True,1,1
held_context,b36f3bec3d392cb468023c19,goofish,1.0,1.0,0.0,True,1,1
held_context,b3e1059fa2d1f9c754c4e8d9,диагностика газового оборудования на автомобиль,1.0,1.0,0.0,False,1,1
held_context,b3f45534670327f5e88d02b8,фотограф гагры,1.0,1.0,0.0,False,1,1
held_context,b3fa9c1261a0af7ef16bf8a8,набор текста,1.0,1.0,0.0,True,1,1
held_context,b401b31ff86a26b815e57e35,реставрация столешницы из дсп,1.0,1.0,0.0,False,1,1
held_context,b4e601fbf68ede7aefac84f6,озонирование,1.0,1.0,0.0,True,1,1
held_context,b55a1b9df80c92902287a9fa,коррекция заикания,1.0,1.0,0.0,False,1,1
held_context,b5bcfb2cb179fb3274a2b9a7,установка замка,1.0,1.0,0.0,True,1,1
held_context,b5ea9107b02362ce15c76c7c,сурдопедагог,1.0,1.0,0.0,True,1,1
held_context,b636c402b17285e0db1b405d,спа отдых для двоих все включено,1.0,1.0,0.0,False,1,1
held_context,b64cef45829e54129d6e1c2b,точка на яндекс картах,1.0,1.0,0.0,True,1,1
held_context,b6d2c4ce97352fdddab2ce12,банкетный зал,1.0,1.0,0.0,True,1,1
held_context,b7921840f9beea4610f75918,реставрация мебели дуб,1.0,1.0,0.0,False,1,1
held_context,b7ab719d2317c569daa8a5a6,баня,1.0,1.0,0.0,True,1,1
held_context,b81c0fd20cc8dd23194b3abc,ремонт водонасосной станции,1.0,1.0,0.0,True,1,1
held_context,b8f8e1ca5308ea8e9f709f48,аренда автомобилей,1.0,1.0,0.0,True,1,1
held_context,b94f0c64f818a027373eba47,восстановление автоключей,1.0,1.0,0.0,False,1,1
held_context,b9810063cd155f7b1674bc8b,немецкий язык,0.0,0.0,0.0,True,1,1
held_context,b9e3ce876148d2c5abbcd72d,ремонт инструмента,1.0,1.0,0.0,True,1,1
held_context,baa9e8e642891cb25caf96ac,ремонт стеклопакетов,1.0,1.0,0.0,True,1,1
held_context,baefaad3e2ebb3a0aaf79e06,трактор вспашка,1.0,1.0,0.0,True,1,1
held_context,bb3c105f7cc1921a0cc80465,скупка комплектующих пк,1.0,1.0,0.0,True,1,1
held_context,bbb57f0eaf5acaff50a0d2d5,стирка ковров,1.0,1.0,0.0,True,1,1
held_context,bdc9bedf36d10200bd03ba02,косплей швея,1.0,1.0,0.0,True,1,1
held_context,bee3d8c3c9e8f5e87aaa461e,гриль домик аренда,1.0,1.0,0.0,True,1,1
held_context,bf1f859b83514eba6f377afe,мастер по мебели,1.0,1.0,0.0,True,1,1
held_context,bfcf3203e8b98506f1f869e4,сварка аргоном чугуна,1.0,1.0,0.0,False,1,1
held_context,c07610636835599df5466141,трансфер новосибирск горно алтайск,1.0,1.0,0.0,False,1,1
held_context,c09baef4e47fe4b56377ffbf,подсобники разноробочие,0.0,0.0,0.0,True,1,1
held_context,c1439565b0473c532856e719,изготовление изделий из резины,1.0,1.0,0.0,False,1,1
held_context,c1e59184117a802281eb90ef,экскаватор мини,1.0,1.0,0.0,True,1,1
held_context,c1f44dbc7f0022ace0e74838,бензиновый копер аренда,1.0,1.0,0.0,True,1,1
held_context,c1fc36becc5b8dd4d0828e97,репетитор начальных классов бабушкинская,1.0,0.0,-1.0,False,1,1
held_context,c20e984f2dc80f6dff77ae1b,шью на заказ,1.0,1.0,0.0,True,1,1
held_context,c272e69b812dabfc4686352d,ремонт компрессоров кондиционера,1.0,1.0,0.0,True,1,1
held_context,c3218405b2dfa586869374e2,печать наклеек на авто,1.0,1.0,0.0,True,1,1
held_context,c337e81f6834c94ece1c1c2b,грузчики на час,1.0,1.0,0.0,True,1,1
held_context,c3c16d40a04009037bb314e9,проект квартиры по свету,1.0,1.0,0.0,False,1,1
held_context,c40bfc538602a1573e69ceee,компании по внедрение ка,1.0,1.0,0.0,False,1,1
held_context,c534f957e563d824a455ff5b,установить плинтуса,1.0,1.0,0.0,True,1,1
held_context,c558fcfbed392e6663eca744,шлифовка бетона вертолетом,1.0,1.0,0.0,True,1,1
held_context,c59a4651762a7672a467ab1d,ремонт и установка сплит системы,1.0,1.0,0.0,False,1,1
held_context,c61b7b6f65d4faca5a7ce321,настройка роутера keenetic,1.0,1.0,0.0,True,1,1
held_context,c6730b17daf33674ef288ca9,аренда питбайка,0.0,1.0,1.0,True,1,1
held_context,c680827f60576dcac6eb2b6d,разблокировка загрузчика xiaomi,1.0,1.0,0.0,True,1,1
held_context,c707e64f4b821305cf7de8da,грузчики ялта,1.0,1.0,0.0,False,1,1
held_context,c732eae9bc9ed47e389732a7,тонировке,1.0,1.0,0.0,False,1,1
held_context,c7ddd6792d38cca948d8255e,аэрография на шлем,1.0,1.0,0.0,True,1,1
held_context,c85d6f6742cf4e0f29492f22,написание дипломных работ,1.0,1.0,0.0,True,1,1
held_context,c8ba1615c891b191bb820fc1,свадебный фотограф,1.0,1.0,0.0,True,1,1
held_context,c8c40505df3482d02717c09d,изготовление откатных ворот,1.0,1.0,0.0,False,1,1
held_context,c8ca3b0bec164a80376401a0,аренда строительных лесов,1.0,1.0,0.0,True,1,1
held_context,c94b387a1604d2554241fdc9,ремонт замков дверей,1.0,1.0,0.0,True,1,1
held_context,ca837115bc1e0a92f7b4d4eb,сетки на окна,1.0,1.0,0.0,True,1,1
held_context,ca98f22be0d5c840eabcccea,эндоскоп аренда,1.0,1.0,0.0,True,1,1
held_context,cac17f20e87d60272cf6e1d4,мастер по розеткам,1.0,1.0,0.0,False,1,1
held_context,caf0740a9a57393bc354f767,тренер по конкуру,1.0,1.0,0.0,True,1,1
held_context,caf35972f1f3d8850d6c0f39,копка траншей вручную,1.0,1.0,0.0,True,1,1
held_context,cbe98f9005e8b111405f2854,массаж на двоих,1.0,1.0,0.0,False,1,1
held_context,cc2174f201cadfea1ec24ee5,вывоз мусора и металлолома,1.0,1.0,0.0,False,1,1
held_context,cc562323fcf466509d79ef2c,установка печей,1.0,1.0,0.0,True,1,1
held_context,cc69219a0137699e19576b8a,взлом замков авто,1.0,1.0,0.0,True,1,1
held_context,cc8e0fc0c323be3060dad4e6,отделка стен,1.0,1.0,0.0,True,1,1
held_context,cce70fff35c67e22086a6cab,изделия из эпоксидной смолы,1.0,1.0,0.0,True,1,1
held_context,ccffbc01883e12a91e7724c3,повторная подписка на xbox.,1.0,1.0,0.0,False,1,1
held_context,cd23ec342b91402d822be4b9,свидание гостиница,1.0,1.0,0.0,False,1,1
held_context,cdd081eb1ff9b450f73532cf,аренда помещение для стриптиза,0.0,1.0,1.0,False,1,1
held_context,ce0b582a04667435deedef92,срочная типография,1.0,1.0,0.0,False,1,1
held_context,ce1bb4a30782aed7c19ee479,автоинструктор,1.0,1.0,0.0,True,1,1
held_context,ce6d1e0d993058062eead387,3d max,1.0,1.0,0.0,False,1,1
held_context,cedd51c8dbcae05f32618e16,доставка из финляндии,1.0,1.0,0.0,True,1,1
held_context,cf0fb2e6e8aca6a50d417e74,раслабляющий массаж для мужичина,1.0,1.0,0.0,False,1,1
held_context,cf5d6ac68562456ac7cd7205,косметолог,0.0,0.0,0.0,True,1,1
held_context,cff182a30494f314bcffbaca,междугородние пассажирские перевозки недорого,1.0,1.0,0.0,False,1,1
held_context,d0f9855f291de64971de90fc,ремонт душевых поддонов,1.0,1.0,0.0,True,1,1
held_context,d1b0c62749fc0a4bbb8d7806,готовые обеды доставка готовой еды,1.0,1.0,0.0,True,1,1
held_context,d2f4be41b7eacd0717deb7a5,ланшафтный дизайн участка,1.0,1.0,0.0,True,1,1
held_context,d3020a9cf1ebaa0092acd7ae,ремонт китайских входных дверей,1.0,1.0,0.0,False,1,1
held_context,d383c107da51e0f37f353eaa,реабилитация после перелома на дому,1.0,1.0,0.0,False,1,1
held_context,d387a2e2936c34a839d956f1,катер на соловки,1.0,1.0,0.0,False,1,1
held_context,d3abe8f012a896a187ec9882,куплю стиральные машины на запчасти,1.0,1.0,0.0,True,1,1
held_context,d3bb6a81a3e92a0b81a8456e,фотосессия на годик,1.0,1.0,0.0,True,1,1
held_context,d3d4a5c5e05c4ecf03d2fac4,удаление растяжек,1.0,1.0,0.0,True,1,1
held_context,d3dc24a93bfe146647bb5b9e,конная прогулка,1.0,1.0,0.0,True,1,1
held_context,d406d9108d605591d914a897,подъем домов,1.0,1.0,0.0,True,1,1
held_context,d49a2f0f62c1ca99642061b8,трансфер из аэропорта,0.0,0.0,0.0,True,1,1
held_context,d4cf9813d7bbcad4ced3b7bd,видеограф на свадьбу,1.0,1.0,0.0,True,1,1
held_context,d4d455c731c75866efd8806f,дизайнерский ремонт,1.0,1.0,0.0,True,1,1
held_context,d4e991615e27adedc00238f8,бурение колодцев машиной,1.0,1.0,0.0,True,1,1
held_context,d5aed5975ebe46386d602ece,лифтинг лица,1.0,1.0,0.0,True,1,1
held_context,d5d395bbf3cc67b4736ecab0,балансировка турбин,1.0,1.0,0.0,False,1,1
held_context,d5ee4116dd88e28663893033,замена матрицы телевизора,1.0,1.0,0.0,True,1,1
held_context,d6301ac2b846fa1956c6bc68,автоэлектрик газель,1.0,1.0,0.0,True,1,1
held_context,d703c660ee9cd99e851a14ee,расконсервация бассейна,1.0,1.0,0.0,True,1,1
held_context,d7bf46985f29bfd910dfec59,логопед для подростка,1.0,1.0,0.0,False,1,1
held_context,d7cd4a01c5ea9068a4234f7c,статуэтки на заказ по фото человека,1.0,1.0,0.0,False,1,1
held_context,d85039015297b516a121c995,брусчатка,1.0,1.0,0.0,True,1,1
held_context,d863b77ba788563f71879615,перевозка мебели с грузчиками,1.0,1.0,0.0,True,1,1
held_context,d98cd485998a04e20d495f7b,ремонт складных ножей,1.0,1.0,0.0,False,1,1
held_context,d9ad62035649aadcacebb5bb,перевозка автомобилей автовозом,1.0,1.0,0.0,True,1,1
held_context,dac291a7f5af17bd010436ca,сборка кухни леруа мерлен,1.0,1.0,0.0,True,1,1
held_context,dac3ce6dcc6ab4a2b376508c,стрижка каскад,1.0,1.0,0.0,True,1,1
held_context,db3e3a7396e1d8db2f3977fc,установка бризера,1.0,1.0,0.0,True,1,1
held_context,dbb1fc84ac5061953e0a0cbc,завивка волос мужская,1.0,1.0,0.0,True,1,1
held_context,dc02e3a787d3e8d8258010c8,велосипед на прокат,1.0,1.0,0.0,True,1,1
held_context,dc8fd19634fc54421bd0f112,услуги плотника бурцево,1.0,1.0,0.0,False,1,1
held_context,dd26f012f8d3079565620736,крот для канализации,1.0,1.0,0.0,False,1,1
held_context,ddb664d2edcaa3bb9e2e019a,откосы на окна,1.0,1.0,0.0,True,1,1
held_context,ddd93bd67b092b318ab1c15f,фотограф беременных,1.0,1.0,0.0,True,1,1
held_context,df84311bef1e0718e0e3ab2d,оцифровка видеокассет,1.0,1.0,0.0,True,1,1
held_context,dfa99ec1020019d0c4a11a89,ютуб премиум,1.0,1.0,0.0,False,1,1
held_context,dfe9b838f5e14ff0e7a78543,ремонт варочных поверхностей,1.0,1.0,0.0,True,1,1
held_context,e06eafcf332955f002d8e281,такелажные работы,1.0,1.0,0.0,True,1,1
held_context,e18b88336b58be1fb426aa38,ремонт кровли жидкой резиной,1.0,1.0,0.0,True,1,1
held_context,e2df8fae7971556a33cdf090,копка траншеи,1.0,1.0,0.0,True,1,1
held_context,e3159eafb8788f913799b8af,строительство бункеров,1.0,1.0,0.0,False,1,1
held_context,e3b41c1ec9ccfb2f4127edfd,пайка электроники,1.0,1.0,0.0,True,1,1
held_context,e3c6ddfd027b26d5257d11e1,ремонт видеокарт,1.0,1.0,0.0,True,1,1
held_context,e49bf4f131c15531e18bc6fb,услуги минитрактора,1.0,1.0,0.0,True,1,1
held_context,e4c1fcea13cd2b09c2aba4e9,трезвый водитель,1.0,1.0,0.0,True,1,1
held_context,e58ecf23860e6463d63536bc,репетитор математика 6 класс очно,1.0,1.0,0.0,False,1,1
held_context,e5c07dde6a6f335150694887,инженер проектировщик,0.0,0.0,0.0,True,1,1
held_context,e6118e0cb88436984c54d6b8,рекультивация земель,0.0,1.0,1.0,True,1,1
held_context,e619bdecacab22c1baa6324d,расточка коленвала,1.0,1.0,0.0,True,1,1
held_context,e6a1ebe5dbf2ca5df0844e6e,копщики земли,1.0,1.0,0.0,True,1,1
held_context,e6baea90fb96c96bf59447a7,газификация частного дома,1.0,1.0,0.0,True,1,1
held_context,e7033ddfaaf232a1b1f1b912,массаж сормово,1.0,1.0,0.0,False,1,1
held_context,e75d8d83121381115f49b88d,тренер по фитнесу в зале,1.0,1.0,0.0,False,1,1
held_context,e78b7a9b37c2e4b891aff2a5,помощь в оформлении визы,1.0,1.0,0.0,False,1,1
held_context,e79507500a3501bae3a4b21a,монтаж камер видеонаблюдения,1.0,1.0,0.0,True,1,1
held_context,e7b1307462c6053b5cee33e0,аренда столов,1.0,1.0,0.0,True,1,1
held_context,e7cca20e8311d385b9374902,гид экскурсовод экскурсии,1.0,1.0,0.0,True,1,1
held_context,e85cf12a59937b00222ebd99,сайта под ключ,1.0,1.0,0.0,False,1,1
held_context,e8b1cbb48bfd2aaa5c7b9e4a,заказать минивэн,1.0,1.0,0.0,False,1,1
held_context,e9092d5641ed4d7099fb324b,русификация mazda,1.0,1.0,0.0,True,1,1
held_context,e9a2e656efa7c73830cf30be,промывка кондиционера автомобиля,1.0,1.0,0.0,True,1,1
held_context,e9f1435a49a8170a7798b686,баня на колесах,1.0,1.0,0.0,True,1,1
held_context,e9f80d71d45f38b979e45001,шоу мыльных пузырей для детей,1.0,1.0,0.0,True,1,1
held_context,ea78c383d7c05042ad5b1259,водопроводчик,1.0,1.0,0.0,True,1,1
held_context,eab38f11ae61c773131c0cc2,смм инстаграмм,1.0,1.0,0.0,True,1,1
held_context,ead828fe98f2beebd865a9b8,мужская депиляция шугаринг,1.0,1.0,0.0,True,1,1
held_context,eb0c238b6fbced82bcd6f882,отдых для двоих,0.0,0.0,0.0,True,1,1
held_context,eb10069257b9b1d827a59ccc,мастер дверей,1.0,1.0,0.0,True,1,1
held_context,ebd32c715d27403d14945992,модель на шугаринг,1.0,1.0,0.0,True,1,1
held_context,ebe0e014f067a6ff03a016ea,баня бочка аренда,1.0,1.0,0.0,True,1,1
held_context,ec2b298e79fd568fa20a5d74,фулфилмент для маркетплейсов,1.0,1.0,0.0,True,1,1
held_context,ecee1c36b5a0fe756f11c079,акт проверки дымоходов и вентканалов,1.0,1.0,0.0,True,1,1
held_context,ecfba7b52e72e6d15120e755,выкуп playstation,1.0,1.0,0.0,True,1,1
held_context,edceb6b5e60cace01545db08,выкуп компьютеров,1.0,1.0,0.0,True,1,1
held_context,ee5f322fa97b8a1f19d6ad7b,штроборез аренда,1.0,1.0,0.0,True,1,1
held_context,eff5bd417a1476ce2d146a06,упаковка на заказ,1.0,1.0,0.0,False,1,1
held_context,f0977ff2473534f2b35b7115,сушка натяжных потолков,1.0,1.0,0.0,False,1,1
held_context,f09ad418b5fa2c49f7c03798,шары на выписку,1.0,1.0,0.0,True,1,1
held_context,f1be6f85ec7264d02ab36f4d,печать постеров,1.0,1.0,0.0,True,1,1
held_context,f1f37f99ca6897f2f42db44d,сублимационная печать,1.0,1.0,0.0,True,1,1
held_context,f2e1547df1b5cbaab7db4ad1,создание чат ботов в telegram,1.0,1.0,0.0,False,1,1
held_context,f392ad13d680282948d59f80,услуги погрузчика,1.0,1.0,0.0,True,1,1
held_context,f3a411c853fa04afb1fb34ab,развозка сотрудников,1.0,1.0,0.0,True,1,1
held_context,f3c1a4844518cea4c535ef25,кисон для скважины,1.0,1.0,0.0,False,1,1
held_context,f3d309831f96c4ba8969b1eb,прическа и макияж на дому,1.0,1.0,0.0,False,1,1
held_context,f464a0d187e583fb92dfac3d,ассенизатор,0.0,0.0,0.0,True,1,1
held_context,f50abd8095aaaa741f6069f8,переустановка windows на дому,1.0,1.0,0.0,True,1,1
held_context,f5245512e493de11920c7c48,масло отработка куплю,1.0,1.0,0.0,True,1,1
held_context,f59bd10781a62a7c814f555f,логотип на шариках,1.0,1.0,0.0,False,1,1
held_context,f59e62a241f8381534d57134,установка магнитного замка на входную дверь,1.0,1.0,0.0,True,1,1
held_context,f5a72f6a42429ae33a2cb6be,ремонт сколов,1.0,1.0,0.0,True,1,1
held_context,f5ab10663e17a06c132592a3,ремонт монтажных пистолетов,1.0,1.0,0.0,True,1,1
held_context,f5f154fda63a4aac7d8fa697,укладка вечерняя,1.0,1.0,0.0,False,1,1
held_context,f5f7e3635f66b3169fcc36c7,ремонт бензо техники,1.0,1.0,0.0,False,1,1
held_context,f6f23be40f90d3db6ca14ae5,чистка playstation 5,1.0,1.0,0.0,True,1,1
held_context,f843f91c79368b834fe6ce43,печь для обжига керамики,1.0,1.0,0.0,True,1,1
held_context,f8cd1ec40960d18ea939cf22,тренер кс2,1.0,1.0,0.0,True,1,1
held_context,f95d5b0418babe5294c0636d,аренда миниэкскаватора,1.0,1.0,0.0,True,1,1
held_context,f99b639be0adcf095aac80a5,дизайнер интерьера,1.0,1.0,0.0,True,2,2
held_context,fa10ac517e6aaa9b2f9c8dad,фотомодель,1.0,1.0,0.0,True,1,1
held_context,fa50e97826865518d4f7c24d,вкладыш в ванну,1.0,1.0,0.0,True,1,1
held_context,fa7b7183a06580c20ac93520,ремонт стиральных машин miele,1.0,1.0,0.0,True,1,1
held_context,faa2893eb568216756fb95dc,починка дивана,1.0,1.0,0.0,True,1,1
held_context,fb39c3c120ec6311c6407132,полировка колец,1.0,1.0,0.0,True,1,1
held_context,fb6193b1d6d0b391ee350706,юрист призывникам,1.0,1.0,0.0,False,1,1
held_context,fb833527e3e085e7ae3cc4eb,сварочные работы сантехника и отопление,1.0,1.0,0.0,False,1,1
held_context,fb8d7ae00fe70fedd2c6cc81,мусорный контейнер химки,1.0,1.0,0.0,False,1,1
held_context,fb9648fba3310e96e7ab82a5,оформление участка от государства,1.0,1.0,0.0,True,1,1
held_context,fba15482fc60ca699ba2e1aa,разбор ветхих домов и построек,1.0,1.0,0.0,False,1,1
held_context,fc1c27c6447c00a17d8dfc54,перетяжка руля автомобиля,1.0,1.0,0.0,True,1,1
held_context,fc3deae4bba82e7d879ef7c7,боди массаж,1.0,1.0,0.0,True,1,1
held_context,fc591cd79ab34a1211b75926,пошив чехлов на диван,1.0,1.0,0.0,True,1,1
held_context,fd1a904522280ccbadafa257,утепление кабины грузового авто,1.0,1.0,0.0,False,1,1
held_context,fd41d70ebf7c59b0f6c0899e,аренда автобуса перевозка детей,1.0,1.0,0.0,True,1,1
held_context,fe6729ed7e2a238d69765409,батут,1.0,1.0,0.0,True,1,1
held_context,fe8b3da391331cd7ab9aba77,изделия из оргстекла,1.0,1.0,0.0,True,1,1
held_context,fead1da2b8c91b4bcbeaa4fc,кран манипулятор 10 тонн стрела,1.0,1.0,0.0,False,1,1
held_context,feebb7374ea4aa5d55c5851a,копка+вручную,1.0,1.0,0.0,False,1,1
held_context,ff58c4f4273d5d59af3ea6d4,прокат лодок,1.0,1.0,0.0,True,1,1
held_context,0031277eb2b7e24cdf5bc369,мини самосвал,1.0,1.0,0.0,True,1,1
held_context,007e2a7c1350cc80e5953abd,поклейка обоев линолеум,1.0,1.0,0.0,False,1,1
held_context,00fb4bbd911bbc51a650af07,аренда трактора,1.0,1.0,0.0,True,1,1
held_context,01a8f7eb36a10adb507839a0,копка земли культиватором,1.0,1.0,0.0,True,1,1
held_context,01ce3eebcd62548adbebcf4b,сахарная печать,1.0,1.0,0.0,True,1,1
held_context,01d8dbdd36426c860cca66e6,аренда помещения для массажа,1.0,1.0,0.0,True,1,1
held_context,01f47e6c9805100109409cfc,оклейка обоев,1.0,1.0,0.0,True,1,1
held_context,03308d10ce8359cb9c7b8a3e,катер на валаам,1.0,1.0,0.0,True,2,2
held_context,033549c0482c42afc073db36,вывоз старой мебели,1.0,1.0,0.0,True,1,1
held_context,038c303045fd7685aa4f0d1f,услуги манипулятора,1.0,1.0,0.0,True,1,1
held_context,03da1078d02ae50adde17b6d,стекло на дверь,1.0,1.0,0.0,True,1,1
held_context,046e9cb9a06fe3d873592bd2,аренда бани,1.0,1.0,0.0,True,2,2
held_context,047687aa12de4ca9d249f32b,сайдинг,1.0,1.0,0.0,True,1,1
held_context,050dee446310e76e84c72b22,помощь 1с,1.0,1.0,0.0,True,1,1
held_context,053ca49e57062b9fb10a151e,продвижение соц сетей,1.0,1.0,0.0,False,1,1
held_context,0608089af5b82dd46f4180df,вечерние прически,1.0,1.0,0.0,True,1,1
held_context,07654cd7da64422caa4ba9c1,возьму попутный груз,1.0,1.0,0.0,True,1,1
held_context,07fbc4b4c8f809aa66967a80,ламинирование бровей,0.0,0.0,0.0,True,1,1
held_context,08340e14593d6b9e601a42bb,оформление загранпаспорта быстро,1.0,1.0,0.0,False,1,1
held_context,0840144747f289d016422696,биозавивка волос,1.0,1.0,0.0,True,1,1
held_context,0878173b5482f00d22e1e1e0,организатор свадьбы,0.0,0.0,0.0,True,1,1
held_context,08d0cb0dde3f229eb4657f00,грузоперевозки фура,1.0,1.0,0.0,True,1,1
held_context,08daf3a0b3e2413be5c65286,наружная реклама,1.0,1.0,0.0,True,1,1
held_context,08fc317316f06ff9e1b984ce,инструктор по вождению марьино,1.0,1.0,0.0,True,1,1
held_context,0992e89333c38dce7fc90622,вывоз старых дверей,1.0,1.0,0.0,False,1,1
held_context,09c66d04b07e8e3bff2b3188,покраска авто,1.0,1.0,0.0,True,2,2
held_context,0a2e6fe090dd071da25e379e,поменять смеситель на кухне,1.0,1.0,0.0,False,1,1
held_context,0aa14e699035fe521537148f,бокс для взрослых,1.0,1.0,0.0,True,1,1
held_context,0b7d9e6417debfa68759c380,замена люстры,1.0,1.0,0.0,True,1,1
held_context,0c19dd0efc341cc6a8f91445,мастер по ремонту пластиковых окон,1.0,1.0,0.0,True,1,1
held_context,0cf4a53115e8e79d28127b77,квартирные переезды,1.0,1.0,0.0,True,1,1
held_context,0d327ad78317ec393c99a948,аренла строительного оборудования,1.0,1.0,0.0,False,1,1
held_context,0d8555b56a47de110132b322,прополка травы уборка участка,1.0,1.0,0.0,True,1,1
held_context,0dae01ab27182f194951f790,перетяжка мебели,1.0,1.0,0.0,True,1,1
held_context,0e677dda6a2c51db61194eda,замок дверной,1.0,1.0,0.0,True,1,1
held_context,0e9a7c7156447e40391a6a26,планировочное решение,1.0,1.0,0.0,True,1,1
held_context,0ea7732a438b8800d35f33ce,доставка казахстан,1.0,1.0,0.0,False,1,1
held_context,0fb1f51cfdcc97140f25fedb,обивка дверей,1.0,1.0,0.0,True,1,1
held_context,0fb5931800a61d8f21b3c12a,косить траву,1.0,1.0,0.0,True,1,1
held_context,10614be754727a0751028d00,ремонт айфона недорого,1.0,1.0,0.0,True,2,2
held_context,111ba2437f62de53b8ca0b6c,доставка дивана,0.0,0.0,0.0,True,1,1
held_context,1126bdb4965876c8dbe8df99,литье из мельхиора,1.0,1.0,0.0,False,1,1
held_context,119e8e5a524faa68bfb8e1dd,подшить одежду,1.0,1.0,0.0,False,1,1
held_context,11e4831c9dfa5e0b33f2e410,устранить засор,1.0,1.0,0.0,True,1,1
held_context,12b97ad16c8b0c75d6440735,услуги парикмахера плетение кос,1.0,1.0,0.0,False,1,1
held_context,1381384298f6dfb349e8b60d,установить входную дверь,1.0,1.0,0.0,True,1,1
held_context,153e5110bf8e754769bc1ad3,ремонт гаража под ключ,1.0,1.0,0.0,True,1,1
held_context,15ad116956e19ea722cb5bb5,свадебный рилс мейкер,1.0,1.0,0.0,True,1,1
held_context,163f454f7f2a30104ca7cfca,ии мульт,1.0,1.0,0.0,False,1,1
held_context,16572144172a16d1daea1301,покраска волос,1.0,1.0,0.0,True,1,1
held_context,166cfe641ccb69122a186022,установка котлов,1.0,1.0,0.0,True,1,1
held_context,16fc9886a058bb5724951fe3,поклейка обоев,1.0,1.0,0.0,True,1,1
held_context,17edcf965bcc55ce2d928f16,монтаж забора,1.0,1.0,0.0,True,1,1
held_context,18207f4a05abedbc6bce8369,бармен на свадьбу,1.0,1.0,0.0,True,1,1
held_context,18d04e36ccef6c191f685749,сборка шкафа купе,0.0,0.0,0.0,True,1,1
held_context,192e90a7c4d812cc4a70183d,теплый бассейн аренда,1.0,1.0,0.0,False,1,1
held_context,196344af794c3a46143f9a8e,перевозки межгород такси,1.0,1.0,0.0,True,1,1
held_context,19b954aa8a7f0f203fb82cd3,монтаж межкомнатных дверей,1.0,1.0,0.0,True,1,1
held_context,1a0e2eb771da5bee98083e29,отдых в домике,1.0,1.0,0.0,True,1,1
held_context,1a623b477b171a26f4977086,покраска автомобиля,1.0,1.0,0.0,True,1,1
held_context,1a7ada21a598dc7a8b496ee3,приемка квартир по реновации,1.0,1.0,0.0,True,1,1
held_context,1b3a40e79de26644e877c4d7,ремонт паркетной доски,1.0,1.0,0.0,False,1,1
held_context,1b46e5a40ab4ccc508f67c89,замена стекла iphone 13,1.0,1.0,0.0,False,1,1
held_context,1b7092fc1c50a8caf01f67c7,дрель алмазная аренда,1.0,1.0,0.0,False,1,1
held_context,1b772eff974cbf08e33b9f7f,репетитор по английскому языку станкевич,0.0,0.0,0.0,False,1,1
held_context,1b7df87e82cda8ed236ff14b,печать фотополимерной смолой,1.0,1.0,0.0,False,1,1
held_context,1ca3dca6c5afbe9739819d93,ремонт электроплит,1.0,1.0,0.0,True,1,1
held_context,1d89e8968f03e5b15458b7cd,выкуп iphone,1.0,1.0,0.0,True,1,1
held_context,1de8fffbabb3c847b4619def,место под вендинг,0.0,0.0,0.0,False,1,0
held_context,1e17e85406c69f64778ea42d,ремонт тепловизоров,1.0,1.0,0.0,False,1,1
held_context,1f4fb8e80d55fc191e7e0bdb,перепрошить андройд магнитолла,1.0,1.0,0.0,False,1,1
held_context,1f92d125369d24fb990a6523,нейропсихолог,1.0,1.0,0.0,True,1,1
held_context,1fe2d8716ebd77cdd67e8298,модель на маникюр,1.0,1.0,0.0,True,1,1
held_context,204e9c4d8a995f8159c2080f,скупка катализаторов,1.0,1.0,0.0,True,1,1
held_context,208cf3bf92710c1d7bcaa73a,репетитор по истории,1.0,1.0,0.0,True,1,1
held_context,21c93c59e3afd8bf4c2ee192,прием радиодеталей,1.0,1.0,0.0,True,1,1
held_context,21eb21fc7c299ccb62dbedc9,подключить саббуфер,1.0,1.0,0.0,False,1,1
held_context,2250aad8906662225d24177b,настилка крыш,0.0,0.0,0.0,False,1,1
held_context,2256c2d6f8df30558c65a65b,изготовление очков по рецепту,1.0,1.0,0.0,False,1,1
held_context,22f56b4704c39e7b4f31cf8a,ремонт спутниковых антенна,1.0,1.0,0.0,False,1,1
held_context,236f70eadb1446ee210c48d2,звукорежиссер,1.0,1.0,0.0,True,1,1
held_context,24bc5ffae0438226aeaa4553,химчистка матрасов на дому,1.0,1.0,0.0,True,1,1
held_context,252b810b078dc0036e91d548,шаланда,1.0,1.0,0.0,True,1,1
held_context,25814d2f2898f3fe27855df5,саксофонист,1.0,1.0,0.0,True,1,1
held_context,25b1cf80dfabaac83d21754e,минводы сантехник,1.0,1.0,0.0,False,1,1
held_context,25f76b5d0eb7c482c6f19962,сауна с бассейном на сутки,1.0,1.0,0.0,True,1,1
held_context,2661deb93eebbf87be654086,ремонт lg видеомагнитофонов,1.0,1.0,0.0,False,1,1
held_context,2682ec5c3017294e58ad3506,страховка авто,1.0,1.0,0.0,True,1,1
held_context,275631698d10dc3def270562,механик по швейным машинкам,1.0,1.0,0.0,True,1,1
held_context,27ea5ad3f8f3110be91585f4,коворкинг для керамистов,1.0,1.0,0.0,False,1,1
held_context,2851084d5d3a428132d1adca,заказ тортов гендер пати,1.0,1.0,0.0,False,1,1
held_context,28ac2fb93b6dfcb2f0623e17,копать траншеи,1.0,1.0,0.0,True,1,1
held_context,28fdf8be8b1ba717a8e5c808,массаж лингамма,0.0,1.0,1.0,True,1,1
held_context,29b3b749ce3ceeb20c871668,выравниваем участок,1.0,1.0,0.0,False,1,1
held_context,29b58513f39b463c0299d63b,регулировка фасадов мебели,1.0,1.0,0.0,True,1,1
held_context,2ae2b69a79b724f81197dae4,компрессор в аренду,1.0,1.0,0.0,True,1,1
held_context,2b3cf7e2932e2f3eeb5683ed,кладка шлакоблока,1.0,1.0,0.0,True,1,1
held_context,2b7c6ee08572e2e42612cf25,репетитор по физике,1.0,1.0,0.0,True,1,1
held_context,2b956c364302a5bbc019322a,каркасный гараж,1.0,1.0,0.0,True,1,1
held_context,2baff7bc08ceb739d0ddd319,репетитор по русскому языку,1.0,1.0,0.0,True,1,1
held_context,2c07e4e4cc4d95295e55b501,грузоперевозки златоуст,1.0,1.0,0.0,False,1,1
held_context,2f0a44990bed79b6fa6fbdba,полеровка стекла,1.0,1.0,0.0,False,1,1
held_context,2f13427ece4c8452574eef8c,пирсинг укус ангела,1.0,1.0,0.0,True,1,1
held_context,2f5b5cd6f6756b96e66cbf9f,шпаклевка стен под покраску,1.0,1.0,0.0,True,1,1
held_context,301adad875c1622fb6630b29,крыша,1.0,1.0,0.0,True,1,1
held_context,314515771f749666f0c596d6,ремонт камеры айфон,1.0,1.0,0.0,False,1,1
held_context,3238d77c607c3a1f92908929,почасовая аренда,1.0,1.0,0.0,True,1,1
held_context,323d960b25563d5ed896dc97,маникюр наращивание,1.0,1.0,0.0,True,1,1
held_context,3292f4e71bc9ed4ea7ee305b,скупка айфонов,1.0,1.0,0.0,True,1,1
held_context,32b8c16ce570ae2d8dd6062a,ремонт мягкой кровли крыши гаража,1.0,1.0,0.0,True,1,1
held_context,32e40d3e4df4a2ef16c54f18,прокат отбойника,1.0,1.0,0.0,False,1,1
held_context,340205e8d49b0e6a2e726ee2,штукатурные работы,1.0,1.0,0.0,True,1,1
held_context,34066d11adef7a656a16cacb,тренер по фигурному катанию,1.0,1.0,0.0,True,1,1
held_context,34298390353e0dec83eb775f,выкуп товарных остатков одежды,1.0,1.0,0.0,True,1,1
held_context,353f7d9b267b8c9b1333f44c,бетонная стяжка,1.0,1.0,0.0,True,1,1
held_context,3542fa5b203897d8eefa5208,заброска на толбачик,1.0,0.0,-1.0,False,1,1
held_context,354c685ccf949577758b69a1,уроки гитары,1.0,1.0,0.0,True,1,1
held_context,35e549ccc0c0d893f7e0d6c4,перенос газовой колонки,1.0,1.0,0.0,False,1,1
held_context,35e5fb6e90d37e3f28fcb80e,аренда контейнер 8 м3,1.0,1.0,0.0,False,1,1
held_context,36401657f731a34db8f1f5b6,аренда машины 7 мест,1.0,1.0,0.0,False,1,1
held_context,3646f548fb036eae7b02197b,трансфер до москвы,1.0,1.0,0.0,True,1,1
held_context,37003b39d43794252b3a789c,охраняемая автостоянка,1.0,1.0,0.0,True,1,1
held_context,37096c91b4545b3ed3ed2888,швейный цех,1.0,1.0,0.0,True,1,1
held_context,372b97e2c893a728ba2e63ca,газель 6метров,1.0,1.0,0.0,False,1,1
held_context,378222415a6d15b5d3a99272,увеличение губ корея,1.0,1.0,0.0,False,1,1
held_context,378b2fc4b286b79042835cea,перекопка мотоблоком,1.0,1.0,0.0,True,1,1
held_context,37e1f3f9ae2784ff3b2de25e,кризисный психолог,1.0,1.0,0.0,True,1,1
held_context,3876a235e314d298ba17fc09,ландшафтный дизайнер,1.0,1.0,0.0,True,1,1
held_context,38d40808904ed019a44f53cd,разборка мебели,1.0,1.0,0.0,True,1,1
held_context,390c49136878a3e28b2cd6b6,врезать замок на межкомнатную дверь,1.0,1.0,0.0,False,1,1
held_context,39da8922090dd847ab07ebab,аренда авто для поездки в крым,1.0,1.0,0.0,True,1,1
held_context,3a5efc985d357dfca9a6199e,ремонт боковых порезов,1.0,1.0,0.0,True,1,1
held_context,3acfa3ff7900fdae08228c60,обучение на бровиста,1.0,1.0,0.0,True,1,1
held_context,3b313d152dba652de9e5ce5e,кудрявая стрижка,1.0,1.0,0.0,True,1,1
held_context,3b44875add1dba2df9f6bccf,прочистка канализации кротом,1.0,1.0,0.0,False,1,1
held_context,3c16dae5849ce732330bdf7d,грузоперевозки газель по городу,1.0,1.0,0.0,True,2,2
held_context,3dc8e4343ed29f97ab8a0e9a,видовой лофт,1.0,1.0,0.0,False,1,1
held_context,3f22b72be262acd67ea41e7a,подсобный рабочий,1.0,1.0,0.0,True,1,1
held_context,3f5ef997427bc89f75baa6dc,психолог дпдг,1.0,1.0,0.0,True,1,1
held_context,3f87f383e226d2c2eb8a7661,ремонт лоджии,1.0,1.0,0.0,True,1,1
held_context,40736289b6f2dc43a2eb138f,ремонт платы эгур opel,1.0,1.0,0.0,False,1,1
held_context,40787c9f4c60e52fe0f7742a,абесинская скважина,1.0,1.0,0.0,True,1,1
held_context,40be65aca1f69c83d8252364,свадебные бутылки,1.0,1.0,0.0,False,1,1
held_context,41fa41270e8a61399f44a27e,установка межкомнатной двери,1.0,1.0,0.0,True,1,1
held_context,420d6ffef51aa5a733d6ce5a,мотоинструктор,1.0,1.0,0.0,True,1,1
held_context,4214561933330d2bce4e5a70,покрас дисков,1.0,1.0,0.0,False,1,1
held_context,4257c4c305356302f71d6c3a,каменщик частник,1.0,1.0,0.0,False,1,1
held_context,428e1e6e21620d15d16d317e,геология,1.0,1.0,0.0,True,1,1
held_context,435f17b801b5e9fee888c36f,реставрация ручек колясок,1.0,1.0,0.0,False,1,1
held_context,439cb3afeecb95964c01378e,ремонт советских магнитол,1.0,1.0,0.0,False,1,1
held_context,43cd5ae2ee47fb6dd5bc6e35,аренда авто суточно,1.0,1.0,0.0,True,1,1
held_context,442c3650ff3082178e62cc78,аренда для парикмахера,1.0,1.0,0.0,True,1,1
held_context,452adee9b2bad06849601cff,аренда плазмореза,1.0,1.0,0.0,True,1,1
held_context,4537135d415fb5d3229a8fa6,печать а3,1.0,1.0,0.0,True,1,1
held_context,45c668e69ad42efc505cad2d,аренда катера без капитана,1.0,1.0,0.0,True,1,1
held_context,45d21a7bddfefee75fc78bd4,лестница,1.0,1.0,0.0,True,1,1
held_context,45dbfc3d1bd4dd7ef630fb71,экскаватор,1.0,1.0,0.0,True,1,1
held_context,46c1fe6c82fd8c15f5fadba3,ремонт гидроциклов,1.0,1.0,0.0,True,1,1
held_context,47d9cccbd3e3cf82270ac6b4,репетитор по английскому языку на дому для ребенка,1.0,1.0,0.0,False,1,1
held_context,4810a8fe0b27743af5fe8d33,экскурсии на квадроциклах,1.0,1.0,0.0,True,1,1
held_context,488cd2a61fd0a3eaa3f48f20,нанесение логотипа на одежду и спецодежду,1.0,1.0,0.0,False,1,1
held_context,48a1364dd08c79286401a11d,шлифовальная машина,1.0,1.0,0.0,True,1,1
held_context,48cc4e571032a67c6579c5c2,бенто торты,1.0,1.0,0.0,True,1,1
held_context,48e46af9e98879037b2e1197,выполнение студенческих работ,1.0,1.0,0.0,True,1,1
held_context,49dc105e806f0c7d16d3edd5,откачка септика,1.0,1.0,0.0,True,1,1
held_context,4a5d75b6828d425f8c028ec2,аренда домика в лесу,1.0,1.0,0.0,True,1,1
held_context,4ab3d6b8e1e10981dd959374,специалист честный знак,1.0,1.0,0.0,False,1,1
held_context,4abd0e9367008a120057d4f7,аренда минивена,1.0,1.0,0.0,True,1,1
held_context,4afae65352550cfadfad6f4c,дробилка веток,1.0,1.0,0.0,True,1,1
held_context,4cc0b9d9f553825f510c16e7,татуировки,1.0,1.0,0.0,True,1,1
held_context,4d1770d7a2487b010f6673c8,манипулятор москва,1.0,1.0,0.0,False,1,1
held_context,4d8fb790e67d211d95670898,геология участка,1.0,1.0,0.0,True,1,1
held_context,4d9eb2d0705f48efcc829591,проведение праздников,1.0,1.0,0.0,True,1,1
held_context,4e44a959fbff8e6ea2fbf10b,ремонт лобового стекла,1.0,1.0,0.0,True,1,1
held_context,4ec2b05293a171552282b62d,домик с чаном,1.0,1.0,0.0,True,1,1
held_context,4f1bee9b9d63c5eff8d23da6,дипломная работа оформление,0.0,0.0,0.0,False,1,1
held_context,4f4cc87c5c118e6e8ebab2ee,лофт для свадьбы,0.0,0.0,0.0,True,1,1
held_context,4f8a33bce5bd04016df0f119,дым машина,1.0,1.0,0.0,True,1,1
held_context,4fdf448ddff1e56a662d25bc,ремонт сушильных ремонт стиральных машин,1.0,1.0,0.0,True,1,1
held_context,504d131fc4cc771a124a914a,ремонт алюминиевых окон,1.0,1.0,0.0,True,1,1
held_context,5056ba30cee54054d63fff5c,ремонт обуви и одежды,1.0,1.0,0.0,False,1,1
held_context,507b1b46548515fb318540a4,заливка бетонных дорожек,1.0,1.0,0.0,False,1,1
held_context,50b6c21268c2095abe7f7765,wenbox u5 аренда,1.0,1.0,0.0,True,1,1
held_context,512f26f0353967dd016d3e4e,пошив одежды на заказ,1.0,1.0,0.0,True,1,1
held_context,51336034d942b8da81a103e1,автоэлектрик газели,1.0,1.0,0.0,False,1,1
held_context,51ffea88e67ee4d605d18019,шпаклевка потолка,1.0,1.0,0.0,True,1,1
held_context,52cebcd5faf0b41266f23f81,электрики,1.0,1.0,0.0,True,1,1
held_context,5395a6fa348093695e8e6500,аренда беседки с бассейном,1.0,1.0,0.0,True,1,1
held_context,5448140e1f355dca8087c242,организация гендер пати,1.0,1.0,0.0,False,1,1
held_context,5507aee9ebee257eca2b3930,аниматор для взрослых,1.0,1.0,0.0,True,1,1
held_context,5840bcc763f3d831f59e524e,ремонт газовых колонок bosch,1.0,1.0,0.0,True,1,1
held_context,589c6a0cfe2d3188d421d3d1,установка кондиционеров монтаж сплит систем,1.0,1.0,0.0,True,1,1
held_context,59562d0890903aa78e07d27e,поклейка обоев недорого,1.0,1.0,0.0,True,1,1
held_context,597ac35e4d38b88377078d64,салон тайского массажа,1.0,1.0,0.0,True,1,1
held_context,5b004b8aa7dced20df0651b9,лофт комната,1.0,1.0,0.0,True,1,1
held_context,5b7d45a2a1697d9f95ba0a10,чистка мебели и ковров,1.0,1.0,0.0,False,1,1
held_context,5d368a0cdd43de96ca65b527,замена масла,1.0,1.0,0.0,True,1,1
held_context,5d92af324dbc4b00e539b8da,ремонт гидроциклов brp,1.0,1.0,0.0,True,1,1
held_context,5da52808656800f6c577acbe,листогиб,1.0,1.0,0.0,True,1,1
held_context,5daf5cf8d294d4cf8fbf4762,помощница по огороду,1.0,1.0,0.0,False,1,1
held_context,5de1c48b771669062d02cf21,юрист по земельным вопросам,1.0,1.0,0.0,True,1,1
held_context,5e7054cd17f55a468bb4926c,поздравления ростовые куклы,1.0,1.0,0.0,True,1,1
held_context,5ffe989266c59ee0ad93e13a,отменить проценты по кредитке,1.0,1.0,0.0,False,1,1
held_context,60dba8392c41a0800e3e4be3,ремонт кухни,1.0,1.0,0.0,True,1,1
held_context,6123bf0e587c498bf3701ff9,джиппинг,1.0,1.0,0.0,True,1,1
held_context,61d0fe01e52f6992e4bc99f7,перезарядка огнетушителей,1.0,1.0,0.0,True,1,1
held_context,6220819008c4b9dfc33cb34d,газель аренда,1.0,1.0,0.0,True,1,1
held_context,6293390d2ded600b469e6532,услуги айтишника,1.0,1.0,0.0,True,1,1
held_context,63134a7453a9b3ed202abe11,скупка тсд,1.0,1.0,0.0,True,1,1
held_context,63d4532a2830296bfaa01475,бригада плотников,1.0,1.0,0.0,True,1,1
held_context,6419829c1ad058597462cb2c,монтаж водостоков,1.0,1.0,0.0,True,1,1
held_context,6432dc96446fd397987dbf7e,эвакуатор автомобиля,1.0,1.0,0.0,False,1,1
held_context,64ef4deb1903bcba1d25deed,биоревитализация лица,1.0,1.0,0.0,True,1,1
held_context,6521a5b20c0ee42cd665125f,услуги электрика выезд на дом,1.0,1.0,0.0,True,1,1
held_context,65604959086c01407c36976e,ремонт техники,1.0,1.0,0.0,True,1,1
held_context,659c2c6eede108c70e7e779d,аренда дом прицепа,1.0,1.0,0.0,False,1,1
held_context,65f4f862d5f2e8ab1b061951,аренда экскаватора с гидромолотом,1.0,1.0,0.0,True,1,1
held_context,667ab39c4978385df322797c,ремонт электроскутеров,1.0,1.0,0.0,True,1,1
held_context,668d9c8bb347b70a521d04f6,внж киргизии,0.0,0.0,0.0,True,1,1
held_context,66a6596b7a1c16c700874136,ремонт ванной комнаты,1.0,1.0,0.0,True,1,1
held_context,66b18dc8cfe6632d5c8e6c21,прием черного металла,1.0,1.0,0.0,True,1,1
held_context,66fd35f4bd05f9a46993667c,накрутка подписчиков в вк,1.0,1.0,0.0,True,2,2
held_context,6758d6f7394ccf8173e3b7bb,аренда инстументов,1.0,1.0,0.0,False,1,1
held_context,681482b90f2427ffb0f61c06,фасадчики,1.0,1.0,0.0,True,1,1
held_context,68220541e8ca0fd12d25ba28,краскопульт в аренду,1.0,1.0,0.0,True,1,1
held_context,6878e219ab9549962fdcd6d7,трансфер из владикавказа в тбилиси,1.0,1.0,0.0,False,1,1
held_context,6888961316d8cf1ed97e615a,окрашивание волос выход из черного,1.0,1.0,0.0,True,1,1
held_context,68899fc07682a6257739d7e5,покраска дома,0.0,1.0,1.0,True,1,1
held_context,692e4d469c1bd3003e728b16,прием лома самовывоз,1.0,1.0,0.0,True,1,1
held_context,6a8fe2518253a85c51e64dcf,ремонт посудамоечной машины,1.0,1.0,0.0,True,1,1
held_context,6b0ed75d74f6ca8fa9783d8d,строители,1.0,1.0,0.0,True,1,1
held_context,6b846a72925e7838dd8bee11,аренда манекенов,1.0,1.0,0.0,False,1,1
held_context,6b95fb0e1c8e87dc8de81733,арендовать canon g7x mark iii,1.0,1.0,0.0,False,1,1
held_context,6bbd408588661801bb3cfcad,трансфер анапа,1.0,1.0,0.0,True,1,1
held_context,6bcb380f9a14882c1ee9721f,оплата зарубежных сервисов,1.0,1.0,0.0,True,1,1
held_context,6d1337234c0e7aabd9c9b679,поверка счетчиков воды без снятия,1.0,1.0,0.0,True,1,1
held_context,6d3d6ba42059acd77fddde2a,аренда микроавтобуса без водителя,1.0,1.0,0.0,True,1,1
held_context,6daca5d85535968c24cdad96,аренда автомобиля на свадьбу,1.0,1.0,0.0,True,1,1
held_context,6db167d65a1bcb7220373e08,такси парк,1.0,1.0,0.0,True,1,1
held_context,6de661c154b1b6cd9c5d7749,скупка магнитофонов ссср,1.0,1.0,0.0,False,1,1
held_context,6e810b5dd3075cff439da6cf,помощь в выборе авто,1.0,1.0,0.0,True,1,1
held_context,6ec2bf72d36d8963ecef67a7,обтяжка салона автомобиля,1.0,1.0,0.0,True,1,1
held_context,6edb665cf9438b5cdd4514dd,лекции от руки,1.0,1.0,0.0,True,1,1
held_context,6f295518438f288e2f23733a,ростовые куклы в аренду,1.0,1.0,0.0,True,1,1
held_context,6f82c3894c62310561e9be5f,программист телефонов,1.0,1.0,0.0,False,1,1
held_context,6fb9750500b076ce57ae9741,ремонт nintendo switch,1.0,1.0,0.0,True,1,1
held_context,6fdf356b7c1685d7908de642,обучение плаванию взрослых,1.0,1.0,0.0,True,1,1
held_context,70296251b8cb9812f8c1e8f5,ремонт радиаторов автомобиля,1.0,1.0,0.0,True,1,1
held_context,7045c1a39bd28212e3815ff9,выврз мусора,0.0,0.0,0.0,True,1,1
held_context,707f0677be75b820e194272a,грузотакси ларгус,1.0,1.0,0.0,True,1,1
held_context,708f5c9eb3724358158d21ea,домашние полуфабрикаты,1.0,1.0,0.0,False,1,1
held_context,70b0b36d24611ceb12e565f3,экскурсии,0.0,0.0,0.0,True,1,1
held_context,70fdadfb85187e928f14f7c6,собеседник на час,1.0,1.0,0.0,True,1,1
held_context,71fdbc3b6cfb66d0e2e1d6c1,оплата visa,1.0,1.0,0.0,True,1,1
held_context,7223011a36a8206487bbe265,уроки скрипки,1.0,1.0,0.0,True,1,1
held_context,7249e6bf9c570ed84eb64238,печать фотографий,1.0,1.0,0.0,True,1,1
held_context,728ff48bb1768c9cb54c42bf,стрижка собак кокер спаниель,1.0,1.0,0.0,False,1,1
held_context,73c188804a68fe41ffc26a06,печать самоклеющихся этикеток,1.0,1.0,0.0,True,1,1
held_context,73cc47a6ed89585f39021f9d,чистка вентиляции от жира,1.0,1.0,0.0,False,1,1
held_context,73d134c121ebdf261658bdd8,выжигание по дереву,1.0,1.0,0.0,True,1,1
held_context,7435d2b65cb0eb0467e95ef2,ботокс подмышки,1.0,1.0,0.0,True,1,1
held_context,74a3639ca0a4330f2454f9dd,ремонт кожаных курток,1.0,1.0,0.0,True,1,1
held_context,74b28eb1f5264e5b3b9445e4,кредит с просрочками,1.0,1.0,0.0,True,1,1
held_context,750d00aca39100d1b9a4367f,эпиляция воском,1.0,1.0,0.0,True,1,1
held_context,7596d7279d4844fef3e3e1d6,такелажники,1.0,1.0,0.0,True,1,1
held_context,75cd27fd432f8a1de4948fbb,замена откосов и подоконников ремонт окон,1.0,1.0,0.0,False,1,1
held_context,75df458bda7eef0b48fc962c,печать на акриле,0.0,0.0,0.0,True,1,1
held_context,762f8394d1defc6ebe058d95,ремонт ванн,1.0,1.0,0.0,True,1,1
held_context,7687b728ba6a80d678fdff6e,рыбалка с гидом,1.0,1.0,0.0,True,2,2
held_context,76d4b898c7909231d454ebd8,электрик проводка,1.0,1.0,0.0,True,1,1
held_context,76db371b5c2990a6c20110d6,уроки кройки и шитья,1.0,1.0,0.0,False,1,1
held_context,77063dc3e613e4464f7a91e1,шпонирование мдф,1.0,1.0,0.0,True,1,1
held_context,77bc69554278c09ff5353c31,реставратор паркета,0.0,1.0,1.0,False,1,1
held_context,77c23cac78a337d183672864,мойка радиаторов авто,1.0,1.0,0.0,True,1,1
held_context,798698804ac19fdae73b54c6,перепрошивка iphone,1.0,1.0,0.0,True,1,1
held_context,79ca5de4a3cd7874f6a6b097,аренда майбах 223 с водителем,1.0,1.0,0.0,False,1,1
held_context,7a125cd14778785e36fa3836,смм специалист детейлинг,1.0,1.0,0.0,False,1,1
held_context,7a27b93f6c4f1127395104e1,барельеф,1.0,1.0,0.0,True,1,1
held_context,7a3d2ad0875f4dbf035c1fc6,калитка,1.0,1.0,0.0,True,1,1
held_context,7a7a573d82c260b1c5118dae,авто грузоперевозки,1.0,1.0,0.0,False,1,1
held_context,7c124502d90fdb3164d8d594,чпу металл,1.0,1.0,0.0,False,1,1
held_context,7c247fa45c43e1102771aa77,изготовление визиток,0.0,0.0,0.0,True,1,1
held_context,7cd32839a05448e6f8341b91,медитация,1.0,1.0,0.0,True,1,1
held_context,7d9c5b29600e43ce60bcc3d1,установка газовых котлов,1.0,1.0,0.0,True,1,1
held_context,7da80875a3b9a579d11d47fc,скрипач на час,1.0,1.0,0.0,False,1,1
held_context,7e6dc173071ac61bf051397e,столярные изделия на заказ,1.0,1.0,0.0,True,1,1
held_context,7e7004937e5b421459aa33c9,компьютерная диагностика мерседес,1.0,1.0,0.0,True,1,1
held_context,7ecd2361ff923e5a4716cead,вывоз мусора контейнером 8 м3,1.0,1.0,0.0,True,1,1
held_context,7f6e2e9771987b43dd08f3f8,убрать плесень,1.0,1.0,0.0,True,1,1
held_context,7f7f971c61fbd20802718b0f,плиточник укладка плитки на кухне,1.0,1.0,0.0,False,1,1
held_context,7fbd8a937689ebe86d84d144,фотостудия,1.0,1.0,0.0,True,1,1
held_context,7fef379c55938b574fc1cb0b,замена дисплея iphone 16 pro,1.0,1.0,0.0,False,1,1
held_context,804842742ba5d58603e34c08,почасовая аренда кушетки,1.0,1.0,0.0,True,1,1
held_context,80eb034997e4e04f296bc09d,дренажный насос аренда,1.0,1.0,0.0,True,1,1
held_context,80f6690e6c74641275740aa5,выкуп складских остатков,1.0,1.0,0.0,False,2,2
held_context,8163596fff988afc2ce74bea,ремонт кожаной мебели,1.0,1.0,0.0,True,1,1
held_context,81c2d40647100362bad53098,грузотакси,1.0,1.0,0.0,True,1,1
held_context,81e441a6dd59939aa4d5b43d,сброс apple id,1.0,1.0,0.0,False,1,1
held_context,8237cefba9565e531fd6da58,компьютерная диагностика vag audi volkswagen skoda,1.0,1.0,0.0,True,1,1
held_context,8250b98144bbb0ffbab361b1,скупка объективов,1.0,1.0,0.0,True,1,1
held_context,82b12f0d5fee36c69b5d3a98,ремонт bmw,1.0,1.0,0.0,True,1,1
held_context,833e9f3f59142596ded99b62,проточка тормозных дисков,1.0,1.0,0.0,True,1,1
held_context,83878034cbc3019c4bffe163,ростелеком подключение,1.0,1.0,0.0,True,1,1
held_context,83941acfe8ef5cad06bc132c,укладка ламината на балконе,1.0,1.0,0.0,False,1,1
held_context,83a076b490c0c8d9eab5e186,подшить джинсы,1.0,1.0,0.0,True,1,1
held_context,83f3ac4c15580e4d4000fb17,вспашка земли культиватором,1.0,1.0,0.0,True,1,1
held_context,845e622d721cb3b25ccd1c8e,выкуп мототехники,1.0,1.0,0.0,True,1,1
held_context,84d8d3c98ddb54b4ac469362,лофт помещение,1.0,1.0,0.0,False,1,1
held_context,8556a36d4cb185c7741cc607,натяжной потолок на балкон,1.0,1.0,0.0,False,1,1
held_context,8589a502ed1f2e3d9dfc62f4,электрик нагаево,1.0,1.0,0.0,False,1,1
held_context,8639401671faa8a0beb5258b,шумоизоляция,1.0,1.0,0.0,True,1,1
held_context,866b8fd61ca7018a79fb9e40,прокат триммера,1.0,1.0,0.0,True,1,1
held_context,86d599a84b0f74f1eec1ab3c,репатриация в израиль,1.0,1.0,0.0,False,1,1
held_context,87b7a8ce7706040314e9dab0,вывоз резины и утилизация шин,1.0,1.0,0.0,True,1,1
held_context,87eb125bb725fdca8a81a7bd,химическая завивка волос,1.0,1.0,0.0,True,1,1
held_context,888d899b0fe3ec43d0da5d09,кузовной ремонт авто,1.0,1.0,0.0,True,1,1
held_context,89d0db28711573ae47be8e5f,ремонт роллетов,1.0,1.0,0.0,True,1,1
held_context,8a4a9c7e166463190402229c,определение границ участка,1.0,1.0,0.0,True,1,1
held_context,8a6be56ec329cac155184a68,ремонт двигателя откатных ворот,1.0,1.0,0.0,False,1,1
held_context,8aad0cb4eab96f1d77286a23,мастер телевизор сзао,0.0,0.0,0.0,False,1,1
held_context,8ad18d1ceb4a53404855276a,риэлтор по аренде,1.0,1.0,0.0,False,1,1
held_context,8b1c2d5f072fba210edc9f5e,купить диплом о высшем образовании,1.0,1.0,0.0,True,1,1
held_context,8b93824b559f86d956108c5f,малогабаритные перевозки,1.0,1.0,0.0,True,1,1
held_context,8c180be8c4868d025657e18e,градобойщик,1.0,1.0,0.0,True,1,1
held_context,8c19849cff6e08e20f73ad22,ремонт электроники светильники лед,1.0,1.0,0.0,False,1,1
held_context,8c9d3a892720605975416786,сиделка на час,1.0,1.0,0.0,True,1,1
held_context,8caa87bd62a53f4c9f4dee8a,юрист раздел имущества,0.0,0.0,0.0,False,1,1
held_context,8d81d9daafe58b495c3cac29,трансфер по городу 8 мест,1.0,1.0,0.0,True,1,1
held_context,8de22697e9e3873770cb0b0f,родирование золота,1.0,1.0,0.0,False,1,1
held_context,8dffba95cef947043b8a26da,розыгрыш,1.0,1.0,0.0,True,1,1
held_context,8e1d1b26224c4c4f59747a48,китайский с носителем,1.0,1.0,0.0,False,1,1
held_context,8e579f4e252e56e3974c8ea2,учитель по скрипке,1.0,1.0,0.0,True,1,1
held_context,8e6ee7bdbce4ba1bc134b6f1,ремонт тв приставок xiaomi,1.0,1.0,0.0,False,1,1
held_context,8ebadc2ed0c6212bf256edb3,обучение 3д печати,1.0,1.0,0.0,True,1,1
held_context,8ede7bd49d6ad0fbb085885f,услуги мини трактора по раскиду земле,1.0,1.0,0.0,False,1,1
held_context,91951f1ad14e5301b834d0d8,ростовые куклы на праздник,1.0,1.0,0.0,True,1,1
held_context,92193465dbbdb7ce3f7c018c,а фрейм аренда,1.0,1.0,0.0,False,1,1
held_context,922454c130dce555859d27cb,сборка тренажеров,1.0,1.0,0.0,True,1,1
held_context,9234c1a9010d1b3d84ac23a4,прокат багги,1.0,1.0,0.0,True,1,1
held_context,926ef443931274e990ca8637,ремонт дизельных двигателей,1.0,1.0,0.0,True,1,1
held_context,927c438474abf9b812c4da5a,замена струн на гитаре,1.0,1.0,0.0,False,1,1
held_context,936754854118ecccda4eed31,банкротство физ лиц,1.0,1.0,0.0,False,1,1
held_context,93ce1c30dcecc77d5e12cc61,активация скрытых функций renault,1.0,1.0,0.0,False,1,1
held_context,944a4d95f2d06bb2e9ed38d8,восстановление резьбы,0.0,0.0,0.0,True,1,0
held_context,955b263b7fb8a49a0bdd9689,перетяжка мебели октябрьский район,1.0,1.0,0.0,False,1,1
held_context,95e4a2ea90b0b9281319d7cf,чертежи студентам,1.0,1.0,0.0,True,1,1
held_context,960e62dd43afb950e653f5b0,гараж посуточно,1.0,1.0,0.0,True,1,1
held_context,972562a617858bffbc4f336f,снять беседку,1.0,1.0,0.0,True,1,1
held_context,976bb3fbc8f928929e819f1d,ремонт автостекол,1.0,1.0,0.0,True,1,1
held_context,97a80173d5ef433b40071527,отделка бань,1.0,1.0,0.0,True,1,1
held_context,97c1797fff29d024c1c78c5c,дренаж,1.0,1.0,0.0,True,1,1
held_context,9914f25c0fff5d73dfd9680d,кинолог с выездом на дом,1.0,1.0,0.0,True,1,1
held_context,9a73cfbf9389cc9770d9895e,аренда автобуса с водителем 35 мест,1.0,1.0,0.0,False,1,1
held_context,9b2f00949e7c726d293752c2,вывоз веток с участка,1.0,1.0,0.0,True,1,1
held_context,9b34abfe7afd2d30b0158360,ремонт xiaomi,1.0,1.0,0.0,True,1,1
held_context,9b78dbba17dc36d523dcb01c,домик для отдыха,1.0,1.0,0.0,True,1,1
held_context,9b95eac9ee0bbe7ad35a77d0,печать бирок сатин,1.0,1.0,0.0,False,1,1
held_context,9c7a0ad5a26c4110a3fae1cf,ремонт peugeot citroen,1.0,1.0,0.0,True,1,1
held_context,9d1c37b3e1d14a6469d4bb6a,реставрация деревянных дверей,1.0,1.0,0.0,True,1,1
held_context,9d506a383dcbb2606637f598,аренда отбойника,1.0,1.0,0.0,True,1,1
held_context,9d6b81d907dbde5ddc7b69d6,перевозка людей,1.0,1.0,0.0,True,1,1
held_context,9db4643ea4cff64df08eb8e1,стрижка собак дзержинский,1.0,1.0,0.0,False,1,1
held_context,9e0d91914adb605645a358ce,ремонт роботов пылесосов xiaomi,1.0,1.0,0.0,True,1,1
held_context,9e45391ad0f3a1eb144ecbfd,скупка серверов,1.0,1.0,0.0,True,1,1
held_context,9ec9361913e8349eca4aad60,триммер в аренду,1.0,1.0,0.0,True,1,1
held_context,9ecd7f41ab045baf9fde3ac0,токарные работы чпу,0.0,0.0,0.0,True,1,1
held_context,9f02e2ea0452d7fa4401deb0,массаж лечебный шеи,1.0,1.0,0.0,False,1,1
held_context,9f4d5e21e79718d694b7a7d3,открытие дверей квартиры,1.0,1.0,0.0,True,1,1
held_context,9fb1f6b6eb70b4bf1f96f96e,модель на наращивание,1.0,1.0,0.0,True,1,1
held_context,9fc7d1d6d7c10ede4b585dab,торты на заказ на чапаева,1.0,1.0,0.0,False,1,1
held_context,9fe863d54e43a371974354a5,надуть шары гелием на дому,1.0,1.0,0.0,True,1,1
held_context,a032bfe36152405dfe4c4c72,грузоперевозки москва-чечня,1.0,1.0,0.0,False,1,1
held_context,a15a1c1c1ab0ddb3bcacf6d1,вскрытие замка,1.0,1.0,0.0,True,1,1
held_context,a2cb0961ac47b59c48972494,вынос границ участка,1.0,1.0,0.0,True,1,1
held_context,a32913eadcf0576a47793492,прокат аренда велосипеда,1.0,1.0,0.0,False,1,1
held_context,a3b06ac258151f16d0dcc16e,аренда кемпера,1.0,1.0,0.0,True,1,1
held_context,a4e4524efdd57a0f1f8b4a55,трамбовка грунта услуга,1.0,1.0,0.0,False,1,1
held_context,a4f8c780b94603df4642e630,ремонт пластиковых окон и дверей,1.0,1.0,0.0,True,1,1
held_context,a5fc710ba92856af419c3004,посредник в казахстане,1.0,1.0,0.0,False,1,1
held_context,a64b0aef1694c1d53a33d9ac,обтяжка пуговиц,1.0,1.0,0.0,False,1,1
held_context,a6bbb8079c6443370e9f2de0,обследование дома перед покупкой,1.0,1.0,0.0,False,1,1
held_context,a6cbc195743b57fc237e4154,козырек на гараж,1.0,1.0,0.0,False,1,1
held_context,a73b87c4572a6ca332a9d24f,грумминг,1.0,1.0,0.0,True,1,1
held_context,a779377b2805aeaffce258cf,миграционный юрист рвп внж,1.0,1.0,0.0,False,1,1
held_context,a77ca4e12f06f3adf2572f7d,услуги листогиба,1.0,1.0,0.0,True,1,1
held_context,a7cfece9548bb28975fd0047,фотограф на свадьбу,1.0,1.0,0.0,True,1,1
held_context,a8f7d8ab5e089fb107ee5abd,ремонт микроволновок,1.0,1.0,0.0,True,1,1
held_context,a974ba0d572d76e0cf66a664,замена дисплея iphone 11,1.0,1.0,0.0,True,1,1
held_context,a97584b365380b501a2bc2d4,скупка картриджей,1.0,1.0,0.0,True,1,1
held_context,a9944c9bf1f4c8eeb824db31,скупка и утилизация стиральных машин,1.0,1.0,0.0,True,1,1
held_context,aa58d9905076c3a0982824b4,иньектирование стен,1.0,1.0,0.0,False,1,1
held_context,aaa2f703d18ea0c92d74ac16,ремонт металлоискателя,1.0,1.0,0.0,True,1,1
held_context,aaf9c6341dc2519f9377fef0,волосковый,1.0,1.0,0.0,False,1,1
held_context,ac7f357ffcd2be8d3fd28091,предсказание будущего,1.0,1.0,0.0,True,1,1
held_context,ac9c47607b695f8aff00ab4a,дрова,1.0,1.0,0.0,True,1,1
held_context,aca4ab664e1e6d2936c90faf,портниха,0.0,0.0,0.0,True,1,0
held_context,ace5e07783b733bf33293b39,ремонт электродвигателей,1.0,1.0,0.0,True,1,1
held_context,ae730681cff69a6912ac98e2,онлайн тренер,1.0,1.0,0.0,True,1,1
held_context,ae9f55f2d12d7c9b7b901bcf,приемщик квартир,1.0,1.0,0.0,True,1,1
held_context,aead07d44491ca88acb3a961,саларьево,0.0,0.0,0.0,False,1,0
held_context,af603e0fed5e262c48761b9c,клоун на праздник,0.0,0.0,0.0,True,1,1
held_context,afe77d6e6da2995e3feee56a,маляр,1.0,1.0,0.0,True,1,1
held_context,b05d613010e3d1a4a9ffcb54,аренда электровелосипедов с выкупом,1.0,1.0,0.0,False,1,1
held_context,b05eeaa34ddd5be33ced4cb7,подписчики инстаграм,1.0,1.0,0.0,True,1,1
held_context,b0a2e7ea3596f37913e15840,поздравление от знаменитости,1.0,1.0,0.0,True,1,1
held_context,b1226cec4a3854421bcdab4d,доставка воды,1.0,1.0,0.0,True,1,1
held_context,b1876b1e1691809f1381c81f,гид в пекине,1.0,1.0,0.0,True,1,1
held_context,b1911133c5d724dd5e8c6f92,лазерная очистка металла,1.0,1.0,0.0,True,1,1
held_context,b1baf479b20c3becc2d66211,диско лимузин,1.0,1.0,0.0,False,1,1
held_context,b2e97502be080e714a8df2ff,гбо,1.0,1.0,0.0,True,1,1
held_context,b30b944349fb94555a877981,полимолочная кислота,1.0,1.0,0.0,True,1,1
held_context,b32fd7fdc7d84d467c425ffe,скупка печатных плат,1.0,1.0,0.0,False,1,1
held_context,b356df3cb1fb1d6e5de291ea,дизайнерский ремонт под ключ,1.0,1.0,0.0,False,1,1
held_context,b42dcf41c61330803fe9ffde,замена экрана на iphone 11,1.0,1.0,0.0,True,1,1
held_context,b6007cd857716af804d331f1,аренда летней беседки,1.0,1.0,0.0,True,1,1
held_context,b6d18209030df85c72ec5c31,замена накладки входной двери,1.0,1.0,0.0,True,1,1
held_context,b7254de2a908692409fcf609,грузоперевозки фургон,1.0,1.0,0.0,True,1,1
held_context,b78d07c0311bf438c27883ab,выкуп пк,1.0,1.0,0.0,True,1,1
held_context,b7e5590026e54c248229978c,замена стекла на телефоне,1.0,1.0,0.0,True,1,1
held_context,b84329d72625b23f362fa585,замена аккумулятор,1.0,1.0,0.0,False,1,1
held_context,b86061d5c3a049e32aeb2dd8,вытянуть вмятину,1.0,1.0,0.0,True,1,1
held_context,b87e5abd9d5b2a6947b22706,муж на час очаковский район,1.0,1.0,0.0,False,1,1
held_context,b91b812ed5c4c7d7e07aa47b,репетитор по японскому,1.0,1.0,0.0,True,1,1
held_context,bac52a5ee54ffeb3917ef109,ремонт динамиков,1.0,1.0,0.0,True,1,1
held_context,bad3b0f2a889bbd804726b06,ремонт станков чпу,1.0,1.0,0.0,True,1,1
held_context,bb3e70be90f289ae51ca90a1,сборный груз в москву,1.0,1.0,0.0,False,1,1
held_context,bb60c3f4431b275476fb2b60,расчистка садового участка,1.0,1.0,0.0,True,1,1
held_context,bb6ca35a06f0f95ffaf0a539,ремонт задника кроссовок,0.0,0.0,0.0,False,1,1
held_context,bba8357e0515120913d3de48,реставрация ванн акрилом,1.0,1.0,0.0,True,1,1
held_context,bbe16a5286da434e2a56e635,аренда гаража для химчистки,1.0,1.0,0.0,False,1,1
held_context,bc1b535a78fd1eb0d3542d18,ремонт теле радио аппаратуры,0.0,0.0,0.0,True,1,1
held_context,bc8bbb37bf9667f90de23e88,установка ос удаленно,0.0,0.0,0.0,False,1,1
held_context,bd5ef85d4c85ca65319fa97f,трактор в аренду,1.0,1.0,0.0,True,1,1
held_context,bd6badae758527bd75effe1f,замена замков дверей,1.0,1.0,0.0,True,1,1
held_context,bda5c65011bfc90039c8bdfc,аренда контейнера,1.0,1.0,0.0,True,1,1
held_context,bdf6310a69a320f4a96c39b8,промывка форсунок бмв,1.0,1.0,0.0,False,1,1
held_context,bf87459c7dc808017ec4d1c3,аренда тату места,1.0,1.0,0.0,True,1,1
held_context,bf87f56c73863aad4516dab9,сварка авто,1.0,1.0,0.0,True,1,1
held_context,bfab9bf5d68e473309fa5c28,аренда теплохода,1.0,1.0,0.0,True,1,1
held_context,c13760bf310a83a3309e94fa,аренда прокат шлифовальная машина,1.0,1.0,0.0,True,1,1
held_context,c15c724be71cff4a5c8165e6,аниматоры маша и медведь,1.0,1.0,0.0,True,1,1
held_context,c20c6c6adb50fbd76f3b8807,скупка мониторов,1.0,1.0,0.0,True,1,1
held_context,c356f189d7a9295cd9b807e8,памятники из гранита,1.0,1.0,0.0,True,1,1
held_context,c3cc03a7a9dc641042260118,изготовление штендеров,1.0,1.0,0.0,False,1,1
held_context,c46a81156dc97d09cdcbeced,3д печать шильдиков,0.0,0.0,0.0,False,1,1
held_context,c46d0bee5bb4a859b3f2a23d,утепление дверей,1.0,1.0,0.0,False,1,1
held_context,c48900c501690edffb2429e5,маникюр плесецкая,1.0,1.0,0.0,False,1,1
held_context,c6fec9ce1d0f9d1fdffae11d,восстановление амортизатора мотоцикла,1.0,1.0,0.0,False,1,1
held_context,c7aa3c96e6d8dfa20fadc0c2,вынос мусора из квартиры,1.0,1.0,0.0,True,1,1
held_context,c7b24ade04aea2be36e48558,очистка матрасов,1.0,1.0,0.0,False,1,1
held_context,c7c5d66d2aaded68f324d7b2,алмазная резка,1.0,1.0,0.0,True,1,1
held_context,c8770d7c673de6fc16389dc8,иркутск обучение игре на гитаре онлайн,1.0,1.0,0.0,False,1,1
held_context,c895fc8e3a3b32b74ced9ba4,химчистка диванов на дому,1.0,1.0,0.0,True,1,1
held_context,c8da5b39a91bb2761740ac33,аренда свадебного декора,1.0,1.0,0.0,True,1,1
held_context,c90527cac0251fd26bd2504d,аренда лодочного мотора,1.0,1.0,0.0,True,1,1
held_context,c93bc8a1fa29df044b6aa089,трубостойка,1.0,1.0,0.0,True,1,1
held_context,c9a06d9e793f4b57afee9b6c,фотостудия аренда sex,1.0,1.0,0.0,False,1,1
held_context,cb83a043e835867a8a7f037d,макияж,1.0,1.0,0.0,True,1,1
held_context,cc6ab3f55dee47e1d7c33221,клининг мытье окон,1.0,1.0,0.0,True,1,1
held_context,cc8252a57222cbf7bdf0748c,сборка мебели ремонт,0.0,0.0,0.0,False,1,1
held_context,ccfb9d8b9ee44d9a95d60b6d,электромонтер,0.0,0.0,0.0,True,1,1
held_context,ccfee4ef7370098ff9927c90,углубление колодцев,1.0,1.0,0.0,True,1,1
held_context,cdbcd98997f92db8a073496e,моментальный загар обучение,0.0,0.0,0.0,True,1,1
held_context,ce0bdae6750ddbe414d8181c,подолог сормовский район,1.0,1.0,0.0,False,1,1
held_context,cfa071c04d138efc93d682ad,выездной ремонт авто,1.0,1.0,0.0,True,1,1
held_context,cfb0b1895e091e69509b6e2e,уаз на прокат,1.0,1.0,0.0,False,1,1
held_context,d044b14f5e45a52802cfadb6,культиватор аренда,0.0,0.0,0.0,True,1,1
held_context,d0be1c390cd7342ba3dac77e,выкуп камер,1.0,1.0,0.0,False,1,1
held_context,d1c323c116597e26daccd07a,таблички,1.0,1.0,0.0,True,1,1
held_context,d212e1b6a4c12cd6a73e77f6,электролаборатория,1.0,1.0,0.0,True,1,1
held_context,d2498dcabd35d61d363fbe25,печать логотипа на воздушных шарах,1.0,1.0,0.0,False,1,1
held_context,d2789d35ea2625b0c309c981,диагностическая карта техосмотр,1.0,1.0,0.0,True,1,1
held_context,d3ba22abb8b6603667436add,бенто торт срочно,1.0,1.0,0.0,True,1,1
held_context,d3d0e1683501a18720f56d8d,установка столбов лэп,1.0,1.0,0.0,True,1,1
held_context,d5549be129ddb5db90ffb8a3,мастер по ремонту стиральных машин на дому,1.0,1.0,0.0,True,1,1
held_context,d61d5e9c670cbda253ee5f6f,мастер ремонта телевизора,1.0,1.0,0.0,False,1,1
held_context,d63627297df453bbf89badac,портрет,1.0,1.0,0.0,True,1,1
held_context,d63f01b090ac66c4d9705a8a,аренда прокат инструмента электроинструменты,1.0,1.0,0.0,True,1,1
held_context,d643d094f36c4876ce45334a,снять дом с баней и чаном,1.0,1.0,0.0,True,1,1
held_context,d6acb4386dc04f740fd50a73,подъем груза на этаж,1.0,1.0,0.0,True,1,1
held_context,d6e38f0955d3b25530d72f49,химчистка ковра,1.0,1.0,0.0,True,1,1
held_context,d70c6b92277040ef21d512a3,выкуп ps4,1.0,1.0,0.0,True,1,1
held_context,d71988f81e5543f58db9c6ec,подбор краски,1.0,1.0,0.0,True,1,1
held_context,d71a0cece88182d77ce81f9e,заточка ножей для гильотины,1.0,1.0,0.0,True,1,1
held_context,d8a4089bb8e764eb8f82dd1b,тату мастер,1.0,1.0,0.0,True,2,2
held_context,d8c6384fb3fd9c0da934f989,рвд,1.0,1.0,0.0,True,1,1
held_context,d91c3b9f3dde79f4fa273533,база отдыха с бассейном и рыбалкой,1.0,1.0,0.0,True,1,1
held_context,d96319fcdfae1ddfd13b1ad0,копка траншеи вручную,1.0,1.0,0.0,True,1,1
held_context,d98a2daa041f2f6dc41b6341,термех,1.0,1.0,0.0,False,1,1
held_context,da0f1d20d24bf3596abcbd33,скупка компьютерных комплектующих,1.0,1.0,0.0,True,1,1
held_context,da282635c32aab9b9fa673f6,декор на свадьбу,1.0,1.0,0.0,True,1,1
held_context,da764828c270c7577122b17c,авто юрист по дтп,1.0,1.0,0.0,True,1,1
held_context,dae7b0f642fc96fd521fc6c0,сиделка с проживанием,1.0,1.0,0.0,True,1,1
held_context,db0210ead357c2e35a0c0473,плиточник укладка,1.0,1.0,0.0,True,1,1
held_context,db35a89251cc64cfb29fcb57,аренда бункера под мусор,1.0,1.0,0.0,False,2,2
held_context,db991e8a4fad4a0aaf5887bf,мастер на час,1.0,1.0,0.0,True,1,1
held_context,dc80bd86d4d31c5ead070b65,полиграф детектор лжи,1.0,1.0,0.0,True,1,1
held_context,dc8e7726559eab17e66f8e07,мини бар с карликами,1.0,1.0,0.0,False,1,1
held_context,ddb6d405c0680f9947a1119c,установить замок,1.0,1.0,0.0,True,1,1
held_context,dde44e967e2f7bd8cc115b6d,аренда экскаватора,1.0,1.0,0.0,True,1,1
held_context,de1cba8d573daf5f3fa576eb,торцевая пила аренда,1.0,1.0,0.0,True,1,1
held_context,de2bbf1c37104563eedd8a75,аренда светового оборудования,1.0,1.0,0.0,True,1,1
held_context,de402263ce0b0b527b547727,модель тфп,1.0,1.0,0.0,True,1,1
held_context,de994f1ec6cc9df13a11df0e,ремонт туалета пвх панелями,1.0,1.0,0.0,False,1,1
held_context,deccce08a30f60f3f5a80ab7,ушить одежду,1.0,1.0,0.0,True,1,1
held_context,ded9a7d2efc82a7cdfd79880,обучение косметологии,1.0,1.0,0.0,True,1,1
held_context,deed93e7179015acdc2e9601,самосвал,1.0,1.0,0.0,True,1,1
held_context,df512114e06ed267bb530c11,окрашивание волос airtouch,1.0,1.0,0.0,True,1,1
held_context,df8fc0b6110d9ce79096497e,закуски фуршет,1.0,1.0,0.0,True,1,1
held_context,dfac800cc882deb9f1468fe4,аренда место для лашмейкера,1.0,1.0,0.0,False,1,1
held_context,e08d992d826a9d7e99840127,художественное литье,1.0,1.0,0.0,True,1,1
held_context,e0d2b1c29bd6b71c16d6a743,печать планов эвакуации,1.0,1.0,0.0,False,1,1
held_context,e0feee5688a5fa4e6a1871f6,прошивка эбу,1.0,1.0,0.0,True,1,1
held_context,e1082dcd349bfd1a7cfc04a0,создать apple id,1.0,1.0,0.0,False,1,1
held_context,e2950a81dfbdc0c9c8649d9f,лофт на день рождения,1.0,1.0,0.0,True,1,1
held_context,e2e3fc70b77230510c1ceec0,прием металла,1.0,1.0,0.0,True,1,1
held_context,e301c01de0893c367f23cee0,аренда минивена с водителем,1.0,1.0,0.0,True,1,1
held_context,e4203b0ea2a766c6b82b05de,установка входных металлических дверей,1.0,1.0,0.0,True,1,1
held_context,e429b1ddb75fc35ece5dcbd9,широкоформатное сканирование,1.0,1.0,0.0,False,1,1
held_context,e4629ad98f8692e69198fc69,тренер по бальным танцам,1.0,1.0,0.0,True,1,1
held_context,e47cbf551fd7b5f621c6cf90,ремонт санузла,1.0,1.0,0.0,True,1,1
held_context,e54bf0221f2941abbaedefc2,ремонт ключей от машины,1.0,1.0,0.0,True,1,1
held_context,e5506b97e0402764ebd5a91b,косметолог ботокс для лица,1.0,1.0,0.0,True,1,1
held_context,e57d522f69500ec14df91a90,эвакуатор шахты,1.0,1.0,0.0,False,1,1
held_context,e5bd14d8eda354056c30b370,аренда автобуса 35 мест,1.0,1.0,0.0,False,1,1
held_context,e608daea753db8219eb8acc8,монтаж камина,1.0,1.0,0.0,True,1,1
held_context,e6346666607b41d2ad3c8832,фабрика пошива одежды,1.0,1.0,0.0,False,1,1
held_context,e6901b9f9698c278c3a90bcc,повесить карниз,1.0,1.0,0.0,True,1,1
held_context,e734e2128b9e3c248675b2f5,аренда автомобиль,1.0,1.0,0.0,True,1,1
held_context,e742d00a369605d251c34602,деревянный пол на лагах,1.0,1.0,0.0,False,1,1
held_context,e75bf185579a74cc82d8a8c9,установка замков на входную металлическую,1.0,1.0,0.0,False,1,1
held_context,e7bcf58e170a28b5d515c4ea,ремонт окон schuco,1.0,1.0,0.0,False,1,1
held_context,e8708108cdfbd8c8effdf990,реклама,1.0,1.0,0.0,True,1,1
held_context,e89337d137853181dd70388f,ремонт стеклопакетов дверей,1.0,1.0,0.0,False,1,1
held_context,e8b273dc18bb9aa9aafd3610,тату мастер реализм,1.0,1.0,0.0,True,1,1
held_context,e8fa29915270baebb62396b5,приму древесные отходы,1.0,1.0,0.0,True,1,1
held_context,e90ab98cbdfe6075e48df2f0,изготовление наружной рекламы на плотере,0.0,1.0,1.0,False,1,1
held_context,e917b2d41ca8b96644c17f01,фотобудка,1.0,1.0,0.0,True,2,2
held_context,e99c81da764537ea7be1568d,часы ссср в ремонт,1.0,1.0,0.0,False,1,1
held_context,ea0924eab6acd0507ec4266d,изготовление и монтаж москитных сеток,1.0,1.0,0.0,False,1,1
held_context,ea184b63334e34d623c68f98,подключение сабвуфера,1.0,1.0,0.0,True,1,1
held_context,ea77805e6d534afd45971178,аренда домкрата,1.0,1.0,0.0,True,1,1
held_context,ea7a24d8641155146694b576,аниматоры квесты,1.0,1.0,0.0,False,1,1
held_context,eac20a882a5040640542cdc7,подбор авто,1.0,1.0,0.0,True,1,1
held_context,ead0dae5cbeb49b6366d86b3,доставка из сша,1.0,1.0,0.0,True,1,1
held_context,ead65c99528acde37fd2ede4,установщик кондиционеров,1.0,1.0,0.0,True,1,1
held_context,eaf57b38e98a2a8bf1070a44,мини кун,1.0,1.0,0.0,False,1,1
held_context,eb3aac233c2ec927dc653201,стилист по волосам,1.0,1.0,0.0,True,1,1
held_context,ebd6e57abd234da14299eedb,мобильная съемка,1.0,1.0,0.0,True,2,2
held_context,ebe20ae9a81412e99a5a5ae6,ремонт и установка гбо,1.0,1.0,0.0,False,1,1
held_context,ebff01f3212c480dad40aebf,заменить аккумулятор на iphone,1.0,1.0,0.0,True,1,1
held_context,ec2654e836b930ff6638c135,перфоратор,1.0,1.0,0.0,True,1,1
held_context,ec6f1e18ded1f6864079781b,детские мастер классы выездные,1.0,1.0,0.0,False,1,1
held_context,edaef58f28fe8c12883b7f81,реабилитация после инсульта,1.0,1.0,0.0,True,1,1
held_context,edbc3210951030650141c956,чистка газового котла,1.0,1.0,0.0,True,1,1
held_context,ee3ba2701432ba67d8308ba2,оклейка пленкой. интерьер,1.0,1.0,0.0,False,1,1
held_context,eec764bd8c2b43f7c34abfe4,юридическая проверка квартиры,1.0,1.0,0.0,True,1,1
held_context,ef6e50378035f44200b9898a,цветная печать a4,1.0,1.0,0.0,True,1,1
held_context,f0ea26bff5f6fe62d216aa77,покраска рамы велосипеда,1.0,1.0,0.0,True,1,1
held_context,f11db1a92677a048d75ee916,клининг уборка,1.0,1.0,0.0,True,1,1
held_context,f15de1568e87eddef3ac222e,сварка дисков,1.0,1.0,0.0,True,1,1
held_context,f2208103d7f914c7ab8bccc3,ремонт бамперов пайка пластика ремонт креплений,1.0,1.0,0.0,True,1,1
held_context,f23648e63ca62b06a0935529,ремонт кожи сидений авто,1.0,1.0,0.0,True,1,1
held_context,f2a4a712c3408d0391d6fed3,вывоз мусора с участка,1.0,1.0,0.0,True,1,1
held_context,f2a8d81a80dc8bc1735eaedd,выровнять участок,1.0,1.0,0.0,True,1,1
held_context,f38199eaa146dd39deb5c095,удаление татуажа бровей,1.0,1.0,0.0,True,1,1
held_context,f38289d312a095363332b12b,реабилитолог на дом,1.0,1.0,0.0,True,1,1
held_context,f39afc74bba49ffdad0fda93,продам фотоаппарат,1.0,0.0,-1.0,True,1,1
held_context,f3af9caa93b1b45336150102,сауна с джакузи,1.0,1.0,0.0,False,1,1
held_context,f3e1e08319073e22ed3bf361,репетитор японский,1.0,1.0,0.0,False,1,1
held_context,f3ea8ccea8b7bb9c3d899386,установка windows 11,1.0,1.0,0.0,True,1,1
held_context,f40c93f8075509191d39c56d,скупка монет,1.0,1.0,0.0,True,1,1
held_context,f48014ae432a9888760760c0,вымыть окна в квартире,1.0,1.0,0.0,False,1,1
held_context,f4898237ea5c146679d0a8d9,репетитор русский язык,1.0,1.0,0.0,True,1,1
held_context,f5452194230c105ae1bbd6ca,осинезатор,1.0,1.0,0.0,True,1,1
held_context,f5fdc3880f6c6817730bf3f4,карта зарубежного банка выпустить,1.0,1.0,0.0,False,1,1
held_context,f65416fa28fa63edde2aa083,дом а фрейм снять,1.0,1.0,0.0,True,1,1
held_context,f68ad33e3513a6cf7ac303ad,распил лдсп на чпу,1.0,1.0,0.0,False,1,1
held_context,f72911ffcccdb9f75b2e0291,завивка волос,1.0,1.0,0.0,True,1,1
held_context,f757e04daec9846e259c9a34,айклауд создать,0.0,0.0,0.0,False,1,0
held_context,f794e75f464e552f5d9811aa,написание индивидуального проекта для колледжа,1.0,1.0,0.0,False,1,1
held_context,f7b4c246cdd921dbd52d42b5,лофт для мероприятий,0.0,0.0,0.0,True,1,1
held_context,f801ac5a4a130f28bf509ea8,скупка бытовой техники,1.0,1.0,0.0,True,1,1
held_context,f992bfc0f2d4abd3802315c9,ресницы лэд,1.0,1.0,0.0,True,1,1
held_context,faa2e3c8e9e717d715654b08,база отдыха зеленый остров,1.0,1.0,0.0,False,1,1
held_context,fb3733317bad22b586a69258,ножничный подъемник,1.0,1.0,0.0,True,1,1
held_context,fb8409b7ef7849c2b2805c75,напыление бровей,1.0,1.0,0.0,True,1,1
held_context,fb982b53cad8f4e47a8e03d9,откачка выгребных ям,1.0,1.0,0.0,True,1,1
held_context,fce310c15ca3e820fed81607,трактор планировка,1.0,1.0,0.0,False,1,1
held_context,fda568cfd8996900fa9273a7,покраска мебельных фасадов,1.0,1.0,0.0,True,1,1
held_context,fe07f1fa8e18d9563c8ea191,монтаж потолка из гипсокартона,0.0,1.0,1.0,True,1,1
held_context,fe889731d58259bf56c4eba6,ремонт мебели рестоврация,0.0,0.0,0.0,False,1,1
held_context,fef1f135acf2208f57c830b8,выездной бар,1.0,1.0,0.0,True,1,1
held_context,fef35aa8f81f27b27c9badd3,отделка ванной пвх панелями,1.0,1.0,0.0,True,1,1
held_context,ff105a2b9caadb2f40b23b9e,замена стекла в межкомнатной двери,1.0,1.0,0.0,True,1,1
held_context,ff181e34bb01d7e76f978b4c,замена стекла в стеклопакете,1.0,1.0,0.0,True,1,1
held_context,ff80f3bc2fde389961d687fa,свадьба на природе,1.0,1.0,0.0,True,1,1
held_context,ffb66d077194889cb21113ff,аренда биотуалета,1.0,1.0,0.0,True,1,1
held_context,ffcd2790719e85fcef95e969,повесить зеркало,1.0,1.0,0.0,True,1,1
held_context,ffd67f089e70f27a5c5bd037,чистка сплит системы,1.0,1.0,0.0,True,1,1
held_context,00361eb2f0c70cece2254122,поиск по архивам,1.0,1.0,0.0,False,1,1
held_context,006ce696de21634eb56e7486,дом отдыха с бассейном снять,1.0,1.0,0.0,False,1,1
held_context,00778df480b4743739d72fe6,ремонт вывесок,1.0,1.0,0.0,True,1,1
held_context,01dcc87e32cc2cbca755c20c,куплю пустые баллоны из под фреона,1.0,1.0,0.0,True,1,1
held_context,01e1899f62d90850aaa245de,мастер класс по рисованию,1.0,1.0,0.0,True,1,1
held_context,01fbbf4d9774c9e76cbc0c1d,замена тачскрина,0.0,0.0,0.0,False,1,1
held_context,0221ed61789042b65776e837,анодирование,1.0,1.0,0.0,True,1,1
held_context,0258809c3471cc864929929b,восстановление аккумуляторов,1.0,1.0,0.0,True,1,1
held_context,0264342abf8d8733fe354062,восстановление информации с жесткого диска,1.0,1.0,0.0,True,1,1
held_context,02e8661aca9d210f53e91d12,чистка стирка ковров с вывозом,1.0,1.0,0.0,False,1,1
held_context,02ee09295be60aad31c0bdf2,пескоструйная обработка кирпича,1.0,1.0,0.0,False,1,1
held_context,04665ec2246b7885c4f79698,лофт,0.75,0.75,0.0,True,4,4
held_context,04ab050c46a87382af9ac8aa,установка акриловый вкладыша в ванну,0.0,0.0,0.0,False,1,1
held_context,0524c220c712147aa3394923,такси по городу,1.0,1.0,0.0,True,1,1
held_context,05859e26014cd366ae3191aa,проколы под дорогой,1.0,1.0,0.0,True,1,1
held_context,0612072d971f591dc4c9888f,изготовление памятников,1.0,1.0,0.0,True,1,1
held_context,067407b6649580d98af330cd,обслуживание бассейна,1.0,1.0,0.0,True,1,1
held_context,06760b855a1a7f77ced9536f,остекление балкона,0.0,1.0,1.0,True,1,1
held_context,06d38e35334e863cef106083,свет на свадьбу,1.0,1.0,0.0,True,1,1
held_context,06ff188f29ac18261a196823,баня с бассейном и мангалом,1.0,1.0,0.0,True,2,2
held_context,07bad2a4cd1366f424eac155,сплав на байдарках,1.0,1.0,0.0,True,1,1
held_context,07c889d8cb75d0c71301a1c6,установка зеркал,1.0,1.0,0.0,True,1,1
held_context,0827ce3161d6075b7db53394,резка плитки,1.0,1.0,0.0,True,1,1
held_context,08612c67cf5ebaa655781b86,ремонт крыши балкона,1.0,1.0,0.0,True,1,1
held_context,08a9fe7d295e82400d801903,экскурсия по владивостоку с авто,1.0,1.0,0.0,False,1,1
held_context,08dd3b84b788b85c73b88540,торт 3 шоколада,0.0,0.0,0.0,False,1,1
held_context,09064fdd91cbbb3503d4b170,пригоню авто из белоруссия,1.0,1.0,0.0,True,1,1
held_context,098ed95716091bfa988e0aae,пайка трубы пнд,1.0,1.0,0.0,True,1,1
held_context,09c041cdc40498c8b10309b8,водопровод из колодца,1.0,1.0,0.0,True,1,1
held_context,09d8fa64ad36d9f7d29b6b85,литье из алюминия,1.0,1.0,0.0,True,1,1
held_context,0a67bef5b161604b23f03630,подравнивание кончиков,1.0,1.0,0.0,False,1,1
held_context,0ac0e41a9ce9268cd578b244,ремонт газового бойлера,1.0,1.0,0.0,False,1,1
held_context,0b149994f2a3bcd8c029172f,вакцинация собак,1.0,1.0,0.0,True,1,1
held_context,0b7074844796bdb89e9533c9,отзывы яндекс,1.0,1.0,0.0,True,1,1
held_context,0c7561f35dab8c5a91a30245,ремонт нивелиров,1.0,1.0,0.0,True,1,1
held_context,0ca4da068af35f8228fe732f,тонар,1.0,1.0,0.0,True,1,1
held_context,0ce3d188aa8252a7f850792e,проектирование апс соуэ,1.0,1.0,0.0,True,1,1
held_context,0cff010c6e6ef21aa6f81dbc,отправка посылок из калининграда,1.0,1.0,0.0,True,1,1
held_context,0d2621068cd26cb501bd6668,проем в стене,1.0,1.0,0.0,True,1,1
held_context,0d3a478d25c45a551156af1a,аренда помещения на праздник,0.0,0.0,0.0,False,1,1
held_context,0d447a506ed1a8245adee247,мастер по ремонту ванной комнаты,0.0,0.0,0.0,True,1,1
held_context,0d44f47fe3c6b9f4a8f19b4c,пленка на крышу,1.0,1.0,0.0,True,1,1
held_context,0dfd2be004cf7343b6b8926a,вынести диван,0.0,1.0,1.0,True,1,1
held_context,0eb2fadf9f827cf955bc52be,чистка крыш,1.0,1.0,0.0,True,1,1
held_context,0eb392a005fa62be2b99aab1,авто под выкуп от частных лиц,1.0,1.0,0.0,False,1,1
held_context,0ecf633b23672f666cfef85c,полировка стекол автомобиля,1.0,1.0,0.0,True,1,1
held_context,0f0959275e0738fbcd7acd50,ремонт бамперов,1.0,1.0,0.0,True,1,1
held_context,0f57c768fb53e9e9d48d9140,занятия с кинологом,1.0,1.0,0.0,True,1,1
held_context,0f822a34839ec4c82a646325,замена дверного замка,1.0,1.0,0.0,True,1,1
held_context,0fb023962ef59cd89f07bd53,прошивка эбу ваз,1.0,1.0,0.0,True,1,1
held_context,1027521a7a005d9f9684ec9b,перевозки на дачу,1.0,1.0,0.0,False,1,1
held_context,108a52d0bbec815295fed809,авитолог,1.0,1.0,0.0,True,1,1
held_context,114a9fe8981fef8ba3c2350d,проектирование частных домов,1.0,1.0,0.0,True,1,1
held_context,116b69499a7fdf8d1b00308f,выкуп авто жигули,1.0,1.0,0.0,False,1,1
held_context,117aa7ef8b2e028701854952,няня с авто,1.0,1.0,0.0,False,1,1
held_context,1198db15e9c351cf60ba3749,дым на свадьбу,0.0,0.0,0.0,True,1,1
held_context,11cac9fdf9963ad550a0610c,продажа и установка кондиционеров,1.0,1.0,0.0,True,1,1
held_context,120cc3f5a7d2e782f018d2b0,услуги парикмахера стрижка,1.0,1.0,0.0,True,1,1
held_context,12289356c2716ce67a8eda9f,сайт,1.0,1.0,0.0,True,1,1
held_context,12c11fd46fb528aaae883ac2,прием картона,0.0,1.0,1.0,True,1,1
held_context,13432b4a937abf34bb83e8d8,ботокс лица,1.0,1.0,0.0,True,1,1
held_context,13470b5669d4134a234f47ef,ремонт гаражных ворот,1.0,1.0,0.0,True,1,1
held_context,13c66d0acb9fb124eac15359,ремонт пластиковых окон кудепста,1.0,1.0,0.0,False,1,1
held_context,13dc7a6084c0ddb11b5e7cd5,копка огорода мотоблоком,1.0,1.0,0.0,True,1,1
held_context,13f9cbe85c5f4e1dc87f4eeb,триколор,1.0,1.0,0.0,True,1,1
held_context,1411d32bd323b4023804668e,тонировка люберцы,1.0,1.0,0.0,False,1,1
held_context,14407777d56a6f7b47fa98c0,аренда авто выкуп,1.0,1.0,0.0,True,1,1
held_context,14aa428cfdb00d7dd471fe30,визитки на заказ типография,1.0,1.0,0.0,True,1,1
held_context,14ceda1281a3f2a51339cafe,лечебный массаж спины,1.0,1.0,0.0,True,1,1
held_context,15bb6b092d3bddd16d7d57d6,изготовление рвд,1.0,1.0,0.0,True,1,1
held_context,16ba4bb7b38d4671f52e17ff,ремонт цветочных холодильников,1.0,0.0,-1.0,False,1,1
held_context,16d97df1673e1f17fdc01e33,мастер по ремонту велосипедов,1.0,1.0,0.0,True,1,1
held_context,16e4f72d908591cec3bba725,детский логопед,1.0,1.0,0.0,True,1,1
held_context,170ed78081493c9d930e7edc,реболл видеокарт,1.0,1.0,0.0,False,1,1
held_context,17b8e6e216efade845b76e68,хамам с бассейном,1.0,1.0,0.0,True,1,1
held_context,17cb861553ab20242a17b39d,домик в лесу с чаном и баней,1.0,1.0,0.0,False,1,1
held_context,17e1f129b443245afd82fef9,отделка стен гипсокартоном,1.0,1.0,0.0,True,1,1
held_context,1837ec1982bb4c4c2a3a35df,прокол под дорогой,1.0,1.0,0.0,True,1,1
held_context,18419e23902179ad034c4225,активация скрытых функций и кодирование ford,1.0,1.0,0.0,False,1,1
held_context,1897dba925dc88b875384bc6,прокат карнавальных костюмов для взрослых,1.0,1.0,0.0,False,1,1
held_context,18e93534d7499ed5c28be277,ремонт подвески,1.0,1.0,0.0,True,1,1
held_context,190baf71ddbbc2a4f4b8b431,обслуживание пожарной сигнализации,1.0,1.0,0.0,True,1,1
held_context,19550f12dc1c57c739d6977c,юрист по административным делам,1.0,1.0,0.0,True,1,1
held_context,196a7e42dc12f863bfe24ba1,стены,0.0,0.0,0.0,False,1,1
held_context,19da69ef91d1db352bc42e37,тонировка окон дома,1.0,1.0,0.0,False,1,1
held_context,19f4418f9e1396702b0f024c,выкорчевать пень,1.0,1.0,0.0,True,1,1
held_context,1b52a3768fbdfe1f6c30c35f,бассейны/баня,0.0,0.0,0.0,False,1,1
held_context,1bdb17f61b78aee2490d487f,тренер по легкой атлетике,1.0,1.0,0.0,True,1,1
held_context,1c0fa8bdb735dafe380426ac,канализация под ключ,1.0,1.0,0.0,True,1,1
held_context,1c21a078b63977f47493a04a,раздача флаеров,1.0,1.0,0.0,False,1,1
held_context,1d15ad923151e88b80f45ebc,ремонт электроники пайка,1.0,1.0,0.0,True,1,1
held_context,1d63518b0879661a9e5b5758,окрашивание яркие цвета,1.0,1.0,0.0,False,1,1
held_context,1d94df454f6cfb3f7086c6de,ремонт дивана,1.0,1.0,0.0,True,1,1
held_context,1e86b491a98fecb5fcbc9b53,аренда ноутбука,1.0,1.0,0.0,True,1,1
held_context,1e9d8a266f8002c41b688270,ремонт и установка водонагревателей,1.0,1.0,0.0,False,1,1
held_context,1f169da3dc40da79c415131d,укладка брусчатки,1.0,1.0,0.0,True,1,1
held_context,1f4e04516f7ba246327020eb,аренда садового катка,1.0,1.0,0.0,False,1,1
held_context,1f5903b9db864046a509932d,трихолог,1.0,1.0,0.0,True,1,1
held_context,1f995fcbe1c58c8f71640571,илосос,0.0,0.0,0.0,True,1,0
held_context,2001f38abef2708f2e84f9dd,аниматоры синий трактор,1.0,1.0,0.0,True,1,1
held_context,2049dc662ebc6c7087857225,вывоз веток,1.0,1.0,0.0,True,1,1
held_context,2060e747974ce95561c6d50d,замена стекла samsung,1.0,1.0,0.0,True,1,1
held_context,206e9fe9c0cfb34949d43ce3,выкуп скутеров,1.0,1.0,0.0,True,1,1
held_context,20f6254feaf2b987cc890e4d,комплекс маникюр и педикюр,1.0,1.0,0.0,True,1,1
held_context,2109cc59839c204de9e362f2,установка молдингов химки,1.0,1.0,0.0,False,1,1
held_context,21b64082faed29d17c24e4c0,душевые,1.0,1.0,0.0,False,1,1
held_context,21c91c2259f592fba87ec22d,установка забора,1.0,1.0,0.0,True,1,1
held_context,21f9ce186ae646f9f19cc07e,столярные услуги,0.0,0.0,0.0,True,1,1
held_context,22228b97700db66682edad94,перевозка людей на микроавтобусе,1.0,1.0,0.0,True,1,1
held_context,2282764e558ccb78dddb3f95,детские танцы,1.0,1.0,0.0,False,1,1
held_context,228c17c94e54046ed13c8084,нанесение жидких обоев,1.0,1.0,0.0,True,1,1
held_context,22cf71881de7ee9ae6df00fa,пошив мягких игрушек на заказ,1.0,1.0,0.0,False,1,1
held_context,22ed394c7a034f1e52c8fd04,фотосессия женский портрет,1.0,1.0,0.0,False,1,1
held_context,238192980f76af5d62b4a935,выездной шиномонтаж,1.0,1.0,0.0,True,1,1
held_context,23b994aa81ac8eca7f8ed1a7,швейная фабрика,1.0,1.0,0.0,True,1,1
held_context,24357d425d507b893146a58f,трансфер сочи гудаута,1.0,1.0,0.0,False,1,1
held_context,245c374353ff45f526754855,водитель погрузчика аксай обучение,1.0,1.0,0.0,False,1,1
held_context,2489fff1ea64ed28bbc7f330,разблокировать iphone от айклауда,1.0,1.0,0.0,False,1,1
held_context,24a349166df0b97bbbf83e16,подкат,1.0,1.0,0.0,True,1,1
held_context,24d12e93b68cf5fc47a5dd91,фотограф и видеограф,1.0,1.0,0.0,True,1,1
held_context,2523574122a26f8bbcd8fc15,настройка vps под ключ,1.0,1.0,0.0,False,1,1
held_context,26c6502997b474975d5bec67,доставка пгс песок,1.0,1.0,0.0,False,1,1
held_context,26d32b89a1598c94cc4e3b3f,аренда лофта для вечеринки,1.0,1.0,0.0,True,1,1
held_context,26e0eac85359f0722804d229,ломовоз услуи,1.0,1.0,0.0,False,1,1
held_context,26ee235bad02a0e8b1484f9d,печать полиграфия,1.0,1.0,0.0,False,1,1
held_context,273a5748b745afc148dbb6bd,чистка консолей,1.0,1.0,0.0,True,1,1
held_context,279bfffbac5a4e349ce360b9,наращивание ногтей северный,1.0,1.0,0.0,True,1,1
held_context,27c595a49ff376f8a476f92c,монтаж пленки на окна,1.0,1.0,0.0,False,1,1
held_context,27ca0ead9102cebb4617c5a9,установка люстр,0.0,0.0,0.0,True,1,1
held_context,285aa23f1024376928cb103c,ишу работу уборка каждый день,1.0,1.0,0.0,False,1,1
held_context,289287c3d400552f29585c29,маркировка честный знак,1.0,1.0,0.0,True,1,1
held_context,28c37aa5850bbc23e926abfa,детское такси,1.0,1.0,0.0,True,1,1
held_context,28e5b8547fd00a055fe1235b,печать на флагах,1.0,1.0,0.0,True,1,1
held_context,29793a2eb3e8986c11e3e2a2,шоу на праздник,1.0,1.0,0.0,True,1,1
held_context,29f01b5aa4b55e0bb09a51a8,сургут ногти,1.0,1.0,0.0,False,1,1
held_context,2a43f293e55f93e1f7668bdc,разнорабочий голицыно,1.0,1.0,0.0,False,1,1
held_context,2a70f8133891e1a486e2b628,ремонт домофона видеодомофона,1.0,1.0,0.0,True,1,1
held_context,2a841d9d8763a9bb16625c1e,настройка карбюратора с выездом,1.0,1.0,0.0,False,1,1
held_context,2ac933a11b3e8807cacc7c04,вывоз мусора 15 кубов,0.0,0.0,0.0,False,1,1
held_context,2bc191a17dbc2a6b047f04e0,установить кондиционер,1.0,1.0,0.0,True,1,1
held_context,2c03d4e42dcad4dd6bf61899,эконометрика,1.0,1.0,0.0,False,1,1
held_context,2c05f7d7fed6fd141b639e7d,гнб,1.0,1.0,0.0,True,1,1
held_context,2c842a460d721480a6c88e9c,контейнер для мусора 8 м3 аренда,0.0,0.0,0.0,False,1,1
held_context,2cb512e192b460878403b147,разуклонка участка,1.0,1.0,0.0,True,1,1
held_context,2d76606077b6bbd8c8828625,винтовые сваи под ключ,1.0,1.0,0.0,True,1,1
held_context,2d948275dcf1db60a85ad71c,монтаж трубостойки,1.0,1.0,0.0,True,1,1
held_context,2dc8084acba3a050acd11064,домашняя еда на заказ,1.0,1.0,0.0,True,1,1
held_context,2dd002340e4be5f20ed17fc0,аренда бензогенератора,1.0,1.0,0.0,True,1,1
held_context,2e2299933efe78dc7ff4d6a0,регистрация честный знак,1.0,1.0,0.0,True,1,1
held_context,2e5f1bc58e94f0c76a13c204,трехгорка,1.0,1.0,0.0,False,1,1
held_context,2e8448063562c6b01cf8ba22,слесарь сантехник прочистка канализации,1.0,1.0,0.0,False,1,1
held_context,2eaf36d2076020c259ffdede,покраска решеток на окнах,0.0,0.0,0.0,True,1,0
held_context,2f480c0f89256e72b78c96aa,сантехник люберцы,1.0,1.0,0.0,True,1,1
held_context,314424c8effc2b62f7c061b7,банный чан,1.0,1.0,0.0,True,1,1
held_context,31471d89ce02c99b9e482138,бетононасос,1.0,1.0,0.0,True,1,1
held_context,318b577d6990999cc072d87b,замена смесителя,1.0,1.0,0.0,True,1,1
held_context,31f6041bc18dd35477590f19,наращивание биопротеин,1.0,1.0,0.0,True,1,1
held_context,324d37d6e68ad8090a844a99,липолитики лицо,1.0,1.0,0.0,True,1,1
held_context,3268e03712451fe929769537,роль ставни ремонт,0.0,1.0,1.0,False,1,1
held_context,330dcfdb1bdd0ac17d84e268,ремонт мягкой кровли гаража,1.0,1.0,0.0,True,1,1
held_context,33143b83626871dc8a46a428,трендовое наращивание ресниц,1.0,1.0,0.0,True,1,1
held_context,33a7f391cd8455df3617c4c7,психолог бесплатно,0.0,0.0,0.0,True,1,1
held_context,33be86259c4166e7c8443b3f,коворкинг для визажиста,1.0,1.0,0.0,False,1,1
held_context,33f5a7942aa695f8605ce916,полуфабрикаты,1.0,1.0,0.0,True,1,1
held_context,341bed48d1c38e4547849632,септик из бетонных колец,1.0,1.0,0.0,True,1,1
held_context,3488fb2998b4872bac083c5f,картина на холсте,1.0,1.0,0.0,True,1,1
held_context,34a680f01383bfca73820022,симферополь-краснодар,1.0,1.0,0.0,False,1,1
held_context,34abdecd77038ec7f7004b61,ремонт механизма дивана,1.0,1.0,0.0,False,1,1
held_context,34bf66e88ae99444417e5c00,газель пассажирская,1.0,1.0,0.0,True,1,1
held_context,34c0775fb084c7041a8b8a59,байер zara,1.0,1.0,0.0,True,1,1
held_context,351e46b2da99611340accf9a,очистка вентиляции,1.0,1.0,0.0,True,1,1
held_context,354d64b1b4321d40d871542d,обшивка вагонкой,1.0,1.0,0.0,True,1,1
held_context,364215e291c4370117655546,массаж в спб расслабляющий с релаксам,0.0,0.0,0.0,False,1,1
held_context,3695a4bfa420cdd433031a56,поклейка и покраска обоев,1.0,1.0,0.0,True,1,1
held_context,36c1914a76db7635e150941d,аренда бобкета,1.0,1.0,0.0,True,1,1
held_context,3809a0e7d1d139e11ea922cc,автомастерская,1.0,1.0,0.0,True,1,1
held_context,3829db78767fa1ac71b5d4dc,аренда туры 15 метров,1.0,1.0,0.0,False,1,1
held_context,38af83195e1c9ddc9708c0de,снять авто с учета,1.0,1.0,0.0,True,1,1
held_context,38d005ef30f54c467bafc4cb,разрешение перевозчика такси,1.0,1.0,0.0,True,1,1
held_context,393319fcbe81e2eb4344f3d6,пылесос для химчистки,1.0,1.0,0.0,True,1,1
held_context,39ccc73748db7cf3c2c68a18,копка сливных ям,1.0,1.0,0.0,True,1,1
held_context,3a735699d7e10e66486d6aa3,частный займ,1.0,1.0,0.0,True,1,1
held_context,3b6ff3fb2df553f403a3acec,монтаж систем водоснабжения в квартире,0.0,0.0,0.0,False,1,1
held_context,3b75415337cd02cdc526719b,управляющий арбитражный,1.0,1.0,0.0,False,1,1
held_context,3b9a3c646357a115d88df3aa,ремонт телефонов iphone невидит симкарту упал и не включается,1.0,1.0,0.0,False,1,1
held_context,3be16074b1909bba0080dcf3,перенос откатных ворот,1.0,1.0,0.0,False,1,1
held_context,3bf11e7436f07462d3a10e00,ремонт скутеров с выездом,1.0,1.0,0.0,False,1,1
held_context,3c02c33503d10f9cf693d5c4,реставрация фотографий,1.0,1.0,0.0,True,1,1
held_context,3c1e02771409f62d928dae92,фрезеровка бетона,1.0,1.0,0.0,True,1,1
held_context,3d0d1af92c016f63149f8ab5,ремонт ресиверов denon,0.0,0.0,0.0,False,1,1
held_context,3d3e5adae4b34546acef8371,массаж на дому для мужшин,0.0,0.0,0.0,True,1,1
held_context,3d3f7f1538aa37bbea7b03c7,отделка балконов лоджий,1.0,1.0,0.0,False,1,1
held_context,3da9fa2ff778b59770863c64,восстановление данных,1.0,1.0,0.0,True,1,1
held_context,3dd13d4d30c2150a82283312,юрист по разводу,1.0,1.0,0.0,False,1,1
held_context,3df8e4d10763bab1cfdb279c,постановка на учет квадроцикла,1.0,1.0,0.0,True,1,1
held_context,3e22d0829475bbc84b5fa1cc,услуги разнорабочих,1.0,1.0,0.0,True,1,1
held_context,3e4253c6801ca5d6ee7a97ff,демонтировать ламинат,1.0,1.0,0.0,False,1,1
held_context,3f091fff4e107a800229665f,мастер по увеличению губ,1.0,1.0,0.0,True,1,1
held_context,3faf8b5f46b56b5700644aa3,английский для репетиторов,1.0,1.0,0.0,False,1,1
held_context,3fe8c5c53144e2facbf56f5a,внесение изменений в конструкцию автомобиля,1.0,1.0,0.0,True,1,1
held_context,3ff910dcb8fcf26810b634a3,монтаж скрытого плинтуса,1.0,1.0,0.0,True,1,1
held_context,40385093824aa446bc9901ed,ремонт перемотка динамиков,1.0,1.0,0.0,False,1,1
held_context,403aa0f2e3737836b3148f66,швея портной,1.0,1.0,0.0,True,1,1
held_context,4093f64fcf9dd38be49562bd,вспашка культивация,1.0,1.0,0.0,True,1,1
held_context,40bd0ad156a3014a4cf2bd0e,установка музыки в автомобили,1.0,1.0,0.0,True,1,1
held_context,41a8bfbf0e6cdcd7ef44987b,домофон мастер,1.0,1.0,0.0,False,1,1
held_context,4247d2c019373332a565eb26,репетитор математики,1.0,0.0,-1.0,True,1,1
held_context,4281087fd870cff4bae95700,вставить дверь,1.0,1.0,0.0,True,1,1
held_context,4325ee8b91b25e050577c98d,аренда фрезера по дереву,1.0,1.0,0.0,False,1,1
held_context,4357b4b7f2ce0778f88ff7da,вывоз мусора печатники,1.0,1.0,0.0,False,1,1
held_context,43833ad9ed33ba8d3fe8b9a8,прием металолома,1.0,1.0,0.0,True,1,1
held_context,439a537f5e27972bc6bd154b,замена раковины в кухонном гарнитуре,1.0,1.0,0.0,False,1,1
held_context,439dc6683621985542bb30b2,автобус межгород,1.0,1.0,0.0,True,1,1
held_context,439eb446fe871fcdc3bb0f5d,армянский ансамбль,1.0,1.0,0.0,False,1,1
held_context,43ab4c77a64adfaa8aec882b,скупка шин,1.0,1.0,0.0,True,1,1
held_context,440ab92d6bf7e403a6d03627,косметолог увеличение губ,1.0,1.0,0.0,True,1,1
held_context,440cab6baf5b1a6a7f4876c1,баня с мангалом,1.0,1.0,0.0,True,1,1
held_context,443624e998e5eba94e6d9fd9,заправка кондиционера машины,1.0,1.0,0.0,True,1,1
held_context,443a1cb79df6c031d120926f,личный инструктор по фитнесу,1.0,1.0,0.0,False,1,1
held_context,44517627bac4d26ff606c7e9,сваи фундамент,1.0,1.0,0.0,False,1,1
held_context,448eb91f6425c0fcb20ddd6b,удаление новообразований,1.0,1.0,0.0,True,1,1
held_context,44ca7551019cdf7bae9e7eba,сабельная пила аренда,1.0,1.0,0.0,True,1,1
held_context,450c0d48627c34b5312b1c4a,авто из белоруссии,1.0,1.0,0.0,True,1,1
held_context,45904a50fcfb75fd10357a74,ремонт стеклоподъемников,1.0,1.0,0.0,True,1,1
held_context,463db70b2dae4aa86877001d,прошить ps4,1.0,1.0,0.0,True,1,1
held_context,464bce404d16ed020b3ad4ae,замена кухонных столешниц,1.0,1.0,0.0,True,1,1
held_context,4652ed355793fae088f386d4,ростов донецк,1.0,1.0,0.0,False,1,1
held_context,46916144e715996e4513737f,монтажник зеркал,1.0,1.0,0.0,False,1,1
held_context,47b476ed9ea26157eb14ffe9,сколы на лобовом,1.0,1.0,0.0,True,1,1
held_context,47cbd44e86d5685d0c7cdf3c,снять кабинет в аренду,1.0,1.0,0.0,True,1,1
held_context,481059d98f37d8b45aae6b6e,скупка смарт часов,1.0,1.0,0.0,True,1,1
held_context,48ac94bf6e474cd2a6e7f003,неоновая вывеска на заказ,1.0,1.0,0.0,True,1,1
held_context,4901a5af5d8ea6fa1d5e6b3d,чертежи в компасе,1.0,1.0,0.0,True,1,1
held_context,4939a2ba3818ee97d9cb4234,ремонт литиевых аккумуляторов,1.0,1.0,0.0,True,1,1
held_context,49910714bde0ca3f3c187db6,грузоперевозки 3 тонны,1.0,1.0,0.0,True,1,1
held_context,49a04b9c52bf6636cf2e17bd,окрашивание волос модель рыжый,0.0,0.0,0.0,False,1,1
held_context,4a951602e0768f2599d7fe1f,составить бизнес план,1.0,1.0,0.0,True,1,1
held_context,4c26733dec7650fa543c05a8,сценарист,1.0,1.0,0.0,True,1,1
held_context,4c47dee6500b7b12af3a8b2a,первичная аккредитация,1.0,1.0,0.0,False,1,1
held_context,4cc8e5903068f4c39153e8ee,кафельщик работа,1.0,1.0,0.0,True,1,1
held_context,4d68c0a412a7da4a16cd4e70,услуги переезда с грузчиками,1.0,1.0,0.0,False,1,1
held_context,4e4b1c8b887613ea9540a060,pdr,1.0,1.0,0.0,True,1,1
held_context,4e575cc63561eeba689c92f8,поездка на мотоцикле,1.0,1.0,0.0,True,2,2
held_context,4e734d10df402739f03e2de1,септик из бетонных колец под ключ,1.0,1.0,0.0,True,1,1
held_context,4eb3f1388115c2bf1075d32f,хорарный вопрос,1.0,1.0,0.0,True,1,1
held_context,4ed2064143d07e50fbedf998,педикюр подолог,1.0,1.0,0.0,True,1,1
held_context,505d5f394da0edd1a88f12be,наращивание ресниц 2d,1.0,1.0,0.0,True,1,1
held_context,514e603f343b606557dc7062,свадебный образ,1.0,1.0,0.0,True,1,1
held_context,51b3bf9141044bdf6714904c,скупка моторов двс,1.0,1.0,0.0,True,1,1
held_context,51f6f9065808571d5d28107f,косметология,1.0,1.0,0.0,True,1,1
held_context,51fff93362627c2f235b76f6,пескоструйка,1.0,1.0,0.0,True,1,1
held_context,5215bb2bbee27ebceab68ff6,скупка монет ссср,1.0,1.0,0.0,True,1,1
held_context,52559ba2a7427b8616af63e6,регистрация по месту жительства,1.0,1.0,0.0,False,1,1
held_context,52ad1e0308b92a5da999b834,реставрация керамогранита,0.0,0.0,0.0,True,1,1
held_context,52e573fd6dc661cab6569013,изготовление вывесок,1.0,1.0,0.0,True,1,1
held_context,531c090e1e93b0b136bd80a7,заправка кондера в авто,1.0,1.0,0.0,False,1,1
held_context,535c9bd2aecdc15f6aa51865,выкуп электроники,1.0,1.0,0.0,True,2,2
held_context,5374f278afa574e9738ea749,скупка стекла,1.0,1.0,0.0,False,1,1
held_context,53b5faa4c276a71f2b0de6cf,ремонт откосов,1.0,1.0,0.0,True,1,1
held_context,54511deb3cf0c59d750c4502,аренда террасы,0.0,0.0,0.0,True,1,1
held_context,548808be23a0ea698b532157,вскрытие замков дверей квартиры,1.0,1.0,0.0,True,1,1
held_context,54f262fc637a1bbbea329d7b,газель по городу,1.0,1.0,0.0,True,1,1
held_context,5560a8624e63b9c050fdc60f,шелкография,1.0,1.0,0.0,True,1,1
held_context,55b1b6bc11a2bcc32afc42fd,штроборез в аренду,1.0,1.0,0.0,True,1,1
held_context,55ca0d0ad242a3e244f1d546,коррекция тату,1.0,1.0,0.0,True,1,1
held_context,55f60e0e3d3d6bf2dd1559f5,натяжные стены тихие,1.0,1.0,0.0,False,1,1
held_context,56097063ad0acb914e9b0365,замена шкворней,1.0,1.0,0.0,True,1,1
held_context,56522e00f757e318ef491ad7,скупка кислородных баллонов,1.0,1.0,0.0,False,1,1
held_context,56f329edf9dbbf278c36106c,вывоз старой плиты,1.0,1.0,0.0,False,1,1
held_context,57572e2e78551c5619f19613,ламинирование волос,1.0,1.0,0.0,True,1,1
held_context,57a5ab3564b709ff553f9539,услуги сваекрута,1.0,1.0,0.0,False,1,1
held_context,57c0f63c9907ac51e3dbe11d,аренда автобуса на свадьбу,1.0,1.0,0.0,True,1,1
held_context,58339e79e5e4a6a948c5ec12,прокат посуды,1.0,1.0,0.0,True,1,1
held_context,58784b72c14e701238326af5,перевозка замороженных продуктов,1.0,1.0,0.0,True,1,1
held_context,58fee2c24d1ea8005b9257bf,медведя федерико феллини,1.0,1.0,0.0,False,1,1
held_context,5915c00fcfb802535502db7f,записаться на ресницы,1.0,0.0,-1.0,False,1,1
held_context,599e330ddcde06c8cd0906e2,ремонт мониторов,1.0,1.0,0.0,True,2,2
held_context,5ae602dd3f11d7a6a46d6f61,рыбалка на белом море,1.0,1.0,0.0,False,1,1
held_context,5aed053fe64f26ba10ad8fb0,скупка айфонов на запчасти,1.0,1.0,0.0,True,1,1
held_context,5b420f004bb22bf9a30ac5f7,реставрация мрамора,0.0,0.0,0.0,False,1,1
held_context,5c67bbe91b4fcc3c2a5cb201,русификация китайских автомобилей,1.0,1.0,0.0,True,1,1
held_context,5c7ae81cdc257202e436c79f,курсы обучение наращивание ресниц,1.0,1.0,0.0,True,1,1
held_context,5cadd5a3606b06a498c4959b,продать авто на разбор,1.0,1.0,0.0,True,1,1
held_context,5cbd59aa7c4f530befaf6e7f,ремонт мобильных телефонов,1.0,1.0,0.0,True,1,1
held_context,5d33483590e75fefcf5d76be,автосервис ниссан,1.0,1.0,0.0,False,1,1
held_context,5d4c13e46e9b889f9936d18e,шпаклевка стен под обои,1.0,1.0,0.0,True,1,1
held_context,5d88d2e2c0257db2e854f619,кастрация крыс,1.0,1.0,0.0,True,1,1
held_context,5dc3662c682e3ed8330cf8b5,аренда автомобиля с водителем s class,1.0,1.0,0.0,False,1,1
held_context,5dc698e7c0560409d59c5cfd,слесарь ремонт замков двери,1.0,1.0,0.0,False,1,1
held_context,5dd513a845e7e6c2654acab8,стирка ковров с вывозом,1.0,1.0,0.0,True,1,1
held_context,5efb7cf46b32768618c6f097,волосковые брови,1.0,1.0,0.0,True,1,1
held_context,5f0d5d9ea0e214e0734e4d5d,репетитор по флейте,1.0,1.0,0.0,True,1,1
held_context,6081417e4111f0c8fdb4285c,экспертиза квартиры,1.0,1.0,0.0,True,1,1
held_context,608237cda5c298eeb3cd223d,автоперевозки,1.0,1.0,0.0,True,1,1
held_context,609be1e3e2125ac2fcacf9ea,лабораторное шоу аниматоры,1.0,1.0,0.0,False,1,1
held_context,61834e30f2a8b96acaa97669,дома из клееного бруса,1.0,1.0,0.0,True,1,1
held_context,619151dcaca7a98cf6f33375,восстановить телеграмм,1.0,1.0,0.0,False,1,1
held_context,619657b19bb59d3dc6968fef,вывоз грунта,1.0,1.0,0.0,True,2,2
held_context,61d6608b58a626c9751c9a19,баня кумысная поляна,1.0,1.0,0.0,False,1,1
held_context,61e0827eaf21e9cf4b7c9969,написание статьи вак,1.0,1.0,0.0,False,1,1
held_context,61f7804bc7f8cc199dc01d5d,табличка из нержавейки на крест,1.0,1.0,0.0,False,1,1
held_context,620178d42e2acf93daabb240,вывоз ненужной мебели бесплатно,1.0,1.0,0.0,True,2,2
held_context,621278a99d5f276e2c43eed2,отдых,1.0,1.0,0.0,True,1,1
held_context,623cb6f957b656d9430fe690,липолиз,1.0,1.0,0.0,True,1,1
held_context,6299af6f9a3fc5b3a0751635,заберу металлолома,1.0,1.0,0.0,False,1,1
held_context,62f909ec0df8654d9c6c1a87,учитель гитары,1.0,1.0,0.0,True,1,1
held_context,631d92a2acb02e1d4a141b7e,сантехнические перегородки,0.0,0.0,0.0,False,1,0
held_context,6396ef4510f51109e9394d9d,грузо такси,1.0,1.0,0.0,True,1,1
held_context,63b5865612c6704a469f571c,услуги электрика электромонтаж,1.0,1.0,0.0,True,1,1
held_context,63f2d63ebba7001a1022f449,сборщик кухни,1.0,1.0,0.0,True,1,1
held_context,642371d95f9b8259c15444fa,услуги юриста бесплатная консультация,1.0,1.0,0.0,True,1,1
held_context,649f29f6cc3a546280d9c4d7,рефенансирование кредита,1.0,1.0,0.0,True,1,1
held_context,64a840ba6c2e625559d5b466,укладка волос прически,1.0,1.0,0.0,False,1,1
held_context,64bbafe552fc4acf296791f4,аренда стремянки,1.0,1.0,0.0,True,1,1
held_context,64ebaf2235b66837e19a3d26,1 с,1.0,1.0,0.0,False,1,1
held_context,650237996935749da72af3c1,виза в китай,1.0,1.0,0.0,True,1,1
held_context,6534edfe82166bfb712fda08,отделка бани,1.0,1.0,0.0,True,1,1
held_context,655e3ab5c0d32ce2f5b76b0a,собеседник на час мужчина,1.0,1.0,0.0,False,1,1
held_context,6568a627be692fb735eedae9,установка системы очистки воды,1.0,1.0,0.0,True,1,1
held_context,656dfbfc8d5387f224f409a1,снос домов,1.0,1.0,0.0,True,1,1
held_context,65bc3bac07fff193dfe6bbd0,трансфер маршрутка,1.0,1.0,0.0,True,1,1
held_context,65e6d23bf2cd7c181d849f64,семейный адвокат,1.0,1.0,0.0,True,1,1
held_context,6692e56f32bdfeb3b6119945,мужской психолог,1.0,1.0,0.0,False,1,1
held_context,66c5e742ec3151e18ca38ab0,услуги по переезду,1.0,1.0,0.0,False,1,1
held_context,66c6371fe22a29045aaaa2ec,почасовая аренда массажного кабинета,1.0,1.0,0.0,True,1,1
held_context,66d4a051d0c2565d8ef1ce4e,шары цифры,1.0,1.0,0.0,True,1,1
held_context,66f5403a2e51b6793bb81824,аренда оборудования,1.0,0.0,-1.0,True,1,1
held_context,6733e9e82fb089f9601eb7da,видеосъемка,1.0,1.0,0.0,True,1,1
held_context,685adf7d3bd3fe45ca3c440c,изготовление статуэток,0.0,1.0,1.0,False,1,1
held_context,689a8a9d1df0bdb874708cc0,обучение массажу,1.0,1.0,0.0,True,1,1
held_context,689efdec344c06a560dfde29,сварочные работы аргон,1.0,1.0,0.0,True,1,1
held_context,689f78c985c83d50fa7ea975,прическа на выпускной в школу,1.0,1.0,0.0,False,1,1
held_context,697bd82ee7390e1ac3df9fb3,установка стеновых панелей,1.0,1.0,0.0,True,1,1
held_context,69a3acb6759e74719ccd67ed,газонный каток в аренду,1.0,1.0,0.0,False,1,1
held_context,69e552bc67b838c8ecd26ff5,услуги ямобура бурение,1.0,1.0,0.0,True,1,1
held_context,6b435ba117274ddc3bd78f1d,снести стену,1.0,1.0,0.0,True,1,1
held_context,6b86863dd7278e2c44fad8d9,скупка вывоз и утилизация бытовой техники,1.0,1.0,0.0,True,1,1
held_context,6bb5c4364871bc0ab567809d,обучение педикюр,1.0,1.0,0.0,True,1,1
held_context,6bf49773fd96aa37a70c31ae,доставка мебели по городу кемерово,1.0,1.0,0.0,False,1,1
held_context,6bff2e6ef63aa281199ded33,скупка мотоциклов,1.0,1.0,0.0,True,1,1
held_context,6c780c2b4d7cc89177d2a209,спутниковый интернет,1.0,1.0,0.0,True,1,1
held_context,6ce15352c64f5edcd63b3688,аренда обжим,1.0,1.0,0.0,False,1,1
held_context,6cea5d9c7f0953949cf803af,вынос старой мебели из квартиры,1.0,1.0,0.0,False,1,1
held_context,6d0fc8416389707aff63c53a,инструктор по вождению lada granta,1.0,1.0,0.0,True,1,1
held_context,6e097d102e428235a19ab40e,ретушь фотографий на памятник,1.0,1.0,0.0,True,1,1
held_context,6e1efc155a429b8b3cd739a3,просушка квартиры после затопления,1.0,1.0,0.0,True,1,1
held_context,6e6d601d78cceec19ded7d56,разблокировать iphone,1.0,1.0,0.0,True,1,1
held_context,6e925018b290d1124025216b,аренда салона красоты,1.0,1.0,0.0,True,1,1
held_context,6f3aeacf405ac634582f563e,мастер по напольным покрытиям,1.0,1.0,0.0,False,1,1
held_context,6f5b5185c9ed085c550d24c8,реанимация растений,1.0,1.0,0.0,False,1,1
held_context,6f92ae7f9e888718b341aa4a,удаление краш даты,1.0,1.0,0.0,False,1,1
held_context,6fcffbef5e43c700600b7572,полиграфические услуги,1.0,1.0,0.0,False,1,1
held_context,6fddbfd3bbe1dc66c1b6f56e,технический проект планировки,1.0,1.0,0.0,False,1,1
held_context,7028e966c520fc23181282f1,дверные проемы,1.0,1.0,0.0,False,1,1
held_context,7034d4fcf30a3f739119c290,макаронс,1.0,1.0,0.0,True,1,1
held_context,7077c015c694a714f97544d6,заправка фрионом,1.0,1.0,0.0,True,1,1
held_context,70a445f791d79a2b8f00c8ac,изготовление штампа,1.0,1.0,0.0,False,1,1
held_context,714cf445c1d327453f9aab2e,услуги педикюра,1.0,1.0,0.0,True,1,1
held_context,71731a2f78f7541c6541ef88,промывка отопления,1.0,1.0,0.0,True,2,2
held_context,721df29b330347c3a41171bf,открыть машину ло,1.0,1.0,0.0,False,1,1
held_context,721ef7d19fff33a48a0e403b,power query,1.0,1.0,0.0,False,1,1
held_context,722aba67395afbd7c57e8cbb,банщик,1.0,1.0,0.0,True,1,1
held_context,7255c291d8ddc3630922f261,ремонт тентов полуприцепов,1.0,1.0,0.0,True,1,1
held_context,729c0b77b5133868f5eca13f,монолитчики,1.0,0.0,-1.0,True,1,1
held_context,72f9cd085cf811d2f77eaac6,доставка земли грунта,1.0,1.0,0.0,False,1,1
held_context,737b454fd6ed696c7a5cb806,отсыпка участка выравнивание,1.0,1.0,0.0,True,1,1
held_context,73ba7455e5f5a9b1c4fa6c54,гальваника,1.0,1.0,0.0,True,1,1
held_context,73c142e19f6e50d07d9909b8,замена счетчиков воды,1.0,1.0,0.0,True,1,1
held_context,73c24e07de36b21c69698251,сварка аргоном выезд,1.0,1.0,0.0,True,1,1
held_context,753c9360b7d2d23cb4f7677c,3д печать на заказ,1.0,1.0,0.0,True,1,1
held_context,7631ddec27e2ae261870326e,подготовка к школе 1 класс,1.0,1.0,0.0,True,1,1
held_context,7642d75f03ef7b595d534700,татуаж,1.0,1.0,0.0,True,1,1
held_context,76e5e25c66700e93026dce19,курсы кройки и шитья,1.0,1.0,0.0,True,1,1
held_context,77645fb0b4eeb92cbb2bb9ec,принимаем катализаторы,1.0,1.0,0.0,True,1,1
held_context,77a791379107bacda7fa15ba,кладка газоблока,1.0,1.0,0.0,True,1,1
held_context,78b232507d602b02d4ece50f,памятник из гранита,1.0,1.0,0.0,True,1,1
held_context,78c9f053621ceaa113360465,образ невесты,1.0,1.0,0.0,True,1,1
held_context,78dd7bd221a90f0a5d185b9f,кровельные работы,1.0,1.0,0.0,True,1,1
held_context,78ee778cdf377e416936d8e1,груминг с выездом на дом,1.0,1.0,0.0,True,1,1
held_context,78eec6722fb8b5ee1b2edf7b,аренда kia k5 на свадьбу,1.0,1.0,0.0,False,1,1
held_context,796a17a24f13d025355793ac,платная рыбалка,0.0,0.0,0.0,True,1,1
held_context,797c9b5fde9afd1747911c61,перетяжка кухонных фасадов пленкой,1.0,1.0,0.0,True,1,1
held_context,7a9ceb34bb7f749b26385108,установка напольных плинтусов,1.0,1.0,0.0,True,1,1
held_context,7a9d31690fbcf59e96d23235,аренда тепловизор,1.0,1.0,0.0,False,1,1
held_context,7b092f3ab456670944b0c239,иглоукалывание,1.0,1.0,0.0,True,1,1
held_context,7b0d38bceff0880411a398d1,юрист по вопросам жкх,1.0,1.0,0.0,True,1,1
held_context,7b777105f038406e27e88b9b,отсыпка щебнем,1.0,1.0,0.0,True,1,1
held_context,7bf2f91b08046a4e51da11ae,аренда помещение для праздника,1.0,1.0,0.0,True,1,1
held_context,7c2bb4e89ae957aa2dbd1cf4,аренда электровелосипеда u2,1.0,1.0,0.0,True,1,1
held_context,7c57a20250cb91edf97c6e8b,монтаж гипсокартона,1.0,1.0,0.0,True,1,1
held_context,7c87081528b7409a8dab59aa,вывеска реклама,1.0,1.0,0.0,True,1,1
held_context,7ce390dafe2588a24a967813,вывоз мусора контейнером 20 м3,1.0,1.0,0.0,True,1,1
held_context,7e1ff72b9479ce772733d737,скупка катализатора,1.0,1.0,0.0,True,1,1
held_context,7e4e0b39e600913579ba5492,перевозка посылок из калининграда в россию,1.0,1.0,0.0,False,1,1
held_context,7e8c33701fabbe147be9dfc0,установка мдф панелей на двери,1.0,1.0,0.0,False,1,1
held_context,7eaa3a8c182933078b79b825,поездки геленджик с горячего,1.0,1.0,0.0,False,1,1
held_context,7f0bb2b6ddc04aa1b6cc933d,машинная вышивка на заказ на одежде,1.0,1.0,0.0,True,1,1
held_context,7f66f2612561159108efe013,электровелосипед,1.0,1.0,0.0,True,1,1
held_context,7f853fd4ccc0f1cf2bcf8946,вспахать участок мини тракторои,1.0,1.0,0.0,False,1,1
held_context,7ffb32c094ff42132a41d0fd,обустройство скважины,1.0,1.0,0.0,True,1,1
held_context,800eaa1642100a64b5bf1588,ремонт партативной электростанции,1.0,1.0,0.0,False,1,1
held_context,80661859c374706d01d82c5d,промышленная безопасность,1.0,1.0,0.0,True,1,1
held_context,8068b343cfc703d9b056f0d6,такси из астаны,1.0,1.0,0.0,False,1,1
held_context,807bdd4ab2e51e4e976a916f,баня с чаном в аренду,1.0,1.0,0.0,True,1,1
held_context,809efb621093c30cf7702756,африканские косички,1.0,1.0,0.0,True,1,1
held_context,80fde39144702db46177edf9,мойка днища на подъемнике,1.0,1.0,0.0,True,1,1
held_context,810c53415a82a9106b42562a,чистка подушек,1.0,1.0,0.0,True,1,1
held_context,810f009bea9a321c59534d31,ремонт холодильного оборудования,1.0,1.0,0.0,True,1,1
held_context,814c60dc28d0cd7a285a62e0,ремонт нинтендо свич,1.0,1.0,0.0,True,1,1
held_context,814db22045d2690b53a99b3d,обучение прическам,1.0,1.0,0.0,True,2,2
held_context,814eb8ebfd00974d89ecc5b2,заливка бетонного пола в гараже,1.0,1.0,0.0,False,1,1
held_context,818e60e3fded3e3d40ff1b56,тренер по шахматам,1.0,1.0,0.0,True,1,1
held_context,820951fbd4225935e7e2d531,аренда дома с чаном и баней,1.0,1.0,0.0,True,1,1
held_context,82acb48fdb5cd846b8777b3a,ремонт велосипедов на дому,1.0,1.0,0.0,False,1,1
held_context,83525d2cedf6cbbb39abca2f,восстановить удаленные файлы,1.0,1.0,0.0,False,1,1
held_context,8354c3ac0db922289136dea4,трансфер грузия,1.0,1.0,0.0,True,1,1
held_context,836711f25e56c388d53dec83,замена катализатора киа рио 3,1.0,1.0,0.0,False,1,1
held_context,84ee33cfb7981b78b36a1f62,обучение excel,1.0,1.0,0.0,True,2,2
held_context,85a8d4e0b1909c4796287fa6,чистка ковров на дому,1.0,1.0,0.0,True,1,1
held_context,85fd755ec4146d3842275134,химчистка салона авто,1.0,1.0,0.0,True,1,1
held_context,86db694a8eff8f1448164057,услуги крана манипулятора,1.0,1.0,0.0,True,1,1
held_context,86e9eea1e9363f534350e6ca,ассенизация,0.0,0.0,0.0,False,1,1
held_context,8789f7026239dac90beec09b,шатуш,1.0,1.0,0.0,True,1,1
held_context,8818a480a2f2d264f11f7e4b,починка iphone,1.0,1.0,0.0,True,1,1
held_context,888f70e45cac5a1a36f89f79,аренда мебели,1.0,1.0,0.0,True,1,1
held_context,8893b6492252810e9ce9a9cd,пирсинг модель,1.0,1.0,0.0,True,1,1
held_context,889ba46ed8db70f0ed57acfd,фундамент под ключ,1.0,1.0,0.0,True,1,1
held_context,8a9e9162a798cc173c4e4150,сделать ключ от домофона,1.0,1.0,0.0,True,1,1
held_context,8affe98cd9a8aa7c35b904ab,преподаватель по вокалу,1.0,1.0,0.0,True,1,1
held_context,8b01d1a9f85a9d6dae786fbc,детали машин,0.0,0.0,0.0,True,1,0
held_context,8bec7f5f00adbabdf7390d6b,ремонт электро самокатов,1.0,1.0,0.0,True,1,1
held_context,8c04d0d26a1f2c91ad050165,кудри,1.0,1.0,0.0,True,1,1
held_context,8c6a33158e8dc032b78aacf1,аренда porsche,0.0,0.0,0.0,True,1,1
held_context,8c857edcb18c3961b77d799e,наращивание цветных прядей,1.0,1.0,0.0,True,1,1
held_context,8c8cc167dbfe8518babf63b5,заточка,1.0,1.0,0.0,True,1,1
held_context,8cce1ab3adab73f89e00538a,грузоперевозки газель маленькая,1.0,1.0,0.0,True,1,1
held_context,8cf3516a7d9d7c96b49bd7f8,оформление гбо на автомобиль,1.0,1.0,0.0,True,1,1
held_context,8d32af30a49db48d37573bc0,печать фотографий в стиле polaroid,1.0,1.0,0.0,True,1,1
held_context,8d344d38942fa49ce4717f4b,печать журналов,1.0,1.0,0.0,True,1,1
held_context,8e19c5a5530ee11fec9dbdeb,сборка кухонного гарнитура,1.0,1.0,0.0,True,1,1
held_context,8e5c85ce266ae53229639d9b,семейный домик с баней,1.0,1.0,0.0,False,1,1
held_context,8eb88ca28f12b7a0489078eb,моющий пылесос для мебели в аренду,1.0,1.0,0.0,True,1,1
held_context,8ed2d4a018119a3687ffeae8,маникюр наращивание модель,1.0,1.0,0.0,True,1,1
held_context,8f063eb9001f5c14d37fd3bd,аренда газонокосилки,1.0,1.0,0.0,True,1,1
held_context,8f0cb03ddcafcc56ca046d96,устаноака кондиционера,1.0,1.0,0.0,True,1,1
held_context,8f3a48e89d6e9b794476cbac,заказать мишку,1.0,1.0,0.0,False,1,1
held_context,8f4d958fe1282a4ca6422dc6,заливка бетона во дворе,1.0,1.0,0.0,True,1,1
held_context,8fa7df2f0e80b164dd2a0ed7,беседки для отдыха,1.0,1.0,0.0,True,2,2
held_context,8fb11330f50762320ab99f56,компьютерные мастера,0.0,0.0,0.0,False,1,1
held_context,90105390b2baaeda09e61b34,стрижка кошек выезд на дом,1.0,1.0,0.0,True,1,1
held_context,90bc4942f0a8dbee312d69b6,замена насоса стиральной машины,1.0,1.0,0.0,False,1,1
held_context,90becf9edf9eeb4e64867011,разработка мобильных приложений,1.0,1.0,0.0,True,1,1
held_context,90eb08e4ac4b9d5c9eb50165,передержка кошек на время отпуска,1.0,1.0,0.0,True,1,1
held_context,912544c16811c09caf834521,рабочие по ремонту квартир,0.0,0.0,0.0,False,1,1
held_context,91955adf1b103e5211cbd178,проектирование каркасных домов,1.0,1.0,0.0,True,1,1
held_context,91d636ddc6dce440862e3230,покос травы трактором,1.0,1.0,0.0,True,1,1
held_context,922b1fbfd883a052bbe807de,учетная запись ps5,1.0,1.0,0.0,True,1,1
held_context,923e4ec1a082773111319ebe,увлажнение губ,1.0,1.0,0.0,True,1,1
held_context,928b446bda472ca156a233ee,переводчик английского,1.0,1.0,0.0,True,1,1
held_context,92931d51d0c2ab0de724cbf7,установка печки в баню,1.0,1.0,0.0,True,1,1
held_context,93068a37bc6cb9c490539875,пескоструй выезной,1.0,1.0,0.0,False,1,1
held_context,93dbc104b3ffc48e62a2e8ae,триколор тв,1.0,1.0,0.0,True,1,1
held_context,942b5e01a1d3b585e01296bc,ава терапия,1.0,1.0,0.0,True,1,1
held_context,944ccd59eb9642270240cc72,кератин волос,1.0,1.0,0.0,True,1,1
held_context,944d057f68a780406337ee32,сухая стяжка,1.0,1.0,0.0,True,1,1
held_context,9471a32bf8e853d8f03b3c4b,доставка по городу,1.0,1.0,0.0,True,1,1
held_context,95d9102a27b8d3e18b355e49,уроки скрипки онлайн,1.0,1.0,0.0,False,1,1
held_context,95efd271263f2a1625c57145,рисунок на стене,1.0,0.0,-1.0,True,1,1
held_context,95f4eb2a7e7caad97eca70ff,ведущий настольных игр,1.0,1.0,0.0,False,1,1
held_context,96129ab0ccf332a1bc0e67da,свой человек в сша,1.0,1.0,0.0,True,1,1
held_context,96f01248ff315da94eab9174,эвакуатор 24 7 андрей,1.0,1.0,0.0,False,1,1
held_context,9714dda5e6549581b04d3da1,срочный выкуп квартир,1.0,1.0,0.0,True,1,1
held_context,971a91ed49ea191a9f04710d,обслуживание сплит систем,1.0,1.0,0.0,True,1,1
held_context,973cbc8f1508d487180f5dfb,фронтальный погрузчик,1.0,1.0,0.0,True,1,1
held_context,973f835f512ca6c633b1c2e3,баня с бассейном на улице,1.0,1.0,0.0,True,2,2
held_context,976caaecb5daf0c0e3e2f25f,промыть форсунки,1.0,1.0,0.0,True,1,1
held_context,97a1d4744ac6006e785dfe14,съемка рилс,1.0,1.0,0.0,True,1,1
held_context,989a070c64cfbf4091ea449c,установить карниз для штор,0.0,0.0,0.0,True,1,1
held_context,98a0fb9bcf45f437451ec94f,выкуп товарных и складских остатков,1.0,1.0,0.0,True,1,1
held_context,98f9eb6bcbff799871a32f9f,грузчики на час разнорабочие п��реезд вынос мусора,1.0,1.0,0.0,False,1,1
held_context,98ff1f4a06c34215a9a1ae39,вспашка и культивация земли трактором,1.0,1.0,0.0,True,1,1
held_context,9935d124a5ee052345f3af77,разработка документов по охране труда,1.0,1.0,0.0,False,1,1
held_context,994e242b6f62f80311e76305,аниматор голустян,1.0,1.0,0.0,False,1,1
held_context,99bbdaaa242407efcb8018db,место для свадьбы,0.0,0.0,0.0,True,1,1
held_context,99e31e661b709a4ed9bfe450,проверка счетчиков воды,1.0,1.0,0.0,True,1,1
held_context,99f8acb06acfab7c38f4aab8,автоключи,1.0,1.0,0.0,True,1,1
held_context,9a048d2be3caf57e23fc69e5,ремонт пневматического оружия,1.0,1.0,0.0,True,2,2
held_context,9a34463bcbb49217f638de44,аппаратный педикюр,1.0,1.0,0.0,True,1,1
held_context,9a5dc1ee782981b5f5d4158c,массаж мужчинам,0.0,0.0,0.0,True,1,1
held_context,9a62fbd10e978d7f8ca504a7,мастер холодильников,1.0,1.0,0.0,True,1,1
held_context,9a6cc0645ce5dc48b0d2c932,модель брови,1.0,1.0,0.0,True,1,1
held_context,9b53e9d61fe4830308123329,электровелосипед аренда с выкупом,1.0,1.0,0.0,True,1,1
held_context,9ba26659d49dcd9fbe4a53b0,перевозки газель,1.0,1.0,0.0,True,1,1
held_context,9c10ece37c8a7049e79edf7d,роблокс аниматор,1.0,1.0,0.0,False,1,1
held_context,9c9860852bb191f77c9d05a3,курсы графического дизайна,1.0,1.0,0.0,True,1,1
held_context,9ce6ebd2c58485dde3f032b6,ремонт выхлопной системы,1.0,1.0,0.0,True,1,1
held_context,9d06de412a6d096271681955,лечение бруксизма,1.0,1.0,0.0,False,1,1
held_context,9d7643fa07c7e9be232e5090,двойник,1.0,1.0,0.0,False,1,1
held_context,9db24e52cc2c077114a86510,абиссинская скважина бурение,1.0,1.0,0.0,True,1,1
held_context,9dc6a0a54bb6543a03cdae57,спил деревьев обрезка веток,1.0,1.0,0.0,True,1,1
held_context,9dd06590f9ea22239deb1deb,тяжелый дым,1.0,1.0,0.0,True,1,1
held_context,9eb5a04261fa43b4884e36f5,маникюр алтуфьево,1.0,1.0,0.0,True,1,1
held_context,9f90415ce7c3a7b2bf79f24e,роспись стен,1.0,1.0,0.0,True,1,1
held_context,9fb4d93b7e3a324e00b8d3a1,ботокс в пятки,1.0,1.0,0.0,False,1,1
held_context,a027ba923b45e56f81b9c11c,торт наполеон,1.0,1.0,0.0,True,1,1
held_context,a04205d4262f63c45604ef42,выбить долги,1.0,1.0,0.0,False,1,1
held_context,a062ffd0d6d37764fc9ba9b6,изготовление маскитных сеток,1.0,1.0,0.0,True,1,1
held_context,a0a89f8fd472e9a3fa6ce967,вакцинация кошек,1.0,1.0,0.0,True,1,1
held_context,a0b1d6343a021c7eb5904c59,ремонт harman kardon go play,1.0,1.0,0.0,True,1,1
held_context,a0cc6251b36a4f6888755983,визитки по установке кондиционера,1.0,1.0,0.0,False,1,1
held_context,a0d937ac9c0f50b34e4f4b48,грузоперевозка,1.0,1.0,0.0,True,1,1
held_context,a1e69249adfdc5c0161022c8,трансфер гагра,1.0,1.0,0.0,False,1,1
held_context,a26aca6b5ae1673d8bbb7198,обучение наращиванию ресниц с трудоустройством,1.0,1.0,0.0,True,1,1
held_context,a27b0376df4be82fa7193668,музыканты на мероприятие,1.0,1.0,0.0,True,1,1
held_context,a290b8ab139d3b1077c6aee6,массажист на дом,1.0,1.0,0.0,True,1,1
held_context,a290d5c231c3d80dc5e029bc,выкуп битых авто,1.0,1.0,0.0,True,1,1
held_context,a2a92715337713f97fc7d10a,сборка шкафов,1.0,1.0,0.0,True,1,1
held_context,a32469d4b82d3cec4a1abfd4,услуги риэлтора,1.0,1.0,0.0,True,1,1
held_context,a39fb852f36c799dc80181c2,собеседник друг на час,1.0,1.0,0.0,True,1,1
held_context,a3db33fba143a7eef0331b3f,установка генератора для автозвука,1.0,1.0,0.0,False,1,1
held_context,a3edc51369e0139ed4dc0a70,монтажный пистолет,1.0,1.0,0.0,True,1,1
held_context,a4985c9326f08e94e8dd7ab9,монтаж антидроновой сетки,1.0,1.0,0.0,False,1,1
held_context,a49fe68a47e26a9400c2f173,границы участка,1.0,1.0,0.0,True,1,1
held_context,a4d928588502467f9b8cc26b,трессы,1.0,1.0,0.0,False,1,1
held_context,a4e9df3c7bf364c72376630d,отмостка,1.0,1.0,0.0,True,1,1
held_context,a50f76439223176df97482a9,перевозки газель рефрижератор,1.0,1.0,0.0,False,1,1
held_context,a5628321551195e8c7f68500,мтс домашний интернет,1.0,1.0,0.0,False,1,1
held_context,a5eaec3ec3b082f321bae97d,ремонт блоков управления стиральных машин,1.0,1.0,0.0,True,1,1
held_context,a5fff738a8a2018d2d70caf7,водородная раскоксовка двигателя,1.0,1.0,0.0,True,1,1
held_context,a76a1764045592333eab6734,скупка резины,1.0,1.0,0.0,True,1,1
held_context,a77d8fe6742619aad6d60fec,покошу траву каширский район,1.0,1.0,0.0,False,1,1
held_context,a7fb8171335fe97cd0b133d0,эротичиский массаж,0.0,0.0,0.0,True,1,1
held_context,a806b59cc20f3121fb8b3b33,обучение маникюр,1.0,1.0,0.0,True,1,1
held_context,a80f3f1f8f8bf532e1f9fff0,грумер на дом,1.0,1.0,0.0,True,1,1
held_context,a81de308b1f85eeef16ef5bb,ремонт стиралтных машин,1.0,1.0,0.0,True,1,1
held_context,a83d7c736f5bb22dc2d763d6,ремонот триколор,1.0,1.0,0.0,False,1,1
held_context,a877fc854dc316e6c9cbe634,байер казахстан,1.0,1.0,0.0,True,1,1
held_context,a962470d7bfe748dfc20d2ed,codesys,1.0,1.0,0.0,True,1,1
held_context,a9be4e3fd4d50f84e5adf866,прогулки на лошадях,1.0,1.0,0.0,True,2,2
held_context,a9cc0a8970aa58e400faa8af,регистрация авто в гибдд,1.0,1.0,0.0,True,1,1
held_context,a9d54667e5c6c4fa5b019157,аренда массажного кабинета,1.0,1.0,0.0,True,1,1
held_context,aa7c6a309a92e673fe3c458f,широкоформатная печать банер пленка,1.0,1.0,0.0,False,1,1
held_context,ab81286a022c4b7f11a10525,переоборудование авто с категории д на в,1.0,1.0,0.0,True,1,1
held_context,ab824a5aa3dee27017feb1db,ремонт автомобильных кондиционеров,1.0,1.0,0.0,True,1,1
held_context,ab991e2849ec57ea27ba1f03,веломастер,1.0,1.0,0.0,True,1,1
held_context,ac6f616d23b4eb235e374ea3,настройка vr шлема,1.0,1.0,0.0,True,1,1
held_context,ac7843b89530989572337952,надгробные памятники изготовление и установка,1.0,1.0,0.0,False,1,1
held_context,acada62e0496df036743a3b4,треугольный дом с чаном,1.0,1.0,0.0,False,1,1
held_context,ad1a9eb2326dac35ad0afac5,обработка участка от комаров,1.0,1.0,0.0,True,1,1
held_context,ad454bef7e44d6f33e250af8,изготовление печатей и штампов,1.0,1.0,0.0,True,1,1
held_context,ad4a76594e4f64fa96e9e98c,выездное мороженое,1.0,1.0,0.0,False,1,1
held_context,ad5738a85f91342f6028330e,укладка настил линолеума,1.0,1.0,0.0,False,1,1
held_context,addd1e30a79d36db6275fff7,плетение кос с канекалоном,1.0,1.0,0.0,True,1,1
held_context,ae6f1018a2eeef957ef401d7,передежка кошек,0.0,0.0,0.0,True,1,1
held_context,aefb9e579513e3e0e980ff55,гудронатор,1.0,1.0,0.0,True,1,1
held_context,af187830d4498ef21a0f0bd5,каркасный дом,1.0,1.0,0.0,True,1,1
held_context,af2109df4324614436d7eb92,золочение серебра,1.0,1.0,0.0,True,1,1
held_context,af77c5261ca470f1b4d33220,еврозапил столешницы,1.0,1.0,0.0,True,1,1
held_context,afb44b0161fe7f085fe75981,ремонт шкафов,1.0,1.0,0.0,True,1,1
held_context,afb53e5ef167fcceda287fbc,ремонт автомобильных холодильников,1.0,1.0,0.0,True,1,1
held_context,b02c6012569604952058f8ce,монтаж систем вентиляции,1.0,1.0,0.0,True,1,1
held_context,b0451abe3d93617198c145eb,курсы фотографа,1.0,1.0,0.0,True,1,1
held_context,b0457aca9fe9702119c5a031,репетитор по рисованию,1.0,1.0,0.0,True,1,1
held_context,b083157f320f077779468097,сауны,1.0,1.0,0.0,True,1,1
held_context,b154069fad13575134aef555,снятие катализатора,1.0,1.0,0.0,True,1,1
held_context,b1d67d50c7be1ad6dddf7762,рыбалка на сахалине,1.0,1.0,0.0,False,1,1
held_context,b2226162dea0ccbceeaba660,мишка,1.0,1.0,0.0,True,1,1
held_context,b28e0e302a80b9f244303fef,прокладка канализации,1.0,1.0,0.0,True,1,1
held_context,b2cb5c7764ceaf3880e2e341,изготовление и установка ворот,1.0,1.0,0.0,True,1,1
held_context,b2f11e04c47b1ce4a532c45f,демонтаж плитки,1.0,1.0,0.0,True,1,1
held_context,b41f20d5469480404e19be46,такси под выкуп,1.0,1.0,0.0,True,1,1
held_context,b43893e27d14c6b7f52d081b,фасадный подъемник люлька купить бу,1.0,1.0,0.0,False,1,1
held_context,b44a55d9f0ee3bf7fb0d71cd,мебель на заказ,1.0,1.0,0.0,True,1,1
held_context,b5033991799349bff8477f6e,гадание,1.0,1.0,0.0,True,1,1
held_context,b55807d387a017664f6dd319,установка пластиковых дверей,1.0,1.0,0.0,True,1,1
held_context,b5d9245217c5670de391ad82,наращивание ресниц за час,1.0,1.0,0.0,True,1,1
held_context,b65c01e545e8a76cd7eb9527,уход для волос,1.0,0.0,-1.0,True,1,1
held_context,b6bd2f2546bc52f4190f1762,отделка панелями,1.0,1.0,0.0,True,1,1
held_context,b7467c72e0ef7153d80e452c,дрель алмазного сверления аренда,1.0,1.0,0.0,True,1,1
held_context,b76af9b3a5cbc8e80dd75718,расточка центрального отверстия диска,1.0,1.0,0.0,True,1,1
held_context,b7b397d8074078416df0f850,аренда контейнера для мусора,1.0,1.0,0.0,False,1,1
held_context,b7f2386af8523f0819eb8fcf,стрижка и окрашивание волос,1.0,1.0,0.0,True,1,1
held_context,b81a4f39c6363241c51a8617,перевозка ларгус,1.0,1.0,0.0,True,1,1
held_context,b84e06049556d188667b87a4,приклеить обои,0.0,1.0,1.0,False,1,1
held_context,b8bfcdae6e3d160dfbd076d4,вывоз старых окон,1.0,1.0,0.0,True,1,1
held_context,b8c6653a58f7e90fb25aa932,положить плитку,1.0,1.0,0.0,True,1,1
held_context,b8d2025f86e4e2a91fd45b06,трансфер межгород,1.0,1.0,0.0,True,1,1
held_context,b9b7017974502ad05d9afeb1,грузоперевозки fiat,1.0,1.0,0.0,False,1,1
held_context,b9f42151b945092b6821269a,землекопы разнорабочие,1.0,1.0,0.0,True,1,1
held_context,ba761efccc086099206d1e8a,ремонт снегозадержателей,1.0,1.0,0.0,True,1,1
held_context,babc656f41ecc394532a2575,автомеханик,1.0,1.0,0.0,True,1,1
held_context,bb65502508203ef566a9e8e1,ремонт шаровых опор,1.0,1.0,0.0,True,1,1
held_context,bb661b3bf8707ecd19dda61a,укладка деревянных полов,1.0,1.0,0.0,True,1,1
held_context,bb864ce5c715d05c2d951f7f,ремонт apple,0.0,0.0,0.0,True,1,1
held_context,bbb2db4b5b98dbfdfef5e2df,скупка авто дорого,1.0,1.0,0.0,True,1,1
held_context,bbd3ca8a136bbd606b842cb9,вспашка земли в тюмени район лесобазы,1.0,1.0,0.0,False,1,1
held_context,bbd9d1ea073d7b9f686e9582,парфюмерный мастер класс,1.0,1.0,0.0,True,1,1
held_context,bbdcc04183792b515ff07208,ремонт стиральной машинки lg,1.0,1.0,0.0,True,1,1
held_context,bc05868eec0a36554029729b,ремонт рюкзаков,1.0,1.0,0.0,True,1,1
held_context,bc168a94f788811487858582,трансфер 12 мест,1.0,1.0,0.0,False,1,1
held_context,bc3159ed1be21100c38253db,тяжелый дым на свадьбу,1.0,1.0,0.0,True,1,1
held_context,bc7a149fd00ddd432d009124,александритовый лазер,1.0,1.0,0.0,True,1,1
held_context,bca6e9c6ccb626815f433fb7,обустройство скважин,1.0,1.0,0.0,True,1,1
held_context,bcbf6e45b5dab3020b3beeff,автоэлектрик на вызов,1.0,1.0,0.0,True,1,1
held_context,bd4fad098a772b1e977e2961,оклейка винилом,1.0,1.0,0.0,True,1,1
held_context,bd50c3ec8dfe11ddb6c9aa9a,косметолог эстетист,1.0,1.0,0.0,True,1,1
held_context,bd718c3e788ff9def227c15c,прически локоны укладки,1.0,1.0,0.0,False,1,1
held_context,bdb0c89eaa8629e6eb6eec30,г батайск master окна рол ставни ремонт рольставней на окна,1.0,1.0,0.0,False,1,1
held_context,bdde61abe037f26697d41b76,исполнительное производство,1.0,1.0,0.0,False,1,1
held_context,be1e3c62837c278cbd113dc1,репетитор по русскому языку егэ,1.0,1.0,0.0,True,1,1
held_context,be234599d476b685c2027ff1,объемные наклейки,0.0,0.0,0.0,True,1,1
held_context,be67383b8a346946fe8ee3ab,оклейка автозеркал пленкой,0.0,0.0,0.0,False,1,1
held_context,becb68ba57476015ae8c5b8c,ремонт стеклокерамической плиты zanussi,1.0,1.0,0.0,False,1,1
held_context,bf094bb2f84ab69e303fe2a4,секции для взрослых,1.0,1.0,0.0,False,1,1
held_context,bf3a7cda73e2331d87c94619,песня ии,1.0,1.0,0.0,True,1,1
held_context,c0239402bc5ea466bd7c7736,реклама на автомобиле,1.0,1.0,0.0,True,1,1
held_context,c09025304ed2d3daac742d50,копка земли,1.0,1.0,0.0,True,1,1
held_context,c13f737204765579abfe3593,джиси би услуги,1.0,1.0,0.0,False,1,1
held_context,c16d712b2e6e73bc9104174f,автовышка продажа,1.0,1.0,0.0,True,1,1
held_context,c1b1d2df78dd85212137e0e8,криолиполиз модель,1.0,1.0,0.0,True,1,1
held_context,c1bff128f430e48489a8b6ea,рекультивация участка,1.0,1.0,0.0,False,1,1
held_context,c2207f41000d789c4564358d,монтаж винтовых свай,1.0,1.0,0.0,True,1,1
held_context,c3332723f4497659381fa7d0,колл центр удаленно,1.0,1.0,0.0,False,1,1
held_context,c377b99e1e4e9d2856e4f85b,бригада разнорабочих,0.0,1.0,1.0,True,1,1
held_context,c38f6c2e403c7637dd6e9cfe,минитрактор,1.0,1.0,0.0,True,1,1
held_context,c3b09166563bd1bfc24a67e0,ведение соц сетей,1.0,1.0,0.0,True,1,1
held_context,c3bca336f5f0b3fa050234b2,навесы из поликарбоната,1.0,1.0,0.0,True,1,1
held_context,c3d32dfdfa3f5932821818d8,массажистка релакс выезд,1.0,1.0,0.0,False,1,1
held_context,c41cb0570d83f80e63017af5,татуировка с онлайн,1.0,1.0,0.0,False,1,1
held_context,c46551a78fbc427ab95a2b4f,hydrafacial,1.0,1.0,0.0,True,1,1
held_context,c520adc82d08f0229fc8abe5,поменять экран телефона,1.0,1.0,0.0,True,1,1
held_context,c54ce0882aff260eea0293aa,ремонт hilti,1.0,1.0,0.0,False,1,1
held_context,c5539f386cec9ba31711443a,радиодетали скупка,1.0,1.0,0.0,True,1,1
held_context,c585ef630b8b7660f365e362,курсы кройки и шитья бесплатно,1.0,1.0,0.0,False,1,1
held_context,c5c6b42cf5c22c34972c736e,аренда плиткореза,1.0,1.0,0.0,True,1,1
held_context,c5dd29c479df05f2d6a73c8d,строительство из сендвич панелей,1.0,1.0,0.0,True,1,1
held_context,c6ff83d217b3932b6b06a871,замена экрана телевизора,1.0,1.0,0.0,True,1,1
held_context,c760c08e8e47a36d7f63b14f,уход за лежачими больными,1.0,1.0,0.0,True,1,1
held_context,c76e53e21ddeb461567e2886,биопротеиновое наращивание,1.0,1.0,0.0,True,1,1
held_context,c7cbcefe73de14741e0b23b0,вождение с инструктором автомат,1.0,1.0,0.0,False,1,1
held_context,c8e71ca8dee55862159827c4,банкетный зал в аренду,1.0,1.0,0.0,True,1,1
held_context,c8e81d9e6a9d5139652d7900,"создам gmail, google",1.0,1.0,0.0,False,1,1
held_context,c9308f7500bc539f01d6ec1c,печать этикеток на бутылки,1.0,1.0,0.0,True,1,1
held_context,c96eb8d8a869c374676511e9,заказ минивена,1.0,1.0,0.0,True,1,1
held_context,ca2b48371222997cdd9dc2ff,разблокировка iphone пин код,1.0,1.0,0.0,False,1,1
held_context,ca3be428f8035d05ada24049,асфальторез аренда,1.0,1.0,0.0,True,1,1
held_context,ca4200fa9beb31cf0a626ba1,вспашка огорода,1.0,1.0,0.0,True,1,1
held_context,ca86331b6545f4a85d8986fe,доставка из китая,1.0,1.0,0.0,True,1,1
held_context,ca8bdc4bbcd698980ce5b7c3,капсулирование волос,1.0,1.0,0.0,False,1,1
held_context,cb7aa5c634106bb0a12fac99,от клопов,1.0,1.0,0.0,True,1,1
held_context,cbedd8fd8d9ca82173d697bd,доставка с грузчиками обухово,1.0,1.0,0.0,False,1,1
held_context,cc04dd44c8bae5b4ae53a36b,трансфер владикавказ тбилиси,1.0,1.0,0.0,True,3,3
held_context,cca3193ec25c58617967bace,аренда бензопилы,1.0,1.0,0.0,True,1,1
held_context,cd5c2ffeb7859a82359508ba,муж на час сантехник,1.0,1.0,0.0,True,1,1
held_context,cd62f0107e6d3d8d378e5c77,продвижение яндекс карты,1.0,1.0,0.0,True,1,1
held_context,cea1febca2598b6941f02b81,пришить погоны,1.0,1.0,0.0,False,1,1
held_context,ceaa7d0d552ae4cc02233f08,свадебный танец,1.0,1.0,0.0,True,2,2
held_context,cfd669e18f3baea39326cb3d,плов,1.0,1.0,0.0,True,1,1
held_context,d09913b9579891d08c48bc22,репетитор по математике 7класс приволжский м-н самара,1.0,1.0,0.0,False,1,1
held_context,d0bdfd2c1baaaa9ee4a43309,акт вдпо на дымоход,1.0,1.0,0.0,False,1,1
held_context,d17a9a39fcd1ce4cbdddcb90,"мастер по настройке телевизора, текстильщики",1.0,1.0,0.0,False,1,1
held_context,d18930aaad172f4dc85eface,изготовление номеров на автомобиль,1.0,1.0,0.0,True,1,1
held_context,d2170089446e1c503baec2b3,вывоз мусора ломовозом,1.0,1.0,0.0,True,1,1
held_context,d2924e800087062ffd4ec5a0,маникюр сормово,1.0,1.0,0.0,False,1,1
held_context,d2bd7dfd3da3448aa4362955,чистка компьютеров,0.0,0.0,0.0,False,1,0
held_context,d2c6c36722ec64c94fb60029,осеменение коров,1.0,1.0,0.0,True,1,1
held_context,d312a31f84ed0120159e817c,ручной траншеекопатель аренда,1.0,1.0,0.0,False,1,1
held_context,d3153e64e601d6b6a659c59b,скупка приставок,1.0,1.0,0.0,True,1,1
held_context,d36ec3d412ec88e361802476,приемщик дома,1.0,1.0,0.0,True,1,1
held_context,d45d31788688f9dcfa2c8fae,трансфер новороссийск геленджик,1.0,1.0,0.0,True,1,1
held_context,d4ae82c5377113c017bbdf7f,свадебный координатор,1.0,1.0,0.0,True,1,1
held_context,d522dc18ff0b2c414cb92700,место мастера маникюра,1.0,1.0,0.0,True,1,1
held_context,d53a178d87dd623399fbaa64,выкуп шин резины дисков,1.0,1.0,0.0,True,1,1
held_context,d5f388ec56a3bdafea1bd968,установка дверных замков,1.0,1.0,0.0,True,1,1
held_context,d647827244578b8cea69e2a8,байер япония,1.0,1.0,0.0,True,2,2
held_context,d66b6aed8e56e9cc597dbac6,ул российская,0.0,0.0,0.0,False,1,0
held_context,d68fbff33e24cb65b0749d0f,бурение лунок под столбы,1.0,1.0,0.0,True,1,1
held_context,d6a2284fa5f14517317747f6,услуги юриста по недвижимости,1.0,1.0,0.0,True,1,1
held_context,d6ca5487b960f7dd5bc83e80,тюнинг фар,1.0,1.0,0.0,True,1,1
held_context,d71fc9c9284c78eb61fefe98,свой человек в владивостоке,1.0,1.0,0.0,False,1,1
held_context,d7c3077fc1db3fb24f2bd57f,ремонт водостоков крыши,1.0,1.0,0.0,False,1,1
held_context,d856971b914d9d6ee008aa30,услуги плиточника,1.0,1.0,0.0,True,1,1
held_context,d8b804dc8f1bd104011e90c4,ремонт туалета,1.0,1.0,0.0,True,1,1
held_context,d93e15cddee3119b286b2547,постановка на учет авто,1.0,1.0,0.0,True,1,1
held_context,d975aba8a72384f46274b71b,гараж сборный из сип панели,0.0,0.0,0.0,False,1,0
held_context,d989fb50dec34a84a3699cf4,мастер класс луна,1.0,1.0,0.0,False,1,1
held_context,d991b3136ef1f11a082198a4,зал в аренду,1.0,1.0,0.0,True,1,1
held_context,d9dbf1769f969b801467eb4f,мастер по газовым колонкам,1.0,1.0,0.0,True,1,1
held_context,d9dea73448ddaedc2e6859a9,тренер по велоспорту,1.0,1.0,0.0,True,1,1
held_context,da0df07eadd25cfc4c83170b,плитка укладка санузел,1.0,1.0,0.0,False,1,1
held_context,da351233a97d74fd574d288e,контейнер для мусора 8 м3,1.0,1.0,0.0,True,1,1
held_context,dab2b5436155a3d19c98ffcd,эвакуатор между городами,1.0,1.0,0.0,False,1,1
held_context,daf1c0b01abe4ada78532fca,диагностика geely,1.0,1.0,0.0,True,1,1
held_context,db00b766a7eb43fc09dee3ad,точить тормозные диски,1.0,1.0,0.0,True,1,1
held_context,db1573bece9213e8e78c1d6d,экскаватор выкопать траншею,1.0,1.0,0.0,False,1,1
held_context,db18d1da42b31dc938847d52,английский с носителем языка оноайн,1.0,1.0,0.0,False,1,1
held_context,db4c98641edf9911989263c9,мастер аккаунт geely,1.0,1.0,0.0,False,1,1
held_context,dc25fb3d1f594c864eabd750,ремонт авто генераторов,1.0,1.0,0.0,False,1,1
held_context,dce54bbe44e583ef5becd9ba,заказ такси микроавтобус,1.0,1.0,0.0,False,1,1
held_context,dcfb5704119f0ea137b45c1c,адвокат по трудовым спорам,1.0,1.0,0.0,True,1,1
held_context,dd1ea1f919d11aba166d4c45,перепланировка квартиры согласование,1.0,1.0,0.0,True,1,1
held_context,ddd897fb405533bc0d067c31,смарт ключ,1.0,1.0,0.0,False,1,1
held_context,ddf0380afb5a6e73204a8c93,танец живота,1.0,1.0,0.0,True,1,1
held_context,de4d3589ac3cb2243519db3f,плету косы,1.0,1.0,0.0,False,1,1
held_context,de81108e62681bde8d20ae3b,ботекс,1.0,1.0,0.0,True,1,1
held_context,df5e1703f6cc80f50f05ff1d,массаж для беременных,1.0,1.0,0.0,True,1,1
held_context,df8caae3f5d2d93761cb2765,бирки печать для одежды,1.0,1.0,0.0,True,1,1
held_context,e017a03cd688241814c34f8f,регистрация изменений в конструкцию тс,1.0,1.0,0.0,True,1,1
held_context,e0485eaa49a5b96ffbe96685,моющий пылесос karcher,1.0,1.0,0.0,True,1,1
held_context,e080133fbb93c06c3acdbc5b,дублирование ткани,1.0,1.0,0.0,True,1,1
held_context,e0a17d34eae7a9bec9d4e54c,кузовной ремонт и покраска,1.0,1.0,0.0,True,1,1
held_context,e0c8b1d2e7e29b8bd143f11e,снять домик у озера,1.0,1.0,0.0,True,1,1
held_context,e0eb8606055fd0a826a93c65,прокат авто с водителем v class,1.0,1.0,0.0,False,1,1
held_context,e0f9d910c52e12d998cf29ef,сорняки,1.0,1.0,0.0,True,1,1
held_context,e147af46739e4dca835d0f26,разбор и вывоз мебели,1.0,1.0,0.0,True,1,1
held_context,e1e70c27863bd022f5d3f0b5,модель на брови,1.0,1.0,0.0,True,1,1
held_context,e2146c47001d2b0e2314784a,костоправ,1.0,1.0,0.0,True,1,1
held_context,e24374218398ce5c6498da98,кератиновое выпрямление,1.0,1.0,0.0,True,1,1
held_context,e2ce02fd0f6f8ae88eb7d754,ремонт автомобильных дверных замков,1.0,1.0,0.0,True,1,1
held_context,e35c3d1c267ce3965e479809,двери купе на заказ,1.0,1.0,0.0,False,1,1
held_context,e38ad6fc9d25ec7395f23cd9,пирсинг левенцовка,1.0,1.0,0.0,False,1,1
held_context,e3a47c2825d559dff1b0e01a,joy con ремонт,1.0,1.0,0.0,False,1,1
held_context,e3b6681104c742e96cd17027,вывоз мусора веток деревьев,1.0,1.0,0.0,True,1,1
held_context,e406d851481169788c664048,груминг собак,1.0,1.0,0.0,True,2,2
held_context,e4132f1c0e0250ad35aedae6,ремонт рамы газель,1.0,1.0,0.0,True,1,1
held_context,e42ddd63a7a4a740d7da642a,массаж на дому,1.0,1.0,0.0,True,1,1
held_context,e4ab4e285319ac252fb3e8dd,родирование,1.0,1.0,0.0,False,1,1
held_context,e59ef51482155056b7fa14a9,переводчик документов с русского на английский,1.0,1.0,0.0,False,1,1
held_context,e5ca685658909197d0c1f455,ремонт яндекс станции алиса,1.0,1.0,0.0,False,1,1
held_context,e61f8bde9be407099cfb13b0,фотопрогулка,1.0,1.0,0.0,True,1,1
held_context,e71c1edc1c9438f53da32fab,вечерняя укладка,1.0,1.0,0.0,True,1,1
held_context,e9570185e08d228e074db15b,пескоструй авто,1.0,1.0,0.0,True,1,1
held_context,e9b27391f965f44fe7780327,бобкет,1.0,1.0,0.0,True,1,1
held_context,eaa0f4c163dfcd277412d019,депиляция для мужчин,1.0,1.0,0.0,True,1,1
held_context,eab4cb38e96a0e2e79071087,йога,0.0,0.0,0.0,True,1,1
held_context,eb268ef437a49e8fa3696ecd,запись музыки на диск,1.0,1.0,0.0,False,1,1
held_context,eb428c43fa76d535a6316222,привоз воды,1.0,1.0,0.0,True,1,1
held_context,eb57e5dcbee5a9353c640b7c,бесплатная консультация юриста,1.0,1.0,0.0,True,1,1
held_context,ebed4b6588a055ad03839f66,скупка кинокамера,1.0,1.0,0.0,False,1,1
held_context,ec11c81adeae2358ff8c58d9,лизинг для физических лиц,1.0,1.0,0.0,True,1,1
held_context,ec2e5d68760f40c72cd707cc,услуги перевозки людей,1.0,1.0,0.0,True,1,1
held_context,ec7b9db12966d68c3848886e,аниматоры тик ток вечеринка,1.0,1.0,0.0,True,1,1
held_context,ed0643c2649ab0436e7931d0,снять зал для танцев,1.0,1.0,0.0,True,1,1
held_context,ed5f60291f529dc1b33ba86d,диджей,1.0,1.0,0.0,True,1,1
held_context,eda8d43cdc91ba69ca3c03d7,аренда грузовика с водителем,1.0,1.0,0.0,False,1,1
held_context,eda9639460995eb898d97951,кератиновое выпрямление волос модель,1.0,1.0,0.0,True,1,1
held_context,ee41e3863ee00e659627c396,грузотакси с грузчиками,1.0,1.0,0.0,True,1,1
held_context,ef33d70b2c5eaf90d3399cfd,резьба по дереву,0.0,0.0,0.0,True,1,0
held_context,ef95be2746b5a2fa63e475fb,украшение шариками,1.0,1.0,0.0,False,1,1
held_context,f002a82c48f15037cb3bc143,аренда бани с мангалом,1.0,1.0,0.0,True,1,1
held_context,f02c5b9df701c596d948fbdf,ведущий мероприятий недорого,0.0,0.0,0.0,True,1,1
held_context,f04745ddb79cb911d38adf23,мастер по стиральным машинам,1.0,1.0,0.0,True,1,1
held_context,f0d4b6b92cc720ac7ca1f142,ремонт ходовой грузовых автомобилей,1.0,1.0,0.0,False,1,1
held_context,f1813c9d3ea28f8f46580da6,внешняя отделка балкона,1.0,1.0,0.0,True,1,1
held_context,f18537d1d306f75e18059135,"террасы, веранды под ключ",1.0,1.0,0.0,False,1,1
held_context,f1f78745e88ddffcc541ca69,аренда сваекрута,1.0,1.0,0.0,True,1,1
held_context,f2088fae06d96473dee0cb3a,полировка авто,1.0,1.0,0.0,True,1,1
held_context,f2bb30d1c332954a98a22af3,парикмахер колорист,1.0,1.0,0.0,True,1,1
held_context,f30c6330f163bc8d2d3785dd,мягкие игрушки на заказ,1.0,1.0,0.0,True,1,1
held_context,f3638a3b5ec99112f5a8d974,замена аккумулятора iphone 16 pro max,1.0,1.0,0.0,False,1,1
held_context,f3835176fe0d44d8b5ed4c7b,ремонт кофемашин saeco,1.0,1.0,0.0,True,1,1
held_context,f40d8a978be60563e5a0c556,ремонт автомобильных ключей,1.0,1.0,0.0,True,1,1
held_context,f4b14c7c4900047a419748d5,кофе на песке на мероприятие,1.0,1.0,0.0,False,1,1
held_context,f4c00e018431974ef7077745,липолитик,1.0,1.0,0.0,True,1,1
held_context,f50e2193ca89e244c10e44f4,катализатор,1.0,1.0,0.0,True,1,1
held_context,f52352c0603cf33780c2e64c,брови коррекция,1.0,1.0,0.0,False,1,1
held_context,f54f4d495c0966659fca144f,грузоперевозки днр,1.0,1.0,0.0,True,1,1
held_context,f5c44ef0407c267d9557a8ed,вывеска,1.0,1.0,0.0,True,1,1
held_context,f5e7d13e6eba2f40f7972aa5,ремонт насосных станций,1.0,1.0,0.0,True,1,1
held_context,f5ea9b88d6bcb0156b3980f7,оформление дверного проема,1.0,1.0,0.0,False,1,1
held_context,f610614225b2b422860c14b7,вк тк,1.0,1.0,0.0,True,1,1
held_context,f61fad244e656bfb62235a0e,бурение лунок под забор,1.0,1.0,0.0,True,1,1
held_context,f62d5b6f6504caa4778cfa0f,поклейка обои,1.0,1.0,0.0,True,1,1
held_context,f67b16b7df355da85aa01318,очистка участков,1.0,1.0,0.0,True,1,1
held_context,f742eb57e342f0c17bd10f02,носослезная борозда,1.0,1.0,0.0,True,1,1
held_context,f790b75ad494d9ce3c590d87,ремонт квартир под ключ без посредников,1.0,1.0,0.0,True,1,1
held_context,f7e8258f77d0c491d63d5cd3,анализ грунта,1.0,1.0,0.0,False,1,1
held_context,f8c2279bf1668f7dad8a64d8,гвоздетерапия,1.0,1.0,0.0,False,1,1
held_context,f8cacf19ccd7222f8143565f,спил деревьев на участке,1.0,1.0,0.0,True,1,1
held_context,f99110babb95d73c2cc1ffe5,шарики на день рождения,1.0,1.0,0.0,True,1,1
held_context,f996f2912cbd8214777370a4,афронаращивание волос,1.0,1.0,0.0,True,1,1
held_context,fa433117b4f2a581a4c1f2c9,скосить траву,1.0,1.0,0.0,True,1,1
held_context,fa456f4dab3e42748706a170,видео монтажер,1.0,1.0,0.0,True,1,1
held_context,fa585529764ad6d739706cf6,модель барбершоп,1.0,1.0,0.0,True,1,1
held_context,faa6ffa646c5f9a1e2e4430d,мытье фасадов,1.0,1.0,0.0,True,1,1
held_context,fad7636b4ae16bbcf33a6bbc,утепление стен пеной,1.0,1.0,0.0,True,1,1
held_context,fb03d8efd03df78d19270577,правка литых дисков,1.0,1.0,0.0,True,1,1
held_context,fb9bcf25f3432bc22ed4fe91,"строители, бетонщики",1.0,1.0,0.0,False,1,1
held_context,fc8a0f8dafe8e9ed92133f1b,перевозка лежачих больных,1.0,1.0,0.0,True,1,1
held_context,fc9658c613870180c953d60d,ремонт квартир под ключ,1.0,1.0,0.0,True,1,1
held_context,fd249d4d9407594c5290f088,автовоз из владивостока,1.0,1.0,0.0,True,1,1
held_context,fd25426c5f97794698eac34a,холодное цинкование,1.0,1.0,0.0,False,1,1
held_context,fd5866bcfa2a05468be5564c,дреды,1.0,1.0,0.0,True,2,2
held_context,fddcf3e400279a2070242932,наращивание ногтей модель бесплатно,1.0,1.0,0.0,True,1,1
held_context,fe5929e45e350c8775e0a7cf,master по окнам сао,1.0,1.0,0.0,False,1,1
held_context,febf7a03269d112bac19c822,детский день рождения,1.0,1.0,0.0,True,1,1
held_context,ff9a2aab6a8df594b46a9db7,авто аредна,1.0,1.0,0.0,False,1,1
held_context,ffa3be2476353322cd0e8fe6,тур база с баней,1.0,1.0,0.0,True,1,1
held_context,ffbbe94eb9fe6d33da74092a,перенос данных с iphone,1.0,1.0,0.0,True,1,1
held_context,ffdd289c02b8d1a292cd4e50,вывоз компьютерной техники,1.0,1.0,0.0,True,1,1
