context_key,0.0,0.25,0.5,0.75,1.0
00376f4ca2018fc1875844bb,1.0,1.0,1.0,1.0,1.0
003d6201d9d495ea36cc8ec7,1.0,1.0,1.0,1.0,1.0
00c44b1f97ecb5ebb380d429,1.0,1.0,1.0,1.0,1.0
00c605ed59d1de061adcb5f4,1.0,1.0,1.0,1.0,1.0
00c92de694656fcb7d1c2840,0.0,0.0,0.0,0.0,0.0
00ca778a7216554898efca9d,1.0,1.0,1.0,1.0,1.0
00eae68ad66d3b90b5b47dfd,1.0,1.0,1.0,1.0,1.0
01092f27b81097a624a60fd1,1.0,1.0,1.0,1.0,1.0
014577bb57aa35332e7dd9dc,1.0,1.0,1.0,1.0,1.0
019ff9ac825ccebcf4467405,0.0,0.0,0.0,0.0,0.0
01a83ed72902035db6e734fa,1.0,1.0,1.0,1.0,1.0
01b343aa59483237154b0101,1.0,1.0,1.0,1.0,1.0
01cf615ee14a337ad404a79f,1.0,1.0,1.0,1.0,1.0
01d458cdfc42bede28726e46,1.0,1.0,1.0,1.0,1.0
0225a716f39c5c7c702e3e39,1.0,1.0,1.0,1.0,1.0
0231f77013fbf9807a8faf65,1.0,1.0,1.0,1.0,1.0
026a3472fb882f368449c443,1.0,1.0,1.0,1.0,1.0
02b35167a999bac24b2f6525,1.0,1.0,1.0,1.0,1.0
02cc79fd455797ef699ad0e3,1.0,1.0,1.0,1.0,1.0
03034a6a2235d0d32615f80c,1.0,1.0,1.0,1.0,1.0
03611695fbc20b37cec7b566,1.0,1.0,1.0,1.0,1.0
03c3f420018860efff352804,1.0,1.0,1.0,1.0,1.0
03c7f467cedc0f3bc60a7c79,1.0,1.0,1.0,1.0,1.0
03ce2ce51b795ee6fc6f73f0,1.0,1.0,1.0,1.0,1.0
0406b12c3181e2ce4520667a,1.0,1.0,1.0,1.0,1.0
04081e269436e1657e38a6b8,1.0,1.0,1.0,1.0,1.0
04210ad5d6248234369c1904,1.0,1.0,1.0,1.0,1.0
042dfba0027d0cc27b80f4d0,1.0,1.0,1.0,1.0,1.0
043f0f315d5cf497c177d0c5,1.0,1.0,1.0,1.0,1.0
04471b223a218d20424b0d4d,1.0,1.0,1.0,1.0,1.0
0458bdfbe1b315c7175c6404,1.0,1.0,1.0,1.0,1.0
045fdd2f02440f92390e3982,1.0,1.0,1.0,1.0,1.0
04660bfeb33e084339764410,1.0,1.0,1.0,1.0,1.0
047124045f631c3a7ff92b3f,1.0,1.0,1.0,1.0,1.0
0486f1ca67a20570795c8a9f,1.0,1.0,1.0,1.0,1.0
049415175b9cd377a8cf1058,1.0,1.0,1.0,1.0,1.0
0506bf6e09766529a5ce7217,1.0,1.0,1.0,1.0,1.0
054efd7312a2cb04808ba644,1.0,1.0,1.0,1.0,1.0
055bde24bb7487b881f0b7db,1.0,1.0,1.0,1.0,1.0
0669097144a96c5708772f12,1.0,1.0,1.0,1.0,1.0
06704e22de2366e9462e14f1,1.0,1.0,1.0,1.0,1.0
06857de4edda5d1dd460e6c9,1.0,1.0,1.0,1.0,1.0
0692ed90ef28d92a9c959916,1.0,1.0,1.0,1.0,1.0
06b7b41e40987534347f59d9,1.0,1.0,1.0,1.0,1.0
071933760d82c5cd6deab75e,1.0,1.0,1.0,1.0,1.0
0729ea447b6556ed9897956c,1.0,1.0,1.0,1.0,1.0
0746ce9c1d296c37e2738ce2,1.0,1.0,1.0,1.0,1.0
07aecbbacf6e71173e781517,1.0,1.0,1.0,1.0,1.0
07ea1b8664b7cb6daa07d994,0.5,0.5,0.5,0.5,0.5
0800004ecaa4e9a7d90a0f4d,1.0,1.0,1.0,1.0,1.0
080bdb52be817309e6eac15b,1.0,1.0,1.0,1.0,1.0
080df04a88e1f29b7a6fc9db,1.0,1.0,1.0,1.0,1.0
0880fec13f8af05bc5761ef1,1.0,1.0,1.0,1.0,1.0
0890aaaa4d97560743b54620,1.0,1.0,1.0,1.0,1.0
0891f59a16e270c5f3e59d21,1.0,1.0,1.0,1.0,1.0
08ac7c045210a904a54cd21c,1.0,1.0,1.0,1.0,1.0
08d36b4529f3d864799c0a02,1.0,1.0,1.0,1.0,1.0
09204bd67b36015f740e0a84,1.0,1.0,1.0,1.0,1.0
095f3202c9634b9ef23d616b,1.0,1.0,1.0,1.0,1.0
0974f335e957141ceddff728,1.0,1.0,1.0,1.0,1.0
097a64735a6eccaac81725c7,1.0,1.0,1.0,1.0,1.0
0a085f95c0ca29735cd546fe,1.0,1.0,1.0,1.0,1.0
0a250195baa505d695bc44b8,1.0,1.0,1.0,1.0,1.0
0a2e7f30d3130a43521e6400,1.0,1.0,1.0,1.0,1.0
0a31139460d4462d1360f24e,1.0,1.0,1.0,1.0,1.0
0a7464ed836ea8a0d1ac6799,1.0,1.0,1.0,1.0,1.0
0a8aafc722e29a3c611586c5,0.0,0.0,0.0,0.0,0.0
0a95b36cb78358d2a4af147b,1.0,1.0,1.0,1.0,1.0
0aa892602fa5e9a177791447,1.0,1.0,1.0,1.0,1.0
0abbbadfafdfc01f2e080b64,1.0,1.0,1.0,1.0,1.0
0ae602171eb709432e264383,1.0,1.0,1.0,1.0,1.0
0b35515582754b9b0af37a20,1.0,1.0,1.0,1.0,1.0
0b79e884df46e5d6c52d9dfa,0.0,0.0,0.0,0.0,0.0
0bb0a11114fe21e4e91c499d,1.0,1.0,1.0,1.0,1.0
0bb195aa9be481cca98fd026,1.0,1.0,1.0,1.0,1.0
0bd852119a00c2ef0c2a334e,1.0,1.0,1.0,1.0,1.0
0beacc475b1d07ebb2c5f586,1.0,1.0,1.0,1.0,1.0
0bfb297a49beb2f559061eda,1.0,1.0,1.0,1.0,1.0
0c1c6d889bf62f840a7f6ff2,1.0,1.0,1.0,1.0,1.0
0c271238c49f3a75872770db,1.0,1.0,1.0,1.0,1.0
0c36b2ad82023eff7572f55a,1.0,1.0,1.0,1.0,1.0
0c95588feff5073f2e1ef1bd,1.0,1.0,1.0,1.0,1.0
0d001123cf1da03532c70752,1.0,1.0,1.0,1.0,1.0
0d0bfee7b0dac21f25af56ec,1.0,1.0,1.0,1.0,1.0
0d106c02cc2665a996fa1767,1.0,1.0,1.0,1.0,1.0
0d1beeb4f28b0e93e2f687ae,1.0,1.0,1.0,1.0,1.0
0d27d85e106f068f059d55ab,1.0,1.0,1.0,1.0,1.0
0e22b00c78312da9d6eebb65,1.0,1.0,1.0,1.0,1.0
0e2d204d6a901e7f3b56d6a4,1.0,1.0,1.0,1.0,1.0
0e63d12c71e03a2fa7453321,1.0,1.0,1.0,1.0,1.0
0ec0c4ccf79a125d6bf74458,1.0,1.0,1.0,1.0,1.0
0f06563cc5926e010a558cd6,1.0,1.0,1.0,1.0,1.0
0f368b56a82e46056fcd5d69,1.0,1.0,1.0,1.0,1.0
0f4ef95b7dd319e20cb9bdc9,1.0,1.0,1.0,1.0,1.0
0f91880cb6b43a45e31df46f,1.0,1.0,1.0,1.0,1.0
0f9f96940610de0cb639c58c,1.0,1.0,1.0,1.0,1.0
0ff7f26f63022d088da814be,1.0,1.0,1.0,1.0,1.0
104865140e49a654e346d99b,0.0,0.0,0.0,0.0,0.0
105b75a1fa435486e900d2d8,1.0,1.0,1.0,1.0,1.0
1086f823873ed600e7156ff2,1.0,1.0,1.0,1.0,1.0
109344fde7ec623aeb306e55,1.0,1.0,1.0,1.0,1.0
10d7ff2fd51bbac1cd0ad0b2,0.0,0.0,0.0,0.0,0.0
1145992e5eb38cf24210ce8f,1.0,1.0,1.0,1.0,1.0
1146c5ef4f3bb5f496b5e7fe,0.0,0.0,0.0,0.0,0.0
11c94f57c1d8e1a8d4accbf5,1.0,1.0,1.0,1.0,1.0
1296fe0d35dbd757ab5f42ed,1.0,1.0,1.0,1.0,1.0
1298762dfa93a79528969966,1.0,1.0,1.0,1.0,1.0
12a939bf4e87b41528a6e942,1.0,1.0,1.0,1.0,1.0
130e21e5bb5cc942e42f58d7,1.0,1.0,1.0,1.0,1.0
134cbe950e04f0d6c1add875,1.0,1.0,1.0,1.0,1.0
1350ce40be67ba11d7efa71e,1.0,1.0,1.0,1.0,1.0
138a97b930cbf72defc987c8,1.0,1.0,1.0,1.0,1.0
13c4a965ac67ffab9c4eb4ba,0.0,0.0,0.0,0.0,0.0
13c85e759eae8a80cd969a23,1.0,1.0,1.0,1.0,1.0
13d4231d48f98b4bfe21d59a,1.0,1.0,1.0,1.0,1.0
142a509aafc5a0659320f3e2,1.0,1.0,1.0,1.0,1.0
1486bb1657668fdf3a8b67f2,1.0,1.0,1.0,1.0,1.0
1487df5f5eb6eaea6591f00c,1.0,1.0,1.0,1.0,1.0
14eecbbb1ca1ff4db9bf7692,1.0,1.0,1.0,1.0,1.0
1535d5d56b7997fcbe0f3c85,1.0,1.0,1.0,1.0,1.0
1535f0969547414a6e77f679,1.0,1.0,1.0,1.0,1.0
154f7e0a78ca33f24ee496f3,1.0,1.0,1.0,1.0,1.0
157faf2ba1eda3beb811460f,1.0,1.0,1.0,1.0,1.0
15a08696c90495a78e2b3b7f,0.0,0.0,0.0,0.0,0.0
15bd1afef3a9a7629c334785,1.0,1.0,1.0,1.0,1.0
161947e94df1793d9296991e,1.0,1.0,1.0,1.0,1.0
1620fa3e5d0fb57989c509cb,1.0,1.0,1.0,1.0,1.0
1630e3259f577a7fc4e33ce4,1.0,1.0,1.0,1.0,1.0
16b6ac48b97d9d41bb93fa57,1.0,1.0,1.0,1.0,1.0
16c085864f7d75cbeaf205b8,1.0,1.0,1.0,1.0,1.0
16dea90c8f97905510a3bb76,1.0,1.0,1.0,1.0,1.0
1759e152b98c810c9a861c5b,1.0,1.0,1.0,1.0,1.0
177b0a4996849177840fc08c,1.0,1.0,1.0,1.0,1.0
1789b63878e81310785d910b,1.0,1.0,1.0,1.0,1.0
17b0d94b625ec0152501e8be,1.0,1.0,1.0,1.0,1.0
17b948fca9c7b5d034021b9e,1.0,1.0,1.0,1.0,1.0
17d0bc3a3c4b9b3725a9e00d,1.0,1.0,1.0,1.0,1.0
18015fa869246fffcd2c13dd,0.0,0.0,0.0,0.0,0.0
183570df851103ceca78a3e1,1.0,1.0,1.0,1.0,1.0
1859bbc72554d69b884f13ba,1.0,1.0,1.0,1.0,1.0
18671893b27a21ec22681e65,1.0,1.0,1.0,1.0,1.0
1888088e0b69ce1078f4a1eb,0.0,0.0,0.0,0.0,0.0
18ba7221fc18b4693bd3cb20,1.0,1.0,1.0,1.0,1.0
18f2188db488672bda78f1e7,1.0,1.0,1.0,1.0,1.0
192c80e4d212e3b3596c68a8,1.0,1.0,1.0,1.0,1.0
1999955d8f6169f9a8f90490,1.0,1.0,1.0,1.0,1.0
19bca34483c8f4e13259ecb1,0.0,0.0,0.0,0.0,0.0
1a2aece709bc6d4a9c4658cb,1.0,1.0,1.0,1.0,1.0
1a6940515097644e2e79751a,1.0,1.0,1.0,1.0,1.0
1aa27c2fc5265827cfc9d464,1.0,1.0,1.0,1.0,1.0
1ae5c5efbcdc1c8542e13e46,1.0,1.0,1.0,1.0,1.0
1aec0ce04489d190693c713e,1.0,1.0,1.0,1.0,1.0
1afb58a894f15311a87a083b,1.0,1.0,1.0,1.0,1.0
1b39631fc68a71c821fa72f2,0.0,0.0,0.0,0.0,0.0
1b7dff5d92b11d7fdf956116,1.0,1.0,1.0,1.0,1.0
1b8e12a905201828b5b35d74,1.0,1.0,1.0,1.0,1.0
1c51d091d599a39604f448af,1.0,1.0,1.0,1.0,1.0
1c778e8ea0351c760debf67f,1.0,1.0,1.0,1.0,1.0
1cf5ec1919caa1522a3adc71,1.0,1.0,1.0,1.0,1.0
1d4c267d7b36282d578077f6,1.0,1.0,1.0,1.0,1.0
1d73609702387ac8c16e28da,1.0,1.0,1.0,1.0,1.0
1d82b0132ba3f2c586a76ca1,1.0,1.0,1.0,1.0,1.0
1e0d72338e659cf4bfe32076,1.0,1.0,1.0,1.0,1.0
1e18471fecc20e5e399a563d,1.0,1.0,1.0,1.0,1.0
1e409958495247e42872328d,1.0,1.0,1.0,1.0,1.0
1e47c2e041ebb598c03fb09e,1.0,1.0,1.0,1.0,1.0
1e84a8052434d8f72784df29,1.0,1.0,1.0,1.0,1.0
1edf8a2464372f0408c25092,0.0,0.0,0.0,0.0,0.0
1ee1b5635310f51c6c0ad27f,1.0,1.0,1.0,1.0,1.0
1f16ad7abd352ca84e87abe5,1.0,1.0,1.0,1.0,1.0
1f5035fe18a91afc85aab5d8,1.0,1.0,1.0,1.0,1.0
1f58c5bf29fd66f5103b2ce7,1.0,1.0,1.0,1.0,1.0
1f9536b9bdfd56914a35f351,1.0,1.0,1.0,1.0,1.0
202a354625e3fcf7f7207ff5,1.0,1.0,1.0,1.0,1.0
2098e4d492d65d025770321e,1.0,1.0,1.0,1.0,1.0
20a7d7e93ef575e0b9b30d4c,0.0,0.0,0.0,0.0,0.0
20be36e885fe5c1d9e8acad8,1.0,1.0,1.0,1.0,1.0
20c6883d6978fa2520c97e58,1.0,1.0,1.0,1.0,1.0
20d567bb117fc6982b88501b,1.0,1.0,1.0,1.0,1.0
20e3e2d458ce49178b07b7fe,1.0,1.0,1.0,1.0,1.0
213a274e37968f506a92caf5,1.0,1.0,1.0,1.0,1.0
21551ec9a91ae834aa7416ea,1.0,1.0,1.0,1.0,1.0
21635371cc6785d8a0a3e387,1.0,1.0,1.0,1.0,1.0
2187b17d35396c4a4d4102f2,1.0,1.0,1.0,1.0,1.0
21fd874778d08be204bd940c,1.0,1.0,1.0,1.0,1.0
221e81a367e9866ebcbbcc4f,1.0,1.0,1.0,1.0,1.0
223014abe99478bb35198455,1.0,1.0,1.0,1.0,1.0
225ec449e9d20c9f63a60523,1.0,1.0,1.0,1.0,1.0
227112cb0c5d3d8ee94d38bf,1.0,1.0,1.0,1.0,1.0
22787a503208087423af9275,1.0,1.0,1.0,1.0,1.0
228819a5528213bd65864af5,1.0,1.0,1.0,1.0,1.0
22afde571a43faa36a511260,1.0,1.0,1.0,1.0,1.0
22b86055954cabc4505d8913,1.0,1.0,1.0,1.0,1.0
22c368df827dc6ac6a25d144,1.0,1.0,1.0,1.0,1.0
22dd168b25c8f6c331dcad59,1.0,1.0,1.0,1.0,1.0
22ea56965e7568d6680e2671,0.0,0.0,0.0,0.0,1.0
22f76d7b58edb35754869eeb,1.0,1.0,1.0,1.0,1.0
23055a2b5c8691595b5f89c3,1.0,1.0,1.0,1.0,1.0
2372ff678621f8273bc327de,1.0,1.0,1.0,1.0,1.0
23adc011fe46147f86208748,1.0,1.0,1.0,1.0,1.0
23bb7963eb81655374419aaa,1.0,1.0,1.0,1.0,1.0
23da0dbab65435d9f85ee479,1.0,1.0,1.0,1.0,1.0
23eccc660f2e44b807186861,1.0,1.0,1.0,1.0,1.0
23ed1091b651120e33cbf9fa,1.0,1.0,1.0,1.0,1.0
23fadbc875b64ec20662f460,1.0,1.0,1.0,1.0,1.0
24057a952de1aa495a431eaa,1.0,1.0,1.0,1.0,1.0
240d4331055e76ce075cc9da,1.0,1.0,1.0,1.0,1.0
241ff29cc6aded3e7512fbf7,1.0,1.0,1.0,1.0,1.0
24479958e6efc273fee6e4bb,1.0,1.0,1.0,1.0,1.0
24645994c30abd81a41b1df9,1.0,1.0,1.0,1.0,1.0
24a0c3634561d0dfa98838d3,1.0,1.0,1.0,1.0,1.0
24d493d0a1d78f61746e16db,1.0,1.0,1.0,1.0,1.0
24db6e68b389938ef9e4cfc7,1.0,1.0,1.0,1.0,1.0
24ebadaa2225e23de8e5b11d,1.0,1.0,1.0,1.0,1.0
2506d1a966cb7f52ef3067ce,1.0,1.0,1.0,1.0,1.0
252d55addb1b521c96891898,1.0,1.0,1.0,1.0,1.0
25545df00e5a8c1780390031,1.0,1.0,1.0,1.0,1.0
259dce478f7a63cc3927195d,0.0,0.0,0.0,0.0,0.0
25d5f1a2d74afac378a88310,1.0,1.0,1.0,1.0,1.0
262fa3bb9f039875db0d68a0,1.0,1.0,1.0,1.0,1.0
26324ca4b6f7a531a9acfa09,1.0,1.0,1.0,1.0,1.0
266410410375ad77cc2471df,0.0,0.0,0.0,0.0,0.0
269b59b3073cd30b6264126b,1.0,1.0,1.0,1.0,1.0
26eede4c4cfa707796f3ab3b,1.0,1.0,1.0,1.0,1.0
26fffdbd5e9dd080b40010b9,1.0,1.0,1.0,1.0,1.0
272131031ebb42c8c159649f,1.0,1.0,1.0,1.0,1.0
2721728be9e33ca17ed7cd8d,1.0,1.0,1.0,1.0,1.0
273cbebf83143fdf6fad642f,1.0,1.0,1.0,1.0,1.0
275f9b28d72f92064cdbe6f8,1.0,1.0,1.0,1.0,1.0
2789b97cae3fc0e64b8bb51b,1.0,1.0,1.0,1.0,1.0
27be4f144249ef180a666cc3,1.0,1.0,1.0,1.0,1.0
27e2e65d5bcee7f29f8aff4f,1.0,1.0,1.0,1.0,1.0
27e316a565954abf57f2668a,1.0,1.0,1.0,1.0,1.0
27fe4d12a0ca2efd4f5f7268,1.0,1.0,1.0,1.0,1.0
281e71339b2c5f64c228150a,1.0,1.0,1.0,1.0,1.0
2841c014fda05b0e24880ac6,1.0,1.0,1.0,1.0,1.0
284ddd063350e1dfa414a908,1.0,1.0,1.0,1.0,1.0
28ac88b837161cb056fbc264,1.0,1.0,1.0,1.0,1.0
290666b105cbd68cd05c070f,0.0,0.0,0.0,0.0,0.0
2939f9a6e1a861829318e81a,1.0,1.0,1.0,1.0,1.0
293fb69b17a4c3ab6847fa1c,1.0,1.0,1.0,1.0,1.0
297e9009db3eb6e642e7bd0b,0.0,0.0,0.0,0.0,0.0
29874f24f8bff98dc1db2a82,1.0,1.0,1.0,1.0,1.0
298d5f24ec03317bdf0bb21f,1.0,1.0,1.0,1.0,1.0
2992381af77a9fb11938d5a5,1.0,1.0,1.0,1.0,1.0
29bcf91d8595daa544076574,1.0,1.0,1.0,1.0,1.0
29d02d659391bfbbd0572ac2,1.0,1.0,1.0,1.0,1.0
29da5b55950136c3c5e470d3,1.0,1.0,1.0,1.0,1.0
29f4df9e4cc67ae4bae0e187,1.0,1.0,1.0,1.0,1.0
2a03f56892af362104060d25,1.0,1.0,1.0,1.0,1.0
2a6568b5cc7fab71a767b1f6,1.0,1.0,1.0,1.0,1.0
2ae190474631e00b88729ac3,1.0,1.0,1.0,1.0,1.0
2b44911e8756e37d0d6fc8c8,1.0,1.0,1.0,1.0,1.0
2b8cc4391402694a67e18c9b,1.0,1.0,1.0,1.0,1.0
2bcbf8ad71ce099ccf49b283,1.0,1.0,1.0,1.0,1.0
2bcf4ef8a711efb89eb64325,1.0,1.0,1.0,1.0,1.0
2bde81eeaffc5234b135a9f9,1.0,1.0,1.0,1.0,1.0
2c077d7430954158a55b79ce,0.0,0.0,0.0,0.0,0.0
2c5a769c58a35a50b01e64c9,1.0,1.0,1.0,1.0,1.0
2c666c10de5968a712b2dbfe,1.0,1.0,1.0,1.0,1.0
2c769a047c1f25c7b44c753f,1.0,1.0,1.0,1.0,1.0
2ca413f8c5ccfda5c05a07a3,1.0,1.0,1.0,1.0,1.0
2cac84ba40abbcab988aa137,1.0,1.0,1.0,1.0,1.0
2cb8b5445b98ff77e5cf7bb7,1.0,1.0,1.0,1.0,1.0
2cc72fcffcc300608d66d24b,1.0,1.0,1.0,1.0,1.0
2cfebb95b27b81cd43ad11bc,1.0,1.0,1.0,1.0,1.0
2d4b48d95e010eb88f82052f,1.0,1.0,1.0,1.0,1.0
2da9e7bec8eae30a172e1049,1.0,1.0,1.0,1.0,1.0
2dd6ee585c0291f39611947d,1.0,1.0,1.0,1.0,1.0
2de328af809b3afe7b82a7cf,1.0,1.0,1.0,1.0,1.0
2e3a22747c7ea3501211273b,1.0,1.0,1.0,1.0,1.0
2eb0efea974b1465263ab483,0.0,0.0,0.0,0.0,0.0
2ec079fc043b3fb12e78479e,1.0,1.0,1.0,1.0,1.0
2f208f2eed90843fe20ec126,1.0,1.0,1.0,1.0,1.0
2f5c83ff38ebb1cfcd0422f9,1.0,1.0,1.0,1.0,1.0
2fd0621527dcba97960425c9,1.0,1.0,1.0,1.0,1.0
2fe7ad7d5192c9f39daf5e69,1.0,1.0,1.0,1.0,1.0
2ffd913eb03c130ee748bfb7,1.0,1.0,1.0,1.0,1.0
3009020f0bd976265ca2fb22,1.0,1.0,1.0,1.0,1.0
301dcff49ca3b3f738c84bce,1.0,1.0,1.0,1.0,1.0
306c623385bdf77e28c44e8e,1.0,1.0,1.0,1.0,1.0
30ab2d6f3c2a6f1b5ee443a9,1.0,1.0,1.0,1.0,1.0
314e9ff6d315211bb8b87466,1.0,1.0,1.0,1.0,1.0
31b92437c1a4163b40c27882,1.0,1.0,1.0,1.0,1.0
31c019c20e23c8c809000c5c,1.0,1.0,1.0,1.0,1.0
31f3b7eac414ea508663fa08,1.0,1.0,1.0,1.0,1.0
31ff7c82645444e87b2d913b,1.0,1.0,1.0,1.0,0.0
3255d7b3013d421748509b2f,1.0,1.0,1.0,1.0,1.0
325ec933033698972ee2b8ad,1.0,1.0,1.0,1.0,1.0
326834be9e88209b4b0486bb,1.0,1.0,1.0,1.0,1.0
328e889eb71f09cdcb717d6a,1.0,1.0,1.0,1.0,1.0
32b28f583a7e27c33ca46cc5,1.0,1.0,1.0,1.0,1.0
33113340c748edc516da1a8d,1.0,1.0,1.0,1.0,1.0
3345725f908ef64f92c6a3e4,1.0,1.0,1.0,1.0,1.0
33536a8f66d0400a3a39a1d4,1.0,1.0,1.0,1.0,1.0
335aeb8ca1854573cae0424f,1.0,1.0,1.0,1.0,1.0
335eab1134ee177354d17cde,1.0,1.0,1.0,1.0,1.0
338008e12f0c422764a90c4d,1.0,1.0,1.0,1.0,1.0
33be13bd4e1fbc0a991b05e2,1.0,1.0,1.0,1.0,1.0
33db3c69f0663a8a02196341,1.0,1.0,1.0,1.0,1.0
33ee726bd30139c011c158b9,1.0,1.0,1.0,1.0,1.0
3427d62d5ae3494a1f18cc62,1.0,1.0,1.0,1.0,1.0
347082d4cd8183593e7625df,1.0,1.0,1.0,1.0,1.0
348ae028753a320e836c58c2,0.0,0.0,0.0,0.0,0.0
3535fb4ab4810713b4294568,1.0,1.0,1.0,1.0,1.0
35e87ce84c6263f9b8091cd0,1.0,1.0,1.0,1.0,1.0
360a314066677a4e43b2ce7e,1.0,1.0,1.0,1.0,1.0
361d6a4ba543c640b84c4c90,1.0,1.0,1.0,1.0,1.0
365749c290b4c2bac9475fe2,1.0,1.0,1.0,1.0,1.0
36c48c240020141fe3065f26,1.0,1.0,1.0,1.0,1.0
36ee032d098cdded3465eb43,1.0,1.0,1.0,1.0,1.0
36f1710b2f0dd9ec76188c3a,1.0,1.0,1.0,1.0,1.0
37333d2286bb16d07bfaa026,1.0,1.0,1.0,1.0,1.0
3738b10260dff059da02ca61,1.0,1.0,1.0,1.0,1.0
378c17f3567975e2b44e43c9,1.0,1.0,1.0,1.0,1.0
37aec504bd0c6c1083d88534,1.0,1.0,1.0,1.0,1.0
37b314be6b369e8e11ccd945,1.0,1.0,1.0,1.0,1.0
37f5ffef4ddd5042fcffc043,1.0,1.0,1.0,1.0,1.0
3809afbac6713d834af4a242,1.0,1.0,1.0,1.0,1.0
3821dd99b76d7e2b3cba2d3c,1.0,1.0,1.0,1.0,1.0
385f9ce105899df0f59e75c4,1.0,1.0,1.0,1.0,1.0
389bd0fdc8bf5af5074e5017,1.0,1.0,1.0,1.0,1.0
392d4f3abf632d80b12d9d7d,1.0,1.0,1.0,1.0,1.0
39d18e65655caf26e669b621,1.0,1.0,1.0,1.0,1.0
3a29c843c6c3bd463b3cecd8,1.0,1.0,1.0,1.0,1.0
3a2f34e75bdc0996546a5583,1.0,1.0,1.0,1.0,1.0
3a4d96d77a7c13b6838209cc,1.0,1.0,1.0,1.0,1.0
3acd08ed65c742c7fa609df8,1.0,1.0,1.0,1.0,1.0
3ae2fc2d962556fa4c282050,1.0,1.0,1.0,1.0,1.0
3b157712f569631e59c940a4,1.0,1.0,1.0,1.0,1.0
3b161d7f0da02d03d7539bb6,1.0,1.0,1.0,1.0,1.0
3b38eaa91c6a9561ae7754ba,1.0,1.0,1.0,1.0,1.0
3b69b9acac11af8c417c832f,1.0,1.0,1.0,1.0,1.0
3c12f5d33a6a7c0915cad6ed,1.0,1.0,1.0,1.0,1.0
3c15a825011ecbfb2e99cd24,1.0,1.0,1.0,1.0,1.0
3c1fd926e0c4de9e007a62d9,1.0,1.0,1.0,1.0,1.0
3c253c317d8283d41ef95ee3,1.0,1.0,1.0,1.0,1.0
3c89dae3a890317d293481c7,1.0,1.0,1.0,1.0,1.0
3c9a5eb5e96f37d9180a32a0,1.0,1.0,1.0,1.0,1.0
3ca0cb2bcf2db89b7444bbfc,1.0,1.0,1.0,1.0,1.0
3cb2e0f87103a705df8cbab3,1.0,1.0,1.0,1.0,1.0
3cbaece35b27f06e87c062fc,1.0,1.0,1.0,1.0,1.0
3ce5362d844cf0d68b45013d,1.0,1.0,1.0,1.0,1.0
3cea7357ccdc157667afd50b,1.0,1.0,1.0,1.0,1.0
3d1511526398c1eeea380a50,1.0,1.0,1.0,1.0,1.0
3d2d912ed7434d5ac971f982,1.0,1.0,1.0,1.0,1.0
3d30ce5725e65544ac8d0088,1.0,1.0,1.0,1.0,1.0
3e2ffd5bfad1ca2b3f4b19e1,1.0,1.0,1.0,1.0,1.0
3eac9dcc9eb4305a227563a0,1.0,1.0,1.0,1.0,1.0
3eb5521583a6720804406ed3,1.0,1.0,1.0,1.0,1.0
3eee808b7b77633c53cd519d,1.0,1.0,1.0,1.0,1.0
3f09f4a99aaa8a84a7d1daaa,1.0,1.0,1.0,1.0,1.0
3f26e3a2a4330bed9253de4e,1.0,1.0,1.0,1.0,1.0
3f285d51e33d788b71e587e6,1.0,1.0,1.0,1.0,1.0
3f6cc32a5db159d3b0f01ea6,1.0,1.0,1.0,1.0,1.0
3f71b86795d89b41c25a2c0f,1.0,1.0,1.0,1.0,1.0
3f7c8def0f4e85639dc9f222,1.0,1.0,1.0,1.0,1.0
3fdcf9eff6448a01c9b85760,1.0,1.0,1.0,1.0,1.0
3fe5c1176aa49c6a4ea7156b,1.0,1.0,1.0,1.0,1.0
4005839d3fc8f4dd3c053b3a,1.0,1.0,1.0,1.0,1.0
400e4ae25e3ded0015f5b6ff,1.0,1.0,1.0,1.0,1.0
40de4a94b43e3bbe43c5bcd5,1.0,1.0,1.0,1.0,1.0
40df6ef6f0e565438a519350,1.0,1.0,1.0,1.0,1.0
4116e7362653682ae4d8c486,0.0,0.0,0.0,0.0,0.0
4159d3b25f46fb8d704ddfa5,1.0,1.0,1.0,1.0,1.0
41e84e804c0b9ebbc0dc68fd,1.0,1.0,1.0,1.0,1.0
41fa5bfe6a6681893356f8be,1.0,1.0,1.0,1.0,1.0
4214afc11db793d1fa9e76b5,1.0,1.0,1.0,1.0,1.0
425e52422491581ee5f343ca,1.0,1.0,1.0,1.0,1.0
425ff02c6e4d91071c19eb50,1.0,1.0,1.0,1.0,1.0
42bdb486da205bbce360e613,1.0,1.0,1.0,1.0,1.0
433779bac13090c15816800c,1.0,1.0,1.0,1.0,1.0
435fa9b7e938693abb391898,1.0,1.0,1.0,1.0,1.0
43689bd2e5cc9e6a5b7ffbff,1.0,1.0,1.0,1.0,1.0
43f31186c25748080db3b273,1.0,1.0,1.0,1.0,1.0
443789b04cd42567a88c4076,1.0,1.0,1.0,1.0,1.0
44724363c1e03b1ad69fa235,1.0,1.0,1.0,1.0,1.0
447514ea1a1bc43e0f1ae24c,1.0,1.0,1.0,1.0,1.0
44c79773ad8f9e7f48cec2ff,1.0,1.0,1.0,1.0,1.0
44f0ee8a90ff01b8e82252fb,1.0,1.0,1.0,1.0,1.0
45700e41ce3c73d4dd35eb57,1.0,1.0,1.0,1.0,1.0
459646e408681c590b9f560d,1.0,1.0,1.0,1.0,1.0
45978b343b260ded90241083,1.0,1.0,1.0,1.0,1.0
45b77ada711bddce62e12f67,1.0,1.0,1.0,1.0,1.0
45c157c7a228dbcf1ac838b2,1.0,1.0,1.0,1.0,1.0
45c642fd76ba5f054b941370,1.0,1.0,1.0,1.0,1.0
4610274b15c353ce32f10984,1.0,1.0,1.0,1.0,1.0
468207aba018be6292090e2e,1.0,1.0,1.0,1.0,1.0
4682aca147d3fe71a0d4ada9,1.0,1.0,1.0,1.0,1.0
471fe307b148f2bc8e2e58e5,1.0,1.0,1.0,1.0,1.0
47452171073e54149eded09e,1.0,1.0,1.0,1.0,1.0
475ae14d9d4b29f21e619900,1.0,1.0,1.0,1.0,1.0
476b9b655211a368273a088d,1.0,1.0,1.0,1.0,1.0
4776f01b3438c9779c50d8d3,1.0,1.0,1.0,1.0,1.0
47858d7553e09c4c5a97d3c6,1.0,1.0,1.0,1.0,1.0
47a8c530d023eb71d8467db5,1.0,1.0,1.0,1.0,1.0
47e35c746be0651e40f8a63b,0.0,0.0,0.0,0.0,0.0
47e3e7825e704548bdf877c4,1.0,1.0,1.0,1.0,1.0
480372e6a01f22267e5c8ec6,1.0,1.0,1.0,1.0,1.0
48199835a1c172f187ff36b3,1.0,1.0,1.0,1.0,1.0
481d52e8e14b69338a2a1395,0.0,0.0,0.0,0.0,0.0
483382adeb29296380ec6dad,1.0,1.0,1.0,1.0,1.0
48441c42357b26374ad6c74c,1.0,1.0,1.0,1.0,1.0
486ebbf9dcba152d44b47c7c,1.0,1.0,1.0,1.0,1.0
48cfb278b753e04fa1c42cce,1.0,1.0,1.0,1.0,1.0
496a15b485ff28face27653f,1.0,1.0,1.0,1.0,1.0
49d20f603634e9ea1a9acc9b,1.0,1.0,1.0,1.0,1.0
49d8726504d7b2d78376ffe3,1.0,1.0,1.0,1.0,1.0
49efe5c7f1b95048fc883f8b,1.0,1.0,1.0,1.0,1.0
4a50a0cf14f9ca8102e3ab83,1.0,1.0,1.0,1.0,1.0
4a511da43b17cd0720c53a4e,1.0,1.0,1.0,1.0,1.0
4a7ab7422ece96ca2dc777a1,1.0,1.0,1.0,1.0,1.0
4a987db3933f8dce05c6b14d,1.0,1.0,1.0,1.0,1.0
4ae85df40dd6b5498aa2013b,1.0,1.0,1.0,1.0,1.0
4afa4a31cbb3240c8f285ced,1.0,1.0,1.0,1.0,1.0
4b140254e2e687afcccd0061,1.0,1.0,1.0,1.0,1.0
4b1c0eba7ef73df7ab4d83bd,1.0,1.0,1.0,1.0,1.0
4b23a3a04eec78f6ff79738e,1.0,1.0,1.0,1.0,1.0
4bc55ba1dc034cf17091bb2d,1.0,1.0,1.0,1.0,1.0
4c1c284c3d3ce3bad492c3b3,0.0,0.0,0.0,0.0,0.0
4c36bdc59c7fe77bda61e083,1.0,1.0,1.0,1.0,1.0
4cdea18f35e93ee48c9c48be,1.0,1.0,1.0,1.0,1.0
4d254816b0ddfbcaba140829,1.0,1.0,1.0,1.0,1.0
4d28c7ca889fbc63da8ed68a,1.0,1.0,1.0,1.0,1.0
4d44b152f755771248c51ecc,1.0,1.0,1.0,1.0,1.0
4d4b02dc4caa778e7994d782,1.0,1.0,1.0,1.0,1.0
4dbf15a8b2b55488cdaf0767,1.0,1.0,1.0,1.0,1.0
4de2482a282aad81c9bb3a53,1.0,1.0,1.0,1.0,1.0
4e046a218d9c6725c9712e91,1.0,1.0,1.0,1.0,1.0
4e34a0595c74ae296b4c4d85,1.0,1.0,1.0,1.0,1.0
4e6561a1262b054a03a8721e,1.0,1.0,1.0,1.0,1.0
4e7274bc22ac361968bb0a02,1.0,1.0,1.0,1.0,1.0
4e775a001181fcf81c5beebf,1.0,1.0,1.0,1.0,1.0
4e7dc5e6032ef12850ee50c9,1.0,1.0,1.0,1.0,1.0
4e83d2bc22acc031f1e0a536,1.0,1.0,1.0,1.0,1.0
4ea9dcfee7af15da0c5a2af4,1.0,1.0,1.0,1.0,1.0
4ee4550f91b6ae5143578d64,1.0,1.0,1.0,1.0,1.0
4efb4e82d049d05c402cb508,1.0,1.0,1.0,1.0,1.0
4f1ca844b3325f243031f15c,1.0,1.0,1.0,1.0,1.0
4fc27913fe6033abc9e7304d,1.0,1.0,1.0,1.0,1.0
50661b681f4c5b1438155732,1.0,1.0,1.0,1.0,1.0
506764b41877c70983efdb79,1.0,1.0,1.0,1.0,1.0
5098d8e68ff8a5210c363e00,1.0,1.0,1.0,1.0,1.0
50b0c1211ad7b1874f9c18f6,1.0,1.0,1.0,1.0,1.0
50df9c5d308c59f2a9929e48,1.0,1.0,1.0,1.0,1.0
511a02eef51c674de9cf94ad,1.0,1.0,1.0,1.0,1.0
51615ae6124f8247ed73bb9c,1.0,0.0,0.0,0.0,0.0
518b453e0eca284aa25f30a7,1.0,1.0,1.0,1.0,1.0
518c1f4fd1f3d24ca1f9c976,1.0,1.0,1.0,1.0,1.0
5196afe66fd9a60d78a7d49a,1.0,1.0,1.0,1.0,1.0
519af067c98c69113e08b5c1,1.0,1.0,1.0,1.0,1.0
51c805d92d0f08cd1db2965e,1.0,1.0,1.0,1.0,1.0
51e101e4410aa74dfac568c4,1.0,1.0,1.0,1.0,1.0
51e68e83d26086157fce2009,1.0,1.0,1.0,1.0,1.0
51f6cbcf30f74b154970e199,1.0,1.0,1.0,1.0,1.0
521db01c641a838dccdd34d3,1.0,1.0,1.0,1.0,1.0
52498c01d34f57b7d9d84b6b,1.0,1.0,1.0,1.0,1.0
5269ccd4145741297087df2e,1.0,1.0,1.0,1.0,1.0
5273ab49aa7c4ebc7ef8dbab,1.0,1.0,1.0,1.0,1.0
5287d7fdaeb2da96da4fb6f8,1.0,1.0,1.0,1.0,1.0
52e3c3a925b94ab32ea9b491,1.0,1.0,1.0,1.0,1.0
52e47cc3668c489b4d945d5b,1.0,1.0,1.0,1.0,1.0
52fe29f2b147c251a1043b67,1.0,1.0,1.0,1.0,1.0
530a25770ac97203dc42665a,1.0,1.0,1.0,1.0,1.0
530d344069a60d44a943d0a0,1.0,1.0,1.0,1.0,1.0
532f7881281ae858e23037a9,1.0,1.0,1.0,1.0,1.0
536caf1700542d84fceb9735,1.0,1.0,1.0,1.0,1.0
53b5f3e12a5beb3b97675392,1.0,1.0,1.0,1.0,1.0
53ef47aa4ec5eff8f230801c,1.0,1.0,1.0,1.0,1.0
53fa484efa4a768a47b27554,1.0,1.0,1.0,1.0,1.0
540bded921601d59f7463874,1.0,1.0,1.0,1.0,1.0
5427e0dd187c3b3782a4f8b2,1.0,1.0,1.0,1.0,1.0
5446d05a70c81a62590710ae,1.0,1.0,1.0,1.0,1.0
544b2868678506f9598f0645,1.0,1.0,1.0,1.0,1.0
54649d09b7382840c400b3ee,1.0,1.0,1.0,1.0,1.0
547a5d9898c34395c75bded5,1.0,1.0,1.0,1.0,1.0
54d31860fdd1f02b87ab60a3,1.0,1.0,1.0,1.0,1.0
54e2c2725f568fec8ab3f4f5,1.0,1.0,1.0,1.0,1.0
54ea9121a8916333961a8406,1.0,1.0,1.0,1.0,1.0
551fba20db5624fa7db0cd4c,1.0,1.0,1.0,1.0,1.0
552fa57cba7b78b99b1129f2,1.0,1.0,1.0,1.0,1.0
558713c9b25af47172228d7d,1.0,1.0,1.0,1.0,1.0
55cfc61b4a80328c7d20bf4f,1.0,1.0,1.0,1.0,1.0
562883edb6827f4994aab69d,1.0,1.0,1.0,1.0,1.0
568051252a2581bc00991e45,1.0,1.0,1.0,1.0,1.0
568569d6fe67f1b7189aec70,1.0,1.0,1.0,1.0,1.0
568a2d9739e32d16a2b9bb72,1.0,1.0,1.0,1.0,1.0
572ee6ba19bf6f20e37d8206,1.0,1.0,1.0,1.0,1.0
57ac8746d77b00e7cc3589cf,1.0,1.0,1.0,1.0,1.0
5851d36d21a130d2c5680a4c,1.0,1.0,1.0,1.0,1.0
585eef012e1dd5b1ff1b08c0,1.0,1.0,1.0,1.0,1.0
58b327353da5630ee0c06cbb,1.0,1.0,1.0,1.0,1.0
59611d2edd4e02f446486d83,1.0,1.0,1.0,1.0,1.0
597949e9153ad806dd3deb81,1.0,1.0,1.0,1.0,1.0
599a1937d2434086a928f4e5,1.0,1.0,1.0,1.0,1.0
59b2be2ae329aa0de1e381cf,1.0,1.0,1.0,1.0,1.0
5a1009054199eaf63396b1af,1.0,1.0,1.0,1.0,1.0
5a170860a5005529825f90ad,1.0,1.0,1.0,1.0,1.0
5a4fede2be18cab7409d9ec3,1.0,1.0,1.0,1.0,1.0
5a502991497c20008630abca,1.0,1.0,1.0,1.0,1.0
5a532af0274eeed49302dcf4,1.0,1.0,1.0,1.0,1.0
5ab7692cfba557cd5c3624c4,1.0,1.0,1.0,1.0,1.0
5b2e4ba021a94088185c0360,1.0,1.0,1.0,1.0,1.0
5b3aabc076447459cafdcba4,1.0,1.0,1.0,1.0,1.0
5b6dab32e3ea3b02664ec1ef,1.0,1.0,1.0,1.0,1.0
5b8b7df97b44864fb2c41abf,1.0,1.0,1.0,1.0,1.0
5c2d9ba47b93fa45adcb9412,1.0,1.0,1.0,1.0,1.0
5c9f2f85f4e9808141f0e2ed,1.0,1.0,1.0,1.0,1.0
5d1cf751390da81b54c999ef,1.0,1.0,1.0,1.0,1.0
5d39c1175997e474759431cf,1.0,1.0,1.0,1.0,1.0
5d537b9949dbe5ba86fd429f,1.0,1.0,1.0,1.0,1.0
5d5752c330f6fc04a10425f7,1.0,1.0,1.0,1.0,1.0
5e29cf28b020af9ea193bda3,1.0,1.0,1.0,1.0,1.0
5e413661051f2396ac3c2c0d,1.0,1.0,1.0,1.0,1.0
5e8385e1341e482a7ab8e31b,1.0,1.0,1.0,1.0,1.0
5ec6670a01f0a0853f60daed,1.0,1.0,1.0,1.0,1.0
5f07110d64e20ebe0702221d,1.0,1.0,1.0,1.0,1.0
5f55c660ac3dfb03d8d0128e,1.0,1.0,1.0,1.0,1.0
5f70c11e03fc8964744104fe,1.0,1.0,1.0,1.0,1.0
5f79cb1d74733c86b0778f95,1.0,1.0,1.0,1.0,1.0
5f9a693b92c9086b2b837850,1.0,1.0,1.0,1.0,1.0
5f9df43a57829bbbce19f0ed,1.0,1.0,1.0,1.0,1.0
60029cc7c8b1897ee730a30f,1.0,1.0,1.0,1.0,1.0
60216ca9aee998da3a061237,1.0,1.0,1.0,1.0,1.0
603957c29d0676b55a759515,1.0,1.0,1.0,1.0,1.0
6041732812b45741a55fd210,1.0,1.0,1.0,1.0,1.0
605d2d67072d9e71ac2209f1,1.0,1.0,1.0,1.0,1.0
605ec3a44f187bf82086aafa,1.0,1.0,1.0,1.0,1.0
6067d06462c3e6e8dbb2c0b5,1.0,1.0,1.0,1.0,1.0
6075fe7cf4f4ed35f6289554,1.0,1.0,1.0,1.0,1.0
608b964a774d50f9fb8dcc0c,1.0,1.0,1.0,1.0,1.0
60a70cf67926bf903e0fb90a,1.0,1.0,1.0,1.0,1.0
60ad2938d30d26f11b2b84d1,1.0,1.0,1.0,1.0,1.0
60b1ed63216bf36a0561e011,1.0,1.0,1.0,1.0,1.0
60c0a1fe16e6ced93fb9535a,1.0,1.0,1.0,1.0,1.0
60d445f6b3c81bd7be80a72f,1.0,1.0,1.0,1.0,1.0
612252f3d25c4d965c88bfaf,1.0,1.0,1.0,1.0,1.0
614bdbdc077fe3c564a79ed9,1.0,1.0,1.0,1.0,1.0
614fd1e27fddd7c0a1be5b3c,1.0,1.0,1.0,1.0,1.0
61603d1ef4e1da9229667fbb,1.0,1.0,1.0,1.0,1.0
616cc50f093626e8fba13868,1.0,1.0,1.0,1.0,1.0
61e54fb13d3e60edc085064a,1.0,1.0,1.0,1.0,1.0
61e62d783f54633b406ee468,1.0,1.0,1.0,1.0,1.0
62300d3cb3a0e9838e25016b,1.0,1.0,1.0,1.0,1.0
6239d3d1a328f6e62bf8d64e,1.0,1.0,1.0,1.0,1.0
6292cf3f808290df4e5cee98,1.0,1.0,1.0,1.0,1.0
629f969e367de043cbbb3213,1.0,1.0,1.0,1.0,1.0
62ae2db94b0d6c22011a7cf5,1.0,1.0,1.0,1.0,1.0
62c9b891b0014eef085cbea1,0.0,0.0,0.0,0.0,0.0
62f7042535a264b83d17f1cb,1.0,1.0,1.0,1.0,1.0
6349172f24f9e0b545f57ce0,1.0,1.0,1.0,1.0,1.0
635735ea3ba51f12fb2266a5,1.0,1.0,1.0,1.0,1.0
63a8b3b096d7a03e63de13eb,1.0,1.0,1.0,1.0,1.0
63d4e4a250f07ba0c664f5f0,1.0,1.0,1.0,1.0,1.0
640eaeb6e4431a78ac65a688,1.0,1.0,1.0,1.0,1.0
641f51dd064101dcc54fc12b,1.0,1.0,1.0,1.0,1.0
644dd6fd7dedf70668707f57,1.0,1.0,1.0,1.0,1.0
65163a496d6b73de23da9bfc,1.0,1.0,1.0,1.0,1.0
652d8be6bfa4bfa986543a6c,1.0,1.0,1.0,1.0,1.0
6533df985b62b19d71650f77,1.0,1.0,1.0,1.0,1.0
6547c49b6f206410e14dbd04,1.0,1.0,1.0,1.0,1.0
65749be687dd243e8b214e73,1.0,1.0,1.0,1.0,1.0
65b1cb903c881298982a979e,1.0,1.0,1.0,1.0,1.0
65e02e913d6b3c45bac94e42,1.0,1.0,1.0,1.0,1.0
65f01ca1134c64acddef5116,1.0,1.0,1.0,1.0,1.0
667fd3c5d415e3efe5112e22,0.0,0.0,0.0,0.0,0.0
668688449fdd2b591ee84f16,0.0,0.0,0.0,0.0,0.0
669b35b8b4484b9a2c6eb034,0.0,0.0,0.0,0.0,0.0
66a3214ca58dfbaf7d63c045,1.0,1.0,1.0,1.0,1.0
672f0123ab953dbc64a87031,0.0,0.0,0.0,0.0,0.0
673092ce8e03541252fd024f,1.0,1.0,1.0,1.0,1.0
675b3d052a0e266f2a62cee0,1.0,1.0,1.0,1.0,1.0
6773210691629e95a0522ce1,1.0,1.0,1.0,1.0,1.0
6777d261c9442016aa1be546,1.0,1.0,1.0,1.0,1.0
67b102b38b9bb8a93c8a5739,1.0,1.0,1.0,1.0,1.0
680713a9dd2402cfcc23b86e,1.0,1.0,1.0,1.0,1.0
680caca02e9ed0fb2c024e67,1.0,1.0,1.0,1.0,1.0
6834f2f47d0469efb443d465,0.0,0.0,0.0,0.0,0.0
6866d464f464a90033cf3a0f,1.0,1.0,1.0,1.0,1.0
687638c72935617e1c88105e,1.0,1.0,1.0,1.0,1.0
68a53f801cf795a7053a110a,1.0,1.0,1.0,1.0,1.0
6912e6131c58247f72ede795,1.0,1.0,1.0,1.0,1.0
695801f64159d813d36e028e,1.0,1.0,1.0,1.0,1.0
69bfff411b2323564dd14e17,1.0,1.0,1.0,1.0,1.0
69d0a93144e1508d81a8d8fa,1.0,1.0,1.0,1.0,1.0
6a25791f3a33ad629f63b7df,1.0,1.0,1.0,1.0,1.0
6a2bd7e7200d78e44356c590,1.0,1.0,1.0,1.0,1.0
6a7e6e343467d49654e37a29,1.0,1.0,1.0,1.0,1.0
6a7f8ae6230ce6f038148efc,1.0,1.0,1.0,1.0,1.0
6a9f3739f3280fe72b2efd81,1.0,1.0,1.0,1.0,1.0
6afb03a2d19ea8751eeab320,1.0,1.0,1.0,1.0,1.0
6b044dfedc76ae07b118e687,1.0,1.0,1.0,1.0,1.0
6b12fa524c57567771d402c5,1.0,1.0,1.0,1.0,1.0
6b3a8e458bc209c6975ebb42,1.0,1.0,1.0,1.0,1.0
6b8723b933881a5b8939c5a9,1.0,1.0,1.0,1.0,1.0
6ba9484ffe49ecc39e870e8a,1.0,1.0,1.0,1.0,1.0
6bd667ded13f19dae299757e,1.0,1.0,1.0,1.0,1.0
6becc04eac84518b835f576f,1.0,1.0,1.0,1.0,1.0
6c06fb6cb333ee74ae049eb7,1.0,1.0,1.0,1.0,1.0
6c1875056148c8709523d2fb,1.0,1.0,1.0,1.0,1.0
6c1cf4be4a07b2e2037728d4,1.0,1.0,1.0,1.0,1.0
6c2326274411c7aa856fe6cd,1.0,1.0,1.0,1.0,1.0
6c3bc40657d62a40ee5edac3,1.0,1.0,1.0,1.0,1.0
6c4c9db1ae4c166f0b347d2d,1.0,1.0,1.0,1.0,1.0
6c6642fca7bd1f776cb920d2,1.0,1.0,1.0,1.0,1.0
6c7e082b51683ac3a90d3e32,1.0,1.0,1.0,1.0,1.0
6cbfb5fbfad83e37de90b01c,1.0,1.0,1.0,1.0,1.0
6cc5557c79bbd7b3eb4be241,1.0,1.0,1.0,1.0,1.0
6cc5a2959502baff8c0c33af,1.0,1.0,1.0,1.0,1.0
6ce697c0514af24cfa13c019,1.0,1.0,1.0,1.0,1.0
6d0d50305dfc7fdfc522b5ea,1.0,1.0,1.0,1.0,1.0
6da4a9c41556532ba0badf5a,1.0,1.0,1.0,1.0,1.0
6ddee009ccad565d6eff1911,1.0,1.0,1.0,1.0,1.0
6decf0e09bed8db4db520568,1.0,1.0,1.0,1.0,1.0
6e1aaa178b01b7496bbeb9fe,1.0,1.0,1.0,1.0,1.0
6e7f3867bbf767be29921ccd,1.0,1.0,1.0,1.0,1.0
6ea1c9f67e8840f5bb3b1716,1.0,1.0,1.0,1.0,1.0
6eadb67561c03afa20e54eeb,1.0,1.0,1.0,1.0,1.0
6ec8908650bd5f0efacdc98e,1.0,1.0,1.0,1.0,1.0
6eceffe2a0f9c7091fe0840c,1.0,1.0,1.0,1.0,1.0
6ecf5f819a8de5137ca66005,0.0,0.0,0.0,0.0,0.0
6ee7a494eae8fd29ed41f411,1.0,1.0,1.0,1.0,1.0
6f1713e412cc3b6d03e922c5,1.0,1.0,1.0,1.0,1.0
6f24abc5e83c630a0a33648b,1.0,1.0,1.0,1.0,1.0
6f35f8af04c83c8479bb8d0f,1.0,1.0,1.0,1.0,1.0
6f786e806b8b23aef27dc82c,1.0,1.0,1.0,1.0,1.0
6fa9655e6d34d2480a4597ba,1.0,1.0,1.0,1.0,1.0
6fe6a311aad93e8daec0687a,1.0,1.0,1.0,1.0,1.0
6fed25725c43801296b0a854,1.0,1.0,1.0,1.0,1.0
6ff2b550103af0dee73ff915,1.0,1.0,1.0,1.0,1.0
6ffa64d5b7d806c4c5fe6d64,1.0,1.0,1.0,1.0,1.0
7013cab09ec5044fb2de76af,1.0,1.0,1.0,1.0,1.0
701dc0a2be81ebe688b3175d,1.0,1.0,1.0,1.0,1.0
702a9753f717f4f16ad0fab7,1.0,1.0,1.0,1.0,1.0
7042ea87705dd0c72b5574e3,1.0,1.0,1.0,1.0,1.0
704dea41b5c5fccc7a36c8fa,1.0,1.0,1.0,1.0,1.0
706e405c7d0afb377b8c4f1b,1.0,1.0,1.0,1.0,1.0
70c32a8042b38d55f16107b8,1.0,1.0,1.0,1.0,1.0
70d6e45f40887f4736d791fe,1.0,1.0,1.0,1.0,1.0
714a3adfb111e2d726ff2f12,1.0,1.0,1.0,1.0,1.0
716067b71ad715b76958af8e,1.0,1.0,1.0,1.0,1.0
71ae4aba92c2e77c77de3545,1.0,1.0,1.0,1.0,1.0
71d867bd354ac3d7c16e1a21,1.0,1.0,1.0,1.0,1.0
71e2f32a5e4e43ef3c77af6a,1.0,1.0,1.0,1.0,1.0
7246a6a8b9f73d59334aad93,1.0,1.0,1.0,1.0,1.0
727db7610fa893865a156b44,1.0,1.0,1.0,1.0,1.0
72ea493f8202a7cdcd631fc1,1.0,1.0,1.0,1.0,1.0
7314af4337dc5f149b9b3ff3,1.0,1.0,1.0,1.0,1.0
745355ec6c81c9c0d792786a,1.0,1.0,1.0,1.0,1.0
747baacd82ea1fb79a77ce6c,1.0,1.0,1.0,1.0,1.0
7486302d87330310cd0b996c,1.0,1.0,1.0,1.0,1.0
74af65aace8cb3be84427a39,1.0,1.0,1.0,1.0,1.0
74b522210b1cf3bc9b648bed,1.0,1.0,1.0,1.0,1.0
74f9e38e4affe808ae83b650,1.0,1.0,1.0,1.0,1.0
75372e0c98e09fae14fa5a15,1.0,1.0,1.0,1.0,1.0
75ad481d42b2c0f3c1db3110,1.0,1.0,1.0,1.0,1.0
75e39387355695d59ae78271,1.0,1.0,1.0,1.0,1.0
75f374fba688c5a3e9cb5296,1.0,1.0,1.0,1.0,1.0
75f47b5a4b65a2921b15e0aa,1.0,1.0,1.0,1.0,1.0
760e9ebb595da2aa57edb3a2,1.0,1.0,1.0,1.0,1.0
7664bbc931a8d3eecddadfe2,1.0,1.0,1.0,1.0,1.0
768d64c16346ecd3bf9ce58b,1.0,1.0,1.0,1.0,1.0
76fb6eb96a0e351ee859dfbb,1.0,1.0,1.0,1.0,1.0
7709d1cbba6e5d1441f3b1fb,1.0,1.0,1.0,1.0,1.0
77211a599ea9ffcfc67cb337,1.0,1.0,1.0,1.0,1.0
772e32903a71a7ac8e58f3af,1.0,1.0,1.0,1.0,1.0
7737054799e7fe9eaf0b2514,1.0,1.0,1.0,1.0,1.0
77696358e2ae6a7370d8957b,1.0,1.0,1.0,1.0,1.0
77838252cd2df793d265655f,1.0,1.0,1.0,1.0,1.0
77a72dda9a9f49eb843d6183,1.0,1.0,1.0,1.0,1.0
77f9e20562477357c53463d6,1.0,1.0,1.0,1.0,1.0
781587790d53fcc7e56746ef,1.0,1.0,1.0,1.0,1.0
78491f9ac3f8f649fc1129a2,1.0,1.0,1.0,1.0,1.0
785306fa43bba91f772a3348,1.0,1.0,1.0,1.0,1.0
78556c06492e3b3c34613147,1.0,1.0,1.0,1.0,1.0
7870b322a0ff296681697e09,1.0,1.0,1.0,1.0,1.0
7890ee2c6d759041ec5dbf5f,1.0,1.0,1.0,1.0,1.0
789f3adbf2781756c2f01449,1.0,1.0,1.0,1.0,1.0
789fc5fa0fd65bcfee804236,1.0,1.0,1.0,1.0,1.0
78b29db38e6f2e5df35a5282,1.0,1.0,1.0,1.0,1.0
79003f9e1ba00e4ea40eb8ce,1.0,1.0,1.0,1.0,1.0
791c21414c7c39b5209afd77,1.0,1.0,1.0,1.0,1.0
79442aebc4e65b346fa75713,1.0,1.0,1.0,1.0,1.0
796d17301129c72b9bbc6f9b,1.0,1.0,1.0,1.0,1.0
797c796a03ab4e41b019cb75,1.0,1.0,1.0,1.0,1.0
799f31fe68db381fa0a27752,0.0,0.0,0.0,0.0,0.0
79ba6fa67b768ac695401811,1.0,1.0,1.0,1.0,1.0
79c2f506467d310e5869c7a0,1.0,1.0,1.0,1.0,1.0
7a064cea2aa7661c1aa56031,1.0,1.0,1.0,1.0,1.0
7a0ac4f8d24aaf36a8d26503,1.0,1.0,1.0,1.0,1.0
7a9f849bd37f317290ecedc8,1.0,1.0,1.0,1.0,1.0
7abc8a7a4c17d32485626003,0.0,0.0,0.0,0.0,0.0
7ac07e4943c1c13466481dfe,1.0,1.0,1.0,1.0,1.0
7af5e15eab37bb1f6cf9061d,1.0,1.0,1.0,1.0,1.0
7b05578f1c20e703dfd438b6,1.0,1.0,1.0,1.0,1.0
7b0b091962612b248b7119bd,1.0,1.0,1.0,1.0,1.0
7b0eeee9222d4a1b9cd7503e,1.0,1.0,1.0,1.0,1.0
7b1f2c40b0e04d837a0a7f1d,1.0,1.0,1.0,1.0,1.0
7b58ef0b3c765337e63f331d,1.0,1.0,1.0,1.0,1.0
7b59374362de4a06e73d2a5a,0.0,0.0,0.0,0.0,0.0
7b831ff4681333ef9bc17a68,0.0,0.0,0.0,0.0,0.0
7b83abcd4102c161e652a569,1.0,1.0,1.0,1.0,1.0
7bf983bf2a36df0d0102e633,1.0,1.0,1.0,1.0,1.0
7c07e34ad3325b341c881104,1.0,1.0,1.0,1.0,1.0
7c09f468fb7471f332f8fe83,1.0,1.0,1.0,1.0,1.0
7c45152cfdf6cb6b514ef87d,1.0,1.0,1.0,1.0,1.0
7ca401fbab23e0136e3773bb,1.0,1.0,1.0,1.0,1.0
7cc35dc714a0782f78e6cff4,1.0,1.0,1.0,1.0,1.0
7d052d2eae7809850d8c1083,1.0,1.0,1.0,1.0,1.0
7d164025ab162b49cb3b5f44,1.0,1.0,1.0,1.0,1.0
7d5a60a08bbd2ccd19727775,1.0,1.0,1.0,1.0,1.0
7daf8b19e83e676da3d98eab,1.0,1.0,1.0,1.0,1.0
7e3850347d7a0787bc4ae097,1.0,1.0,1.0,1.0,1.0
7e458ffe8ac486bf7af9eb4d,1.0,1.0,1.0,1.0,1.0
7e7a9ad5dde208c4b2f59e4e,1.0,1.0,1.0,1.0,1.0
7e8713f90e7ad86322004f36,1.0,1.0,1.0,1.0,1.0
7eaea268154879527bd3fc2b,1.0,1.0,1.0,1.0,1.0
7ebe8fe3685b4659ffb9d0fd,1.0,1.0,1.0,1.0,1.0
7ebfd27a476ee521d8a1ea9f,1.0,1.0,1.0,1.0,1.0
7ecc40d4d63ae6811dab69f4,1.0,1.0,1.0,1.0,1.0
7f034ea2e6802a31f3845940,1.0,1.0,1.0,1.0,1.0
7f062cc175d807da06265796,1.0,1.0,1.0,1.0,1.0
7f21231adc5b422b51f526f9,1.0,1.0,1.0,1.0,1.0
7f6744598bc61f7bf7a38fe2,1.0,1.0,1.0,1.0,1.0
8036b16d0e53fe0d91081593,1.0,1.0,1.0,1.0,1.0
804e108e2ae737fb70b3724e,0.0,0.0,0.0,0.0,0.0
80d7a79c97f981ffe4d29dd3,1.0,1.0,1.0,1.0,1.0
80e6d8234bc56d8bda45f11b,1.0,1.0,1.0,1.0,1.0
810002911b1a452966cdaf2c,1.0,1.0,1.0,1.0,1.0
812916bca0598309ab847a1c,1.0,1.0,1.0,1.0,1.0
813028d5ad1132e406dabbd2,1.0,1.0,1.0,1.0,1.0
813cab3fbca6c5025b5ec61a,0.0,0.0,0.0,0.0,0.0
81b3c6fdf5fb166f4f9ba31e,1.0,1.0,1.0,1.0,1.0
81cb08a261a501ec4dfa077c,1.0,1.0,1.0,1.0,1.0
81d36018c810856f04eb73af,1.0,1.0,1.0,1.0,1.0
81ffb78ec62dfc6346a263d8,1.0,1.0,1.0,1.0,1.0
8201d460a8eb4d5b6f53238b,1.0,1.0,1.0,1.0,1.0
82050cd63bbd2133079944a9,1.0,1.0,1.0,1.0,1.0
825a3646363535a42ee75d87,1.0,1.0,1.0,1.0,1.0
826f1559891da81706957b34,1.0,1.0,1.0,1.0,1.0
8276968572c74d437ea201c8,1.0,1.0,1.0,1.0,1.0
829097fe43b77e3f0ba1bbf0,1.0,1.0,1.0,1.0,1.0
82bacb53aae1b5e9a33d9eba,1.0,1.0,1.0,1.0,1.0
82bb3772b60a5a08c29c3df6,1.0,1.0,1.0,1.0,1.0
82bfd8965c4397c60c3649bb,1.0,1.0,1.0,1.0,1.0
82c68e8ea5a49e0f078641be,1.0,1.0,1.0,1.0,1.0
82de0576c20101cee42a6e96,1.0,1.0,1.0,1.0,1.0
8341a21339082071133b4147,1.0,1.0,1.0,1.0,1.0
845b0164b51b8547ffb46892,1.0,1.0,1.0,1.0,1.0
845f44e09d1d0484b4818fd9,1.0,1.0,1.0,1.0,1.0
84785fa2e0a0aafc370dc03c,1.0,1.0,1.0,1.0,1.0
84c1b6923248c974d07d9fe7,1.0,1.0,1.0,1.0,1.0
84c594b6b813d49c50e502c4,1.0,1.0,1.0,1.0,1.0
84cfcd9ada4397f67112a7f8,1.0,1.0,1.0,1.0,1.0
84d711fec9cd2265641e1421,1.0,1.0,1.0,1.0,1.0
84df4567cde06c16ba8cb093,1.0,1.0,1.0,1.0,1.0
85213079e26405278b7b5de5,1.0,1.0,1.0,1.0,1.0
852a31526f3b4e9cf6aeb0b2,1.0,1.0,1.0,1.0,1.0
85471b2b3424da20660c95ab,1.0,1.0,1.0,1.0,1.0
8580ad181ce86885aae41db6,1.0,1.0,1.0,1.0,1.0
85a68c1f7c908b596224d174,1.0,1.0,1.0,1.0,1.0
85aef88252e5a50f2b6cbe3e,1.0,1.0,1.0,1.0,1.0
85d91a7e28b619cda107861a,1.0,1.0,1.0,1.0,1.0
85f1b4afb1c8019e2f9d4aa4,1.0,1.0,1.0,1.0,1.0
860d7f9af82d76ebb8cbbd16,1.0,1.0,1.0,1.0,1.0
863b73c153d52569c48bb2e4,1.0,1.0,1.0,1.0,1.0
867277e9f23fb52feee26f4d,0.0,0.0,0.0,0.0,0.0
86a3cafaa7c5e0ab161f8c1c,1.0,1.0,1.0,1.0,1.0
86ec5f7e6f4c7e57b6fcf67a,1.0,1.0,1.0,1.0,1.0
8724758389c69296c3325003,1.0,1.0,1.0,1.0,1.0
8727b5dde621bded175e9c5e,1.0,1.0,1.0,1.0,1.0
87958dbd2b3c4dadcd4f3b0e,1.0,1.0,1.0,1.0,1.0
87c96c49c6fc868c4b12b068,1.0,1.0,1.0,1.0,1.0
87f98e7b119ad67b5ed0a124,1.0,1.0,1.0,1.0,1.0
8896d9ba114c9b60cbdd79d6,1.0,1.0,1.0,1.0,1.0
889800e20a6e8d0e623deb11,1.0,1.0,1.0,1.0,1.0
88be9ffc8d8e9445fb74bcfe,1.0,1.0,1.0,1.0,1.0
890a943f2aa970ac6bf20b4b,1.0,1.0,1.0,1.0,1.0
8932c105cfcc52734bc44fa9,1.0,1.0,1.0,1.0,1.0
89500784dcd5e46d64aa06b7,1.0,1.0,1.0,1.0,1.0
8958039ff7718b68314d0b7f,1.0,1.0,1.0,1.0,1.0
8961976035040bddacaad402,1.0,1.0,1.0,1.0,1.0
897b3256007c33ef10f37bd4,1.0,1.0,1.0,1.0,1.0
89a834416a1aee59ab88b8ae,1.0,1.0,1.0,1.0,1.0
89b0b2e5ed937ea8340b989f,1.0,1.0,1.0,1.0,1.0
89c60c323c221768365d9fd8,1.0,1.0,1.0,1.0,1.0
89d6c5b8aab5214da9e3e5e6,1.0,1.0,1.0,1.0,1.0
89e1760cf6a05427d6a41a9b,1.0,1.0,1.0,1.0,1.0
89eba62d62e2db71483aff2e,1.0,1.0,1.0,1.0,1.0
8a6964ef3a6f861160273e00,1.0,1.0,1.0,1.0,1.0
8b06d45e95f7787e46c0722d,0.0,0.0,0.0,0.0,0.0
8b4e3c8efa2ed6dbbeeb655f,1.0,1.0,1.0,1.0,1.0
8c7026ea321b05cf88287aab,1.0,1.0,1.0,1.0,1.0
8cef9a5d0202aa432b170056,1.0,1.0,1.0,1.0,1.0
8cf6c94047c61c8ae1df671a,1.0,1.0,1.0,1.0,1.0
8d3b6430e2c5fb2b958d9c7c,1.0,1.0,1.0,1.0,1.0
8dccdbb208b567f0f6540617,1.0,1.0,1.0,1.0,1.0
8e25adc8a1832ae34a5df99d,1.0,1.0,1.0,1.0,1.0
8e3006bbc54eac6a8bdc828c,1.0,1.0,1.0,1.0,1.0
8e459b9d81a63afb4282733f,1.0,1.0,1.0,1.0,1.0
8e625c03c5ce1743833e568d,1.0,1.0,1.0,1.0,1.0
8ecd1eae581d484179eafc34,1.0,1.0,1.0,1.0,1.0
8ee882ad4413aa8e36ae2ba2,1.0,1.0,1.0,1.0,1.0
8f0e94c45f19eecdc29fb704,1.0,1.0,1.0,1.0,1.0
8f15dcab5fe9dc89373cb406,1.0,1.0,1.0,1.0,1.0
8f2a3ecd635bd423936148f9,1.0,1.0,1.0,1.0,1.0
8f310b1ab4184c704cdce7ef,1.0,1.0,1.0,1.0,1.0
8f4c46735a6ff9d292461bd7,1.0,1.0,1.0,1.0,1.0
8f6482b2cf17a0e1a28b2683,1.0,1.0,1.0,1.0,1.0
8f7892e3236155ac5a840a8b,1.0,1.0,1.0,1.0,1.0
8f85b19cc90618e2fe047eab,1.0,1.0,1.0,1.0,1.0
8f874aabe519f7aba2268e8f,1.0,1.0,1.0,1.0,1.0
8fc1dc43c44aeb47dd024e82,1.0,1.0,1.0,1.0,1.0
90023a17ac318cf292c3443f,1.0,1.0,1.0,1.0,1.0
9031ae2477d03d57db73a3eb,1.0,1.0,1.0,1.0,1.0
90393b66fdb563c236396e07,1.0,1.0,1.0,1.0,1.0
907a95c49db7dd4152ada8f8,1.0,1.0,1.0,1.0,1.0
908309b7f00afdcd89a58362,1.0,1.0,1.0,1.0,1.0
9093e6ef71975187ff0f2344,1.0,1.0,1.0,1.0,1.0
90a4e62035afdd217cfff5dc,1.0,1.0,1.0,1.0,1.0
912f8c9a1bb525a1b69c520d,1.0,1.0,1.0,1.0,1.0
913384fdd9ce83e343b310ee,1.0,1.0,1.0,1.0,1.0
913b849814074a62f4b83c32,1.0,1.0,1.0,1.0,1.0
91468e889899e7e1b79fc4d2,1.0,1.0,1.0,1.0,1.0
9166368e22fe2fec14c85a0b,1.0,1.0,1.0,1.0,1.0
91abfcc05e6bc665a77d14ff,1.0,1.0,1.0,1.0,1.0
920f3ce3578b21a03681b2ca,1.0,1.0,1.0,1.0,1.0
922c40273e5efe59d057163a,1.0,1.0,1.0,1.0,1.0
9234fe2072787148813a067a,1.0,1.0,1.0,1.0,1.0
924290fef6568249b6e2bca5,1.0,1.0,1.0,1.0,1.0
924e7cc8ae9eed09c399dd8b,1.0,1.0,1.0,1.0,1.0
92577962f0074ddbd77f5624,1.0,1.0,1.0,1.0,1.0
925a079ab851a9cd626514e9,1.0,1.0,1.0,1.0,1.0
92d23046d574f7ed580439e9,1.0,1.0,1.0,1.0,1.0
9321a5f9c0a5378e2cb3858c,1.0,1.0,1.0,1.0,1.0
938f87236f23a9afd6dd2709,1.0,1.0,1.0,1.0,1.0
939480ca25f427c1af7e42c0,1.0,1.0,1.0,1.0,1.0
93a015e1a5cc10c30cf41113,1.0,1.0,1.0,1.0,1.0
93c46783cc031b4e3b8cb342,1.0,1.0,1.0,1.0,1.0
93c9b54616efffc65bfe558e,1.0,1.0,1.0,1.0,1.0
948d5ab155df6748c87c32f2,1.0,1.0,1.0,1.0,1.0
94bfa87056112b4cec3dc722,1.0,1.0,1.0,1.0,1.0
94dcbf8eb4dc9f369ea19c94,1.0,1.0,1.0,1.0,1.0
94de54903499d7001b9650a4,1.0,1.0,1.0,1.0,1.0
94eefcc37712aa91dd52908f,1.0,1.0,1.0,1.0,1.0
952a4d7172200bf5d04f04e3,1.0,1.0,1.0,1.0,1.0
952aae5ae9db8a7a61f14812,1.0,1.0,1.0,1.0,1.0
9579891169c382aae6ae010c,1.0,1.0,1.0,1.0,1.0
957d387c3ffc788afbc5306c,1.0,1.0,1.0,1.0,1.0
959da5d648fa873316caebad,1.0,1.0,1.0,1.0,1.0
95a615fa6377134dcb746008,1.0,1.0,1.0,1.0,1.0
95cb75491f128d182f1bc9c2,1.0,1.0,1.0,1.0,1.0
95daca036bcd061a89144622,1.0,1.0,1.0,1.0,1.0
95fa57b91526e9c4fbe84f72,1.0,1.0,1.0,1.0,1.0
9649d90c089662999954de13,1.0,1.0,1.0,1.0,1.0
964ce3cd0ebc8abc59a102e5,1.0,1.0,1.0,1.0,1.0
96877eaa145eded2a7a85222,1.0,1.0,1.0,1.0,1.0
9794666914a7a1e5c1bb2778,1.0,1.0,1.0,1.0,1.0
97ba914c7fccba69f0a9c00a,1.0,1.0,1.0,1.0,1.0
9816876255b467720548ce09,1.0,1.0,1.0,1.0,1.0
982084fbe38ef3c3010fae6f,1.0,1.0,1.0,1.0,1.0
9825b5e6329cc5951e19d75b,1.0,1.0,1.0,1.0,1.0
98270adc2d7ae293a8a4e196,1.0,1.0,1.0,1.0,1.0
983757b5b72e02f0bbd215c8,1.0,1.0,1.0,1.0,1.0
9853fc3fd2787e9ef8ab4b5e,1.0,1.0,1.0,1.0,1.0
986f83f9bb823f4e811686a1,1.0,1.0,1.0,1.0,1.0
98db7743ba7b0c6d933063bc,1.0,1.0,1.0,1.0,1.0
990f5ecde2aeb55419b187ff,1.0,1.0,1.0,1.0,1.0
995ffab44f69ba6e13d4eb96,1.0,1.0,1.0,1.0,1.0
9a0c34cccc63210c2e40d745,1.0,1.0,1.0,1.0,1.0
9a2536a40e57c983d36dc732,1.0,1.0,1.0,1.0,1.0
9a2d3b0fb45139da92f277ed,1.0,1.0,1.0,1.0,1.0
9a5bfcfd29d1130cd473ad33,1.0,1.0,1.0,1.0,1.0
9ade62aa9f87bf5ad213be50,1.0,1.0,1.0,1.0,1.0
9ae064a46c0d20a2d8977cb6,1.0,1.0,1.0,1.0,1.0
9b28846cfcf4aa38beebf97c,1.0,1.0,1.0,1.0,1.0
9b598bc680cac45a725cba72,0.0,0.0,0.0,0.0,0.0
9b748de1c0de5ea7494e0d08,1.0,1.0,1.0,1.0,1.0
9b9933774dedf25a74de21b3,1.0,1.0,1.0,1.0,1.0
9bd2a65ec3796b1334c248c1,1.0,1.0,1.0,1.0,1.0
9bd7367a42ad34c8e11b87ee,1.0,1.0,1.0,1.0,1.0
9c010411ceb85e4c75997db0,1.0,1.0,1.0,1.0,1.0
9c02dab0b5bb23e97eb9a45b,1.0,1.0,1.0,1.0,1.0
9c444e86bf1e918616ff3f76,1.0,1.0,1.0,1.0,1.0
9c4fd463d574ac6c64a37647,1.0,1.0,1.0,1.0,1.0
9c720476b83b6d5fc2e04fc2,1.0,1.0,1.0,1.0,1.0
9c7e23a991a9c899e9d7ab76,1.0,1.0,1.0,1.0,1.0
9d36659549befe1a909ce9c0,1.0,1.0,1.0,1.0,1.0
9d6b701403a1ed02cc05ba0c,1.0,1.0,1.0,1.0,1.0
9d83a84fe7e2c46ca8b5b23a,1.0,1.0,1.0,1.0,1.0
9d9b697ddfe3d948425cdbb4,1.0,1.0,1.0,1.0,1.0
9dc7a2ad6ce15b49ee984e78,1.0,1.0,1.0,1.0,1.0
9de0eb58a6de9bf6d5eaa53b,1.0,1.0,1.0,1.0,1.0
9dff80509b11e1fb0695861a,1.0,1.0,1.0,1.0,1.0
9e0a2a0953ce0b9a87704d3a,1.0,1.0,1.0,1.0,1.0
9e1b93105b0b6977325317cf,1.0,1.0,1.0,1.0,1.0
9e6b25c6b4aa89b479c13ddd,1.0,1.0,1.0,1.0,1.0
9e754c8b04932d6004ce87bf,1.0,1.0,1.0,1.0,1.0
9ed2f9a88951400d995e8fe3,1.0,1.0,1.0,1.0,1.0
9f6db41a7863722dc3e5b95c,1.0,1.0,1.0,1.0,1.0
9fb2cf15f8e2698969bfca31,1.0,1.0,1.0,1.0,1.0
a0243434b71ce54b56b655f5,1.0,1.0,1.0,1.0,1.0
a031ec280186287cbea69248,1.0,1.0,1.0,1.0,1.0
a03fdc3cb8569190cf5faa65,1.0,1.0,1.0,1.0,1.0
a0449ce85bf6e39693452283,1.0,1.0,1.0,1.0,1.0
a08812cbd2e2f592fe930209,1.0,1.0,1.0,1.0,1.0
a0b75790075a151cdd1b3a1b,1.0,1.0,1.0,1.0,1.0
a0ce346e6533af49c2fa9e4c,1.0,1.0,1.0,1.0,1.0
a1326f8c14bc51e9e4822953,1.0,1.0,1.0,1.0,1.0
a14222ed58bfa22c20eff305,1.0,1.0,1.0,1.0,1.0
a179b1371a7b484bd7892b9b,1.0,1.0,1.0,1.0,1.0
a17e44efbc32cb8978a4d95b,1.0,1.0,1.0,1.0,1.0
a1891bd445e59280d66238cd,1.0,1.0,1.0,1.0,1.0
a1a90ac259b715f5f9890c98,1.0,1.0,1.0,1.0,1.0
a1c6dab5d84665d59be6dfb6,1.0,1.0,1.0,1.0,1.0
a1fcb3458fa8d9b8230c3a67,1.0,1.0,1.0,1.0,1.0
a1fcd4272bbbcd670d8f7007,1.0,1.0,1.0,1.0,1.0
a2775c5c7702fadc27c3a0ee,1.0,1.0,1.0,1.0,1.0
a2af9fef942859f44840b8ed,1.0,1.0,1.0,1.0,1.0
a31d6e449b66fe143e534f06,1.0,1.0,1.0,1.0,1.0
a326f119fd10e55c0b77fede,1.0,1.0,1.0,1.0,1.0
a35cd9a93539517c7daca836,1.0,1.0,1.0,1.0,1.0
a3ff0ac741ae844f30c5671f,1.0,1.0,1.0,1.0,1.0
a402e9d89849bbb91531f95a,1.0,1.0,1.0,1.0,1.0
a44b590ce40f434c4a585ef3,1.0,1.0,1.0,1.0,1.0
a46f8e59f8cafce6fb8f28d1,1.0,1.0,1.0,1.0,1.0
a499ae1f6124cb8af5b4f293,1.0,1.0,1.0,1.0,1.0
a4f0affeef86b061677bbc12,1.0,1.0,1.0,1.0,1.0
a5248905b281e00a4c8138db,1.0,1.0,1.0,1.0,1.0
a542c6279abd4673de642c29,1.0,1.0,1.0,1.0,1.0
a579d1a5543ab5fd9152a2b3,1.0,1.0,1.0,1.0,1.0
a5ddda41ac61619dfc098ace,1.0,1.0,1.0,1.0,1.0
a6a262ffe6141046a6800fb0,1.0,1.0,1.0,1.0,1.0
a6abb1a52609ce7088b5447a,1.0,1.0,1.0,1.0,1.0
a6daa534dbc6eb41fddc5f7d,1.0,1.0,1.0,1.0,1.0
a6e8e7e8220ebfd2624c1b39,1.0,1.0,1.0,1.0,1.0
a7022b5ca5411be6f3fa9a86,1.0,1.0,1.0,1.0,1.0
a725742c31c6c3cdd99622ef,1.0,1.0,1.0,1.0,1.0
a73d549ca12c6ecfc57537ca,1.0,1.0,1.0,1.0,1.0
a7407de5057661ec44bdee4e,1.0,1.0,1.0,1.0,1.0
a870d37597787339859e936c,1.0,1.0,1.0,1.0,1.0
a8c63d55fb6e21dddd335df2,1.0,1.0,1.0,1.0,1.0
a8dad4fac2dee5ebf5e5b54a,1.0,1.0,1.0,1.0,1.0
a951bd1a43c42aab52cbcf2d,1.0,1.0,1.0,1.0,1.0
a95d11ac510b3103f996a17d,1.0,1.0,1.0,1.0,1.0
a9758772e820a993ee31ca08,1.0,1.0,1.0,1.0,1.0
a988c73cc03ded46b3cdad79,1.0,1.0,1.0,1.0,1.0
a9acb0a428f02646748d7a11,1.0,1.0,1.0,1.0,1.0
a9ad12f757d38a7b657d3c83,1.0,1.0,1.0,1.0,1.0
a9f7137ae274f2311fff950f,1.0,1.0,1.0,1.0,1.0
a9ff8149ddb5d709ac40d566,1.0,1.0,1.0,1.0,1.0
aa01110b6ccfbf10a6ec509a,1.0,1.0,1.0,1.0,1.0
aa6ac63792a02147573493a9,1.0,1.0,1.0,1.0,1.0
aa8d0d095b83200f50288357,1.0,1.0,1.0,1.0,1.0
aad9b9d80e5dd645441a7e8b,1.0,1.0,1.0,1.0,1.0
ab199a6f6ab5838c722f7bc5,1.0,1.0,1.0,1.0,1.0
abaf892edc36ae22be6d97d9,1.0,1.0,1.0,1.0,1.0
ac50e88f414d308887a1b96e,1.0,1.0,1.0,1.0,1.0
ace004816ed18b88cf26d29f,1.0,1.0,1.0,1.0,1.0
ace9d6ae49f3b5cee05e04d8,1.0,1.0,1.0,1.0,1.0
ad7b5e966704b1a4aae992ed,1.0,1.0,1.0,1.0,1.0
ad8aaf099fa1291e796e160a,1.0,1.0,1.0,1.0,1.0
ad90ee9ab2cc9d32c94d5861,1.0,1.0,1.0,1.0,1.0
ad98821b35ccf17cc651f789,1.0,1.0,1.0,1.0,1.0
adce51f8098a23fb569515f0,1.0,1.0,1.0,1.0,1.0
ae037b91de21b27929bb7256,1.0,1.0,1.0,1.0,1.0
ae2c25dabdf957c9fddeb99a,0.0,0.0,0.0,0.0,0.0
ae2d2eba6b6343a31e7f7f68,1.0,1.0,1.0,1.0,1.0
aea85270bcb1496fc86c5e75,1.0,1.0,1.0,1.0,1.0
aed84d3e4064032873d8c193,1.0,1.0,1.0,1.0,1.0
af1ec467b2708b7af9f1aec1,1.0,1.0,1.0,1.0,1.0
af2086a23724c73440dbe3bd,1.0,1.0,1.0,1.0,1.0
af7dbfe89744008682283977,1.0,1.0,1.0,1.0,1.0
af7ef2e8a131f4e060f9c0cf,1.0,1.0,1.0,1.0,1.0
af8e3e21002f451d3974f644,1.0,1.0,1.0,1.0,1.0
afaceae45155bfd6bb0ea715,0.0,0.0,0.0,0.0,0.0
aff454d609285dee6b40d2ed,1.0,1.0,1.0,1.0,1.0
b03f7ce69557062580950bd3,1.0,1.0,1.0,1.0,1.0
b06ac58f63c0b85d5daa2e43,1.0,1.0,1.0,1.0,1.0
b0750b38a5dadc23177acea6,1.0,1.0,1.0,1.0,1.0
b08abc575baeef15d565a603,1.0,1.0,1.0,1.0,1.0
b08e282e2ba5ee4f51e628bb,1.0,1.0,1.0,1.0,1.0
b0a187f84ac449cb04be4f79,1.0,1.0,1.0,1.0,1.0
b0b795226c44e980f978e434,1.0,1.0,1.0,1.0,1.0
b0ba829363cb464fd1d3c351,1.0,1.0,1.0,1.0,1.0
b10b7542da2f0bb00d006c6b,1.0,1.0,1.0,1.0,1.0
b125e7c0af429ebbcd1aa199,1.0,1.0,1.0,1.0,1.0
b133c9ec7b2283e79ab3e0d3,1.0,1.0,1.0,1.0,1.0
b15edff5877e2d82cce3b6fd,1.0,1.0,1.0,1.0,1.0
b16a2ec10ad435e08eed3f99,1.0,1.0,1.0,1.0,1.0
b183bba15dfeac0081adbcd5,1.0,1.0,1.0,1.0,1.0
b1ae7653c14812f1f87dee8d,1.0,1.0,1.0,1.0,1.0
b1c470d93a5b82e634167b10,1.0,1.0,1.0,1.0,1.0
b1c5a79bc8172f6339406f4d,1.0,1.0,1.0,1.0,1.0
b1da85d4f3e13f4e0353930e,1.0,1.0,1.0,1.0,1.0
b1f540ca5e7641d01d3a08a2,1.0,1.0,1.0,1.0,1.0
b21cc5e89dc22dc7264ccb37,1.0,1.0,1.0,1.0,1.0
b233610865074ca9a855b5be,1.0,1.0,1.0,1.0,1.0
b2536ac08c00450571736a9f,1.0,1.0,1.0,1.0,1.0
b290365a45b0238627cd9529,1.0,1.0,1.0,1.0,1.0
b2cfe1be0f573e5ea1861810,1.0,1.0,1.0,1.0,1.0
b32195866dae7d04dbd0cf56,1.0,1.0,1.0,1.0,1.0
b3433cee1075cc1266b86b3b,1.0,1.0,1.0,1.0,1.0
b37c6413c7a8e6dfd535d696,1.0,1.0,1.0,1.0,1.0
b39543e671f579c279827b02,1.0,1.0,1.0,1.0,1.0
b39fafcd478243f5beea7e34,1.0,1.0,1.0,1.0,1.0
b3a7e1b9ba24c5060bfcc65f,1.0,1.0,1.0,1.0,1.0
b40ed0cb1f975e847235e8e2,0.0,0.0,0.0,0.0,0.0
b447efb1719aa122fbe0b4d7,0.0,0.0,0.0,0.0,0.0
b47da3cc962f81e309cf5701,1.0,1.0,1.0,1.0,1.0
b487aca5bf5769ef1ea05444,1.0,1.0,1.0,1.0,1.0
b4dc2b974a2ede8197ed4712,1.0,1.0,1.0,1.0,1.0
b50285c6fcd0cdc763b086cf,1.0,1.0,1.0,1.0,1.0
b5391746beeb354c1f3453db,1.0,1.0,1.0,1.0,1.0
b5830d2439d26a07776358ab,1.0,1.0,1.0,1.0,1.0
b5a8feedaaa0ae0b0fd0a78d,1.0,1.0,1.0,1.0,1.0
b5e3fd14ee275bb3f5b21f49,0.0,0.0,0.0,0.0,0.0
b5e503c8e773a97c182e4f89,1.0,1.0,1.0,1.0,1.0
b615ae3750e40738b1489fae,1.0,1.0,1.0,1.0,1.0
b6a504dfe7625dea39a3916a,1.0,1.0,1.0,1.0,1.0
b6ae38e02b190bf476a2ec6f,1.0,1.0,1.0,1.0,1.0
b6ba675d44f86e65c1d45060,1.0,1.0,1.0,1.0,1.0
b6e36110c03e0e86a02ddf09,1.0,1.0,1.0,1.0,1.0
b7646fdba8e8d13cfa643aeb,1.0,1.0,1.0,1.0,1.0
b779453fbeef8ddc4fc50436,1.0,1.0,1.0,1.0,1.0
b78bd44a0e0357cb974d3fc3,1.0,1.0,1.0,1.0,1.0
b7bd22432442deb053703424,1.0,1.0,1.0,1.0,1.0
b82606df9c7513966e806740,1.0,1.0,1.0,1.0,1.0
b8379aaa0ba47241992c037a,1.0,1.0,1.0,1.0,1.0
b83b1d62e32b0a503acb0deb,1.0,1.0,1.0,1.0,1.0
b874b69d90077fa35a776a5c,1.0,1.0,1.0,1.0,1.0
b875af7724817663b3340efc,1.0,1.0,1.0,1.0,1.0
b8968db800eba3d0c985510e,1.0,1.0,1.0,1.0,1.0
b8b1e3a8bc2d848d727c50bc,1.0,1.0,1.0,1.0,1.0
b8d86fa26f5afafcdd0ff942,1.0,1.0,1.0,1.0,1.0
b91d3b734624de23144bd0ab,1.0,1.0,1.0,1.0,1.0
b95becc8ed4bcaf141d55363,1.0,1.0,1.0,1.0,1.0
b9650f8d8cb1129a736a897d,1.0,1.0,1.0,1.0,1.0
b9ce32b5404903160ef38615,1.0,1.0,1.0,1.0,1.0
ba0cb60fbff54b8d82b867d5,1.0,1.0,1.0,1.0,1.0
ba90cb96dff62050d6c486f6,0.0,0.0,0.0,0.0,0.0
baa41e19fd4fde0ea4a0ea48,1.0,1.0,1.0,1.0,1.0
bad455f69f80c659c4f053ad,1.0,1.0,1.0,1.0,1.0
bb58a2af0e9cb4576ca1e318,1.0,1.0,1.0,1.0,1.0
bba2477b16fb7512b7d4f6be,1.0,1.0,1.0,1.0,1.0
bba83736e47a5d10c5153c1d,1.0,1.0,1.0,1.0,1.0
bbae424e3c39832697215267,1.0,1.0,1.0,1.0,1.0
bbdd0ec5528a68bfd860e404,1.0,1.0,1.0,1.0,1.0
bc35aa6ee2e609d0d4fad35e,1.0,1.0,1.0,1.0,1.0
bc5c2817889316b21413cbc9,1.0,1.0,1.0,1.0,1.0
bc90b87284ccffe5af03a833,1.0,1.0,1.0,1.0,1.0
bca46e41c05a37cd9caf3641,1.0,1.0,1.0,1.0,1.0
bceeb96220a6336daea3a3cd,1.0,1.0,1.0,1.0,1.0
bd2d0a340e7de82cb94fd30f,1.0,1.0,1.0,1.0,1.0
bd533a14d734180e3a3ad984,1.0,1.0,1.0,1.0,1.0
bd7e0536a587a72f8c737deb,1.0,1.0,1.0,1.0,1.0
bd84a2d50bd17afa75c32f0e,1.0,1.0,1.0,1.0,1.0
bda6a1c14b0d455f798f258a,0.0,0.0,0.0,0.0,0.0
bdf8b8e6c53b5b3bb8f99c09,1.0,1.0,1.0,1.0,1.0
be5d70ec40447bd4182f278f,1.0,1.0,1.0,1.0,1.0
be7036b2e7014575510c5af2,1.0,1.0,1.0,1.0,1.0
bea0ef416c6d5399baae8fac,1.0,1.0,1.0,1.0,1.0
bea73f2be437d14698c976de,1.0,1.0,1.0,1.0,1.0
bec41b727be4208f74ab87ff,1.0,1.0,1.0,1.0,1.0
bf127120d5ac15ef0bd9e200,1.0,1.0,1.0,1.0,1.0
bf3b8acbf338e537d2178437,1.0,1.0,1.0,1.0,1.0
bf6e5304b0bb974fe820657d,1.0,1.0,1.0,1.0,1.0
bf71164f3f658d7214017597,1.0,1.0,1.0,1.0,1.0
bfa20ee24bcc13b63c501777,1.0,1.0,1.0,1.0,1.0
bfa5cd8dd7156b7282d50748,1.0,1.0,1.0,1.0,1.0
bfaf751125c730dd39bf9c5a,1.0,1.0,1.0,1.0,1.0
bfb535b9b1ee5224bb50a905,1.0,1.0,1.0,1.0,1.0
c04331e820cb3f20616a71eb,1.0,1.0,1.0,1.0,1.0
c058738f64a1729d195e630f,1.0,1.0,1.0,1.0,1.0
c07dab1d9a24dce4c7035072,1.0,1.0,1.0,1.0,1.0
c08c3e631e1cc95aacfc71a4,1.0,1.0,1.0,1.0,1.0
c0b83b64c3db15571bfa3381,1.0,1.0,1.0,1.0,1.0
c0c15f9596d5d53c50810ccf,1.0,1.0,1.0,1.0,1.0
c13e9e0780519ccb4ca418e9,1.0,1.0,1.0,1.0,1.0
c1b0c99cc75809dc6216c958,1.0,1.0,1.0,1.0,1.0
c1c6c04cf79d1f4a4751d1cf,1.0,1.0,1.0,1.0,1.0
c2220fcc26b3dc8fd0dbfb8a,1.0,1.0,1.0,1.0,1.0
c251c3f9d64ad4ee723802ec,1.0,1.0,1.0,1.0,1.0
c279e67802f47ba7bbb30326,1.0,1.0,1.0,1.0,1.0
c29c6070d305f0e2c617d0c4,1.0,1.0,1.0,1.0,1.0
c2b02cc18a57ab4315b9faa1,1.0,1.0,1.0,1.0,1.0
c2dc2451b20e126dd8314272,1.0,1.0,1.0,1.0,1.0
c305bec6de4da532372981f0,1.0,1.0,1.0,1.0,1.0
c31331e1ce733f49bab86946,1.0,1.0,1.0,1.0,1.0
c33732a4a55eb1047832c7ce,1.0,1.0,1.0,1.0,1.0
c36b79bd60b8f0f45407f552,1.0,1.0,1.0,1.0,1.0
c37c9e8063a28535da13471b,1.0,1.0,1.0,1.0,1.0
c3b19c04e8755d8a208982c0,1.0,1.0,1.0,1.0,1.0
c3c21ca4b1cadeaf209debb9,0.0,0.0,0.0,0.0,0.0
c3c4f35120bbde635514cfeb,1.0,1.0,1.0,1.0,1.0
c4140dc1d1c278b7e95ca75f,1.0,1.0,1.0,1.0,1.0
c45567df55524acba04ad7f6,1.0,1.0,1.0,1.0,1.0
c4e44c80844df4feb599a2ac,1.0,1.0,1.0,1.0,1.0
c507cde0593f55259852bd03,1.0,1.0,1.0,1.0,1.0
c529973b33b41552e7423f21,1.0,1.0,1.0,1.0,1.0
c52aa3a37c1d70f61636b926,1.0,1.0,1.0,1.0,1.0
c54309a4d4a46468c756dc5c,1.0,1.0,1.0,1.0,1.0
c559adba06f42d6cd774662d,1.0,1.0,1.0,1.0,1.0
c55a6f2dc742e1ab934fd44b,1.0,1.0,1.0,1.0,1.0
c56660331e82d0cfc837b14b,1.0,1.0,1.0,1.0,1.0
c5d10c231db820e276ca1bc4,1.0,1.0,1.0,1.0,1.0
c5eac9e7f143bfab5f858195,1.0,1.0,1.0,1.0,1.0
c5fbda33912c45092eebd2d4,0.0,0.0,0.0,0.0,0.0
c69b3290de01a44f2f063bee,1.0,1.0,1.0,1.0,1.0
c6bd9cb38a4a48a73567485e,1.0,1.0,1.0,1.0,1.0
c6d369dc37067ec99bde475a,1.0,1.0,1.0,1.0,1.0
c6dbd19d07fa97ea3a72272d,1.0,1.0,1.0,1.0,1.0
c6e2bd9b1606d7244845515f,1.0,1.0,1.0,1.0,1.0
c74d1600f07ba9f923d4234b,1.0,1.0,1.0,1.0,1.0
c78a8cad40457dc69a2cfe2f,0.0,0.0,0.0,0.0,0.0
c7bc5e41c41173c62cfe71f4,0.0,0.0,0.0,0.0,0.0
c7d81e3f378ebfd984aa5824,1.0,1.0,1.0,1.0,1.0
c7ea6c4abe9f491c1b303aac,1.0,1.0,1.0,1.0,1.0
c8168a13815b5c89481a0af0,1.0,1.0,1.0,1.0,1.0
c8b66830f6c954aed9b57fc6,1.0,1.0,1.0,1.0,1.0
c92d900743324acd12e5c478,1.0,1.0,1.0,1.0,1.0
c9cd85e2ed08829a4c0b2495,1.0,1.0,1.0,1.0,1.0
ca00ad60b89971dda10b1f96,1.0,1.0,1.0,1.0,1.0
ca05632f832fc652495adef3,1.0,1.0,1.0,1.0,1.0
ca283f1948c1593ba0197751,1.0,1.0,1.0,1.0,1.0
ca7dae833f615107484b80cd,1.0,1.0,1.0,1.0,1.0
caed98c1662e415bda476dbf,1.0,1.0,1.0,1.0,1.0
cb168511c4ef587046b1b89b,1.0,1.0,1.0,1.0,1.0
cb18f8921ee7814ccfb0f50c,1.0,1.0,1.0,1.0,1.0
cb1d77c51eccb1f6c1baaac6,1.0,1.0,1.0,1.0,1.0
cb3093b7e2775c9cba82f814,1.0,1.0,1.0,1.0,1.0
cb885c8af9cc357eff6b1e6e,1.0,1.0,1.0,1.0,1.0
cbc51ac45eea541fec4ae7a0,1.0,1.0,1.0,1.0,1.0
cbc96661c31c8dedaa3561b4,1.0,1.0,1.0,1.0,1.0
cc0728c586a7bc48fce6a7a2,1.0,1.0,1.0,1.0,1.0
cc0cb68312d72f9f4832a9ea,1.0,1.0,1.0,1.0,1.0
cc48992bb055ab723e120b08,1.0,1.0,1.0,1.0,1.0
cc621f161e8ece1d715e63e5,1.0,1.0,1.0,1.0,1.0
cc76ef32ffddaa54b1f6c020,1.0,1.0,1.0,1.0,1.0
cc7b3e6863ab916dae7f3189,1.0,1.0,1.0,1.0,1.0
cc8c5e1f987451e7d903f46c,0.0,0.0,0.0,0.0,0.0
cc949ee8169299c28bf2d516,1.0,1.0,1.0,1.0,1.0
cc9870b2bd897796b6d1abc8,1.0,1.0,1.0,1.0,1.0
cd516cf9a1678334f48cda30,1.0,1.0,1.0,1.0,1.0
cd524c82d9ff6479feb8f95e,1.0,1.0,1.0,1.0,1.0
cd981f80b4dab63c86985b82,1.0,1.0,1.0,1.0,1.0
cdb9c905c1c6aa2ea3cfd7ce,1.0,1.0,1.0,1.0,1.0
cdf71a866ce910775a987f9a,1.0,1.0,1.0,1.0,1.0
ce1cb93b349d8975e242a8ab,1.0,1.0,1.0,1.0,1.0
ce303c92c651ed2698f90782,1.0,1.0,1.0,1.0,1.0
ce9b075382c349d1b2308e38,1.0,1.0,1.0,1.0,1.0
cee7a47d782c5a09880ea6cb,1.0,1.0,1.0,1.0,1.0
ceeb5b7a8300cf157f728dd2,1.0,1.0,1.0,1.0,1.0
cf9df410bd513706e883063d,1.0,1.0,1.0,1.0,1.0
cfba2c08a064c1294fdbd956,1.0,1.0,1.0,1.0,1.0
d00ebc2054e07cf6ac26ca5f,1.0,1.0,1.0,1.0,1.0
d018d8ca62a59023d957ebd6,1.0,1.0,1.0,1.0,1.0
d0b2d653133f14bc70d74409,1.0,1.0,1.0,1.0,1.0
d11869edb25516157165bedb,1.0,1.0,1.0,1.0,1.0
d1210c298fd1db918fed7308,1.0,1.0,1.0,1.0,1.0
d12968ffdf171174ad3dc954,1.0,1.0,1.0,1.0,1.0
d1307c1e57d453eb676ad401,1.0,1.0,1.0,1.0,1.0
d15048360d925f6137f805ac,1.0,1.0,1.0,1.0,1.0
d154fb0131d2c3ba64a5bb67,1.0,1.0,1.0,1.0,1.0
d1777c2b2f421807c77bff2b,1.0,1.0,1.0,1.0,1.0
d1a1b4c14d08c06054a7ac0b,1.0,1.0,1.0,1.0,1.0
d1e786699c8775b2b12c1bdf,1.0,1.0,1.0,1.0,1.0
d1eef6c640adea1b90e13c44,1.0,1.0,1.0,1.0,1.0
d224634bf860d8c4ac0eb3b4,1.0,1.0,1.0,1.0,1.0
d23e57cb8009f91ff4da750f,1.0,1.0,1.0,1.0,1.0
d2505054195ed230159a3e01,1.0,1.0,1.0,1.0,1.0
d2691a83b97a7cbf2d5eb27e,1.0,1.0,1.0,1.0,1.0
d2aaf3b29d2c562f6d084d52,1.0,1.0,1.0,1.0,1.0
d2fe287f5dabf239c043be59,1.0,1.0,1.0,1.0,1.0
d345e8674e70924d8128308d,1.0,1.0,1.0,1.0,1.0
d3562ccc6feeb2d3f8514c1a,1.0,1.0,1.0,1.0,1.0
d3605e1781a4b60b23bc25bf,1.0,1.0,1.0,1.0,1.0
d43188909005938f37016a42,1.0,1.0,1.0,1.0,1.0
d4496e35de0712c0e8fe9b42,1.0,1.0,1.0,1.0,1.0
d481eccdb819608f03e11393,1.0,1.0,1.0,1.0,1.0
d49c1c57de547731acafadf8,1.0,1.0,1.0,1.0,1.0
d4af6be88e3e0b17b1c7e502,1.0,1.0,1.0,1.0,1.0
d4e95fac738362795f902e08,1.0,1.0,1.0,1.0,1.0
d552a3a382010d3a67457fd7,1.0,1.0,1.0,1.0,1.0
d5e0aa4059e8918c2d637a80,1.0,1.0,1.0,1.0,1.0
d5f17edce4a9e0301d34bb50,1.0,1.0,1.0,1.0,1.0
d5f2bb96a767eaa6dccbeece,1.0,1.0,1.0,1.0,1.0
d5f42aa4220f6884ed30730c,1.0,1.0,1.0,1.0,1.0
d60ca94bc36d7d881c8a1ee7,1.0,1.0,1.0,1.0,1.0
d6161020075b5929692c657a,1.0,1.0,1.0,1.0,1.0
d626aaa0f67acb8327a3fd3d,1.0,1.0,1.0,1.0,1.0
d664cbbc93beef2b934d1056,1.0,1.0,1.0,1.0,1.0
d704f81b21e234591d7db5c3,1.0,1.0,1.0,1.0,1.0
d71806c5128a58c513961c9f,1.0,1.0,1.0,1.0,1.0
d7c449864ff17547206af811,1.0,1.0,1.0,1.0,1.0
d7f9a61a9afa4df2bb2548f4,1.0,1.0,1.0,1.0,1.0
d8876f2c4eba67177f43a322,1.0,1.0,1.0,1.0,1.0
d89f39adad906201497e4501,1.0,1.0,1.0,1.0,1.0
d8c9603c26dad296c93c0bf2,1.0,1.0,1.0,1.0,1.0
d93391ddbc21e0e852cd9a1b,1.0,1.0,1.0,1.0,1.0
d94b194a98ee3636e13f27d2,1.0,1.0,1.0,1.0,1.0
d9592e52e05639c81ffc3f8c,1.0,1.0,1.0,1.0,1.0
d98154604c5e566afa471fb8,1.0,1.0,1.0,1.0,1.0
d9a1cd04ea5128d6729c1b8d,1.0,1.0,1.0,1.0,1.0
d9d3bb6fa8ed5e4eff84a527,1.0,1.0,1.0,1.0,1.0
d9d72d3e65248381f7c5df2d,1.0,1.0,1.0,1.0,1.0
da31a94a66b28ed8bb28c4cb,1.0,1.0,1.0,1.0,1.0
da48720636d7f1c148b362bd,1.0,1.0,1.0,1.0,1.0
da4ea4ce12fcd377eba7b028,1.0,1.0,1.0,1.0,1.0
da72c2d681fcecc8521cd844,1.0,1.0,1.0,1.0,0.0
daac3fa3fa4ddd4b73d1cf0a,1.0,1.0,1.0,1.0,1.0
dac9ff6fd25f1e13e1d2b0ba,1.0,1.0,1.0,1.0,1.0
dad72ebfdf1a289b1e6b2d44,1.0,1.0,1.0,1.0,1.0
dafa1ebd5980bc9289a96f2a,1.0,1.0,1.0,1.0,1.0
db34c5b9420f9b7e6973016a,1.0,1.0,1.0,1.0,1.0
db91daed329482b9ed25de4e,1.0,1.0,1.0,1.0,1.0
db99b1bd30e5bf9e040123b3,1.0,1.0,1.0,1.0,1.0
dbcf58aab95265375f7b15cd,1.0,1.0,1.0,1.0,1.0
dbe4ddef383afedf1027782a,1.0,1.0,1.0,1.0,1.0
dc2cccd63b5d1638614b1587,1.0,1.0,1.0,1.0,1.0
dc4989d07e7b8d5dfae8167f,1.0,1.0,1.0,1.0,1.0
dc7270dc331c52461dc30b70,1.0,1.0,1.0,1.0,1.0
dc80bcd725b61cd46ba0362d,1.0,1.0,1.0,1.0,1.0
dc8d4e9a25035497b0110c01,1.0,1.0,1.0,1.0,1.0
dce71bbafd0ae58ba01e1100,1.0,1.0,1.0,1.0,1.0
dce9ea233e34ec83c4b2ad15,1.0,1.0,1.0,1.0,1.0
dd5dbab64023c6b1173ffa44,1.0,1.0,1.0,1.0,1.0
dd8f5d10f31c0a1da147ca06,1.0,1.0,1.0,1.0,1.0
ddbdf16d1f0476df40ce8b38,1.0,1.0,1.0,1.0,1.0
ddc6ec8ad269fc127bff5491,1.0,1.0,1.0,1.0,1.0
dddc24cd5367a53cc23fab86,1.0,1.0,1.0,1.0,1.0
de12d8629219f70502a13dad,1.0,1.0,1.0,1.0,1.0
ded6ac54ac2aabaf515cabf9,1.0,1.0,1.0,1.0,1.0
dee5eb425b3b3b4543200cad,1.0,1.0,1.0,1.0,1.0
df4e05967bea6c5b341fa4bd,1.0,1.0,1.0,1.0,1.0
dfe0179e66c4168a24ae0511,1.0,1.0,1.0,1.0,1.0
e00c01c82979555e3e6ddc00,0.0,0.0,0.0,0.0,0.0
e00fece4d5a129fdb70cfd00,1.0,1.0,1.0,1.0,1.0
e034897f7fcb3b5cad4bc057,1.0,1.0,1.0,1.0,1.0
e044725ca28f400680941cbc,1.0,1.0,1.0,1.0,1.0
e05087958b321d64ab2ca399,1.0,1.0,1.0,1.0,1.0
e05a4ebb34846a45c8b6894a,1.0,1.0,1.0,1.0,1.0
e0638b5c59152ca73df23bce,0.0,0.0,0.0,0.0,0.0
e09c2e92d0b395c799542ddf,1.0,1.0,1.0,1.0,1.0
e0bde14e22c8b83c0d0b1c49,1.0,1.0,1.0,1.0,1.0
e0dbafeabf7df1108fe9e189,1.0,1.0,1.0,1.0,1.0
e0f94f87094614633eb09cac,1.0,1.0,1.0,1.0,1.0
e16478d468fa1b2a26d70f72,1.0,1.0,1.0,1.0,1.0
e165beb172954dfa4d1adc71,1.0,1.0,1.0,1.0,1.0
e1b3efbe80102e1f8ee01b34,1.0,1.0,1.0,1.0,1.0
e1cf23559a8463a6580f017a,1.0,1.0,1.0,1.0,1.0
e1d89d4be0d6c4d4e331d049,1.0,1.0,1.0,1.0,1.0
e1feee3f248e83918f258713,1.0,1.0,1.0,1.0,1.0
e23edbc7cf939c7fa16709c0,1.0,1.0,1.0,1.0,1.0
e27d8a758f4bec7398b6330e,1.0,1.0,1.0,1.0,1.0
e285b1042de2b3cf2780cade,1.0,1.0,1.0,1.0,1.0
e2a02f04fa908e3b96f4b487,1.0,1.0,1.0,1.0,1.0
e2c1c2bf4068ff93030c78af,1.0,1.0,1.0,1.0,1.0
e2d3861d91ef46eae28af1ea,1.0,1.0,1.0,1.0,1.0
e3132e5b13222588794c992c,1.0,1.0,1.0,1.0,1.0
e35fd2ef6c8fa8547ba44c13,1.0,1.0,1.0,1.0,1.0
e3f5fcf5f756e3959cb99fc5,1.0,1.0,1.0,1.0,1.0
e4226346b994fa157e85c8b2,1.0,1.0,1.0,1.0,1.0
e480bc035520244f6122020c,1.0,1.0,1.0,1.0,1.0
e4b5e018accf7829aadd0288,1.0,1.0,1.0,1.0,1.0
e5311e2de7335425ebcd3a45,1.0,1.0,1.0,1.0,1.0
e54256cc90b5c32e75b05de7,1.0,1.0,1.0,1.0,1.0
e57ae167fa3b91cddd007325,1.0,1.0,1.0,1.0,1.0
e5a55f10a366b11f49998320,1.0,1.0,1.0,1.0,1.0
e5fd7e4f42d55e2305058249,1.0,1.0,1.0,1.0,1.0
e683c5a173e5c5f7c7fac702,1.0,1.0,1.0,1.0,1.0
e68ad82f577438addb0d4d23,0.0,0.0,0.0,0.0,0.0
e6a95c9610468a45c2b3f68e,1.0,1.0,1.0,1.0,1.0
e6dbfdfc93088cd7aed2bb51,1.0,1.0,1.0,1.0,1.0
e71233cc7c0384bdcfd9a332,1.0,1.0,1.0,1.0,1.0
e71f85c2287d87de80c5d02f,1.0,1.0,1.0,1.0,1.0
e726ea428a4dd241a8525d4a,1.0,1.0,1.0,1.0,1.0
e78f506ef8097b5192b019ee,1.0,1.0,1.0,1.0,1.0
e80b9015053b839ee0782a56,1.0,1.0,1.0,1.0,1.0
e8603438aaf5266bbcf4800a,1.0,1.0,1.0,1.0,1.0
e86abf6b8d8d240f3203cc23,1.0,1.0,1.0,1.0,1.0
e8a4bfbb02ffd1e442dd195b,1.0,1.0,1.0,1.0,1.0
e8aa2a7ae2c7e66cbb5def45,1.0,1.0,1.0,1.0,1.0
e913c8762cadad1292610217,1.0,1.0,1.0,1.0,1.0
e92b4a637514dbb856d6dcb0,1.0,1.0,1.0,1.0,1.0
e92cff8de8ee5d242495dae4,1.0,1.0,1.0,1.0,1.0
e944e2c9fa2f1a1e7370a231,1.0,1.0,1.0,1.0,1.0
e9db46f868dbe3d2237d5220,1.0,1.0,1.0,1.0,1.0
ea1619418807cfe705df1a09,1.0,1.0,1.0,1.0,1.0
ea24f7f8e4a06964eb86d159,1.0,1.0,1.0,1.0,1.0
ea57a10e1e94fb472263b414,1.0,1.0,1.0,1.0,1.0
ea61018a62bde95d4dba5afc,1.0,1.0,1.0,1.0,1.0
eadbcb7e74778c7b0ccf2776,1.0,1.0,1.0,1.0,1.0
eaf59761374f3ffb3832477d,1.0,1.0,1.0,1.0,1.0
eb85d288e712d653399c5f9d,0.0,0.0,0.0,0.0,0.0
eb86711898ba79100a964569,1.0,1.0,1.0,1.0,1.0
eb8ac2ad08c9e59eb4aee442,1.0,1.0,1.0,1.0,1.0
eba88a470f2746549000e937,1.0,1.0,1.0,1.0,1.0
ebbab244cacf1b3bf9e09fd7,1.0,1.0,1.0,1.0,1.0
ebc615dde87827defdc14dd1,0.0,0.0,0.0,0.0,0.0
ebcf05cd2712ed4e26377190,1.0,1.0,1.0,1.0,1.0
ebf351ccc8ce3691159a2224,1.0,1.0,1.0,1.0,1.0
ec3282ae66e5fdaae3338d4f,1.0,1.0,1.0,1.0,1.0
ec47999c63b3d92222986d1a,1.0,1.0,1.0,1.0,1.0
eca731ece16681994923ff65,1.0,1.0,1.0,1.0,1.0
ecb9ed60a710c54ee537dc1d,1.0,1.0,1.0,1.0,1.0
ecf1a74fe3d9d35ed58ede59,1.0,1.0,1.0,1.0,1.0
ed10b323b66808f02a8d4af6,1.0,1.0,1.0,1.0,1.0
ed1bb99f181cadf4da87c07f,1.0,1.0,1.0,1.0,1.0
ed255c466618cc6f941feb4d,1.0,1.0,1.0,1.0,1.0
ed441e0b7e78e7b28c5d2122,1.0,1.0,1.0,1.0,1.0
eda6d8eb5669fc56fdfc2c6e,0.0,0.0,0.0,0.0,0.0
edf821d9818f9f6d12fc2725,1.0,1.0,1.0,1.0,1.0
eefa5e81bbe01d1956b08bfd,1.0,1.0,1.0,1.0,1.0
ef29e3fb0c3f11632fce1be6,1.0,1.0,1.0,1.0,1.0
efadd80b12aa9ee3257724cf,1.0,1.0,1.0,1.0,1.0
efb5d0a3ab5adf899d9793ab,1.0,1.0,1.0,1.0,1.0
f0b2a15ff358d18ec8f80b1c,1.0,1.0,1.0,1.0,1.0
f0b478ddadf46c51cfbf061c,1.0,1.0,1.0,1.0,1.0
f0d34342f6dad37b1ec54553,1.0,1.0,1.0,1.0,1.0
f0d79fc84aa943cf68c1354f,1.0,1.0,1.0,1.0,1.0
f0f5a9ceb37f1150b895140f,1.0,1.0,1.0,1.0,1.0
f100e1a517f2a5fe002788eb,1.0,1.0,1.0,1.0,1.0
f14238a3a33a99f04da68a85,1.0,1.0,1.0,1.0,1.0
f14ab752815c292ffa675ea8,1.0,1.0,1.0,1.0,1.0
f1a68923fd267d5ffa34e702,1.0,1.0,1.0,1.0,1.0
f1af71ed372ad6e43f04374b,1.0,1.0,1.0,1.0,1.0
f1c3b33d795e0d9594e4803e,1.0,1.0,1.0,1.0,1.0
f25d44e4ae1f32b3988c5643,1.0,1.0,1.0,1.0,1.0
f29cd4299bf954f0324fbe87,1.0,1.0,1.0,1.0,1.0
f29d5c9bcd308e8e9c24b796,1.0,1.0,1.0,1.0,1.0
f2a3c9d1607339f7082e59f2,1.0,1.0,1.0,1.0,1.0
f2afc6c1d17dc3a0eae45aea,1.0,1.0,1.0,1.0,1.0
f2dad77839f6e9ce3b852018,1.0,1.0,1.0,1.0,1.0
f2fe1f10844f5b3ddd8c6857,1.0,1.0,1.0,1.0,1.0
f386f5d2afd3b983c345d94d,1.0,1.0,1.0,1.0,1.0
f39748c268d4bdcd3d1b0bd0,0.0,0.0,0.0,0.0,0.0
f39cd2f3202e31b06b8f7063,1.0,1.0,1.0,1.0,1.0
f39f3eeb84caa6607adcc0e9,1.0,1.0,1.0,1.0,1.0
f3b3a6a66b3120a49d1df186,1.0,1.0,1.0,1.0,1.0
f459bf0515b2ad307744ad74,1.0,1.0,1.0,1.0,1.0
f55020745a6adb22c2c893fb,1.0,1.0,1.0,1.0,1.0
f5b1207a107762e9eb94efe4,1.0,1.0,1.0,1.0,1.0
f5f54d10ef321ce47e3d7c0e,1.0,1.0,1.0,1.0,1.0
f5fa7641fa463e44ad2069c7,1.0,1.0,1.0,1.0,1.0
f651742baedd4eaf1daa7d9c,1.0,1.0,1.0,1.0,1.0
f754741086be294920b7ba20,1.0,1.0,1.0,1.0,1.0
f777989ffd87bd3beaa7f34f,1.0,1.0,1.0,1.0,1.0
f77f39ee40350064e2ae2ab8,1.0,1.0,1.0,1.0,1.0
f7af78727f9667190e766224,1.0,1.0,1.0,1.0,1.0
f82bbc4b7c4010962d2c971f,1.0,1.0,1.0,1.0,1.0
f82cf1eb234758c0e899059c,1.0,1.0,1.0,1.0,1.0
f82d370ab20765617e875725,1.0,1.0,1.0,1.0,1.0
f88db28aa8466788ff5edefa,1.0,1.0,1.0,1.0,1.0
f8bb09ed36eac111d856f35e,1.0,1.0,1.0,1.0,1.0
f8d24ae50ab5904c6045a368,1.0,1.0,1.0,1.0,1.0
f92624068f5397b6deb07b02,1.0,1.0,1.0,1.0,1.0
f954c3c47a7bb2ba2fa6b77c,1.0,1.0,1.0,1.0,1.0
f96e09bd0edb0c366c0cc4d1,1.0,1.0,1.0,1.0,1.0
f97729436f93ad46d65b4cca,1.0,1.0,1.0,1.0,1.0
f9ab33ce8c5177fceb43336f,1.0,1.0,1.0,1.0,1.0
f9adf4b0dd93c67e66cdfc99,1.0,1.0,1.0,1.0,1.0
f9b854af4e0ea79752d5f908,1.0,1.0,1.0,1.0,1.0
f9f97610e2a8b645b7676a08,1.0,1.0,1.0,1.0,1.0
fa27836692eb9aa96253980b,1.0,1.0,1.0,1.0,1.0
fa2f06dca04ac6da40adc654,1.0,1.0,1.0,1.0,1.0
fa7b5d5541f82cfc5d77e23c,1.0,1.0,1.0,1.0,1.0
fab208c050625995463f6e23,1.0,1.0,1.0,1.0,1.0
fab72b84cafd5fa6a966db7a,1.0,1.0,1.0,1.0,1.0
fb27dceda948c64f7584185f,1.0,1.0,1.0,1.0,1.0
fb43ac3cca5371785629aba1,1.0,1.0,1.0,1.0,1.0
fbafb6b55c9d3686cd7913e8,1.0,1.0,1.0,1.0,1.0
fbee2fcc17a0d2269e929703,1.0,1.0,1.0,1.0,1.0
fc05d9d025bbe62224bfbd88,1.0,1.0,1.0,1.0,1.0
fc0cbebc953d9de15123a764,1.0,1.0,1.0,1.0,1.0
fc229edf8ee1239862ff1756,1.0,1.0,1.0,1.0,1.0
fc282a77d8c0803e3dde1139,1.0,1.0,1.0,1.0,1.0
fc7b48747515751ac5f10fc2,1.0,1.0,1.0,1.0,1.0
fc8a2509467be05b055e4369,1.0,1.0,1.0,1.0,1.0
fcb9a1417517f79368895039,1.0,1.0,1.0,1.0,1.0
fccaf306000775c158437e6a,1.0,1.0,1.0,1.0,1.0
fccb2941a9081abf97d6de65,1.0,1.0,1.0,1.0,1.0
fceae7c2e994f42c5af6d7e0,1.0,1.0,1.0,1.0,1.0
fd14c975b9f7a1cd173d0af2,1.0,1.0,1.0,1.0,1.0
fd170f8ff60b95aae62c55ee,1.0,0.0,0.0,0.0,0.0
fd49d0e98a6e6bced3bbed22,1.0,1.0,1.0,1.0,1.0
fd5699fa81fa23d4acda288f,1.0,1.0,1.0,1.0,1.0
fd6f62566d17466b6c9dca3e,1.0,1.0,1.0,1.0,1.0
fd959d09bc176ad1eb25c77b,1.0,1.0,1.0,1.0,1.0
fd971203fa615af71f7eb57b,0.0,0.0,0.0,0.0,0.0
fd987a9295da897f7174f4d3,1.0,1.0,1.0,1.0,1.0
fdce1de787a438ac67739282,1.0,1.0,1.0,1.0,1.0
fe4b7621f899b6f7dde1173b,1.0,1.0,1.0,1.0,1.0
fe7b7aabf3c00faaffc95131,0.0,0.0,0.0,0.0,0.0
fef710f572f249496905ee0f,1.0,1.0,1.0,1.0,1.0
fef8515ac92def0f9e96d7dd,1.0,1.0,1.0,1.0,1.0
ff141c9ec96e24d60d0d595c,1.0,1.0,1.0,1.0,1.0
ff20bc515d0ad4f251cf183c,1.0,1.0,1.0,1.0,1.0
ffa982a605601b7628b25598,1.0,1.0,1.0,1.0,1.0
ffce940a6f098af32bbefada,1.0,1.0,1.0,1.0,1.0
01764508fd45a5aa9bd36766,1.0,1.0,1.0,1.0,1.0
019297e36b2258c2a0dabf9e,0.0,0.0,0.0,0.0,0.0
0268728d2d03301b93ebb805,1.0,1.0,1.0,1.0,1.0
03360eb9ad8a7e2de1689acd,1.0,1.0,1.0,1.0,1.0
03bb510d12041e794e8d0f2c,1.0,1.0,1.0,1.0,1.0
056c1c0345f98585c7981c4b,1.0,1.0,1.0,1.0,1.0
05b4a6f8e2cd7ba110702304,1.0,1.0,1.0,1.0,1.0
05e545132f6d0add44c5a15b,1.0,1.0,1.0,1.0,1.0
06044377f611c61a742e1948,1.0,1.0,1.0,1.0,1.0
062e322ab7d66b79651fdade,1.0,1.0,1.0,1.0,1.0
06c097e526bae0e05e45e0cf,1.0,1.0,1.0,1.0,1.0
077ac6cd92c7b8ec71bb0883,1.0,1.0,1.0,1.0,1.0
078f234573995593042e25a1,1.0,1.0,1.0,1.0,1.0
07b29bf407f45d4dac6f759a,1.0,1.0,1.0,1.0,1.0
08f7ed091899e9927773db60,1.0,1.0,1.0,1.0,1.0
0958b9af8187ac3ef1e46208,1.0,1.0,1.0,1.0,1.0
096b4722eadcd412d72651fb,1.0,1.0,1.0,1.0,1.0
09b7fb4b8343690d4a0b93c2,1.0,1.0,1.0,1.0,1.0
09d4d19c2b8809d65f37c94b,1.0,1.0,1.0,1.0,1.0
0a27b866fd944108ff2389a9,1.0,1.0,1.0,1.0,1.0
0a65239d6a1afa3ddce6210b,1.0,1.0,1.0,1.0,1.0
0aa60b3d1f13d85e1548351b,1.0,1.0,1.0,1.0,1.0
0aff1bd5c1f3285c169d3270,1.0,1.0,1.0,1.0,1.0
0b103130cc8344fab2878d7b,1.0,1.0,1.0,1.0,1.0
0b69f9b02c558030d15a6326,1.0,1.0,1.0,1.0,1.0
0be5f019edb7f605789d38f1,1.0,1.0,1.0,1.0,1.0
0beba82b4922d569202506d0,1.0,1.0,1.0,1.0,1.0
0c40060f9eefaf08ecd33b35,1.0,1.0,1.0,1.0,1.0
0c9394bc4509f6424b106a50,1.0,1.0,1.0,1.0,1.0
0d30f94bd1dd2231a0f5f2c8,1.0,1.0,1.0,1.0,1.0
0de81e0bcda1b858792cd286,1.0,1.0,1.0,1.0,1.0
0e724b8de80a8a1261de61eb,1.0,1.0,1.0,1.0,1.0
0ed434d89906e21d7b593bf1,1.0,1.0,1.0,1.0,1.0
0ee6f18029e0e7d3d62f0879,1.0,1.0,1.0,1.0,1.0
0f532af4e679074d4d481a64,0.0,0.0,0.0,0.0,0.0
0f82430a0b726be5c1e109be,1.0,1.0,1.0,1.0,1.0
0fa90eb84a2ffc2ea7601e00,1.0,1.0,1.0,1.0,1.0
0fae99fbc1b5825d40d8a0fa,1.0,1.0,1.0,1.0,1.0
0ff0dacb2e3e204aa0c53cf9,1.0,1.0,1.0,1.0,1.0
0fff0103b36ac4e181bcd93f,1.0,1.0,1.0,1.0,1.0
1011ab44fa3e040af501b4fa,0.0,0.0,0.0,0.0,0.0
11a6e7df2ec7942d65a8f5a2,1.0,1.0,1.0,1.0,1.0
11b12444623381daa38128f1,1.0,1.0,1.0,1.0,1.0
1273c56e63934261cbb38858,1.0,1.0,1.0,1.0,1.0
129c17928a6848690411c4aa,1.0,1.0,1.0,1.0,1.0
12ed82ef8670eda941025629,1.0,1.0,1.0,1.0,1.0
12fc3f8bb6766dff34df4579,1.0,1.0,1.0,1.0,1.0
139efa20433f069afec130df,1.0,1.0,1.0,1.0,1.0
13a4d6dfa198a473b1bb2938,1.0,1.0,1.0,1.0,1.0
15395e8986d8cbc947be611b,1.0,1.0,1.0,1.0,1.0
1565f6663f10cd22eb1bfe4d,1.0,1.0,1.0,1.0,1.0
15a91ec612941968a78b305e,1.0,1.0,1.0,1.0,1.0
15ac5282d288785008f16d69,1.0,1.0,1.0,1.0,1.0
1630f575ab1ebc5c0f1eb8ca,1.0,1.0,1.0,1.0,1.0
177d59a78f45627083c63428,1.0,1.0,1.0,1.0,1.0
1783839c27c0e527c90001dc,1.0,1.0,1.0,1.0,1.0
17ce0675842af3c5f88c9ca9,0.0,0.0,0.0,1.0,1.0
17ce43f44cd1f550b68baf16,1.0,1.0,1.0,1.0,1.0
18016f6d9406db9127f8761d,1.0,1.0,1.0,1.0,1.0
1812aef540f12ef40b6cd303,1.0,1.0,1.0,1.0,1.0
18ddcdf3699b1d9f3164ee12,1.0,1.0,1.0,1.0,1.0
1a68b2c073e7549246a22806,1.0,1.0,1.0,1.0,1.0
1aaef75ff66a54ee45992cb9,1.0,1.0,1.0,1.0,1.0
1ad3b25c2eedee40c4163b62,0.0,0.0,0.0,0.0,0.0
1ad503621134dfe961e0c2ed,1.0,1.0,1.0,1.0,1.0
1bcb799d6602a5133638f952,1.0,1.0,1.0,1.0,1.0
1c49b15013b24a7f6441619d,1.0,1.0,1.0,1.0,1.0
1c56a24a1bcacc5b9cbce5ed,1.0,1.0,1.0,1.0,1.0
1c87f63889537d00516a682f,1.0,1.0,1.0,1.0,1.0
1cca01c5d217293ad59ec84f,1.0,1.0,1.0,1.0,1.0
1dad31f02db628da4a965591,1.0,1.0,1.0,1.0,1.0
1dcfd451e60c91ec08073577,1.0,1.0,1.0,1.0,1.0
1e480ccf164cd77d9fd40804,1.0,1.0,1.0,1.0,1.0
1e564bb2707ca23f4423a226,1.0,1.0,1.0,1.0,1.0
1ea3b55061563b50b5a3be58,1.0,1.0,1.0,1.0,1.0
1eccc5c39585dab45ac3852b,1.0,1.0,1.0,1.0,1.0
1ed07a2676b888f99b509a48,1.0,1.0,1.0,1.0,1.0
1ee3fa7d3632c068f0336be1,1.0,1.0,1.0,1.0,1.0
1f211ba4a7f98c78c6b2acdf,1.0,1.0,1.0,1.0,1.0
1f458a7e9efcf1a8ffc9de48,1.0,1.0,1.0,1.0,1.0
1f78b6e954e41c5961f0ecfd,1.0,1.0,1.0,1.0,1.0
1fc52d873d78e965691b399e,1.0,1.0,1.0,1.0,1.0
1fe3958a13072e63a12b3bb7,1.0,1.0,1.0,1.0,1.0
1ff6e56cb47ea96e57e4ee85,1.0,1.0,1.0,1.0,1.0
1ffa5649960c0a196fa767f1,1.0,1.0,1.0,1.0,1.0
2030c3b7d6d1a32de0c7dd3e,1.0,1.0,1.0,1.0,1.0
204350d772d892f4e87c3ead,1.0,1.0,1.0,1.0,1.0
20e707925bda1308a6b8902f,1.0,1.0,1.0,1.0,1.0
2244e2057932317152ad01a1,1.0,1.0,1.0,1.0,1.0
22905bbc2b087cd803cfbc8a,0.0,0.0,0.0,0.0,0.0
22b48b9e0250ab834d851a07,1.0,1.0,1.0,1.0,1.0
2305b7139282964e36ba234d,1.0,1.0,1.0,1.0,1.0
2374179e01b23260afd0c222,1.0,1.0,1.0,1.0,1.0
2378e4ced0f928d472862edc,1.0,1.0,1.0,1.0,1.0
23a88528bf3e11aab6a9ebf3,1.0,1.0,1.0,1.0,1.0
245cb945c7046dceae34d0bc,1.0,1.0,1.0,1.0,1.0
246fc0ec710f1f3293d20cd4,1.0,1.0,1.0,1.0,1.0
24b64e4c864f8e0972ddb55e,1.0,1.0,1.0,1.0,1.0
259895fa9c9fb7dc8cffba79,1.0,1.0,1.0,1.0,1.0
25ddfb42aa43c24e5e44119b,1.0,1.0,1.0,1.0,1.0
274dbd17d7ca55ea3bb3c4ef,1.0,1.0,1.0,1.0,1.0
27589b1d03833623bbcf8c22,1.0,1.0,1.0,1.0,1.0
27a96e1aee85288ac319cb00,1.0,1.0,1.0,1.0,1.0
286479301cda3a26d7e4016e,1.0,1.0,1.0,1.0,1.0
287c31f901e4904ef306c9bd,1.0,1.0,1.0,1.0,1.0
28c7c782297a74febf20c94c,1.0,1.0,1.0,1.0,1.0
28de0caba5711ba5c500ef03,1.0,1.0,1.0,1.0,1.0
2ac64881437668e7e55f8768,1.0,1.0,1.0,1.0,1.0
2ad575d8ecd303359dd1b4c3,1.0,1.0,1.0,1.0,1.0
2ad8bc072fb75592b81b64f1,1.0,1.0,1.0,1.0,1.0
2b03449837b309da4db549c2,1.0,1.0,1.0,1.0,1.0
2b28905427326522b4e49e47,1.0,1.0,1.0,1.0,1.0
2c2b36da0e3a2e4faba7c357,1.0,1.0,1.0,1.0,1.0
2c2ec8fef59141a734cbaa6c,1.0,1.0,1.0,1.0,1.0
2c4939f103792b05036036f2,1.0,1.0,1.0,1.0,1.0
2c580ec2760f1dd3c85ddb10,1.0,1.0,1.0,1.0,1.0
2c617598e770b298261bd84c,1.0,1.0,1.0,1.0,1.0
2d56e5acb7cf00739ef3e32d,1.0,1.0,1.0,1.0,1.0
2dea31ed516f62c765dd641b,1.0,1.0,1.0,1.0,1.0
2e29943a618ca4960fd8402e,1.0,1.0,1.0,1.0,1.0
2e30e9dd745b6245a143fd6c,1.0,1.0,1.0,1.0,1.0
2ea977576370308a9985e038,1.0,1.0,1.0,1.0,1.0
2ee360fee1f01ac6995b19a7,1.0,1.0,1.0,1.0,1.0
2fd1f920d0cdb635effa0467,1.0,1.0,1.0,1.0,1.0
2ff8f1a1ba354598365dce35,1.0,1.0,1.0,1.0,1.0
31db3d61db431e8b63aa611e,1.0,1.0,1.0,1.0,1.0
3204bdaeb351abcd6c1de36d,1.0,1.0,1.0,1.0,1.0
3236ff90717ec3ff0285bcd8,1.0,1.0,1.0,1.0,1.0
323ff85c8a4b3b6be27d448f,1.0,1.0,1.0,1.0,1.0
335eb38836228b8871ab84bd,1.0,1.0,1.0,1.0,1.0
3390ac419c4f5dded77d7d76,1.0,1.0,1.0,1.0,1.0
34b3a02701287c555f996d29,1.0,1.0,1.0,1.0,1.0
34b82cfc48648e99ba93c4c7,1.0,1.0,1.0,1.0,1.0
34e43a12fb1bf113002be15a,1.0,1.0,1.0,1.0,1.0
365a1470699d53e736edc7d2,1.0,1.0,1.0,1.0,1.0
369e88656d08b6af650f3e3d,1.0,1.0,1.0,1.0,1.0
36d8fb00f71b827215d22e98,1.0,1.0,1.0,1.0,1.0
36e83e204ddede447c407a08,1.0,1.0,1.0,1.0,1.0
37028f2d9bb24a3d08d6bab4,1.0,1.0,1.0,1.0,1.0
3731c2e95cbd90f1a5eb8fe3,1.0,1.0,1.0,1.0,1.0
3749294ed4b04daf9a47a406,1.0,1.0,1.0,1.0,1.0
375327083c0d65bf2300330d,1.0,1.0,1.0,1.0,1.0
3771ad890da1545f3562f862,1.0,1.0,1.0,1.0,1.0
37f4200c33835e5fb5ea8975,1.0,1.0,1.0,1.0,1.0
37fcf2b683e456b1f83559d8,1.0,1.0,1.0,1.0,1.0
39b35daf8d51a11158aa853d,1.0,1.0,1.0,1.0,1.0
3a63b8ecfa0462675211335c,0.0,0.0,0.0,0.0,0.0
3a9213e09f7e366e5f960900,1.0,1.0,1.0,1.0,1.0
3b09ab69f967cb4e592f9820,1.0,1.0,1.0,1.0,1.0
3ba2797aa9955b5ece9de22e,1.0,1.0,1.0,1.0,1.0
3bb839879964a8becac1e1e7,1.0,1.0,1.0,1.0,1.0
3d09958e2d695a8cadc2f799,1.0,1.0,1.0,1.0,1.0
3d70d3bac8f663f3ba9c83fc,1.0,1.0,1.0,1.0,1.0
3e4013a62d04554a2d48de4a,1.0,1.0,1.0,1.0,1.0
3ea2e8f025974287cf4af2a0,1.0,1.0,1.0,1.0,1.0
3eca0a453677a15987629687,1.0,1.0,1.0,1.0,1.0
3f1bcca2d4d636ad04acf98e,0.0,0.0,0.0,0.0,0.0
3f4ca6031dd3dab9a61c78f4,1.0,1.0,1.0,1.0,1.0
402518682c163c230b594896,1.0,1.0,1.0,1.0,1.0
40781d46caf884c3d8198de7,1.0,1.0,1.0,1.0,1.0
407a8576374093f011efffb7,1.0,1.0,1.0,1.0,1.0
412b5245d29661443fd8f730,1.0,1.0,1.0,1.0,1.0
41d771f7677bc3eb0d9e1bee,1.0,1.0,1.0,1.0,1.0
4215fc5c714d590c7a210fe5,1.0,1.0,1.0,1.0,1.0
425f74227b726c2560bfe08a,1.0,1.0,1.0,1.0,1.0
42f85a455987ec5ae61bf35a,1.0,1.0,1.0,1.0,1.0
438e8f5ba5fe51a01f2dd182,1.0,1.0,1.0,1.0,1.0
44b0ea9895489610f8e8068d,1.0,1.0,1.0,1.0,1.0
44dcf6e562df479ffd3eecc1,1.0,1.0,1.0,1.0,1.0
44e88000957fb79b1fb00f92,1.0,1.0,1.0,1.0,1.0
44ef974d3f43a3bb395b4a8f,1.0,1.0,1.0,1.0,1.0
451787b2c25aec79cd36efa0,1.0,1.0,1.0,1.0,1.0
456ce51597bce1d92f3fd8ac,1.0,1.0,1.0,1.0,1.0
4575fc96183e07b610e1c21e,1.0,1.0,1.0,1.0,1.0
459d1e1eb830b94eb4e270ed,1.0,1.0,1.0,1.0,1.0
466ec303b349a097dca9d3d3,1.0,1.0,1.0,1.0,1.0
46c3d447ded091bb0c50105a,1.0,1.0,1.0,1.0,1.0
47c2c4abe380a691a67bbb26,1.0,1.0,1.0,1.0,1.0
47da184a07cb6f59c58ac7dc,1.0,1.0,1.0,1.0,1.0
48225da7a21b61231b0c031a,1.0,1.0,1.0,1.0,1.0
4852907be2df3fb35dd507b2,1.0,1.0,1.0,1.0,1.0
487a2eae1bf207dc4f44bcac,1.0,1.0,1.0,1.0,1.0
48ca1e77f386f2a8934ba183,0.0,0.0,0.0,0.0,0.0
48e564f898faf29381788ecb,1.0,1.0,1.0,1.0,1.0
48e5ff15b258f01b150c0ed4,1.0,1.0,1.0,1.0,1.0
4905315e0792187c18eca463,1.0,1.0,1.0,1.0,1.0
4950b66efa79b9639f899017,1.0,1.0,1.0,1.0,1.0
4984c69511c33220b514b620,0.0,0.0,0.0,0.0,0.0
49abc6ada389679547dd7f6c,1.0,1.0,1.0,1.0,1.0
49adbe04820f25f5d3561c05,1.0,1.0,1.0,1.0,1.0
49f17e95d92effd0593d511a,1.0,1.0,1.0,1.0,1.0
4ac9157592b3fa8c472dc17b,0.0,0.0,0.0,0.0,0.0
4afd6d00b30ee206f4b1ba5b,1.0,1.0,1.0,1.0,1.0
4b1382af128f5b893f33562a,1.0,1.0,1.0,1.0,1.0
4b247b27acc810cad1950804,1.0,1.0,1.0,1.0,1.0
4b7b6b9e7ecab65e5ac6ca5f,1.0,1.0,1.0,1.0,1.0
4ba2fbca04d69517997da583,1.0,1.0,1.0,1.0,1.0
4bb9cdf6910825be832fb532,1.0,1.0,1.0,1.0,1.0
4c077460efb409c0a23a25e3,1.0,1.0,1.0,1.0,1.0
4c78864bd53c1ce4828c896b,1.0,1.0,1.0,1.0,1.0
4cc95cb17dbd115decd4075e,1.0,1.0,1.0,1.0,1.0
4f3b2cf297d11354ef3e9647,1.0,1.0,1.0,1.0,1.0
4fc8b592ac8462cf3515667a,1.0,1.0,1.0,1.0,1.0
507b40cdfabc0ea91344524b,1.0,1.0,1.0,1.0,1.0
518327877392154c87cf05b1,1.0,1.0,1.0,1.0,1.0
51a5a2695cd060adad11c136,1.0,1.0,1.0,1.0,1.0
51b00e38e84e68ec279da45c,0.0,0.0,0.0,0.0,0.0
51f05742405ca57753451ef3,1.0,1.0,1.0,1.0,1.0
5266c4167d9610282cfee5b6,1.0,1.0,1.0,1.0,1.0
52b6b7dd2660167c43a9d2f9,0.0,0.0,0.0,0.0,0.0
52eb70bdc3dc9b7af9a4d5ca,1.0,1.0,1.0,1.0,1.0
530ac104e828263d363cb09c,0.5,0.5,0.5,0.5,0.5
530fd7d44f05385c12ca8475,1.0,1.0,1.0,1.0,1.0
535a7841a1457dd7382b9623,1.0,1.0,1.0,1.0,1.0
53e02cf4246b7e86405c5e86,1.0,1.0,1.0,1.0,1.0
545f5a391f13b584e2b37678,1.0,1.0,1.0,1.0,1.0
5487fe6a9f05ba13e38dbb3d,1.0,1.0,1.0,1.0,1.0
55cf7e24e7513d5a1074e7fc,0.0,0.0,0.0,0.0,0.0
5608f094d09f4e2d4e9edb45,1.0,1.0,1.0,1.0,1.0
561b8527c3b5d24a42407bee,1.0,1.0,1.0,1.0,1.0
57a1867ab91fcd5b2b144a2a,1.0,1.0,1.0,1.0,1.0
57b5adaa2dc3ac658c725c4f,1.0,1.0,1.0,1.0,1.0
58694a7b6a4353b5d13ff2c0,1.0,1.0,1.0,1.0,1.0
58a11b128290774cf6c84618,1.0,1.0,1.0,1.0,1.0
58ac3d9fb20bb4ba3430705d,1.0,1.0,1.0,1.0,1.0
58dc1089a91b598b37867fd0,1.0,1.0,1.0,1.0,1.0
596dd9736f535dc9e416e07f,1.0,1.0,1.0,1.0,1.0
5980b33b75206b8e36153cab,1.0,1.0,1.0,1.0,1.0
5a0bc08ccd4b4d50d35d0775,1.0,1.0,1.0,1.0,1.0
5a5087d01b9abcdbac144ba4,1.0,1.0,1.0,1.0,1.0
5ac564a9e2de162c15f82f42,1.0,1.0,1.0,1.0,1.0
5cc385574063175df45e0f2f,1.0,1.0,1.0,1.0,1.0
5cd0c3e9f94923a6fb2891b8,1.0,1.0,1.0,1.0,1.0
5d15f4923ead3ae8062d4bf1,1.0,1.0,1.0,1.0,1.0
5d187109df23398508338ea5,1.0,1.0,1.0,1.0,1.0
5d6919cfc1971f9eb2e5e8fc,1.0,1.0,1.0,1.0,1.0
5d9539327b7e783821d01796,1.0,1.0,1.0,1.0,1.0
5ea3dedda62c253d069e9215,1.0,1.0,1.0,1.0,1.0
61a3efac333000fd6714c711,1.0,1.0,1.0,1.0,1.0
6275339576a926d66396d263,1.0,1.0,1.0,1.0,1.0
629b390eae9644726ceb1fc2,1.0,1.0,1.0,1.0,1.0
62b68dc807d749cadb71aaa8,1.0,1.0,1.0,1.0,1.0
62c5ba015377383758a4645d,1.0,1.0,1.0,1.0,1.0
63103ed28cc5347e68c22ca7,1.0,1.0,1.0,1.0,1.0
631267492184616d102cdde6,0.0,0.0,0.0,0.0,0.0
63cea03a29923f790aeb183b,1.0,1.0,1.0,1.0,1.0
64064313132a047098863e41,1.0,1.0,1.0,1.0,1.0
64a762f62dd533542bbcb1ef,1.0,1.0,1.0,1.0,1.0
6531e1803b85ae0d2d4b659a,1.0,1.0,1.0,1.0,1.0
66d3d6b6d5eafde480a0a920,1.0,1.0,1.0,1.0,1.0
66d5ca1c7701eaefa029030a,1.0,1.0,1.0,1.0,1.0
66e31e9a8f8edb7e54bad8ab,1.0,1.0,1.0,1.0,1.0
671d03d50952645183107075,1.0,1.0,1.0,1.0,1.0
674b68bdb82b713be1c32675,1.0,1.0,1.0,1.0,1.0
67cc1bece4defaedbfb37b2e,1.0,1.0,1.0,1.0,1.0
68911d317794ff2b4d51999e,1.0,1.0,1.0,1.0,1.0
68d320f697c9f4dcde9b908d,1.0,1.0,1.0,1.0,1.0
6961f01be57b9c9e470b98c8,1.0,1.0,1.0,1.0,1.0
69d484eb2540a89619a8859d,0.0,0.0,0.0,0.0,0.0
6a72df965f7107c61d988eff,1.0,1.0,1.0,1.0,1.0
6b06f65a0ea04be66907bc0a,1.0,1.0,1.0,1.0,0.0
6bf84aba1b9185eda3829a80,1.0,1.0,1.0,1.0,1.0
6c8ef840a0fecb0864ef8ba1,1.0,1.0,1.0,1.0,1.0
6caf85701648dea5a8f90f91,1.0,1.0,1.0,1.0,1.0
6d1d4139dfd133dd8bdb49a0,1.0,1.0,1.0,1.0,1.0
6d4b3592beddfb24836cb15e,1.0,1.0,1.0,1.0,1.0
6dd2edefff5f97a95eea3f98,1.0,1.0,1.0,1.0,1.0
6de4fa49997c946201428c02,1.0,1.0,1.0,1.0,1.0
6f35f2d86e60e109668c44a3,1.0,1.0,1.0,1.0,1.0
6f44f885c415868aace64ade,1.0,1.0,1.0,1.0,1.0
6fdf4cfa32492a53f65208b7,1.0,1.0,1.0,1.0,1.0
7008a88c9da86d75dd24a77a,1.0,1.0,1.0,1.0,1.0
701d8d1efe009f1ae157debe,0.0,0.0,0.0,0.0,0.0
70877efedd46d326d87de6fd,1.0,1.0,1.0,1.0,1.0
70987a197fef97ea563fad4b,1.0,1.0,1.0,1.0,1.0
70b60dd46c27a3e228d2d3f6,1.0,1.0,1.0,1.0,1.0
7164b8b030653c2746028fdc,1.0,1.0,1.0,1.0,1.0
720c6a529c05962a2df91ae4,1.0,1.0,1.0,0.0,0.0
72dffc7ad910ae1b22fd674f,1.0,1.0,1.0,1.0,1.0
72ea834afd605bcc19ee43d3,1.0,1.0,1.0,1.0,1.0
7377b56e0a71ba3a461cbba1,1.0,1.0,1.0,1.0,1.0
73a2b68439b0aff7aa995346,1.0,1.0,1.0,1.0,1.0
742d266127467f6d5b1d5b02,1.0,1.0,1.0,1.0,1.0
74a2844a3b78820d6ff7054d,1.0,1.0,1.0,1.0,1.0
75ed5628991af5d46d3d6f5b,1.0,1.0,1.0,1.0,1.0
7725579b5e6d74aff2a1081b,1.0,1.0,1.0,1.0,1.0
77a5f3ca532f7c0d6034c964,1.0,1.0,1.0,1.0,1.0
781306b17695672ad928cc46,1.0,1.0,1.0,1.0,1.0
787d24f527d297c10f6fc9f1,1.0,1.0,1.0,1.0,1.0
78c5bff3041d4e4f4db5bb89,1.0,1.0,1.0,1.0,1.0
78d63a85e7081c755fef8d77,1.0,1.0,1.0,1.0,1.0
7903dd2c7a35f4ea6437cb41,1.0,1.0,1.0,1.0,1.0
799171517b8476a6b0ea5878,1.0,1.0,1.0,1.0,1.0
79fc4cbbc4ff22cc1c34146e,1.0,1.0,1.0,1.0,1.0
7a15bf02f6ba7e1b264c6ad1,1.0,1.0,1.0,1.0,1.0
7b22e9c240d3a03e8c15a324,1.0,1.0,1.0,1.0,1.0
7b73f3942d9607b86235a700,1.0,1.0,1.0,1.0,1.0
7ba5f0369dc147b8d4ee6792,1.0,1.0,1.0,1.0,1.0
7ba93bc25e4fe979871ec788,1.0,1.0,1.0,1.0,1.0
7bb72566cf3c53dfbe1588cd,1.0,1.0,1.0,1.0,1.0
7c34086e19b15e57ac1687f8,1.0,1.0,1.0,1.0,1.0
7cfe066eeffa2ab60a9fd001,1.0,1.0,1.0,1.0,1.0
7d31e8ca3976e5a547e4288b,1.0,1.0,1.0,1.0,1.0
7d4b521e2ac627569cea3499,1.0,1.0,1.0,1.0,1.0
7d591ef269b68b444db07a20,1.0,1.0,1.0,1.0,1.0
7daa87a85b8d067f52bea016,1.0,1.0,1.0,1.0,1.0
7df9a62d5783a89d81ea54d9,1.0,1.0,1.0,1.0,1.0
7e1901e279b8f3b9ef5fcd33,1.0,1.0,1.0,1.0,1.0
7e7c056a0c2d470e9524b7ad,1.0,1.0,0.0,0.0,0.0
7ebbf0b08c173474496537d9,1.0,1.0,1.0,1.0,1.0
7edc5309cf0b699f8c4b8d74,1.0,1.0,1.0,1.0,1.0
7ffd3584e04db934c54e51f6,1.0,1.0,1.0,1.0,1.0
80a7e2c5844bcf9527a97bf9,1.0,1.0,1.0,1.0,1.0
80d523bb93bfa7b501487644,1.0,1.0,1.0,1.0,1.0
81c3f2f13b6582a265f1ca73,1.0,1.0,1.0,1.0,1.0
8224975af9ee43df86876ee5,1.0,1.0,1.0,1.0,1.0
82759d85a04c24bed33b6e4c,1.0,1.0,1.0,1.0,1.0
82e0e21b3863c7ef2df69774,1.0,1.0,1.0,1.0,1.0
834078a5f5749d389117bb43,1.0,1.0,1.0,1.0,1.0
83e85e8a5ddda1d4a2ad723a,1.0,1.0,1.0,1.0,1.0
841bdffe64240703919bab09,1.0,1.0,1.0,1.0,1.0
845e3b2beee20a379b1937db,1.0,1.0,1.0,1.0,1.0
86316d0af26c5514376e5506,1.0,1.0,1.0,1.0,1.0
8653af9f7ed80840bfee228c,1.0,1.0,1.0,1.0,1.0
871d8ce83ec2b2af57ac2cbf,1.0,1.0,1.0,1.0,1.0
87a2633445f78431f58517cf,1.0,1.0,1.0,1.0,1.0
87b67be4143f960bd4b77db3,1.0,1.0,1.0,1.0,1.0
88d66271f7a7fddec534f036,1.0,1.0,1.0,1.0,1.0
89ed317f108ae6aa0609f49f,1.0,1.0,1.0,1.0,1.0
8ab063a9c9bcf1c3ff2818fc,1.0,1.0,1.0,1.0,1.0
8bf16f722ca164e8b30fdf57,1.0,1.0,1.0,1.0,1.0
8c6ee5fc01663a54d6897e5c,1.0,1.0,1.0,1.0,1.0
8d35c5823405077e9f012e68,0.0,0.0,0.0,0.0,0.0
8ddfb6445b2cce182d5ad353,1.0,1.0,1.0,1.0,1.0
8e6e11ab483d8c7ef83a278f,1.0,1.0,1.0,1.0,1.0
8ed6e2ace4562c84ca88d1af,1.0,1.0,1.0,1.0,1.0
8f79117237fad54807b67014,1.0,1.0,1.0,1.0,1.0
90195234b46dfdae04586515,1.0,1.0,1.0,1.0,1.0
9027ba7fd7918d9c6c6352a5,1.0,1.0,1.0,1.0,1.0
908cff12aa9755ce3d2c5e95,1.0,1.0,1.0,1.0,1.0
913298ef4738ff5e0952eb9b,1.0,1.0,1.0,1.0,1.0
926cbd4734609110085f167e,1.0,1.0,1.0,1.0,1.0
92b4282cc04c950b2e144d47,1.0,1.0,1.0,1.0,1.0
92faf45da10cdaf347200c85,1.0,1.0,1.0,1.0,1.0
93b62364cc4aadd7336a9725,1.0,1.0,1.0,1.0,1.0
9474d6ac9f7cc21ea868ee70,1.0,1.0,1.0,1.0,1.0
9553cb442506a8b79af3ae27,1.0,1.0,1.0,1.0,1.0
95974c89a2bb662ec2510cfe,1.0,1.0,1.0,1.0,1.0
98eb99c430c2dfa8637364ad,1.0,1.0,1.0,1.0,1.0
990193111c4215249dbde32d,0.0,0.0,1.0,1.0,1.0
996aaf584e18753e08a83377,1.0,1.0,1.0,1.0,1.0
997d214aa4d7b80f3759e9c1,1.0,1.0,1.0,1.0,1.0
99faf6c7639b7ff1d4347071,1.0,1.0,1.0,1.0,1.0
9a07f4a1aa0f535e2828a2a9,1.0,1.0,1.0,1.0,1.0
9a13b4827e5318d3f4fc4dc5,1.0,1.0,1.0,1.0,1.0
9a183e55b3b68cc84175ba58,1.0,1.0,1.0,1.0,1.0
9a3d5a53b0a5323bb94a7a5a,1.0,1.0,1.0,1.0,1.0
9a86b45a595d444c6d361ce1,1.0,1.0,1.0,1.0,1.0
9a976f0d84371ebce67753ab,1.0,1.0,1.0,1.0,1.0
9b2a43deab30e94445f964e2,1.0,1.0,1.0,1.0,1.0
9b9fa0361a512061071051a5,1.0,1.0,1.0,1.0,1.0
9c72d7aa080126d8a71d2099,1.0,1.0,1.0,1.0,1.0
9c9f9e7d8938a8f7ca569ea9,1.0,1.0,1.0,1.0,1.0
9cedea637d38b8ef1e82fa8d,1.0,1.0,1.0,1.0,1.0
9d5654589d6ef9cf033c26f2,1.0,1.0,1.0,1.0,1.0
9dc4ac7a212b35db9ca44e6e,1.0,1.0,1.0,1.0,1.0
9e6d2ada0782a22ea7032aff,1.0,1.0,1.0,1.0,1.0
9f9a1f08fb7debd4d816af3f,1.0,1.0,1.0,1.0,1.0
a0469c5837fe871b9e4b2b68,1.0,1.0,1.0,1.0,1.0
a048d65465601cb05afd2feb,1.0,1.0,1.0,1.0,1.0
a069427bfa6cc662013d5b8d,1.0,1.0,1.0,1.0,1.0
a08ac85a84fa108481c7f69e,1.0,1.0,1.0,1.0,1.0
a0b62ce3d0a2213dfb420ada,1.0,1.0,1.0,1.0,1.0
a0c3e3b863e21b35d6e6e71f,1.0,1.0,1.0,1.0,1.0
a1a4ec0ad10f7f883d8cedd3,1.0,1.0,1.0,1.0,1.0
a268e6a88102b30ceb5a6023,1.0,1.0,1.0,1.0,1.0
a2f80e55541f0915dadbe3db,1.0,1.0,1.0,1.0,1.0
a308d00e379ca86ff221dc98,1.0,1.0,1.0,1.0,1.0
a3231fbc60e127061d75010d,1.0,1.0,1.0,1.0,1.0
a39864e3cea42b355c2c9dd2,1.0,1.0,1.0,1.0,1.0
a3cc8d466d1f89de80b6456f,1.0,1.0,1.0,1.0,1.0
a4baaa03aa6f960bf21f1880,1.0,1.0,1.0,1.0,1.0
a4e198cf3b7e82e36d882615,1.0,1.0,1.0,1.0,1.0
a5b1629ba0165c1a5ce0f4ae,1.0,1.0,1.0,1.0,1.0
a6a7628e04086f689440ba98,1.0,1.0,1.0,1.0,1.0
a6b7943907195c5add4261e7,1.0,1.0,1.0,1.0,1.0
a6e7048ef14679cb8a4a620d,1.0,1.0,1.0,1.0,1.0
a75f3e353dac3a9a661df6c2,1.0,1.0,1.0,1.0,1.0
a84237d1605706f79d39fcff,1.0,1.0,1.0,1.0,1.0
a91be5abfa649bb04c9bb263,1.0,1.0,1.0,1.0,1.0
a9e0cfd0f98efb0067f25538,1.0,1.0,1.0,1.0,1.0
aa7522790fe287e3808af96e,0.0,0.0,0.0,0.0,0.0
aaefe1c98365dd134cac19f6,1.0,1.0,1.0,1.0,1.0
abe1f9a09335f2af44f20796,1.0,1.0,1.0,1.0,1.0
ac1b1a875c1d23305c82a3fd,1.0,1.0,1.0,1.0,1.0
ac266c2732ec31f1c51bc345,1.0,1.0,1.0,1.0,1.0
acbfe58b3c69776b0be0774f,1.0,1.0,1.0,1.0,1.0
ad0450299e7e57d5bf9dbc6c,1.0,1.0,1.0,1.0,1.0
ae0fc9c1f3fe953f6175a750,0.0,0.0,0.0,0.0,0.0
af15efdca93915ff7088f4c9,1.0,1.0,1.0,1.0,1.0
afdf37a81715965a7e8a3bf5,1.0,1.0,1.0,1.0,1.0
afe6673736498c21f8ba4854,1.0,1.0,1.0,1.0,1.0
b04fabcc9b54c2c403a371e7,1.0,1.0,1.0,1.0,1.0
b176f38a68724e5561ea194b,1.0,1.0,1.0,1.0,1.0
b2d4d02d9582a719f3d79fde,1.0,1.0,1.0,1.0,1.0
b2f004a6b13385dda416bfe9,1.0,1.0,1.0,1.0,1.0
b36f3bec3d392cb468023c19,1.0,1.0,1.0,1.0,1.0
b3e1059fa2d1f9c754c4e8d9,1.0,1.0,1.0,1.0,1.0
b3f45534670327f5e88d02b8,1.0,1.0,1.0,1.0,1.0
b3fa9c1261a0af7ef16bf8a8,1.0,1.0,1.0,1.0,1.0
b401b31ff86a26b815e57e35,1.0,1.0,1.0,1.0,1.0
b4e601fbf68ede7aefac84f6,1.0,1.0,1.0,1.0,1.0
b55a1b9df80c92902287a9fa,1.0,1.0,1.0,1.0,1.0
b5bcfb2cb179fb3274a2b9a7,1.0,1.0,1.0,1.0,1.0
b5ea9107b02362ce15c76c7c,1.0,1.0,1.0,1.0,1.0
b636c402b17285e0db1b405d,1.0,1.0,1.0,1.0,1.0
b64cef45829e54129d6e1c2b,1.0,1.0,1.0,1.0,1.0
b6d2c4ce97352fdddab2ce12,1.0,1.0,1.0,1.0,1.0
b7921840f9beea4610f75918,1.0,1.0,1.0,1.0,1.0
b7ab719d2317c569daa8a5a6,1.0,1.0,1.0,1.0,1.0
b81c0fd20cc8dd23194b3abc,1.0,1.0,1.0,1.0,1.0
b8f8e1ca5308ea8e9f709f48,1.0,1.0,1.0,1.0,1.0
b94f0c64f818a027373eba47,1.0,1.0,1.0,1.0,1.0
b9810063cd155f7b1674bc8b,0.0,0.0,0.0,0.0,0.0
b9e3ce876148d2c5abbcd72d,1.0,1.0,1.0,1.0,1.0
baa9e8e642891cb25caf96ac,1.0,1.0,1.0,1.0,1.0
baefaad3e2ebb3a0aaf79e06,1.0,1.0,1.0,1.0,1.0
bb3c105f7cc1921a0cc80465,1.0,1.0,1.0,1.0,1.0
bbb57f0eaf5acaff50a0d2d5,1.0,1.0,1.0,1.0,1.0
bdc9bedf36d10200bd03ba02,1.0,1.0,1.0,1.0,1.0
bee3d8c3c9e8f5e87aaa461e,1.0,1.0,1.0,1.0,1.0
bf1f859b83514eba6f377afe,1.0,1.0,1.0,1.0,1.0
bfcf3203e8b98506f1f869e4,1.0,1.0,1.0,1.0,1.0
c07610636835599df5466141,1.0,1.0,1.0,1.0,1.0
c09baef4e47fe4b56377ffbf,0.0,0.0,0.0,0.0,0.0
c1439565b0473c532856e719,1.0,1.0,1.0,1.0,1.0
c1e59184117a802281eb90ef,1.0,1.0,1.0,1.0,1.0
c1f44dbc7f0022ace0e74838,1.0,1.0,1.0,1.0,1.0
c1fc36becc5b8dd4d0828e97,0.0,0.0,0.0,0.0,0.0
c20e984f2dc80f6dff77ae1b,1.0,1.0,1.0,1.0,1.0
c272e69b812dabfc4686352d,1.0,1.0,1.0,1.0,1.0
c3218405b2dfa586869374e2,1.0,1.0,1.0,1.0,1.0
c337e81f6834c94ece1c1c2b,1.0,1.0,1.0,1.0,1.0
c3c16d40a04009037bb314e9,1.0,1.0,1.0,1.0,1.0
c40bfc538602a1573e69ceee,1.0,1.0,1.0,1.0,1.0
c534f957e563d824a455ff5b,1.0,1.0,1.0,1.0,1.0
c558fcfbed392e6663eca744,1.0,1.0,1.0,1.0,1.0
c59a4651762a7672a467ab1d,1.0,1.0,1.0,1.0,1.0
c61b7b6f65d4faca5a7ce321,1.0,1.0,1.0,1.0,1.0
c6730b17daf33674ef288ca9,1.0,1.0,1.0,1.0,1.0
c680827f60576dcac6eb2b6d,1.0,1.0,1.0,1.0,1.0
c707e64f4b821305cf7de8da,1.0,1.0,1.0,1.0,1.0
c732eae9bc9ed47e389732a7,1.0,1.0,1.0,1.0,1.0
c7ddd6792d38cca948d8255e,1.0,1.0,1.0,1.0,1.0
c85d6f6742cf4e0f29492f22,1.0,1.0,1.0,1.0,1.0
c8ba1615c891b191bb820fc1,1.0,1.0,1.0,1.0,1.0
c8c40505df3482d02717c09d,1.0,1.0,1.0,1.0,1.0
c8ca3b0bec164a80376401a0,1.0,1.0,1.0,1.0,1.0
c94b387a1604d2554241fdc9,1.0,1.0,1.0,1.0,1.0
ca837115bc1e0a92f7b4d4eb,1.0,1.0,1.0,1.0,1.0
ca98f22be0d5c840eabcccea,1.0,1.0,1.0,1.0,1.0
cac17f20e87d60272cf6e1d4,1.0,1.0,1.0,1.0,1.0
caf0740a9a57393bc354f767,1.0,1.0,1.0,1.0,1.0
caf35972f1f3d8850d6c0f39,1.0,1.0,1.0,1.0,1.0
cbe98f9005e8b111405f2854,1.0,1.0,1.0,1.0,1.0
cc2174f201cadfea1ec24ee5,1.0,1.0,1.0,1.0,1.0
cc562323fcf466509d79ef2c,1.0,1.0,1.0,1.0,1.0
cc69219a0137699e19576b8a,1.0,1.0,1.0,1.0,1.0
cc8e0fc0c323be3060dad4e6,1.0,1.0,1.0,1.0,1.0
cce70fff35c67e22086a6cab,1.0,1.0,1.0,1.0,1.0
ccffbc01883e12a91e7724c3,1.0,1.0,1.0,1.0,1.0
cd23ec342b91402d822be4b9,1.0,1.0,1.0,1.0,1.0
cdd081eb1ff9b450f73532cf,1.0,1.0,1.0,1.0,1.0
ce0b582a04667435deedef92,1.0,1.0,1.0,1.0,1.0
ce1bb4a30782aed7c19ee479,1.0,1.0,1.0,1.0,1.0
ce6d1e0d993058062eead387,1.0,1.0,1.0,1.0,1.0
cedd51c8dbcae05f32618e16,1.0,1.0,1.0,1.0,1.0
cf0fb2e6e8aca6a50d417e74,1.0,1.0,1.0,1.0,1.0
cf5d6ac68562456ac7cd7205,0.0,0.0,0.0,0.0,0.0
cff182a30494f314bcffbaca,1.0,1.0,1.0,1.0,1.0
d0f9855f291de64971de90fc,1.0,1.0,1.0,1.0,1.0
d1b0c62749fc0a4bbb8d7806,1.0,1.0,1.0,1.0,1.0
d2f4be41b7eacd0717deb7a5,1.0,1.0,1.0,1.0,1.0
d3020a9cf1ebaa0092acd7ae,1.0,1.0,1.0,1.0,1.0
d383c107da51e0f37f353eaa,1.0,1.0,1.0,1.0,1.0
d387a2e2936c34a839d956f1,1.0,1.0,1.0,1.0,1.0
d3abe8f012a896a187ec9882,1.0,1.0,1.0,1.0,1.0
d3bb6a81a3e92a0b81a8456e,1.0,1.0,1.0,1.0,1.0
d3d4a5c5e05c4ecf03d2fac4,1.0,1.0,1.0,1.0,1.0
d3dc24a93bfe146647bb5b9e,1.0,1.0,1.0,1.0,1.0
d406d9108d605591d914a897,1.0,1.0,1.0,1.0,1.0
d49a2f0f62c1ca99642061b8,0.0,0.0,0.0,0.0,0.0
d4cf9813d7bbcad4ced3b7bd,1.0,1.0,1.0,1.0,1.0
d4d455c731c75866efd8806f,1.0,1.0,1.0,1.0,1.0
d4e991615e27adedc00238f8,1.0,1.0,1.0,1.0,1.0
d5aed5975ebe46386d602ece,1.0,1.0,1.0,1.0,1.0
d5d395bbf3cc67b4736ecab0,1.0,1.0,1.0,1.0,1.0
d5ee4116dd88e28663893033,1.0,1.0,1.0,1.0,1.0
d6301ac2b846fa1956c6bc68,1.0,1.0,1.0,1.0,1.0
d703c660ee9cd99e851a14ee,1.0,1.0,1.0,1.0,1.0
d7bf46985f29bfd910dfec59,1.0,1.0,1.0,1.0,1.0
d7cd4a01c5ea9068a4234f7c,1.0,1.0,1.0,1.0,1.0
d85039015297b516a121c995,1.0,1.0,1.0,1.0,1.0
d863b77ba788563f71879615,1.0,1.0,1.0,1.0,1.0
d98cd485998a04e20d495f7b,1.0,1.0,1.0,1.0,1.0
d9ad62035649aadcacebb5bb,1.0,1.0,1.0,1.0,1.0
dac291a7f5af17bd010436ca,1.0,1.0,1.0,1.0,1.0
dac3ce6dcc6ab4a2b376508c,1.0,1.0,1.0,1.0,1.0
db3e3a7396e1d8db2f3977fc,1.0,1.0,1.0,1.0,1.0
dbb1fc84ac5061953e0a0cbc,1.0,1.0,1.0,1.0,1.0
dc02e3a787d3e8d8258010c8,1.0,1.0,1.0,1.0,1.0
dc8fd19634fc54421bd0f112,1.0,1.0,1.0,1.0,1.0
dd26f012f8d3079565620736,1.0,1.0,1.0,1.0,1.0
ddb664d2edcaa3bb9e2e019a,1.0,1.0,1.0,1.0,1.0
ddd93bd67b092b318ab1c15f,1.0,1.0,1.0,1.0,1.0
df84311bef1e0718e0e3ab2d,1.0,1.0,1.0,1.0,1.0
dfa99ec1020019d0c4a11a89,1.0,1.0,1.0,1.0,1.0
dfe9b838f5e14ff0e7a78543,1.0,1.0,1.0,1.0,1.0
e06eafcf332955f002d8e281,1.0,1.0,1.0,1.0,1.0
e18b88336b58be1fb426aa38,1.0,1.0,1.0,1.0,1.0
e2df8fae7971556a33cdf090,1.0,1.0,1.0,1.0,1.0
e3159eafb8788f913799b8af,1.0,1.0,1.0,1.0,1.0
e3b41c1ec9ccfb2f4127edfd,1.0,1.0,1.0,1.0,1.0
e3c6ddfd027b26d5257d11e1,1.0,1.0,1.0,1.0,1.0
e49bf4f131c15531e18bc6fb,1.0,1.0,1.0,1.0,1.0
e4c1fcea13cd2b09c2aba4e9,1.0,1.0,1.0,1.0,1.0
e58ecf23860e6463d63536bc,1.0,1.0,1.0,1.0,1.0
e5c07dde6a6f335150694887,0.0,0.0,0.0,0.0,0.0
e6118e0cb88436984c54d6b8,1.0,1.0,1.0,1.0,1.0
e619bdecacab22c1baa6324d,1.0,1.0,1.0,1.0,1.0
e6a1ebe5dbf2ca5df0844e6e,1.0,1.0,1.0,1.0,1.0
e6baea90fb96c96bf59447a7,1.0,1.0,1.0,1.0,1.0
e7033ddfaaf232a1b1f1b912,1.0,1.0,1.0,1.0,1.0
e75d8d83121381115f49b88d,1.0,1.0,1.0,1.0,1.0
e78b7a9b37c2e4b891aff2a5,1.0,1.0,1.0,1.0,1.0
e79507500a3501bae3a4b21a,1.0,1.0,1.0,1.0,1.0
e7b1307462c6053b5cee33e0,1.0,1.0,1.0,1.0,1.0
e7cca20e8311d385b9374902,1.0,1.0,1.0,1.0,1.0
e85cf12a59937b00222ebd99,1.0,1.0,1.0,1.0,1.0
e8b1cbb48bfd2aaa5c7b9e4a,1.0,1.0,1.0,1.0,1.0
e9092d5641ed4d7099fb324b,1.0,1.0,1.0,1.0,1.0
e9a2e656efa7c73830cf30be,1.0,1.0,1.0,1.0,1.0
e9f1435a49a8170a7798b686,1.0,1.0,1.0,1.0,1.0
e9f80d71d45f38b979e45001,1.0,1.0,1.0,1.0,1.0
ea78c383d7c05042ad5b1259,1.0,1.0,1.0,1.0,1.0
eab38f11ae61c773131c0cc2,1.0,1.0,1.0,1.0,1.0
ead828fe98f2beebd865a9b8,1.0,1.0,1.0,1.0,1.0
eb0c238b6fbced82bcd6f882,0.0,0.0,0.0,0.0,0.0
eb10069257b9b1d827a59ccc,1.0,1.0,1.0,1.0,1.0
ebd32c715d27403d14945992,1.0,1.0,1.0,1.0,1.0
ebe0e014f067a6ff03a016ea,1.0,1.0,1.0,1.0,1.0
ec2b298e79fd568fa20a5d74,1.0,1.0,1.0,1.0,1.0
ecee1c36b5a0fe756f11c079,1.0,1.0,1.0,1.0,1.0
ecfba7b52e72e6d15120e755,1.0,1.0,1.0,1.0,1.0
edceb6b5e60cace01545db08,1.0,1.0,1.0,1.0,1.0
ee5f322fa97b8a1f19d6ad7b,1.0,1.0,1.0,1.0,1.0
eff5bd417a1476ce2d146a06,1.0,1.0,1.0,1.0,1.0
f0977ff2473534f2b35b7115,1.0,1.0,1.0,1.0,1.0
f09ad418b5fa2c49f7c03798,1.0,1.0,1.0,1.0,1.0
f1be6f85ec7264d02ab36f4d,1.0,1.0,1.0,1.0,1.0
f1f37f99ca6897f2f42db44d,1.0,1.0,1.0,1.0,1.0
f2e1547df1b5cbaab7db4ad1,1.0,1.0,1.0,1.0,1.0
f392ad13d680282948d59f80,1.0,1.0,1.0,1.0,1.0
f3a411c853fa04afb1fb34ab,1.0,1.0,1.0,1.0,1.0
f3c1a4844518cea4c535ef25,1.0,1.0,1.0,1.0,1.0
f3d309831f96c4ba8969b1eb,1.0,1.0,1.0,1.0,1.0
f464a0d187e583fb92dfac3d,0.0,0.0,0.0,0.0,0.0
f50abd8095aaaa741f6069f8,1.0,1.0,1.0,1.0,1.0
f5245512e493de11920c7c48,1.0,1.0,1.0,1.0,1.0
f59bd10781a62a7c814f555f,1.0,1.0,1.0,1.0,1.0
f59e62a241f8381534d57134,1.0,1.0,1.0,1.0,1.0
f5a72f6a42429ae33a2cb6be,1.0,1.0,1.0,1.0,1.0
f5ab10663e17a06c132592a3,1.0,1.0,1.0,1.0,1.0
f5f154fda63a4aac7d8fa697,1.0,1.0,1.0,1.0,1.0
f5f7e3635f66b3169fcc36c7,1.0,1.0,1.0,1.0,1.0
f6f23be40f90d3db6ca14ae5,1.0,1.0,1.0,1.0,1.0
f843f91c79368b834fe6ce43,1.0,1.0,1.0,1.0,1.0
f8cd1ec40960d18ea939cf22,1.0,1.0,1.0,1.0,1.0
f95d5b0418babe5294c0636d,1.0,1.0,1.0,1.0,1.0
f99b639be0adcf095aac80a5,1.0,1.0,1.0,1.0,1.0
fa10ac517e6aaa9b2f9c8dad,1.0,1.0,1.0,1.0,1.0
fa50e97826865518d4f7c24d,1.0,1.0,1.0,1.0,1.0
fa7b7183a06580c20ac93520,1.0,1.0,1.0,1.0,1.0
faa2893eb568216756fb95dc,1.0,1.0,1.0,1.0,1.0
fb39c3c120ec6311c6407132,1.0,1.0,1.0,1.0,1.0
fb6193b1d6d0b391ee350706,1.0,1.0,1.0,1.0,1.0
fb833527e3e085e7ae3cc4eb,1.0,1.0,1.0,1.0,1.0
fb8d7ae00fe70fedd2c6cc81,1.0,1.0,1.0,1.0,1.0
fb9648fba3310e96e7ab82a5,1.0,1.0,1.0,1.0,1.0
fba15482fc60ca699ba2e1aa,1.0,1.0,1.0,1.0,1.0
fc1c27c6447c00a17d8dfc54,1.0,1.0,1.0,1.0,1.0
fc3deae4bba82e7d879ef7c7,1.0,1.0,1.0,1.0,1.0
fc591cd79ab34a1211b75926,1.0,1.0,1.0,1.0,1.0
fd1a904522280ccbadafa257,1.0,1.0,1.0,1.0,1.0
fd41d70ebf7c59b0f6c0899e,1.0,1.0,1.0,1.0,1.0
fe6729ed7e2a238d69765409,1.0,1.0,1.0,1.0,1.0
fe8b3da391331cd7ab9aba77,1.0,1.0,1.0,1.0,1.0
fead1da2b8c91b4bcbeaa4fc,1.0,1.0,1.0,1.0,1.0
feebb7374ea4aa5d55c5851a,1.0,1.0,1.0,1.0,1.0
ff58c4f4273d5d59af3ea6d4,1.0,1.0,1.0,1.0,1.0
0031277eb2b7e24cdf5bc369,1.0,1.0,1.0,1.0,1.0
007e2a7c1350cc80e5953abd,1.0,1.0,1.0,1.0,1.0
00fb4bbd911bbc51a650af07,1.0,1.0,1.0,1.0,1.0
01a8f7eb36a10adb507839a0,1.0,1.0,1.0,1.0,1.0
01ce3eebcd62548adbebcf4b,1.0,1.0,1.0,1.0,1.0
01d8dbdd36426c860cca66e6,1.0,1.0,1.0,1.0,1.0
01f47e6c9805100109409cfc,1.0,1.0,1.0,1.0,1.0
03308d10ce8359cb9c7b8a3e,1.0,1.0,1.0,1.0,1.0
033549c0482c42afc073db36,1.0,1.0,1.0,1.0,1.0
038c303045fd7685aa4f0d1f,1.0,1.0,1.0,1.0,1.0
03da1078d02ae50adde17b6d,1.0,1.0,1.0,1.0,1.0
046e9cb9a06fe3d873592bd2,1.0,1.0,1.0,1.0,1.0
047687aa12de4ca9d249f32b,1.0,1.0,1.0,1.0,1.0
050dee446310e76e84c72b22,1.0,1.0,1.0,1.0,1.0
053ca49e57062b9fb10a151e,1.0,1.0,1.0,1.0,1.0
0608089af5b82dd46f4180df,1.0,1.0,1.0,1.0,1.0
07654cd7da64422caa4ba9c1,1.0,1.0,1.0,1.0,1.0
07fbc4b4c8f809aa66967a80,0.0,0.0,0.0,0.0,0.0
08340e14593d6b9e601a42bb,1.0,1.0,1.0,1.0,1.0
0840144747f289d016422696,1.0,1.0,1.0,1.0,1.0
0878173b5482f00d22e1e1e0,0.0,0.0,0.0,0.0,0.0
08d0cb0dde3f229eb4657f00,1.0,1.0,1.0,1.0,1.0
08daf3a0b3e2413be5c65286,1.0,1.0,1.0,1.0,1.0
08fc317316f06ff9e1b984ce,1.0,1.0,1.0,1.0,1.0
0992e89333c38dce7fc90622,1.0,1.0,1.0,1.0,1.0
09c66d04b07e8e3bff2b3188,1.0,1.0,1.0,1.0,1.0
0a2e6fe090dd071da25e379e,1.0,1.0,1.0,1.0,1.0
0aa14e699035fe521537148f,1.0,1.0,1.0,1.0,1.0
0b7d9e6417debfa68759c380,1.0,1.0,1.0,1.0,1.0
0c19dd0efc341cc6a8f91445,1.0,1.0,1.0,1.0,1.0
0cf4a53115e8e79d28127b77,1.0,1.0,1.0,1.0,1.0
0d327ad78317ec393c99a948,1.0,1.0,1.0,1.0,1.0
0d8555b56a47de110132b322,1.0,1.0,1.0,1.0,1.0
0dae01ab27182f194951f790,1.0,1.0,1.0,1.0,1.0
0e677dda6a2c51db61194eda,1.0,1.0,1.0,1.0,1.0
0e9a7c7156447e40391a6a26,1.0,1.0,1.0,1.0,1.0
0ea7732a438b8800d35f33ce,1.0,1.0,1.0,1.0,1.0
0fb1f51cfdcc97140f25fedb,1.0,1.0,1.0,1.0,1.0
0fb5931800a61d8f21b3c12a,1.0,1.0,1.0,1.0,1.0
10614be754727a0751028d00,1.0,1.0,1.0,1.0,1.0
111ba2437f62de53b8ca0b6c,0.0,0.0,0.0,0.0,1.0
1126bdb4965876c8dbe8df99,1.0,1.0,1.0,1.0,1.0
119e8e5a524faa68bfb8e1dd,1.0,1.0,1.0,1.0,1.0
11e4831c9dfa5e0b33f2e410,1.0,1.0,1.0,1.0,1.0
12b97ad16c8b0c75d6440735,1.0,1.0,1.0,1.0,1.0
1381384298f6dfb349e8b60d,1.0,1.0,1.0,1.0,1.0
153e5110bf8e754769bc1ad3,1.0,1.0,1.0,1.0,1.0
15ad116956e19ea722cb5bb5,1.0,1.0,1.0,1.0,1.0
163f454f7f2a30104ca7cfca,1.0,1.0,1.0,1.0,1.0
16572144172a16d1daea1301,1.0,1.0,1.0,1.0,1.0
166cfe641ccb69122a186022,1.0,1.0,1.0,1.0,1.0
16fc9886a058bb5724951fe3,1.0,1.0,1.0,1.0,1.0
17edcf965bcc55ce2d928f16,1.0,1.0,1.0,1.0,1.0
18207f4a05abedbc6bce8369,1.0,1.0,1.0,1.0,1.0
18d04e36ccef6c191f685749,0.0,0.0,0.0,0.0,0.0
192e90a7c4d812cc4a70183d,1.0,1.0,1.0,1.0,1.0
196344af794c3a46143f9a8e,1.0,1.0,1.0,1.0,1.0
19b954aa8a7f0f203fb82cd3,1.0,1.0,1.0,1.0,1.0
1a0e2eb771da5bee98083e29,1.0,1.0,1.0,1.0,1.0
1a623b477b171a26f4977086,1.0,1.0,1.0,1.0,1.0
1a7ada21a598dc7a8b496ee3,1.0,1.0,1.0,1.0,1.0
1b3a40e79de26644e877c4d7,1.0,1.0,1.0,1.0,1.0
1b46e5a40ab4ccc508f67c89,1.0,1.0,1.0,1.0,1.0
1b7092fc1c50a8caf01f67c7,1.0,1.0,1.0,1.0,1.0
1b772eff974cbf08e33b9f7f,0.0,0.0,0.0,0.0,0.0
1b7df87e82cda8ed236ff14b,1.0,1.0,1.0,1.0,1.0
1ca3dca6c5afbe9739819d93,1.0,1.0,1.0,1.0,1.0
1d89e8968f03e5b15458b7cd,1.0,1.0,1.0,1.0,1.0
1de8fffbabb3c847b4619def,1.0,1.0,1.0,1.0,1.0
1e17e85406c69f64778ea42d,1.0,1.0,1.0,1.0,1.0
1f4fb8e80d55fc191e7e0bdb,1.0,1.0,1.0,1.0,1.0
1f92d125369d24fb990a6523,1.0,1.0,1.0,1.0,1.0
1fe2d8716ebd77cdd67e8298,1.0,1.0,1.0,1.0,1.0
204e9c4d8a995f8159c2080f,1.0,1.0,1.0,1.0,1.0
208cf3bf92710c1d7bcaa73a,1.0,1.0,1.0,1.0,1.0
21c93c59e3afd8bf4c2ee192,1.0,1.0,1.0,1.0,1.0
21eb21fc7c299ccb62dbedc9,1.0,1.0,1.0,1.0,1.0
2250aad8906662225d24177b,0.0,0.0,0.0,0.0,0.0
2256c2d6f8df30558c65a65b,1.0,1.0,1.0,1.0,1.0
22f56b4704c39e7b4f31cf8a,1.0,1.0,1.0,1.0,1.0
236f70eadb1446ee210c48d2,1.0,1.0,1.0,1.0,1.0
24bc5ffae0438226aeaa4553,1.0,1.0,1.0,1.0,1.0
252b810b078dc0036e91d548,1.0,1.0,1.0,1.0,1.0
25814d2f2898f3fe27855df5,1.0,1.0,1.0,1.0,1.0
25b1cf80dfabaac83d21754e,1.0,1.0,1.0,1.0,1.0
25f76b5d0eb7c482c6f19962,1.0,1.0,1.0,1.0,1.0
2661deb93eebbf87be654086,1.0,1.0,1.0,1.0,1.0
2682ec5c3017294e58ad3506,1.0,1.0,1.0,1.0,1.0
275631698d10dc3def270562,1.0,1.0,1.0,1.0,1.0
27ea5ad3f8f3110be91585f4,1.0,1.0,1.0,1.0,1.0
2851084d5d3a428132d1adca,1.0,1.0,1.0,1.0,1.0
28ac2fb93b6dfcb2f0623e17,1.0,1.0,1.0,1.0,1.0
28fdf8be8b1ba717a8e5c808,1.0,1.0,1.0,1.0,1.0
29b3b749ce3ceeb20c871668,1.0,1.0,1.0,1.0,1.0
29b58513f39b463c0299d63b,1.0,1.0,1.0,1.0,1.0
2ae2b69a79b724f81197dae4,1.0,1.0,1.0,1.0,1.0
2b3cf7e2932e2f3eeb5683ed,1.0,1.0,1.0,1.0,1.0
2b7c6ee08572e2e42612cf25,1.0,1.0,1.0,1.0,1.0
2b956c364302a5bbc019322a,1.0,1.0,1.0,1.0,1.0
2baff7bc08ceb739d0ddd319,1.0,1.0,1.0,1.0,1.0
2c07e4e4cc4d95295e55b501,1.0,1.0,1.0,1.0,1.0
2f0a44990bed79b6fa6fbdba,1.0,1.0,1.0,1.0,1.0
2f13427ece4c8452574eef8c,1.0,1.0,1.0,1.0,1.0
2f5b5cd6f6756b96e66cbf9f,1.0,1.0,1.0,1.0,1.0
301adad875c1622fb6630b29,1.0,1.0,1.0,1.0,1.0
314515771f749666f0c596d6,1.0,1.0,1.0,1.0,1.0
3238d77c607c3a1f92908929,1.0,1.0,1.0,1.0,1.0
323d960b25563d5ed896dc97,1.0,1.0,1.0,1.0,1.0
3292f4e71bc9ed4ea7ee305b,1.0,1.0,1.0,1.0,1.0
32b8c16ce570ae2d8dd6062a,1.0,1.0,1.0,1.0,1.0
32e40d3e4df4a2ef16c54f18,1.0,1.0,1.0,1.0,1.0
340205e8d49b0e6a2e726ee2,1.0,1.0,1.0,1.0,1.0
34066d11adef7a656a16cacb,1.0,1.0,1.0,1.0,1.0
34298390353e0dec83eb775f,1.0,1.0,1.0,1.0,1.0
353f7d9b267b8c9b1333f44c,1.0,1.0,1.0,1.0,1.0
3542fa5b203897d8eefa5208,0.0,0.0,0.0,0.0,0.0
354c685ccf949577758b69a1,1.0,1.0,1.0,1.0,1.0
35e549ccc0c0d893f7e0d6c4,1.0,1.0,1.0,1.0,1.0
35e5fb6e90d37e3f28fcb80e,1.0,1.0,1.0,1.0,1.0
36401657f731a34db8f1f5b6,1.0,1.0,1.0,1.0,1.0
3646f548fb036eae7b02197b,1.0,1.0,1.0,1.0,1.0
37003b39d43794252b3a789c,1.0,1.0,1.0,1.0,1.0
37096c91b4545b3ed3ed2888,1.0,1.0,1.0,1.0,1.0
372b97e2c893a728ba2e63ca,1.0,1.0,1.0,1.0,1.0
378222415a6d15b5d3a99272,1.0,1.0,1.0,1.0,1.0
378b2fc4b286b79042835cea,1.0,1.0,1.0,1.0,1.0
37e1f3f9ae2784ff3b2de25e,1.0,1.0,1.0,1.0,1.0
3876a235e314d298ba17fc09,1.0,1.0,1.0,1.0,1.0
38d40808904ed019a44f53cd,1.0,1.0,1.0,1.0,1.0
390c49136878a3e28b2cd6b6,1.0,1.0,1.0,1.0,1.0
39da8922090dd847ab07ebab,1.0,1.0,1.0,1.0,1.0
3a5efc985d357dfca9a6199e,1.0,1.0,1.0,1.0,1.0
3acfa3ff7900fdae08228c60,1.0,1.0,1.0,1.0,1.0
3b313d152dba652de9e5ce5e,1.0,1.0,1.0,1.0,1.0
3b44875add1dba2df9f6bccf,1.0,1.0,1.0,1.0,1.0
3c16dae5849ce732330bdf7d,1.0,1.0,1.0,1.0,1.0
3dc8e4343ed29f97ab8a0e9a,1.0,1.0,1.0,1.0,1.0
3f22b72be262acd67ea41e7a,1.0,1.0,1.0,1.0,1.0
3f5ef997427bc89f75baa6dc,1.0,1.0,1.0,1.0,1.0
3f87f383e226d2c2eb8a7661,1.0,1.0,1.0,1.0,1.0
40736289b6f2dc43a2eb138f,1.0,1.0,1.0,1.0,1.0
40787c9f4c60e52fe0f7742a,1.0,1.0,1.0,1.0,1.0
40be65aca1f69c83d8252364,1.0,1.0,1.0,1.0,1.0
41fa41270e8a61399f44a27e,1.0,1.0,1.0,1.0,1.0
420d6ffef51aa5a733d6ce5a,1.0,1.0,1.0,1.0,1.0
4214561933330d2bce4e5a70,1.0,1.0,1.0,1.0,1.0
4257c4c305356302f71d6c3a,1.0,1.0,1.0,1.0,1.0
428e1e6e21620d15d16d317e,1.0,1.0,1.0,1.0,1.0
435f17b801b5e9fee888c36f,1.0,1.0,1.0,1.0,1.0
439cb3afeecb95964c01378e,1.0,1.0,1.0,1.0,1.0
43cd5ae2ee47fb6dd5bc6e35,1.0,1.0,1.0,1.0,1.0
442c3650ff3082178e62cc78,1.0,1.0,1.0,1.0,1.0
452adee9b2bad06849601cff,1.0,1.0,1.0,1.0,1.0
4537135d415fb5d3229a8fa6,1.0,1.0,1.0,1.0,1.0
45c668e69ad42efc505cad2d,1.0,1.0,1.0,1.0,1.0
45d21a7bddfefee75fc78bd4,1.0,1.0,1.0,1.0,1.0
45dbfc3d1bd4dd7ef630fb71,1.0,1.0,1.0,1.0,1.0
46c1fe6c82fd8c15f5fadba3,1.0,1.0,1.0,1.0,1.0
47d9cccbd3e3cf82270ac6b4,1.0,1.0,1.0,1.0,1.0
4810a8fe0b27743af5fe8d33,1.0,1.0,1.0,1.0,1.0
488cd2a61fd0a3eaa3f48f20,1.0,1.0,1.0,1.0,1.0
48a1364dd08c79286401a11d,1.0,1.0,1.0,1.0,1.0
48cc4e571032a67c6579c5c2,1.0,1.0,1.0,1.0,1.0
48e46af9e98879037b2e1197,1.0,1.0,1.0,1.0,1.0
49dc105e806f0c7d16d3edd5,1.0,1.0,1.0,1.0,1.0
4a5d75b6828d425f8c028ec2,1.0,1.0,1.0,1.0,1.0
4ab3d6b8e1e10981dd959374,1.0,1.0,1.0,1.0,1.0
4abd0e9367008a120057d4f7,1.0,1.0,1.0,1.0,1.0
4afae65352550cfadfad6f4c,1.0,1.0,1.0,1.0,1.0
4cc0b9d9f553825f510c16e7,1.0,1.0,1.0,1.0,1.0
4d1770d7a2487b010f6673c8,1.0,1.0,1.0,1.0,1.0
4d8fb790e67d211d95670898,1.0,1.0,1.0,1.0,1.0
4d9eb2d0705f48efcc829591,1.0,1.0,1.0,1.0,1.0
4e44a959fbff8e6ea2fbf10b,1.0,1.0,1.0,1.0,1.0
4ec2b05293a171552282b62d,1.0,1.0,1.0,1.0,1.0
4f1bee9b9d63c5eff8d23da6,0.0,0.0,0.0,0.0,0.0
4f4cc87c5c118e6e8ebab2ee,0.0,0.0,0.0,0.0,0.0
4f8a33bce5bd04016df0f119,1.0,1.0,1.0,1.0,1.0
4fdf448ddff1e56a662d25bc,1.0,1.0,1.0,1.0,1.0
504d131fc4cc771a124a914a,1.0,1.0,1.0,1.0,1.0
5056ba30cee54054d63fff5c,1.0,1.0,1.0,1.0,1.0
507b1b46548515fb318540a4,1.0,1.0,1.0,1.0,1.0
50b6c21268c2095abe7f7765,1.0,1.0,1.0,1.0,1.0
512f26f0353967dd016d3e4e,1.0,1.0,1.0,1.0,1.0
51336034d942b8da81a103e1,1.0,1.0,1.0,1.0,1.0
51ffea88e67ee4d605d18019,1.0,1.0,1.0,1.0,1.0
52cebcd5faf0b41266f23f81,1.0,1.0,1.0,1.0,1.0
5395a6fa348093695e8e6500,1.0,1.0,1.0,1.0,1.0
5448140e1f355dca8087c242,1.0,1.0,1.0,1.0,1.0
5507aee9ebee257eca2b3930,1.0,1.0,1.0,1.0,1.0
5840bcc763f3d831f59e524e,1.0,1.0,1.0,1.0,1.0
589c6a0cfe2d3188d421d3d1,1.0,1.0,1.0,1.0,1.0
59562d0890903aa78e07d27e,1.0,1.0,1.0,1.0,1.0
597ac35e4d38b88377078d64,1.0,1.0,1.0,1.0,1.0
5b004b8aa7dced20df0651b9,1.0,1.0,1.0,1.0,1.0
5b7d45a2a1697d9f95ba0a10,1.0,1.0,1.0,1.0,1.0
5d368a0cdd43de96ca65b527,1.0,1.0,1.0,1.0,1.0
5d92af324dbc4b00e539b8da,1.0,1.0,1.0,1.0,1.0
5da52808656800f6c577acbe,1.0,1.0,1.0,1.0,1.0
5daf5cf8d294d4cf8fbf4762,1.0,1.0,1.0,1.0,1.0
5de1c48b771669062d02cf21,1.0,1.0,1.0,1.0,1.0
5e7054cd17f55a468bb4926c,1.0,1.0,1.0,1.0,1.0
5ffe989266c59ee0ad93e13a,1.0,1.0,1.0,1.0,1.0
60dba8392c41a0800e3e4be3,1.0,1.0,1.0,1.0,1.0
6123bf0e587c498bf3701ff9,1.0,1.0,1.0,1.0,1.0
61d0fe01e52f6992e4bc99f7,1.0,1.0,1.0,1.0,1.0
6220819008c4b9dfc33cb34d,1.0,1.0,1.0,1.0,1.0
6293390d2ded600b469e6532,1.0,1.0,1.0,1.0,1.0
63134a7453a9b3ed202abe11,1.0,1.0,1.0,1.0,1.0
63d4532a2830296bfaa01475,1.0,1.0,1.0,1.0,1.0
6419829c1ad058597462cb2c,1.0,1.0,1.0,1.0,1.0
6432dc96446fd397987dbf7e,1.0,1.0,1.0,1.0,1.0
64ef4deb1903bcba1d25deed,1.0,1.0,1.0,1.0,1.0
6521a5b20c0ee42cd665125f,1.0,1.0,1.0,1.0,1.0
65604959086c01407c36976e,1.0,1.0,1.0,1.0,1.0
659c2c6eede108c70e7e779d,1.0,1.0,1.0,1.0,1.0
65f4f862d5f2e8ab1b061951,1.0,1.0,1.0,1.0,1.0
667ab39c4978385df322797c,1.0,1.0,1.0,1.0,1.0
668d9c8bb347b70a521d04f6,0.0,0.0,0.0,1.0,0.0
66a6596b7a1c16c700874136,1.0,1.0,1.0,1.0,1.0
66b18dc8cfe6632d5c8e6c21,1.0,1.0,1.0,1.0,1.0
66fd35f4bd05f9a46993667c,1.0,1.0,1.0,1.0,1.0
6758d6f7394ccf8173e3b7bb,1.0,1.0,1.0,1.0,1.0
681482b90f2427ffb0f61c06,1.0,1.0,1.0,1.0,1.0
68220541e8ca0fd12d25ba28,1.0,1.0,1.0,1.0,1.0
6878e219ab9549962fdcd6d7,1.0,1.0,1.0,1.0,1.0
6888961316d8cf1ed97e615a,1.0,1.0,1.0,1.0,1.0
68899fc07682a6257739d7e5,1.0,1.0,1.0,1.0,1.0
692e4d469c1bd3003e728b16,1.0,1.0,1.0,1.0,1.0
6a8fe2518253a85c51e64dcf,1.0,1.0,1.0,1.0,1.0
6b0ed75d74f6ca8fa9783d8d,1.0,1.0,1.0,1.0,1.0
6b846a72925e7838dd8bee11,1.0,1.0,1.0,1.0,1.0
6b95fb0e1c8e87dc8de81733,1.0,1.0,1.0,1.0,1.0
6bbd408588661801bb3cfcad,1.0,1.0,1.0,1.0,1.0
6bcb380f9a14882c1ee9721f,1.0,1.0,1.0,1.0,0.0
6d1337234c0e7aabd9c9b679,1.0,1.0,1.0,1.0,1.0
6d3d6ba42059acd77fddde2a,1.0,1.0,1.0,1.0,1.0
6daca5d85535968c24cdad96,1.0,1.0,1.0,1.0,1.0
6db167d65a1bcb7220373e08,1.0,1.0,1.0,1.0,1.0
6de661c154b1b6cd9c5d7749,1.0,1.0,1.0,1.0,1.0
6e810b5dd3075cff439da6cf,1.0,1.0,1.0,1.0,1.0
6ec2bf72d36d8963ecef67a7,1.0,1.0,1.0,1.0,1.0
6edb665cf9438b5cdd4514dd,1.0,1.0,1.0,1.0,1.0
6f295518438f288e2f23733a,1.0,1.0,1.0,1.0,1.0
6f82c3894c62310561e9be5f,1.0,1.0,1.0,1.0,1.0
6fb9750500b076ce57ae9741,1.0,1.0,1.0,1.0,1.0
6fdf356b7c1685d7908de642,1.0,1.0,1.0,1.0,1.0
70296251b8cb9812f8c1e8f5,1.0,1.0,1.0,1.0,1.0
7045c1a39bd28212e3815ff9,0.0,0.0,0.0,0.0,0.0
707f0677be75b820e194272a,1.0,1.0,1.0,1.0,1.0
708f5c9eb3724358158d21ea,1.0,1.0,1.0,1.0,1.0
70b0b36d24611ceb12e565f3,0.0,0.0,0.0,0.0,0.0
70fdadfb85187e928f14f7c6,1.0,1.0,1.0,1.0,1.0
71fdbc3b6cfb66d0e2e1d6c1,1.0,1.0,1.0,1.0,1.0
7223011a36a8206487bbe265,1.0,1.0,1.0,1.0,1.0
7249e6bf9c570ed84eb64238,1.0,1.0,1.0,1.0,1.0
728ff48bb1768c9cb54c42bf,1.0,1.0,1.0,1.0,1.0
73c188804a68fe41ffc26a06,1.0,1.0,1.0,1.0,1.0
73cc47a6ed89585f39021f9d,1.0,1.0,1.0,1.0,1.0
73d134c121ebdf261658bdd8,1.0,1.0,1.0,1.0,1.0
7435d2b65cb0eb0467e95ef2,1.0,1.0,1.0,1.0,1.0
74a3639ca0a4330f2454f9dd,1.0,1.0,1.0,1.0,1.0
74b28eb1f5264e5b3b9445e4,1.0,1.0,1.0,1.0,1.0
750d00aca39100d1b9a4367f,1.0,1.0,1.0,1.0,1.0
7596d7279d4844fef3e3e1d6,1.0,1.0,1.0,1.0,1.0
75cd27fd432f8a1de4948fbb,1.0,1.0,1.0,1.0,1.0
75df458bda7eef0b48fc962c,0.0,0.0,0.0,0.0,0.0
762f8394d1defc6ebe058d95,1.0,1.0,1.0,1.0,1.0
7687b728ba6a80d678fdff6e,1.0,1.0,1.0,1.0,1.0
76d4b898c7909231d454ebd8,1.0,1.0,1.0,1.0,1.0
76db371b5c2990a6c20110d6,1.0,1.0,1.0,1.0,1.0
77063dc3e613e4464f7a91e1,1.0,1.0,1.0,1.0,1.0
77bc69554278c09ff5353c31,1.0,1.0,1.0,1.0,1.0
77c23cac78a337d183672864,1.0,1.0,1.0,1.0,1.0
798698804ac19fdae73b54c6,1.0,1.0,1.0,1.0,1.0
79ca5de4a3cd7874f6a6b097,1.0,1.0,1.0,1.0,1.0
7a125cd14778785e36fa3836,1.0,1.0,1.0,1.0,1.0
7a27b93f6c4f1127395104e1,1.0,1.0,1.0,1.0,1.0
7a3d2ad0875f4dbf035c1fc6,1.0,1.0,1.0,1.0,1.0
7a7a573d82c260b1c5118dae,1.0,1.0,1.0,1.0,1.0
7c124502d90fdb3164d8d594,1.0,1.0,1.0,1.0,1.0
7c247fa45c43e1102771aa77,0.0,0.0,0.0,0.0,0.0
7cd32839a05448e6f8341b91,1.0,1.0,1.0,1.0,1.0
7d9c5b29600e43ce60bcc3d1,1.0,1.0,1.0,1.0,1.0
7da80875a3b9a579d11d47fc,1.0,1.0,1.0,1.0,1.0
7e6dc173071ac61bf051397e,1.0,1.0,1.0,1.0,1.0
7e7004937e5b421459aa33c9,1.0,1.0,1.0,1.0,1.0
7ecd2361ff923e5a4716cead,1.0,1.0,1.0,1.0,1.0
7f6e2e9771987b43dd08f3f8,1.0,1.0,1.0,1.0,1.0
7f7f971c61fbd20802718b0f,1.0,1.0,1.0,1.0,1.0
7fbd8a937689ebe86d84d144,1.0,1.0,1.0,1.0,1.0
7fef379c55938b574fc1cb0b,1.0,1.0,1.0,1.0,1.0
804842742ba5d58603e34c08,1.0,1.0,1.0,1.0,1.0
80eb034997e4e04f296bc09d,1.0,1.0,1.0,1.0,1.0
80f6690e6c74641275740aa5,1.0,1.0,1.0,1.0,1.0
8163596fff988afc2ce74bea,1.0,1.0,1.0,1.0,1.0
81c2d40647100362bad53098,1.0,1.0,1.0,1.0,1.0
81e441a6dd59939aa4d5b43d,1.0,1.0,1.0,1.0,1.0
8237cefba9565e531fd6da58,1.0,1.0,1.0,1.0,1.0
8250b98144bbb0ffbab361b1,1.0,1.0,1.0,1.0,1.0
82b12f0d5fee36c69b5d3a98,1.0,1.0,1.0,1.0,1.0
833e9f3f59142596ded99b62,1.0,1.0,1.0,1.0,1.0
83878034cbc3019c4bffe163,1.0,1.0,1.0,1.0,1.0
83941acfe8ef5cad06bc132c,1.0,1.0,1.0,1.0,1.0
83a076b490c0c8d9eab5e186,1.0,1.0,1.0,1.0,1.0
83f3ac4c15580e4d4000fb17,1.0,1.0,1.0,1.0,1.0
845e622d721cb3b25ccd1c8e,1.0,1.0,1.0,1.0,1.0
84d8d3c98ddb54b4ac469362,1.0,1.0,1.0,1.0,1.0
8556a36d4cb185c7741cc607,1.0,1.0,1.0,1.0,1.0
8589a502ed1f2e3d9dfc62f4,1.0,1.0,1.0,1.0,1.0
8639401671faa8a0beb5258b,1.0,1.0,1.0,1.0,1.0
866b8fd61ca7018a79fb9e40,1.0,1.0,1.0,1.0,1.0
86d599a84b0f74f1eec1ab3c,1.0,1.0,1.0,1.0,1.0
87b7a8ce7706040314e9dab0,1.0,1.0,1.0,1.0,1.0
87eb125bb725fdca8a81a7bd,1.0,1.0,1.0,1.0,1.0
888d899b0fe3ec43d0da5d09,1.0,1.0,1.0,1.0,1.0
89d0db28711573ae47be8e5f,1.0,1.0,1.0,1.0,1.0
8a4a9c7e166463190402229c,1.0,1.0,1.0,1.0,1.0
8a6be56ec329cac155184a68,1.0,1.0,1.0,1.0,1.0
8aad0cb4eab96f1d77286a23,0.0,0.0,0.0,1.0,1.0
8ad18d1ceb4a53404855276a,1.0,1.0,1.0,1.0,1.0
8b1c2d5f072fba210edc9f5e,1.0,1.0,1.0,1.0,1.0
8b93824b559f86d956108c5f,1.0,1.0,1.0,1.0,1.0
8c180be8c4868d025657e18e,1.0,1.0,1.0,1.0,1.0
8c19849cff6e08e20f73ad22,1.0,1.0,1.0,1.0,1.0
8c9d3a892720605975416786,1.0,1.0,1.0,1.0,1.0
8caa87bd62a53f4c9f4dee8a,0.0,0.0,0.0,0.0,0.0
8d81d9daafe58b495c3cac29,1.0,1.0,1.0,1.0,1.0
8de22697e9e3873770cb0b0f,1.0,1.0,1.0,1.0,1.0
8dffba95cef947043b8a26da,1.0,1.0,1.0,1.0,1.0
8e1d1b26224c4c4f59747a48,1.0,1.0,1.0,1.0,1.0
8e579f4e252e56e3974c8ea2,1.0,1.0,1.0,1.0,1.0
8e6ee7bdbce4ba1bc134b6f1,1.0,1.0,1.0,1.0,1.0
8ebadc2ed0c6212bf256edb3,1.0,1.0,1.0,1.0,1.0
8ede7bd49d6ad0fbb085885f,1.0,1.0,1.0,1.0,1.0
91951f1ad14e5301b834d0d8,1.0,1.0,1.0,1.0,1.0
92193465dbbdb7ce3f7c018c,1.0,1.0,1.0,1.0,1.0
922454c130dce555859d27cb,1.0,1.0,1.0,1.0,1.0
9234c1a9010d1b3d84ac23a4,1.0,1.0,1.0,1.0,1.0
926ef443931274e990ca8637,1.0,1.0,1.0,1.0,1.0
927c438474abf9b812c4da5a,1.0,1.0,1.0,1.0,1.0
936754854118ecccda4eed31,1.0,1.0,1.0,1.0,1.0
93ce1c30dcecc77d5e12cc61,1.0,1.0,1.0,1.0,1.0
944a4d95f2d06bb2e9ed38d8,1.0,1.0,1.0,1.0,1.0
955b263b7fb8a49a0bdd9689,1.0,1.0,1.0,1.0,1.0
95e4a2ea90b0b9281319d7cf,1.0,1.0,1.0,1.0,1.0
960e62dd43afb950e653f5b0,1.0,1.0,1.0,1.0,1.0
972562a617858bffbc4f336f,1.0,1.0,1.0,1.0,1.0
976bb3fbc8f928929e819f1d,1.0,1.0,1.0,1.0,1.0
97a80173d5ef433b40071527,1.0,1.0,1.0,1.0,1.0
97c1797fff29d024c1c78c5c,1.0,1.0,1.0,1.0,1.0
9914f25c0fff5d73dfd9680d,1.0,1.0,1.0,1.0,1.0
9a73cfbf9389cc9770d9895e,1.0,1.0,1.0,1.0,1.0
9b2f00949e7c726d293752c2,1.0,1.0,1.0,1.0,1.0
9b34abfe7afd2d30b0158360,1.0,1.0,1.0,1.0,1.0
9b78dbba17dc36d523dcb01c,1.0,1.0,1.0,1.0,1.0
9b95eac9ee0bbe7ad35a77d0,1.0,1.0,1.0,1.0,1.0
9c7a0ad5a26c4110a3fae1cf,1.0,1.0,1.0,1.0,1.0
9d1c37b3e1d14a6469d4bb6a,1.0,1.0,1.0,1.0,1.0
9d506a383dcbb2606637f598,1.0,1.0,1.0,1.0,1.0
9d6b81d907dbde5ddc7b69d6,1.0,1.0,1.0,1.0,1.0
9db4643ea4cff64df08eb8e1,1.0,1.0,1.0,1.0,1.0
9e0d91914adb605645a358ce,1.0,1.0,1.0,1.0,1.0
9e45391ad0f3a1eb144ecbfd,1.0,1.0,1.0,1.0,1.0
9ec9361913e8349eca4aad60,1.0,1.0,1.0,1.0,1.0
9ecd7f41ab045baf9fde3ac0,0.0,0.0,0.0,0.0,0.0
9f02e2ea0452d7fa4401deb0,1.0,1.0,1.0,1.0,1.0
9f4d5e21e79718d694b7a7d3,1.0,1.0,1.0,1.0,1.0
9fb1f6b6eb70b4bf1f96f96e,1.0,1.0,1.0,1.0,1.0
9fc7d1d6d7c10ede4b585dab,1.0,1.0,1.0,1.0,1.0
9fe863d54e43a371974354a5,1.0,1.0,1.0,1.0,1.0
a032bfe36152405dfe4c4c72,1.0,1.0,1.0,1.0,1.0
a15a1c1c1ab0ddb3bcacf6d1,1.0,1.0,1.0,1.0,1.0
a2cb0961ac47b59c48972494,1.0,1.0,1.0,1.0,1.0
a32913eadcf0576a47793492,1.0,1.0,1.0,1.0,1.0
a3b06ac258151f16d0dcc16e,1.0,1.0,1.0,1.0,1.0
a4e4524efdd57a0f1f8b4a55,1.0,1.0,1.0,1.0,1.0
a4f8c780b94603df4642e630,1.0,1.0,1.0,1.0,1.0
a5fc710ba92856af419c3004,1.0,1.0,1.0,1.0,1.0
a64b0aef1694c1d53a33d9ac,1.0,1.0,1.0,1.0,1.0
a6bbb8079c6443370e9f2de0,1.0,1.0,1.0,1.0,1.0
a6cbc195743b57fc237e4154,1.0,1.0,1.0,1.0,1.0
a73b87c4572a6ca332a9d24f,1.0,1.0,1.0,1.0,1.0
a779377b2805aeaffce258cf,1.0,1.0,1.0,1.0,1.0
a77ca4e12f06f3adf2572f7d,1.0,1.0,1.0,1.0,1.0
a7cfece9548bb28975fd0047,1.0,1.0,1.0,1.0,1.0
a8f7d8ab5e089fb107ee5abd,1.0,1.0,1.0,1.0,1.0
a974ba0d572d76e0cf66a664,1.0,1.0,1.0,1.0,1.0
a97584b365380b501a2bc2d4,1.0,1.0,1.0,1.0,1.0
a9944c9bf1f4c8eeb824db31,1.0,1.0,1.0,1.0,1.0
aa58d9905076c3a0982824b4,1.0,1.0,1.0,1.0,1.0
aaa2f703d18ea0c92d74ac16,1.0,1.0,1.0,1.0,1.0
aaf9c6341dc2519f9377fef0,1.0,1.0,1.0,1.0,1.0
ac7f357ffcd2be8d3fd28091,1.0,1.0,1.0,1.0,1.0
ac9c47607b695f8aff00ab4a,1.0,1.0,1.0,1.0,1.0
aca4ab664e1e6d2936c90faf,1.0,1.0,1.0,1.0,1.0
ace5e07783b733bf33293b39,1.0,1.0,1.0,1.0,1.0
ae730681cff69a6912ac98e2,1.0,1.0,1.0,1.0,1.0
ae9f55f2d12d7c9b7b901bcf,1.0,1.0,1.0,1.0,1.0
aead07d44491ca88acb3a961,0.0,0.0,0.0,0.0,0.0
af603e0fed5e262c48761b9c,0.0,0.0,0.0,0.0,0.0
afe77d6e6da2995e3feee56a,1.0,1.0,1.0,1.0,1.0
b05d613010e3d1a4a9ffcb54,1.0,1.0,1.0,1.0,1.0
b05eeaa34ddd5be33ced4cb7,1.0,1.0,1.0,1.0,1.0
b0a2e7ea3596f37913e15840,1.0,1.0,1.0,1.0,1.0
b1226cec4a3854421bcdab4d,1.0,1.0,1.0,1.0,1.0
b1876b1e1691809f1381c81f,1.0,1.0,1.0,1.0,1.0
b1911133c5d724dd5e8c6f92,1.0,1.0,1.0,1.0,1.0
b1baf479b20c3becc2d66211,1.0,1.0,1.0,1.0,1.0
b2e97502be080e714a8df2ff,1.0,1.0,1.0,1.0,1.0
b30b944349fb94555a877981,1.0,1.0,1.0,1.0,1.0
b32fd7fdc7d84d467c425ffe,1.0,1.0,1.0,1.0,1.0
b356df3cb1fb1d6e5de291ea,1.0,1.0,1.0,1.0,1.0
b42dcf41c61330803fe9ffde,1.0,1.0,1.0,1.0,1.0
b6007cd857716af804d331f1,1.0,1.0,1.0,1.0,1.0
b6d18209030df85c72ec5c31,1.0,1.0,1.0,1.0,1.0
b7254de2a908692409fcf609,1.0,1.0,1.0,1.0,1.0
b78d07c0311bf438c27883ab,1.0,1.0,1.0,1.0,1.0
b7e5590026e54c248229978c,1.0,1.0,1.0,1.0,1.0
b84329d72625b23f362fa585,1.0,1.0,1.0,1.0,1.0
b86061d5c3a049e32aeb2dd8,1.0,1.0,1.0,1.0,1.0
b87e5abd9d5b2a6947b22706,1.0,1.0,1.0,1.0,1.0
b91b812ed5c4c7d7e07aa47b,1.0,1.0,1.0,1.0,1.0
bac52a5ee54ffeb3917ef109,1.0,1.0,1.0,1.0,1.0
bad3b0f2a889bbd804726b06,1.0,1.0,1.0,1.0,1.0
bb3e70be90f289ae51ca90a1,1.0,1.0,1.0,1.0,1.0
bb60c3f4431b275476fb2b60,1.0,1.0,1.0,1.0,1.0
bb6ca35a06f0f95ffaf0a539,0.0,0.0,0.0,0.0,0.0
bba8357e0515120913d3de48,1.0,1.0,1.0,1.0,1.0
bbe16a5286da434e2a56e635,1.0,1.0,1.0,1.0,1.0
bc1b535a78fd1eb0d3542d18,0.0,1.0,1.0,1.0,1.0
bc8bbb37bf9667f90de23e88,0.0,0.0,0.0,0.0,0.0
bd5ef85d4c85ca65319fa97f,1.0,1.0,1.0,1.0,1.0
bd6badae758527bd75effe1f,1.0,1.0,1.0,1.0,1.0
bda5c65011bfc90039c8bdfc,1.0,1.0,1.0,1.0,1.0
bdf6310a69a320f4a96c39b8,1.0,1.0,1.0,1.0,1.0
bf87459c7dc808017ec4d1c3,1.0,1.0,1.0,1.0,1.0
bf87f56c73863aad4516dab9,1.0,1.0,1.0,1.0,1.0
bfab9bf5d68e473309fa5c28,1.0,1.0,1.0,1.0,1.0
c13760bf310a83a3309e94fa,1.0,1.0,1.0,1.0,1.0
c15c724be71cff4a5c8165e6,1.0,1.0,1.0,1.0,1.0
c20c6c6adb50fbd76f3b8807,1.0,1.0,1.0,1.0,1.0
c356f189d7a9295cd9b807e8,1.0,1.0,1.0,1.0,1.0
c3cc03a7a9dc641042260118,1.0,1.0,1.0,1.0,1.0
c46a81156dc97d09cdcbeced,0.0,0.0,0.0,0.0,0.0
c46d0bee5bb4a859b3f2a23d,1.0,1.0,1.0,1.0,1.0
c48900c501690edffb2429e5,1.0,1.0,1.0,1.0,1.0
c6fec9ce1d0f9d1fdffae11d,1.0,1.0,1.0,1.0,1.0
c7aa3c96e6d8dfa20fadc0c2,1.0,1.0,1.0,1.0,1.0
c7b24ade04aea2be36e48558,1.0,1.0,1.0,1.0,1.0
c7c5d66d2aaded68f324d7b2,1.0,1.0,1.0,1.0,1.0
c8770d7c673de6fc16389dc8,1.0,1.0,1.0,1.0,1.0
c895fc8e3a3b32b74ced9ba4,1.0,1.0,1.0,1.0,1.0
c8da5b39a91bb2761740ac33,1.0,1.0,1.0,1.0,1.0
c90527cac0251fd26bd2504d,1.0,1.0,1.0,1.0,1.0
c93bc8a1fa29df044b6aa089,1.0,1.0,1.0,1.0,1.0
c9a06d9e793f4b57afee9b6c,1.0,1.0,1.0,1.0,1.0
cb83a043e835867a8a7f037d,1.0,1.0,1.0,1.0,1.0
cc6ab3f55dee47e1d7c33221,1.0,1.0,1.0,1.0,1.0
cc8252a57222cbf7bdf0748c,0.0,0.0,0.0,0.0,0.0
ccfb9d8b9ee44d9a95d60b6d,0.0,0.0,0.0,0.0,0.0
ccfee4ef7370098ff9927c90,1.0,1.0,1.0,1.0,1.0
cdbcd98997f92db8a073496e,0.0,0.0,0.0,0.0,0.0
ce0bdae6750ddbe414d8181c,1.0,1.0,1.0,1.0,1.0
cfa071c04d138efc93d682ad,1.0,1.0,1.0,1.0,1.0
cfb0b1895e091e69509b6e2e,1.0,1.0,1.0,1.0,1.0
d044b14f5e45a52802cfadb6,0.0,0.0,0.0,0.0,0.0
d0be1c390cd7342ba3dac77e,1.0,1.0,1.0,1.0,1.0
d1c323c116597e26daccd07a,1.0,1.0,1.0,1.0,1.0
d212e1b6a4c12cd6a73e77f6,1.0,1.0,1.0,1.0,1.0
d2498dcabd35d61d363fbe25,1.0,1.0,1.0,1.0,1.0
d2789d35ea2625b0c309c981,1.0,1.0,1.0,1.0,1.0
d3ba22abb8b6603667436add,1.0,1.0,1.0,1.0,1.0
d3d0e1683501a18720f56d8d,1.0,1.0,1.0,1.0,1.0
d5549be129ddb5db90ffb8a3,1.0,1.0,1.0,1.0,1.0
d61d5e9c670cbda253ee5f6f,1.0,1.0,1.0,1.0,1.0
d63627297df453bbf89badac,1.0,1.0,1.0,1.0,1.0
d63f01b090ac66c4d9705a8a,1.0,1.0,1.0,1.0,1.0
d643d094f36c4876ce45334a,1.0,1.0,1.0,1.0,1.0
d6acb4386dc04f740fd50a73,1.0,1.0,1.0,1.0,1.0
d6e38f0955d3b25530d72f49,1.0,1.0,1.0,1.0,1.0
d70c6b92277040ef21d512a3,1.0,1.0,1.0,1.0,1.0
d71988f81e5543f58db9c6ec,1.0,1.0,1.0,1.0,1.0
d71a0cece88182d77ce81f9e,1.0,1.0,1.0,1.0,1.0
d8a4089bb8e764eb8f82dd1b,1.0,1.0,1.0,1.0,1.0
d8c6384fb3fd9c0da934f989,1.0,1.0,1.0,1.0,1.0
d91c3b9f3dde79f4fa273533,1.0,0.0,0.0,0.0,0.0
d96319fcdfae1ddfd13b1ad0,1.0,1.0,1.0,1.0,1.0
d98a2daa041f2f6dc41b6341,1.0,1.0,1.0,1.0,1.0
da0f1d20d24bf3596abcbd33,1.0,1.0,1.0,1.0,1.0
da282635c32aab9b9fa673f6,1.0,1.0,1.0,1.0,1.0
da764828c270c7577122b17c,1.0,1.0,1.0,1.0,1.0
dae7b0f642fc96fd521fc6c0,1.0,1.0,1.0,1.0,1.0
db0210ead357c2e35a0c0473,1.0,1.0,1.0,1.0,1.0
db35a89251cc64cfb29fcb57,1.0,1.0,1.0,1.0,1.0
db991e8a4fad4a0aaf5887bf,1.0,1.0,1.0,1.0,1.0
dc80bd86d4d31c5ead070b65,1.0,1.0,1.0,1.0,1.0
dc8e7726559eab17e66f8e07,1.0,1.0,1.0,1.0,1.0
ddb6d405c0680f9947a1119c,1.0,1.0,1.0,1.0,1.0
dde44e967e2f7bd8cc115b6d,1.0,1.0,1.0,1.0,1.0
de1cba8d573daf5f3fa576eb,1.0,1.0,1.0,1.0,1.0
de2bbf1c37104563eedd8a75,1.0,1.0,1.0,1.0,1.0
de402263ce0b0b527b547727,1.0,1.0,1.0,1.0,1.0
de994f1ec6cc9df13a11df0e,1.0,1.0,1.0,1.0,1.0
deccce08a30f60f3f5a80ab7,1.0,1.0,1.0,1.0,1.0
ded9a7d2efc82a7cdfd79880,1.0,1.0,1.0,1.0,1.0
deed93e7179015acdc2e9601,1.0,1.0,1.0,1.0,1.0
df512114e06ed267bb530c11,1.0,1.0,1.0,1.0,1.0
df8fc0b6110d9ce79096497e,1.0,1.0,1.0,1.0,1.0
dfac800cc882deb9f1468fe4,1.0,1.0,1.0,1.0,1.0
e08d992d826a9d7e99840127,1.0,1.0,1.0,1.0,1.0
e0d2b1c29bd6b71c16d6a743,1.0,1.0,1.0,1.0,1.0
e0feee5688a5fa4e6a1871f6,1.0,1.0,1.0,1.0,1.0
e1082dcd349bfd1a7cfc04a0,1.0,1.0,1.0,1.0,1.0
e2950a81dfbdc0c9c8649d9f,1.0,1.0,1.0,1.0,1.0
e2e3fc70b77230510c1ceec0,1.0,1.0,1.0,1.0,1.0
e301c01de0893c367f23cee0,1.0,1.0,1.0,1.0,1.0
e4203b0ea2a766c6b82b05de,1.0,1.0,1.0,1.0,1.0
e429b1ddb75fc35ece5dcbd9,1.0,1.0,1.0,1.0,1.0
e4629ad98f8692e69198fc69,1.0,1.0,1.0,1.0,1.0
e47cbf551fd7b5f621c6cf90,1.0,1.0,1.0,1.0,1.0
e54bf0221f2941abbaedefc2,1.0,1.0,1.0,1.0,1.0
e5506b97e0402764ebd5a91b,1.0,1.0,1.0,1.0,1.0
e57d522f69500ec14df91a90,1.0,1.0,1.0,1.0,1.0
e5bd14d8eda354056c30b370,1.0,1.0,1.0,1.0,1.0
e608daea753db8219eb8acc8,1.0,1.0,1.0,1.0,1.0
e6346666607b41d2ad3c8832,1.0,1.0,1.0,1.0,1.0
e6901b9f9698c278c3a90bcc,1.0,1.0,1.0,1.0,1.0
e734e2128b9e3c248675b2f5,1.0,1.0,1.0,1.0,1.0
e742d00a369605d251c34602,1.0,1.0,1.0,1.0,1.0
e75bf185579a74cc82d8a8c9,1.0,1.0,1.0,1.0,1.0
e7bcf58e170a28b5d515c4ea,1.0,1.0,1.0,1.0,1.0
e8708108cdfbd8c8effdf990,1.0,1.0,1.0,1.0,1.0
e89337d137853181dd70388f,1.0,1.0,1.0,1.0,1.0
e8b273dc18bb9aa9aafd3610,1.0,1.0,1.0,1.0,1.0
e8fa29915270baebb62396b5,1.0,1.0,1.0,1.0,1.0
e90ab98cbdfe6075e48df2f0,1.0,1.0,1.0,1.0,1.0
e917b2d41ca8b96644c17f01,1.0,1.0,1.0,1.0,1.0
e99c81da764537ea7be1568d,1.0,1.0,1.0,1.0,1.0
ea0924eab6acd0507ec4266d,1.0,1.0,1.0,1.0,1.0
ea184b63334e34d623c68f98,1.0,1.0,1.0,1.0,1.0
ea77805e6d534afd45971178,1.0,1.0,1.0,1.0,1.0
ea7a24d8641155146694b576,1.0,1.0,1.0,1.0,1.0
eac20a882a5040640542cdc7,1.0,1.0,1.0,1.0,1.0
ead0dae5cbeb49b6366d86b3,1.0,1.0,1.0,1.0,1.0
ead65c99528acde37fd2ede4,1.0,1.0,1.0,1.0,1.0
eaf57b38e98a2a8bf1070a44,1.0,1.0,1.0,1.0,1.0
eb3aac233c2ec927dc653201,1.0,1.0,1.0,1.0,1.0
ebd6e57abd234da14299eedb,1.0,1.0,1.0,1.0,1.0
ebe20ae9a81412e99a5a5ae6,1.0,1.0,1.0,1.0,1.0
ebff01f3212c480dad40aebf,1.0,1.0,1.0,1.0,1.0
ec2654e836b930ff6638c135,1.0,1.0,1.0,1.0,1.0
ec6f1e18ded1f6864079781b,1.0,1.0,1.0,1.0,1.0
edaef58f28fe8c12883b7f81,1.0,1.0,1.0,1.0,1.0
edbc3210951030650141c956,1.0,1.0,1.0,1.0,1.0
ee3ba2701432ba67d8308ba2,1.0,1.0,1.0,1.0,1.0
eec764bd8c2b43f7c34abfe4,1.0,1.0,1.0,1.0,1.0
ef6e50378035f44200b9898a,1.0,1.0,1.0,1.0,1.0
f0ea26bff5f6fe62d216aa77,1.0,1.0,1.0,1.0,1.0
f11db1a92677a048d75ee916,1.0,1.0,1.0,1.0,1.0
f15de1568e87eddef3ac222e,1.0,1.0,1.0,1.0,1.0
f2208103d7f914c7ab8bccc3,1.0,1.0,1.0,1.0,1.0
f23648e63ca62b06a0935529,1.0,1.0,1.0,1.0,1.0
f2a4a712c3408d0391d6fed3,1.0,1.0,1.0,1.0,1.0
f2a8d81a80dc8bc1735eaedd,1.0,1.0,1.0,1.0,1.0
f38199eaa146dd39deb5c095,1.0,1.0,1.0,1.0,1.0
f38289d312a095363332b12b,1.0,1.0,1.0,1.0,1.0
f39afc74bba49ffdad0fda93,0.0,0.0,0.0,0.0,0.0
f3af9caa93b1b45336150102,1.0,1.0,1.0,1.0,1.0
f3e1e08319073e22ed3bf361,1.0,1.0,1.0,1.0,1.0
f3ea8ccea8b7bb9c3d899386,1.0,1.0,1.0,1.0,1.0
f40c93f8075509191d39c56d,1.0,1.0,1.0,1.0,1.0
f48014ae432a9888760760c0,1.0,1.0,1.0,1.0,1.0
f4898237ea5c146679d0a8d9,1.0,1.0,1.0,1.0,1.0
f5452194230c105ae1bbd6ca,1.0,1.0,1.0,1.0,1.0
f5fdc3880f6c6817730bf3f4,1.0,1.0,1.0,1.0,1.0
f65416fa28fa63edde2aa083,1.0,1.0,1.0,1.0,1.0
f68ad33e3513a6cf7ac303ad,1.0,1.0,1.0,1.0,1.0
f72911ffcccdb9f75b2e0291,1.0,1.0,1.0,1.0,1.0
f757e04daec9846e259c9a34,0.0,0.0,0.0,0.0,0.0
f794e75f464e552f5d9811aa,1.0,1.0,1.0,1.0,1.0
f7b4c246cdd921dbd52d42b5,0.0,0.0,0.0,0.0,0.0
f801ac5a4a130f28bf509ea8,1.0,1.0,1.0,1.0,1.0
f992bfc0f2d4abd3802315c9,1.0,1.0,1.0,1.0,1.0
faa2e3c8e9e717d715654b08,1.0,1.0,1.0,1.0,1.0
fb3733317bad22b586a69258,1.0,1.0,1.0,1.0,1.0
fb8409b7ef7849c2b2805c75,1.0,1.0,1.0,1.0,1.0
fb982b53cad8f4e47a8e03d9,1.0,1.0,1.0,1.0,1.0
fce310c15ca3e820fed81607,1.0,1.0,1.0,1.0,1.0
fda568cfd8996900fa9273a7,1.0,1.0,1.0,1.0,1.0
fe07f1fa8e18d9563c8ea191,1.0,1.0,1.0,1.0,1.0
fe889731d58259bf56c4eba6,0.0,0.0,0.0,0.0,0.0
fef1f135acf2208f57c830b8,1.0,1.0,1.0,1.0,1.0
fef35aa8f81f27b27c9badd3,1.0,1.0,1.0,1.0,1.0
ff105a2b9caadb2f40b23b9e,1.0,1.0,1.0,1.0,1.0
ff181e34bb01d7e76f978b4c,1.0,1.0,1.0,1.0,1.0
ff80f3bc2fde389961d687fa,1.0,1.0,1.0,1.0,1.0
ffb66d077194889cb21113ff,1.0,1.0,1.0,1.0,1.0
ffcd2790719e85fcef95e969,1.0,1.0,1.0,1.0,1.0
ffd67f089e70f27a5c5bd037,1.0,1.0,1.0,1.0,1.0
00361eb2f0c70cece2254122,1.0,1.0,1.0,1.0,1.0
006ce696de21634eb56e7486,1.0,1.0,1.0,1.0,1.0
00778df480b4743739d72fe6,1.0,1.0,1.0,1.0,1.0
01dcc87e32cc2cbca755c20c,1.0,1.0,1.0,1.0,1.0
01e1899f62d90850aaa245de,1.0,1.0,1.0,1.0,1.0
01fbbf4d9774c9e76cbc0c1d,0.0,0.0,0.0,0.0,0.0
0221ed61789042b65776e837,1.0,1.0,1.0,1.0,1.0
0258809c3471cc864929929b,1.0,1.0,1.0,1.0,1.0
0264342abf8d8733fe354062,1.0,1.0,1.0,1.0,1.0
02e8661aca9d210f53e91d12,1.0,1.0,1.0,1.0,1.0
02ee09295be60aad31c0bdf2,1.0,1.0,1.0,1.0,1.0
04665ec2246b7885c4f79698,0.75,0.75,0.75,0.75,0.75
04ab050c46a87382af9ac8aa,0.0,0.0,0.0,0.0,0.0
0524c220c712147aa3394923,1.0,1.0,1.0,1.0,1.0
05859e26014cd366ae3191aa,1.0,1.0,1.0,1.0,1.0
0612072d971f591dc4c9888f,1.0,1.0,1.0,1.0,1.0
067407b6649580d98af330cd,1.0,1.0,1.0,1.0,1.0
06760b855a1a7f77ced9536f,1.0,1.0,0.0,0.0,0.0
06d38e35334e863cef106083,1.0,1.0,1.0,1.0,1.0
06ff188f29ac18261a196823,1.0,1.0,1.0,1.0,1.0
07bad2a4cd1366f424eac155,1.0,1.0,1.0,1.0,1.0
07c889d8cb75d0c71301a1c6,1.0,1.0,1.0,1.0,1.0
0827ce3161d6075b7db53394,1.0,1.0,1.0,1.0,1.0
08612c67cf5ebaa655781b86,1.0,1.0,1.0,1.0,1.0
08a9fe7d295e82400d801903,1.0,1.0,1.0,1.0,1.0
08dd3b84b788b85c73b88540,0.0,0.0,0.0,0.0,0.0
09064fdd91cbbb3503d4b170,1.0,1.0,1.0,1.0,1.0
098ed95716091bfa988e0aae,1.0,1.0,1.0,1.0,1.0
09c041cdc40498c8b10309b8,1.0,1.0,1.0,1.0,1.0
09d8fa64ad36d9f7d29b6b85,1.0,1.0,1.0,1.0,1.0
0a67bef5b161604b23f03630,1.0,1.0,1.0,1.0,1.0
0ac0e41a9ce9268cd578b244,1.0,1.0,1.0,1.0,1.0
0b149994f2a3bcd8c029172f,1.0,1.0,1.0,1.0,1.0
0b7074844796bdb89e9533c9,1.0,1.0,1.0,1.0,1.0
0c7561f35dab8c5a91a30245,1.0,1.0,1.0,1.0,1.0
0ca4da068af35f8228fe732f,1.0,1.0,1.0,1.0,1.0
0ce3d188aa8252a7f850792e,1.0,1.0,1.0,1.0,1.0
0cff010c6e6ef21aa6f81dbc,1.0,1.0,1.0,1.0,1.0
0d2621068cd26cb501bd6668,1.0,1.0,1.0,1.0,1.0
0d3a478d25c45a551156af1a,0.0,0.0,0.0,0.0,0.0
0d447a506ed1a8245adee247,0.0,0.0,0.0,0.0,0.0
0d44f47fe3c6b9f4a8f19b4c,1.0,1.0,1.0,1.0,1.0
0dfd2be004cf7343b6b8926a,1.0,1.0,1.0,1.0,1.0
0eb2fadf9f827cf955bc52be,1.0,1.0,1.0,1.0,1.0
0eb392a005fa62be2b99aab1,1.0,1.0,1.0,1.0,1.0
0ecf633b23672f666cfef85c,1.0,1.0,1.0,1.0,1.0
0f0959275e0738fbcd7acd50,1.0,1.0,1.0,1.0,1.0
0f57c768fb53e9e9d48d9140,1.0,1.0,1.0,1.0,1.0
0f822a34839ec4c82a646325,1.0,1.0,1.0,1.0,1.0
0fb023962ef59cd89f07bd53,1.0,1.0,1.0,1.0,1.0
1027521a7a005d9f9684ec9b,1.0,1.0,1.0,1.0,1.0
108a52d0bbec815295fed809,1.0,1.0,1.0,1.0,1.0
114a9fe8981fef8ba3c2350d,1.0,1.0,1.0,1.0,1.0
116b69499a7fdf8d1b00308f,1.0,1.0,1.0,1.0,1.0
117aa7ef8b2e028701854952,1.0,1.0,1.0,1.0,1.0
1198db15e9c351cf60ba3749,0.0,0.0,0.0,0.0,0.0
11cac9fdf9963ad550a0610c,1.0,1.0,1.0,1.0,1.0
120cc3f5a7d2e782f018d2b0,1.0,1.0,1.0,1.0,1.0
12289356c2716ce67a8eda9f,1.0,1.0,1.0,1.0,1.0
12c11fd46fb528aaae883ac2,1.0,1.0,1.0,1.0,1.0
13432b4a937abf34bb83e8d8,1.0,1.0,1.0,1.0,1.0
13470b5669d4134a234f47ef,1.0,1.0,1.0,1.0,1.0
13c66d0acb9fb124eac15359,1.0,1.0,1.0,1.0,1.0
13dc7a6084c0ddb11b5e7cd5,1.0,1.0,1.0,1.0,1.0
13f9cbe85c5f4e1dc87f4eeb,1.0,1.0,1.0,1.0,1.0
1411d32bd323b4023804668e,1.0,1.0,1.0,1.0,1.0
14407777d56a6f7b47fa98c0,1.0,1.0,1.0,1.0,1.0
14aa428cfdb00d7dd471fe30,1.0,1.0,1.0,1.0,1.0
14ceda1281a3f2a51339cafe,1.0,1.0,1.0,1.0,1.0
15bb6b092d3bddd16d7d57d6,1.0,1.0,1.0,1.0,1.0
16ba4bb7b38d4671f52e17ff,0.0,0.0,0.0,0.0,0.0
16d97df1673e1f17fdc01e33,1.0,1.0,1.0,1.0,1.0
16e4f72d908591cec3bba725,1.0,1.0,1.0,1.0,1.0
170ed78081493c9d930e7edc,1.0,1.0,1.0,1.0,1.0
17b8e6e216efade845b76e68,1.0,1.0,1.0,1.0,1.0
17cb861553ab20242a17b39d,1.0,1.0,1.0,1.0,1.0
17e1f129b443245afd82fef9,1.0,1.0,1.0,1.0,1.0
1837ec1982bb4c4c2a3a35df,1.0,1.0,1.0,1.0,1.0
18419e23902179ad034c4225,1.0,1.0,1.0,1.0,1.0
1897dba925dc88b875384bc6,1.0,1.0,1.0,1.0,1.0
18e93534d7499ed5c28be277,1.0,1.0,1.0,1.0,1.0
190baf71ddbbc2a4f4b8b431,1.0,1.0,1.0,1.0,1.0
19550f12dc1c57c739d6977c,1.0,1.0,1.0,1.0,1.0
196a7e42dc12f863bfe24ba1,0.0,0.0,0.0,0.0,0.0
19da69ef91d1db352bc42e37,1.0,1.0,1.0,1.0,1.0
19f4418f9e1396702b0f024c,1.0,1.0,1.0,1.0,1.0
1b52a3768fbdfe1f6c30c35f,0.0,0.0,0.0,0.0,0.0
1bdb17f61b78aee2490d487f,1.0,1.0,1.0,1.0,1.0
1c0fa8bdb735dafe380426ac,1.0,1.0,1.0,1.0,1.0
1c21a078b63977f47493a04a,1.0,1.0,1.0,1.0,1.0
1d15ad923151e88b80f45ebc,1.0,1.0,1.0,1.0,1.0
1d63518b0879661a9e5b5758,1.0,1.0,1.0,1.0,1.0
1d94df454f6cfb3f7086c6de,1.0,1.0,1.0,1.0,1.0
1e86b491a98fecb5fcbc9b53,1.0,1.0,1.0,1.0,1.0
1e9d8a266f8002c41b688270,1.0,1.0,1.0,1.0,1.0
1f169da3dc40da79c415131d,1.0,1.0,1.0,1.0,1.0
1f4e04516f7ba246327020eb,1.0,1.0,1.0,1.0,1.0
1f5903b9db864046a509932d,1.0,1.0,1.0,1.0,1.0
1f995fcbe1c58c8f71640571,1.0,1.0,1.0,1.0,1.0
2001f38abef2708f2e84f9dd,1.0,1.0,1.0,1.0,1.0
2049dc662ebc6c7087857225,1.0,1.0,1.0,1.0,1.0
2060e747974ce95561c6d50d,1.0,1.0,1.0,1.0,1.0
206e9fe9c0cfb34949d43ce3,1.0,1.0,1.0,1.0,1.0
20f6254feaf2b987cc890e4d,1.0,1.0,1.0,1.0,1.0
2109cc59839c204de9e362f2,1.0,1.0,1.0,1.0,1.0
21b64082faed29d17c24e4c0,1.0,1.0,1.0,1.0,1.0
21c91c2259f592fba87ec22d,1.0,1.0,1.0,1.0,1.0
21f9ce186ae646f9f19cc07e,0.0,0.0,0.0,0.0,0.0
22228b97700db66682edad94,1.0,1.0,1.0,1.0,1.0
2282764e558ccb78dddb3f95,1.0,1.0,1.0,1.0,1.0
228c17c94e54046ed13c8084,1.0,1.0,1.0,1.0,1.0
22cf71881de7ee9ae6df00fa,1.0,1.0,1.0,1.0,1.0
22ed394c7a034f1e52c8fd04,1.0,1.0,1.0,1.0,1.0
238192980f76af5d62b4a935,1.0,1.0,1.0,1.0,1.0
23b994aa81ac8eca7f8ed1a7,1.0,1.0,1.0,1.0,1.0
24357d425d507b893146a58f,1.0,1.0,1.0,1.0,1.0
245c374353ff45f526754855,1.0,1.0,1.0,1.0,1.0
2489fff1ea64ed28bbc7f330,1.0,1.0,1.0,1.0,1.0
24a349166df0b97bbbf83e16,1.0,1.0,1.0,1.0,1.0
24d12e93b68cf5fc47a5dd91,1.0,1.0,1.0,1.0,1.0
2523574122a26f8bbcd8fc15,1.0,1.0,1.0,1.0,1.0
26c6502997b474975d5bec67,1.0,1.0,1.0,1.0,1.0
26d32b89a1598c94cc4e3b3f,1.0,1.0,1.0,1.0,1.0
26e0eac85359f0722804d229,1.0,1.0,1.0,1.0,1.0
26ee235bad02a0e8b1484f9d,1.0,1.0,1.0,1.0,1.0
273a5748b745afc148dbb6bd,1.0,1.0,1.0,1.0,1.0
279bfffbac5a4e349ce360b9,1.0,1.0,1.0,1.0,1.0
27c595a49ff376f8a476f92c,1.0,1.0,1.0,1.0,1.0
27ca0ead9102cebb4617c5a9,0.0,0.0,0.0,0.0,0.0
285aa23f1024376928cb103c,1.0,1.0,1.0,1.0,1.0
289287c3d400552f29585c29,1.0,1.0,1.0,1.0,1.0
28c37aa5850bbc23e926abfa,1.0,1.0,1.0,1.0,1.0
28e5b8547fd00a055fe1235b,1.0,1.0,1.0,1.0,1.0
29793a2eb3e8986c11e3e2a2,1.0,1.0,1.0,1.0,1.0
29f01b5aa4b55e0bb09a51a8,1.0,1.0,1.0,1.0,1.0
2a43f293e55f93e1f7668bdc,1.0,1.0,1.0,1.0,1.0
2a70f8133891e1a486e2b628,1.0,1.0,1.0,1.0,1.0
2a841d9d8763a9bb16625c1e,1.0,1.0,1.0,1.0,1.0
2ac933a11b3e8807cacc7c04,0.0,0.0,0.0,0.0,0.0
2bc191a17dbc2a6b047f04e0,1.0,1.0,1.0,1.0,1.0
2c03d4e42dcad4dd6bf61899,1.0,1.0,1.0,1.0,1.0
2c05f7d7fed6fd141b639e7d,1.0,1.0,1.0,1.0,1.0
2c842a460d721480a6c88e9c,0.0,0.0,1.0,1.0,1.0
2cb512e192b460878403b147,1.0,1.0,1.0,1.0,1.0
2d76606077b6bbd8c8828625,1.0,1.0,1.0,1.0,1.0
2d948275dcf1db60a85ad71c,1.0,1.0,1.0,1.0,1.0
2dc8084acba3a050acd11064,1.0,1.0,1.0,1.0,1.0
2dd002340e4be5f20ed17fc0,1.0,1.0,1.0,1.0,1.0
2e2299933efe78dc7ff4d6a0,1.0,1.0,1.0,1.0,1.0
2e5f1bc58e94f0c76a13c204,1.0,1.0,1.0,1.0,1.0
2e8448063562c6b01cf8ba22,1.0,1.0,1.0,1.0,1.0
2eaf36d2076020c259ffdede,0.0,0.0,0.0,0.0,0.0
2f480c0f89256e72b78c96aa,1.0,1.0,1.0,1.0,1.0
314424c8effc2b62f7c061b7,1.0,1.0,1.0,1.0,1.0
31471d89ce02c99b9e482138,1.0,1.0,1.0,1.0,1.0
318b577d6990999cc072d87b,1.0,1.0,1.0,1.0,1.0
31f6041bc18dd35477590f19,1.0,1.0,1.0,1.0,1.0
324d37d6e68ad8090a844a99,1.0,1.0,1.0,1.0,1.0
3268e03712451fe929769537,1.0,1.0,1.0,1.0,1.0
330dcfdb1bdd0ac17d84e268,1.0,1.0,1.0,1.0,1.0
33143b83626871dc8a46a428,1.0,1.0,1.0,1.0,1.0
33a7f391cd8455df3617c4c7,0.0,0.0,0.0,0.0,0.0
33be86259c4166e7c8443b3f,1.0,1.0,1.0,1.0,1.0
33f5a7942aa695f8605ce916,1.0,1.0,1.0,1.0,1.0
341bed48d1c38e4547849632,1.0,1.0,1.0,1.0,1.0
3488fb2998b4872bac083c5f,1.0,1.0,1.0,1.0,1.0
34a680f01383bfca73820022,1.0,1.0,1.0,1.0,1.0
34abdecd77038ec7f7004b61,1.0,1.0,1.0,1.0,1.0
34bf66e88ae99444417e5c00,1.0,1.0,1.0,1.0,1.0
34c0775fb084c7041a8b8a59,1.0,1.0,1.0,1.0,1.0
351e46b2da99611340accf9a,1.0,1.0,1.0,1.0,1.0
354d64b1b4321d40d871542d,1.0,1.0,1.0,1.0,1.0
364215e291c4370117655546,0.0,0.0,0.0,0.0,0.0
3695a4bfa420cdd433031a56,1.0,1.0,1.0,1.0,1.0
36c1914a76db7635e150941d,1.0,1.0,1.0,1.0,1.0
3809a0e7d1d139e11ea922cc,1.0,1.0,1.0,1.0,1.0
3829db78767fa1ac71b5d4dc,1.0,1.0,1.0,1.0,1.0
38af83195e1c9ddc9708c0de,1.0,1.0,1.0,1.0,1.0
38d005ef30f54c467bafc4cb,1.0,1.0,1.0,1.0,1.0
393319fcbe81e2eb4344f3d6,1.0,1.0,1.0,1.0,1.0
39ccc73748db7cf3c2c68a18,1.0,1.0,1.0,1.0,1.0
3a735699d7e10e66486d6aa3,1.0,1.0,1.0,1.0,1.0
3b6ff3fb2df553f403a3acec,0.0,0.0,0.0,0.0,0.0
3b75415337cd02cdc526719b,1.0,1.0,1.0,1.0,1.0
3b9a3c646357a115d88df3aa,1.0,1.0,1.0,1.0,1.0
3be16074b1909bba0080dcf3,1.0,1.0,1.0,1.0,1.0
3bf11e7436f07462d3a10e00,1.0,1.0,1.0,1.0,1.0
3c02c33503d10f9cf693d5c4,1.0,1.0,1.0,1.0,1.0
3c1e02771409f62d928dae92,1.0,1.0,1.0,1.0,1.0
3d0d1af92c016f63149f8ab5,0.0,0.0,0.0,0.0,0.0
3d3e5adae4b34546acef8371,0.0,0.0,0.0,0.0,0.0
3d3f7f1538aa37bbea7b03c7,1.0,1.0,1.0,1.0,1.0
3da9fa2ff778b59770863c64,1.0,1.0,1.0,1.0,1.0
3dd13d4d30c2150a82283312,1.0,1.0,1.0,1.0,1.0
3df8e4d10763bab1cfdb279c,1.0,1.0,1.0,1.0,1.0
3e22d0829475bbc84b5fa1cc,1.0,1.0,1.0,1.0,1.0
3e4253c6801ca5d6ee7a97ff,1.0,1.0,1.0,1.0,1.0
3f091fff4e107a800229665f,1.0,1.0,1.0,1.0,1.0
3faf8b5f46b56b5700644aa3,1.0,1.0,1.0,1.0,1.0
3fe8c5c53144e2facbf56f5a,1.0,1.0,1.0,1.0,1.0
3ff910dcb8fcf26810b634a3,1.0,1.0,1.0,1.0,1.0
40385093824aa446bc9901ed,1.0,1.0,1.0,1.0,1.0
403aa0f2e3737836b3148f66,1.0,1.0,1.0,1.0,1.0
4093f64fcf9dd38be49562bd,1.0,1.0,1.0,1.0,1.0
40bd0ad156a3014a4cf2bd0e,1.0,1.0,1.0,1.0,1.0
41a8bfbf0e6cdcd7ef44987b,1.0,1.0,1.0,1.0,1.0
4247d2c019373332a565eb26,1.0,1.0,1.0,1.0,1.0
4281087fd870cff4bae95700,1.0,1.0,1.0,1.0,1.0
4325ee8b91b25e050577c98d,1.0,1.0,1.0,1.0,1.0
4357b4b7f2ce0778f88ff7da,1.0,1.0,1.0,1.0,1.0
43833ad9ed33ba8d3fe8b9a8,1.0,1.0,1.0,1.0,1.0
439a537f5e27972bc6bd154b,1.0,1.0,1.0,1.0,1.0
439dc6683621985542bb30b2,1.0,1.0,1.0,1.0,1.0
439eb446fe871fcdc3bb0f5d,1.0,1.0,1.0,1.0,1.0
43ab4c77a64adfaa8aec882b,1.0,1.0,1.0,1.0,1.0
440ab92d6bf7e403a6d03627,1.0,1.0,1.0,1.0,1.0
440cab6baf5b1a6a7f4876c1,1.0,1.0,1.0,1.0,1.0
443624e998e5eba94e6d9fd9,1.0,1.0,1.0,1.0,1.0
443a1cb79df6c031d120926f,1.0,1.0,1.0,1.0,1.0
44517627bac4d26ff606c7e9,1.0,1.0,1.0,1.0,1.0
448eb91f6425c0fcb20ddd6b,1.0,1.0,1.0,1.0,1.0
44ca7551019cdf7bae9e7eba,1.0,1.0,1.0,1.0,1.0
450c0d48627c34b5312b1c4a,1.0,1.0,1.0,1.0,1.0
45904a50fcfb75fd10357a74,1.0,1.0,1.0,1.0,1.0
463db70b2dae4aa86877001d,1.0,1.0,1.0,1.0,1.0
464bce404d16ed020b3ad4ae,1.0,1.0,1.0,1.0,1.0
4652ed355793fae088f386d4,1.0,1.0,1.0,1.0,1.0
46916144e715996e4513737f,1.0,1.0,1.0,1.0,1.0
47b476ed9ea26157eb14ffe9,1.0,1.0,1.0,1.0,1.0
47cbd44e86d5685d0c7cdf3c,1.0,1.0,1.0,1.0,1.0
481059d98f37d8b45aae6b6e,1.0,1.0,1.0,1.0,1.0
48ac94bf6e474cd2a6e7f003,1.0,1.0,1.0,1.0,1.0
4901a5af5d8ea6fa1d5e6b3d,1.0,1.0,1.0,1.0,1.0
4939a2ba3818ee97d9cb4234,1.0,1.0,1.0,1.0,1.0
49910714bde0ca3f3c187db6,1.0,1.0,1.0,1.0,1.0
49a04b9c52bf6636cf2e17bd,0.0,0.0,0.0,0.0,0.0
4a951602e0768f2599d7fe1f,1.0,1.0,1.0,1.0,1.0
4c26733dec7650fa543c05a8,1.0,1.0,1.0,1.0,1.0
4c47dee6500b7b12af3a8b2a,1.0,1.0,1.0,1.0,1.0
4cc8e5903068f4c39153e8ee,1.0,1.0,1.0,1.0,1.0
4d68c0a412a7da4a16cd4e70,1.0,1.0,1.0,1.0,1.0
4e4b1c8b887613ea9540a060,1.0,1.0,1.0,1.0,1.0
4e575cc63561eeba689c92f8,1.0,1.0,1.0,1.0,1.0
4e734d10df402739f03e2de1,1.0,1.0,1.0,1.0,1.0
4eb3f1388115c2bf1075d32f,1.0,1.0,1.0,1.0,1.0
4ed2064143d07e50fbedf998,1.0,1.0,1.0,1.0,1.0
505d5f394da0edd1a88f12be,1.0,1.0,1.0,1.0,1.0
514e603f343b606557dc7062,1.0,1.0,1.0,1.0,1.0
51b3bf9141044bdf6714904c,1.0,1.0,1.0,1.0,1.0
51f6f9065808571d5d28107f,1.0,1.0,1.0,1.0,1.0
51fff93362627c2f235b76f6,1.0,1.0,1.0,1.0,1.0
5215bb2bbee27ebceab68ff6,1.0,1.0,1.0,1.0,1.0
52559ba2a7427b8616af63e6,1.0,1.0,1.0,1.0,1.0
52ad1e0308b92a5da999b834,0.0,0.0,0.0,1.0,1.0
52e573fd6dc661cab6569013,1.0,1.0,1.0,1.0,1.0
531c090e1e93b0b136bd80a7,1.0,1.0,1.0,1.0,1.0
535c9bd2aecdc15f6aa51865,1.0,1.0,1.0,1.0,1.0
5374f278afa574e9738ea749,1.0,1.0,1.0,1.0,1.0
53b5faa4c276a71f2b0de6cf,1.0,1.0,1.0,1.0,1.0
54511deb3cf0c59d750c4502,0.0,0.0,0.0,0.0,0.0
548808be23a0ea698b532157,1.0,1.0,1.0,1.0,1.0
54f262fc637a1bbbea329d7b,1.0,1.0,1.0,1.0,1.0
5560a8624e63b9c050fdc60f,1.0,1.0,1.0,1.0,1.0
55b1b6bc11a2bcc32afc42fd,1.0,1.0,1.0,1.0,1.0
55ca0d0ad242a3e244f1d546,1.0,1.0,1.0,1.0,1.0
55f60e0e3d3d6bf2dd1559f5,1.0,1.0,1.0,1.0,1.0
56097063ad0acb914e9b0365,1.0,1.0,1.0,1.0,1.0
56522e00f757e318ef491ad7,1.0,1.0,1.0,1.0,1.0
56f329edf9dbbf278c36106c,1.0,1.0,1.0,1.0,1.0
57572e2e78551c5619f19613,1.0,1.0,1.0,1.0,1.0
57a5ab3564b709ff553f9539,1.0,1.0,1.0,1.0,1.0
57c0f63c9907ac51e3dbe11d,1.0,1.0,1.0,1.0,1.0
58339e79e5e4a6a948c5ec12,1.0,1.0,1.0,1.0,1.0
58784b72c14e701238326af5,1.0,1.0,1.0,1.0,1.0
58fee2c24d1ea8005b9257bf,1.0,1.0,1.0,1.0,1.0
5915c00fcfb802535502db7f,0.0,0.0,0.0,1.0,1.0
599e330ddcde06c8cd0906e2,1.0,1.0,1.0,1.0,1.0
5ae602dd3f11d7a6a46d6f61,1.0,1.0,1.0,1.0,1.0
5aed053fe64f26ba10ad8fb0,1.0,1.0,1.0,1.0,1.0
5b420f004bb22bf9a30ac5f7,0.0,1.0,1.0,1.0,1.0
5c67bbe91b4fcc3c2a5cb201,1.0,1.0,1.0,1.0,1.0
5c7ae81cdc257202e436c79f,1.0,1.0,1.0,1.0,1.0
5cadd5a3606b06a498c4959b,1.0,1.0,1.0,1.0,1.0
5cbd59aa7c4f530befaf6e7f,1.0,1.0,1.0,1.0,1.0
5d33483590e75fefcf5d76be,1.0,1.0,1.0,1.0,1.0
5d4c13e46e9b889f9936d18e,1.0,1.0,1.0,1.0,1.0
5d88d2e2c0257db2e854f619,1.0,1.0,1.0,1.0,1.0
5dc3662c682e3ed8330cf8b5,1.0,1.0,1.0,1.0,1.0
5dc698e7c0560409d59c5cfd,1.0,1.0,1.0,1.0,1.0
5dd513a845e7e6c2654acab8,1.0,1.0,1.0,1.0,1.0
5efb7cf46b32768618c6f097,1.0,1.0,1.0,1.0,1.0
5f0d5d9ea0e214e0734e4d5d,1.0,1.0,1.0,1.0,1.0
6081417e4111f0c8fdb4285c,1.0,1.0,1.0,1.0,1.0
608237cda5c298eeb3cd223d,1.0,1.0,1.0,1.0,1.0
609be1e3e2125ac2fcacf9ea,1.0,1.0,1.0,1.0,1.0
61834e30f2a8b96acaa97669,1.0,1.0,1.0,1.0,1.0
619151dcaca7a98cf6f33375,1.0,1.0,1.0,1.0,1.0
619657b19bb59d3dc6968fef,1.0,1.0,1.0,1.0,1.0
61d6608b58a626c9751c9a19,1.0,1.0,1.0,1.0,1.0
61e0827eaf21e9cf4b7c9969,1.0,1.0,1.0,1.0,1.0
61f7804bc7f8cc199dc01d5d,1.0,1.0,1.0,1.0,1.0
620178d42e2acf93daabb240,1.0,1.0,1.0,1.0,1.0
621278a99d5f276e2c43eed2,1.0,1.0,1.0,1.0,1.0
623cb6f957b656d9430fe690,1.0,1.0,1.0,1.0,1.0
6299af6f9a3fc5b3a0751635,1.0,1.0,1.0,1.0,1.0
62f909ec0df8654d9c6c1a87,1.0,1.0,1.0,1.0,1.0
631d92a2acb02e1d4a141b7e,0.0,0.0,0.0,0.0,0.0
6396ef4510f51109e9394d9d,1.0,1.0,1.0,1.0,1.0
63b5865612c6704a469f571c,1.0,1.0,1.0,1.0,1.0
63f2d63ebba7001a1022f449,1.0,1.0,1.0,1.0,1.0
642371d95f9b8259c15444fa,1.0,1.0,1.0,1.0,1.0
649f29f6cc3a546280d9c4d7,1.0,1.0,1.0,1.0,1.0
64a840ba6c2e625559d5b466,1.0,1.0,1.0,1.0,1.0
64bbafe552fc4acf296791f4,1.0,1.0,1.0,1.0,1.0
64ebaf2235b66837e19a3d26,1.0,1.0,1.0,1.0,1.0
650237996935749da72af3c1,1.0,1.0,1.0,1.0,1.0
6534edfe82166bfb712fda08,1.0,1.0,1.0,1.0,1.0
655e3ab5c0d32ce2f5b76b0a,1.0,1.0,1.0,1.0,1.0
6568a627be692fb735eedae9,1.0,1.0,1.0,1.0,1.0
656dfbfc8d5387f224f409a1,1.0,1.0,1.0,1.0,1.0
65bc3bac07fff193dfe6bbd0,1.0,1.0,1.0,1.0,1.0
65e6d23bf2cd7c181d849f64,1.0,1.0,1.0,1.0,1.0
6692e56f32bdfeb3b6119945,1.0,1.0,1.0,1.0,1.0
66c5e742ec3151e18ca38ab0,1.0,1.0,1.0,1.0,1.0
66c6371fe22a29045aaaa2ec,1.0,1.0,1.0,1.0,1.0
66d4a051d0c2565d8ef1ce4e,1.0,1.0,1.0,1.0,1.0
66f5403a2e51b6793bb81824,1.0,1.0,1.0,1.0,1.0
6733e9e82fb089f9601eb7da,1.0,1.0,1.0,1.0,1.0
685adf7d3bd3fe45ca3c440c,1.0,1.0,1.0,1.0,1.0
689a8a9d1df0bdb874708cc0,1.0,1.0,1.0,1.0,1.0
689efdec344c06a560dfde29,1.0,1.0,1.0,1.0,1.0
689f78c985c83d50fa7ea975,1.0,1.0,1.0,1.0,1.0
697bd82ee7390e1ac3df9fb3,1.0,1.0,1.0,1.0,1.0
69a3acb6759e74719ccd67ed,1.0,1.0,1.0,1.0,1.0
69e552bc67b838c8ecd26ff5,1.0,1.0,1.0,1.0,1.0
6b435ba117274ddc3bd78f1d,1.0,1.0,1.0,1.0,1.0
6b86863dd7278e2c44fad8d9,1.0,1.0,1.0,1.0,1.0
6bb5c4364871bc0ab567809d,1.0,1.0,1.0,1.0,1.0
6bf49773fd96aa37a70c31ae,1.0,1.0,1.0,1.0,1.0
6bff2e6ef63aa281199ded33,1.0,1.0,1.0,1.0,1.0
6c780c2b4d7cc89177d2a209,1.0,1.0,1.0,1.0,1.0
6ce15352c64f5edcd63b3688,1.0,1.0,1.0,1.0,1.0
6cea5d9c7f0953949cf803af,1.0,1.0,1.0,1.0,1.0
6d0fc8416389707aff63c53a,1.0,1.0,1.0,1.0,1.0
6e097d102e428235a19ab40e,1.0,1.0,1.0,1.0,1.0
6e1efc155a429b8b3cd739a3,1.0,1.0,1.0,1.0,1.0
6e6d601d78cceec19ded7d56,1.0,1.0,1.0,1.0,1.0
6e925018b290d1124025216b,1.0,1.0,1.0,1.0,1.0
6f3aeacf405ac634582f563e,1.0,1.0,1.0,1.0,1.0
6f5b5185c9ed085c550d24c8,1.0,1.0,1.0,1.0,1.0
6f92ae7f9e888718b341aa4a,1.0,1.0,1.0,1.0,1.0
6fcffbef5e43c700600b7572,1.0,1.0,1.0,1.0,1.0
6fddbfd3bbe1dc66c1b6f56e,1.0,1.0,1.0,1.0,1.0
7028e966c520fc23181282f1,1.0,1.0,1.0,1.0,1.0
7034d4fcf30a3f739119c290,1.0,1.0,1.0,1.0,1.0
7077c015c694a714f97544d6,1.0,1.0,1.0,1.0,1.0
70a445f791d79a2b8f00c8ac,1.0,1.0,1.0,1.0,1.0
714cf445c1d327453f9aab2e,1.0,1.0,1.0,1.0,1.0
71731a2f78f7541c6541ef88,1.0,1.0,1.0,1.0,1.0
721df29b330347c3a41171bf,1.0,1.0,1.0,1.0,1.0
721ef7d19fff33a48a0e403b,1.0,1.0,1.0,1.0,1.0
722aba67395afbd7c57e8cbb,1.0,1.0,1.0,1.0,1.0
7255c291d8ddc3630922f261,1.0,1.0,1.0,1.0,1.0
729c0b77b5133868f5eca13f,0.0,0.0,0.0,0.0,0.0
72f9cd085cf811d2f77eaac6,1.0,1.0,1.0,1.0,1.0
737b454fd6ed696c7a5cb806,1.0,1.0,1.0,1.0,1.0
73ba7455e5f5a9b1c4fa6c54,1.0,1.0,1.0,1.0,1.0
73c142e19f6e50d07d9909b8,1.0,1.0,1.0,1.0,1.0
73c24e07de36b21c69698251,1.0,1.0,1.0,1.0,1.0
753c9360b7d2d23cb4f7677c,1.0,1.0,1.0,1.0,1.0
7631ddec27e2ae261870326e,1.0,1.0,1.0,1.0,1.0
7642d75f03ef7b595d534700,1.0,1.0,1.0,1.0,1.0
76e5e25c66700e93026dce19,1.0,1.0,1.0,1.0,1.0
77645fb0b4eeb92cbb2bb9ec,1.0,1.0,1.0,1.0,1.0
77a791379107bacda7fa15ba,1.0,1.0,1.0,1.0,1.0
78b232507d602b02d4ece50f,1.0,1.0,1.0,1.0,1.0
78c9f053621ceaa113360465,1.0,1.0,1.0,1.0,1.0
78dd7bd221a90f0a5d185b9f,1.0,1.0,1.0,1.0,1.0
78ee778cdf377e416936d8e1,1.0,1.0,1.0,1.0,1.0
78eec6722fb8b5ee1b2edf7b,1.0,1.0,1.0,1.0,1.0
796a17a24f13d025355793ac,0.0,0.0,0.0,0.0,0.0
797c9b5fde9afd1747911c61,1.0,1.0,1.0,1.0,1.0
7a9ceb34bb7f749b26385108,1.0,1.0,1.0,1.0,1.0
7a9d31690fbcf59e96d23235,1.0,1.0,1.0,1.0,1.0
7b092f3ab456670944b0c239,1.0,1.0,1.0,1.0,1.0
7b0d38bceff0880411a398d1,1.0,1.0,1.0,1.0,1.0
7b777105f038406e27e88b9b,1.0,1.0,1.0,1.0,1.0
7bf2f91b08046a4e51da11ae,1.0,1.0,1.0,1.0,1.0
7c2bb4e89ae957aa2dbd1cf4,1.0,1.0,1.0,1.0,1.0
7c57a20250cb91edf97c6e8b,1.0,1.0,1.0,1.0,1.0
7c87081528b7409a8dab59aa,1.0,1.0,1.0,1.0,1.0
7ce390dafe2588a24a967813,1.0,1.0,1.0,1.0,1.0
7e1ff72b9479ce772733d737,1.0,1.0,1.0,1.0,1.0
7e4e0b39e600913579ba5492,1.0,1.0,1.0,1.0,1.0
7e8c33701fabbe147be9dfc0,1.0,1.0,1.0,1.0,1.0
7eaa3a8c182933078b79b825,1.0,1.0,1.0,1.0,1.0
7f0bb2b6ddc04aa1b6cc933d,1.0,1.0,1.0,1.0,1.0
7f66f2612561159108efe013,1.0,1.0,1.0,1.0,1.0
7f853fd4ccc0f1cf2bcf8946,1.0,1.0,1.0,1.0,1.0
7ffb32c094ff42132a41d0fd,1.0,1.0,1.0,1.0,1.0
800eaa1642100a64b5bf1588,1.0,1.0,1.0,1.0,1.0
80661859c374706d01d82c5d,1.0,1.0,1.0,1.0,1.0
8068b343cfc703d9b056f0d6,1.0,1.0,1.0,1.0,1.0
807bdd4ab2e51e4e976a916f,1.0,1.0,1.0,1.0,1.0
809efb621093c30cf7702756,1.0,1.0,1.0,1.0,1.0
80fde39144702db46177edf9,1.0,1.0,1.0,1.0,1.0
810c53415a82a9106b42562a,1.0,1.0,1.0,1.0,1.0
810f009bea9a321c59534d31,1.0,1.0,1.0,1.0,1.0
814c60dc28d0cd7a285a62e0,1.0,1.0,1.0,1.0,1.0
814db22045d2690b53a99b3d,1.0,1.0,1.0,1.0,1.0
814eb8ebfd00974d89ecc5b2,1.0,1.0,1.0,1.0,1.0
818e60e3fded3e3d40ff1b56,1.0,1.0,1.0,1.0,1.0
820951fbd4225935e7e2d531,1.0,1.0,1.0,1.0,1.0
82acb48fdb5cd846b8777b3a,1.0,1.0,1.0,1.0,1.0
83525d2cedf6cbbb39abca2f,1.0,1.0,1.0,1.0,1.0
8354c3ac0db922289136dea4,1.0,1.0,1.0,1.0,1.0
836711f25e56c388d53dec83,1.0,1.0,1.0,1.0,1.0
84ee33cfb7981b78b36a1f62,1.0,1.0,1.0,1.0,1.0
85a8d4e0b1909c4796287fa6,1.0,1.0,1.0,1.0,1.0
85fd755ec4146d3842275134,1.0,1.0,1.0,1.0,1.0
86db694a8eff8f1448164057,1.0,1.0,1.0,1.0,1.0
86e9eea1e9363f534350e6ca,0.0,0.0,0.0,0.0,0.0
8789f7026239dac90beec09b,1.0,1.0,1.0,1.0,1.0
8818a480a2f2d264f11f7e4b,1.0,1.0,1.0,1.0,1.0
888f70e45cac5a1a36f89f79,1.0,1.0,0.0,0.0,0.0
8893b6492252810e9ce9a9cd,1.0,1.0,1.0,1.0,1.0
889ba46ed8db70f0ed57acfd,1.0,1.0,1.0,1.0,1.0
8a9e9162a798cc173c4e4150,1.0,1.0,1.0,1.0,1.0
8affe98cd9a8aa7c35b904ab,1.0,1.0,1.0,1.0,1.0
8b01d1a9f85a9d6dae786fbc,0.0,0.0,0.0,0.0,0.0
8bec7f5f00adbabdf7390d6b,1.0,1.0,1.0,1.0,1.0
8c04d0d26a1f2c91ad050165,1.0,1.0,1.0,1.0,1.0
8c6a33158e8dc032b78aacf1,0.0,0.0,0.0,0.0,0.0
8c857edcb18c3961b77d799e,1.0,1.0,1.0,1.0,1.0
8c8cc167dbfe8518babf63b5,1.0,1.0,1.0,1.0,1.0
8cce1ab3adab73f89e00538a,1.0,1.0,1.0,1.0,1.0
8cf3516a7d9d7c96b49bd7f8,1.0,1.0,1.0,1.0,1.0
8d32af30a49db48d37573bc0,1.0,1.0,1.0,1.0,1.0
8d344d38942fa49ce4717f4b,1.0,1.0,1.0,1.0,1.0
8e19c5a5530ee11fec9dbdeb,1.0,1.0,1.0,1.0,1.0
8e5c85ce266ae53229639d9b,1.0,1.0,1.0,1.0,1.0
8eb88ca28f12b7a0489078eb,1.0,1.0,1.0,1.0,1.0
8ed2d4a018119a3687ffeae8,1.0,1.0,1.0,1.0,1.0
8f063eb9001f5c14d37fd3bd,1.0,1.0,1.0,1.0,1.0
8f0cb03ddcafcc56ca046d96,1.0,1.0,1.0,1.0,1.0
8f3a48e89d6e9b794476cbac,1.0,1.0,1.0,1.0,1.0
8f4d958fe1282a4ca6422dc6,1.0,1.0,1.0,1.0,1.0
8fa7df2f0e80b164dd2a0ed7,1.0,1.0,1.0,1.0,1.0
8fb11330f50762320ab99f56,0.0,0.0,0.0,0.0,0.0
90105390b2baaeda09e61b34,1.0,1.0,1.0,1.0,1.0
90bc4942f0a8dbee312d69b6,1.0,1.0,1.0,1.0,1.0
90becf9edf9eeb4e64867011,1.0,1.0,1.0,1.0,1.0
90eb08e4ac4b9d5c9eb50165,1.0,1.0,1.0,1.0,1.0
912544c16811c09caf834521,0.0,0.0,0.0,0.0,0.0
91955adf1b103e5211cbd178,1.0,1.0,1.0,1.0,1.0
91d636ddc6dce440862e3230,1.0,1.0,1.0,1.0,1.0
922b1fbfd883a052bbe807de,1.0,1.0,1.0,1.0,1.0
923e4ec1a082773111319ebe,1.0,1.0,1.0,1.0,1.0
928b446bda472ca156a233ee,1.0,1.0,1.0,1.0,1.0
92931d51d0c2ab0de724cbf7,1.0,1.0,1.0,1.0,1.0
93068a37bc6cb9c490539875,1.0,1.0,1.0,1.0,1.0
93dbc104b3ffc48e62a2e8ae,1.0,1.0,1.0,1.0,1.0
942b5e01a1d3b585e01296bc,1.0,1.0,1.0,1.0,1.0
944ccd59eb9642270240cc72,1.0,1.0,1.0,1.0,1.0
944d057f68a780406337ee32,1.0,1.0,1.0,1.0,1.0
9471a32bf8e853d8f03b3c4b,1.0,1.0,1.0,1.0,1.0
95d9102a27b8d3e18b355e49,1.0,1.0,1.0,1.0,1.0
95efd271263f2a1625c57145,0.0,0.0,0.0,0.0,0.0
95f4eb2a7e7caad97eca70ff,1.0,1.0,1.0,1.0,1.0
96129ab0ccf332a1bc0e67da,1.0,1.0,1.0,1.0,1.0
96f01248ff315da94eab9174,1.0,1.0,1.0,1.0,1.0
9714dda5e6549581b04d3da1,1.0,1.0,1.0,1.0,1.0
971a91ed49ea191a9f04710d,1.0,1.0,1.0,1.0,1.0
973cbc8f1508d487180f5dfb,1.0,1.0,1.0,1.0,1.0
973f835f512ca6c633b1c2e3,1.0,1.0,1.0,1.0,1.0
976caaecb5daf0c0e3e2f25f,1.0,1.0,1.0,1.0,1.0
97a1d4744ac6006e785dfe14,1.0,1.0,1.0,1.0,1.0
989a070c64cfbf4091ea449c,0.0,0.0,0.0,0.0,0.0
98a0fb9bcf45f437451ec94f,1.0,1.0,1.0,1.0,1.0
98f9eb6bcbff799871a32f9f,1.0,1.0,1.0,1.0,1.0
98ff1f4a06c34215a9a1ae39,1.0,1.0,1.0,1.0,1.0
9935d124a5ee052345f3af77,1.0,1.0,1.0,1.0,1.0
994e242b6f62f80311e76305,1.0,1.0,1.0,1.0,1.0
99bbdaaa242407efcb8018db,0.0,0.0,0.0,0.0,0.0
99e31e661b709a4ed9bfe450,1.0,1.0,1.0,1.0,1.0
99f8acb06acfab7c38f4aab8,1.0,1.0,1.0,1.0,1.0
9a048d2be3caf57e23fc69e5,1.0,1.0,1.0,1.0,1.0
9a34463bcbb49217f638de44,1.0,1.0,1.0,1.0,1.0
9a5dc1ee782981b5f5d4158c,0.0,0.0,0.0,0.0,0.0
9a62fbd10e978d7f8ca504a7,1.0,1.0,1.0,1.0,1.0
9a6cc0645ce5dc48b0d2c932,1.0,1.0,1.0,1.0,1.0
9b53e9d61fe4830308123329,1.0,1.0,1.0,1.0,1.0
9ba26659d49dcd9fbe4a53b0,1.0,1.0,1.0,1.0,1.0
9c10ece37c8a7049e79edf7d,1.0,1.0,1.0,1.0,1.0
9c9860852bb191f77c9d05a3,1.0,1.0,1.0,1.0,1.0
9ce6ebd2c58485dde3f032b6,1.0,1.0,1.0,1.0,1.0
9d06de412a6d096271681955,1.0,1.0,1.0,1.0,1.0
9d7643fa07c7e9be232e5090,1.0,1.0,1.0,1.0,1.0
9db24e52cc2c077114a86510,1.0,1.0,1.0,1.0,1.0
9dc6a0a54bb6543a03cdae57,1.0,1.0,1.0,1.0,1.0
9dd06590f9ea22239deb1deb,1.0,1.0,1.0,1.0,1.0
9eb5a04261fa43b4884e36f5,1.0,1.0,1.0,1.0,1.0
9f90415ce7c3a7b2bf79f24e,1.0,1.0,1.0,1.0,1.0
9fb4d93b7e3a324e00b8d3a1,1.0,1.0,1.0,1.0,1.0
a027ba923b45e56f81b9c11c,1.0,1.0,1.0,1.0,1.0
a04205d4262f63c45604ef42,1.0,1.0,1.0,1.0,1.0
a062ffd0d6d37764fc9ba9b6,1.0,1.0,1.0,1.0,1.0
a0a89f8fd472e9a3fa6ce967,1.0,1.0,1.0,1.0,1.0
a0b1d6343a021c7eb5904c59,1.0,1.0,1.0,1.0,1.0
a0cc6251b36a4f6888755983,1.0,1.0,1.0,1.0,1.0
a0d937ac9c0f50b34e4f4b48,1.0,1.0,1.0,1.0,1.0
a1e69249adfdc5c0161022c8,1.0,1.0,1.0,1.0,1.0
a26aca6b5ae1673d8bbb7198,1.0,1.0,1.0,1.0,1.0
a27b0376df4be82fa7193668,1.0,1.0,1.0,1.0,1.0
a290b8ab139d3b1077c6aee6,1.0,1.0,1.0,1.0,1.0
a290d5c231c3d80dc5e029bc,1.0,1.0,1.0,1.0,1.0
a2a92715337713f97fc7d10a,1.0,1.0,1.0,1.0,1.0
a32469d4b82d3cec4a1abfd4,1.0,1.0,1.0,1.0,1.0
a39fb852f36c799dc80181c2,1.0,1.0,1.0,1.0,1.0
a3db33fba143a7eef0331b3f,1.0,1.0,1.0,1.0,1.0
a3edc51369e0139ed4dc0a70,1.0,1.0,1.0,1.0,1.0
a4985c9326f08e94e8dd7ab9,1.0,1.0,1.0,1.0,1.0
a49fe68a47e26a9400c2f173,1.0,1.0,1.0,1.0,1.0
a4d928588502467f9b8cc26b,1.0,1.0,1.0,1.0,1.0
a4e9df3c7bf364c72376630d,1.0,1.0,1.0,1.0,1.0
a50f76439223176df97482a9,1.0,1.0,1.0,1.0,1.0
a5628321551195e8c7f68500,1.0,1.0,1.0,1.0,1.0
a5eaec3ec3b082f321bae97d,1.0,1.0,1.0,1.0,1.0
a5fff738a8a2018d2d70caf7,1.0,1.0,1.0,1.0,1.0
a76a1764045592333eab6734,1.0,1.0,1.0,1.0,1.0
a77d8fe6742619aad6d60fec,1.0,1.0,1.0,1.0,1.0
a7fb8171335fe97cd0b133d0,0.0,0.0,0.0,0.0,0.0
a806b59cc20f3121fb8b3b33,1.0,1.0,1.0,1.0,1.0
a80f3f1f8f8bf532e1f9fff0,1.0,1.0,1.0,1.0,1.0
a81de308b1f85eeef16ef5bb,1.0,1.0,1.0,1.0,1.0
a83d7c736f5bb22dc2d763d6,1.0,1.0,1.0,1.0,1.0
a877fc854dc316e6c9cbe634,1.0,1.0,1.0,1.0,1.0
a962470d7bfe748dfc20d2ed,1.0,1.0,1.0,1.0,1.0
a9be4e3fd4d50f84e5adf866,1.0,1.0,1.0,1.0,1.0
a9cc0a8970aa58e400faa8af,1.0,1.0,1.0,1.0,1.0
a9d54667e5c6c4fa5b019157,1.0,1.0,1.0,1.0,1.0
aa7c6a309a92e673fe3c458f,1.0,1.0,1.0,1.0,1.0
ab81286a022c4b7f11a10525,1.0,1.0,1.0,1.0,1.0
ab824a5aa3dee27017feb1db,1.0,1.0,1.0,1.0,1.0
ab991e2849ec57ea27ba1f03,1.0,1.0,1.0,1.0,1.0
ac6f616d23b4eb235e374ea3,1.0,1.0,1.0,1.0,1.0
ac7843b89530989572337952,1.0,1.0,1.0,1.0,1.0
acada62e0496df036743a3b4,1.0,1.0,1.0,1.0,1.0
ad1a9eb2326dac35ad0afac5,1.0,1.0,1.0,1.0,1.0
ad454bef7e44d6f33e250af8,1.0,1.0,1.0,1.0,1.0
ad4a76594e4f64fa96e9e98c,1.0,1.0,1.0,1.0,1.0
ad5738a85f91342f6028330e,1.0,1.0,1.0,1.0,1.0
addd1e30a79d36db6275fff7,1.0,1.0,1.0,1.0,1.0
ae6f1018a2eeef957ef401d7,0.0,0.0,0.0,0.0,0.0
aefb9e579513e3e0e980ff55,1.0,1.0,1.0,1.0,1.0
af187830d4498ef21a0f0bd5,1.0,1.0,1.0,1.0,1.0
af2109df4324614436d7eb92,1.0,1.0,1.0,1.0,1.0
af77c5261ca470f1b4d33220,1.0,1.0,1.0,1.0,1.0
afb44b0161fe7f085fe75981,1.0,1.0,1.0,1.0,1.0
afb53e5ef167fcceda287fbc,1.0,1.0,1.0,1.0,1.0
b02c6012569604952058f8ce,1.0,1.0,1.0,1.0,1.0
b0451abe3d93617198c145eb,1.0,1.0,1.0,1.0,1.0
b0457aca9fe9702119c5a031,1.0,1.0,1.0,1.0,1.0
b083157f320f077779468097,1.0,1.0,1.0,1.0,1.0
b154069fad13575134aef555,1.0,1.0,1.0,1.0,1.0
b1d67d50c7be1ad6dddf7762,1.0,1.0,1.0,1.0,1.0
b2226162dea0ccbceeaba660,1.0,1.0,1.0,1.0,1.0
b28e0e302a80b9f244303fef,1.0,1.0,1.0,1.0,1.0
b2cb5c7764ceaf3880e2e341,1.0,1.0,1.0,1.0,1.0
b2f11e04c47b1ce4a532c45f,1.0,1.0,1.0,1.0,1.0
b41f20d5469480404e19be46,1.0,1.0,1.0,1.0,1.0
b43893e27d14c6b7f52d081b,1.0,1.0,1.0,1.0,1.0
b44a55d9f0ee3bf7fb0d71cd,1.0,1.0,1.0,1.0,1.0
b5033991799349bff8477f6e,1.0,1.0,1.0,1.0,1.0
b55807d387a017664f6dd319,1.0,1.0,1.0,1.0,1.0
b5d9245217c5670de391ad82,1.0,1.0,1.0,1.0,1.0
b65c01e545e8a76cd7eb9527,0.0,0.0,0.0,0.0,0.0
b6bd2f2546bc52f4190f1762,1.0,1.0,1.0,1.0,1.0
b7467c72e0ef7153d80e452c,1.0,1.0,1.0,1.0,1.0
b76af9b3a5cbc8e80dd75718,1.0,1.0,1.0,1.0,1.0
b7b397d8074078416df0f850,1.0,1.0,1.0,1.0,1.0
b7f2386af8523f0819eb8fcf,1.0,1.0,1.0,1.0,1.0
b81a4f39c6363241c51a8617,1.0,1.0,1.0,1.0,1.0
b84e06049556d188667b87a4,1.0,1.0,1.0,1.0,1.0
b8bfcdae6e3d160dfbd076d4,1.0,1.0,1.0,1.0,1.0
b8c6653a58f7e90fb25aa932,1.0,1.0,1.0,1.0,1.0
b8d2025f86e4e2a91fd45b06,1.0,1.0,1.0,1.0,1.0
b9b7017974502ad05d9afeb1,1.0,1.0,1.0,1.0,1.0
b9f42151b945092b6821269a,1.0,1.0,1.0,1.0,1.0
ba761efccc086099206d1e8a,1.0,1.0,1.0,1.0,1.0
babc656f41ecc394532a2575,1.0,1.0,1.0,1.0,1.0
bb65502508203ef566a9e8e1,1.0,1.0,1.0,1.0,1.0
bb661b3bf8707ecd19dda61a,1.0,1.0,1.0,1.0,1.0
bb864ce5c715d05c2d951f7f,0.0,0.0,0.0,0.0,0.0
bbb2db4b5b98dbfdfef5e2df,1.0,1.0,1.0,1.0,1.0
bbd3ca8a136bbd606b842cb9,1.0,1.0,1.0,1.0,1.0
bbd9d1ea073d7b9f686e9582,1.0,1.0,1.0,1.0,1.0
bbdcc04183792b515ff07208,1.0,1.0,1.0,1.0,1.0
bc05868eec0a36554029729b,1.0,1.0,1.0,1.0,1.0
bc168a94f788811487858582,1.0,1.0,1.0,1.0,1.0
bc3159ed1be21100c38253db,1.0,1.0,1.0,1.0,1.0
bc7a149fd00ddd432d009124,1.0,1.0,1.0,1.0,1.0
bca6e9c6ccb626815f433fb7,1.0,1.0,1.0,1.0,1.0
bcbf6e45b5dab3020b3beeff,1.0,1.0,1.0,1.0,1.0
bd4fad098a772b1e977e2961,1.0,1.0,1.0,1.0,1.0
bd50c3ec8dfe11ddb6c9aa9a,1.0,1.0,1.0,1.0,1.0
bd718c3e788ff9def227c15c,1.0,1.0,1.0,1.0,1.0
bdb0c89eaa8629e6eb6eec30,1.0,1.0,1.0,1.0,1.0
bdde61abe037f26697d41b76,1.0,1.0,1.0,1.0,1.0
be1e3c62837c278cbd113dc1,1.0,1.0,1.0,1.0,1.0
be234599d476b685c2027ff1,0.0,0.0,0.0,0.0,0.0
be67383b8a346946fe8ee3ab,0.0,0.0,0.0,0.0,0.0
becb68ba57476015ae8c5b8c,1.0,1.0,1.0,1.0,1.0
bf094bb2f84ab69e303fe2a4,1.0,1.0,1.0,1.0,1.0
bf3a7cda73e2331d87c94619,1.0,1.0,1.0,1.0,1.0
c0239402bc5ea466bd7c7736,1.0,1.0,1.0,1.0,1.0
c09025304ed2d3daac742d50,1.0,1.0,1.0,1.0,1.0
c13f737204765579abfe3593,1.0,1.0,1.0,1.0,1.0
c16d712b2e6e73bc9104174f,1.0,1.0,1.0,1.0,1.0
c1b1d2df78dd85212137e0e8,1.0,1.0,1.0,1.0,1.0
c1bff128f430e48489a8b6ea,1.0,1.0,1.0,1.0,1.0
c2207f41000d789c4564358d,1.0,1.0,1.0,1.0,1.0
c3332723f4497659381fa7d0,1.0,1.0,1.0,1.0,1.0
c377b99e1e4e9d2856e4f85b,1.0,1.0,1.0,1.0,1.0
c38f6c2e403c7637dd6e9cfe,1.0,1.0,1.0,1.0,1.0
c3b09166563bd1bfc24a67e0,1.0,1.0,1.0,1.0,1.0
c3bca336f5f0b3fa050234b2,1.0,1.0,1.0,1.0,1.0
c3d32dfdfa3f5932821818d8,1.0,1.0,1.0,1.0,1.0
c41cb0570d83f80e63017af5,1.0,1.0,1.0,1.0,1.0
c46551a78fbc427ab95a2b4f,1.0,1.0,1.0,1.0,1.0
c520adc82d08f0229fc8abe5,1.0,1.0,1.0,1.0,1.0
c54ce0882aff260eea0293aa,1.0,1.0,1.0,1.0,1.0
c5539f386cec9ba31711443a,1.0,1.0,1.0,1.0,1.0
c585ef630b8b7660f365e362,1.0,1.0,1.0,1.0,1.0
c5c6b42cf5c22c34972c736e,1.0,1.0,1.0,1.0,1.0
c5dd29c479df05f2d6a73c8d,1.0,1.0,1.0,1.0,1.0
c6ff83d217b3932b6b06a871,1.0,1.0,1.0,1.0,1.0
c760c08e8e47a36d7f63b14f,1.0,1.0,1.0,1.0,1.0
c76e53e21ddeb461567e2886,1.0,1.0,1.0,1.0,1.0
c7cbcefe73de14741e0b23b0,1.0,1.0,1.0,1.0,1.0
c8e71ca8dee55862159827c4,1.0,1.0,1.0,1.0,1.0
c8e81d9e6a9d5139652d7900,1.0,1.0,1.0,1.0,1.0
c9308f7500bc539f01d6ec1c,1.0,1.0,1.0,1.0,1.0
c96eb8d8a869c374676511e9,1.0,1.0,1.0,1.0,1.0
ca2b48371222997cdd9dc2ff,1.0,1.0,1.0,1.0,1.0
ca3be428f8035d05ada24049,1.0,1.0,1.0,1.0,1.0
ca4200fa9beb31cf0a626ba1,1.0,1.0,1.0,1.0,1.0
ca86331b6545f4a85d8986fe,1.0,1.0,1.0,1.0,1.0
ca8bdc4bbcd698980ce5b7c3,1.0,1.0,1.0,1.0,1.0
cb7aa5c634106bb0a12fac99,1.0,1.0,1.0,1.0,1.0
cbedd8fd8d9ca82173d697bd,1.0,1.0,1.0,1.0,1.0
cc04dd44c8bae5b4ae53a36b,1.0,1.0,1.0,1.0,1.0
cca3193ec25c58617967bace,1.0,1.0,1.0,1.0,1.0
cd5c2ffeb7859a82359508ba,1.0,1.0,1.0,1.0,1.0
cd62f0107e6d3d8d378e5c77,1.0,1.0,1.0,1.0,1.0
cea1febca2598b6941f02b81,1.0,1.0,1.0,1.0,1.0
ceaa7d0d552ae4cc02233f08,1.0,1.0,1.0,1.0,1.0
cfd669e18f3baea39326cb3d,1.0,1.0,1.0,1.0,1.0
d09913b9579891d08c48bc22,1.0,1.0,1.0,1.0,1.0
d0bdfd2c1baaaa9ee4a43309,1.0,1.0,1.0,1.0,1.0
d17a9a39fcd1ce4cbdddcb90,1.0,1.0,1.0,1.0,1.0
d18930aaad172f4dc85eface,1.0,1.0,1.0,1.0,1.0
d2170089446e1c503baec2b3,1.0,1.0,1.0,1.0,1.0
d2924e800087062ffd4ec5a0,1.0,1.0,1.0,1.0,1.0
d2bd7dfd3da3448aa4362955,0.0,0.0,0.0,0.0,0.0
d2c6c36722ec64c94fb60029,1.0,1.0,1.0,1.0,1.0
d312a31f84ed0120159e817c,1.0,1.0,1.0,1.0,1.0
d3153e64e601d6b6a659c59b,1.0,1.0,1.0,1.0,1.0
d36ec3d412ec88e361802476,1.0,1.0,1.0,1.0,1.0
d45d31788688f9dcfa2c8fae,1.0,1.0,1.0,1.0,1.0
d4ae82c5377113c017bbdf7f,1.0,1.0,1.0,1.0,1.0
d522dc18ff0b2c414cb92700,1.0,1.0,1.0,1.0,1.0
d53a178d87dd623399fbaa64,1.0,1.0,1.0,1.0,1.0
d5f388ec56a3bdafea1bd968,1.0,1.0,1.0,1.0,1.0
d647827244578b8cea69e2a8,1.0,1.0,1.0,1.0,1.0
d66b6aed8e56e9cc597dbac6,0.0,0.0,0.0,0.0,0.0
d68fbff33e24cb65b0749d0f,1.0,1.0,1.0,1.0,1.0
d6a2284fa5f14517317747f6,1.0,1.0,1.0,1.0,1.0
d6ca5487b960f7dd5bc83e80,1.0,1.0,1.0,1.0,1.0
d71fc9c9284c78eb61fefe98,1.0,1.0,1.0,1.0,1.0
d7c3077fc1db3fb24f2bd57f,1.0,1.0,1.0,1.0,1.0
d856971b914d9d6ee008aa30,1.0,1.0,1.0,1.0,1.0
d8b804dc8f1bd104011e90c4,1.0,1.0,1.0,1.0,1.0
d93e15cddee3119b286b2547,1.0,1.0,1.0,1.0,1.0
d975aba8a72384f46274b71b,0.0,0.0,0.0,0.0,0.0
d989fb50dec34a84a3699cf4,1.0,1.0,1.0,1.0,1.0
d991b3136ef1f11a082198a4,1.0,1.0,1.0,1.0,1.0
d9dbf1769f969b801467eb4f,1.0,1.0,1.0,1.0,1.0
d9dea73448ddaedc2e6859a9,1.0,1.0,1.0,1.0,1.0
da0df07eadd25cfc4c83170b,1.0,1.0,1.0,1.0,1.0
da351233a97d74fd574d288e,1.0,1.0,1.0,1.0,1.0
dab2b5436155a3d19c98ffcd,1.0,1.0,1.0,1.0,1.0
daf1c0b01abe4ada78532fca,1.0,1.0,1.0,1.0,1.0
db00b766a7eb43fc09dee3ad,1.0,1.0,1.0,1.0,1.0
db1573bece9213e8e78c1d6d,1.0,1.0,1.0,1.0,1.0
db18d1da42b31dc938847d52,1.0,1.0,1.0,1.0,1.0
db4c98641edf9911989263c9,1.0,1.0,1.0,1.0,1.0
dc25fb3d1f594c864eabd750,1.0,1.0,1.0,1.0,1.0
dce54bbe44e583ef5becd9ba,1.0,1.0,1.0,1.0,1.0
dcfb5704119f0ea137b45c1c,1.0,1.0,1.0,1.0,1.0
dd1ea1f919d11aba166d4c45,1.0,1.0,1.0,1.0,1.0
ddd897fb405533bc0d067c31,1.0,1.0,1.0,1.0,1.0
ddf0380afb5a6e73204a8c93,1.0,1.0,1.0,1.0,1.0
de4d3589ac3cb2243519db3f,1.0,1.0,1.0,1.0,1.0
de81108e62681bde8d20ae3b,1.0,1.0,1.0,1.0,1.0
df5e1703f6cc80f50f05ff1d,1.0,1.0,1.0,1.0,1.0
df8caae3f5d2d93761cb2765,1.0,1.0,1.0,1.0,1.0
e017a03cd688241814c34f8f,1.0,1.0,1.0,1.0,1.0
e0485eaa49a5b96ffbe96685,1.0,1.0,1.0,1.0,1.0
e080133fbb93c06c3acdbc5b,1.0,1.0,1.0,1.0,1.0
e0a17d34eae7a9bec9d4e54c,1.0,1.0,1.0,1.0,1.0
e0c8b1d2e7e29b8bd143f11e,1.0,1.0,1.0,1.0,1.0
e0eb8606055fd0a826a93c65,1.0,1.0,1.0,1.0,1.0
e0f9d910c52e12d998cf29ef,1.0,1.0,1.0,1.0,1.0
e147af46739e4dca835d0f26,1.0,1.0,1.0,1.0,1.0
e1e70c27863bd022f5d3f0b5,1.0,1.0,1.0,1.0,1.0
e2146c47001d2b0e2314784a,1.0,1.0,1.0,1.0,1.0
e24374218398ce5c6498da98,1.0,1.0,1.0,1.0,1.0
e2ce02fd0f6f8ae88eb7d754,1.0,1.0,1.0,1.0,1.0
e35c3d1c267ce3965e479809,1.0,1.0,1.0,1.0,1.0
e38ad6fc9d25ec7395f23cd9,1.0,1.0,1.0,1.0,1.0
e3a47c2825d559dff1b0e01a,1.0,1.0,1.0,1.0,1.0
e3b6681104c742e96cd17027,1.0,1.0,1.0,1.0,1.0
e406d851481169788c664048,1.0,1.0,1.0,1.0,1.0
e4132f1c0e0250ad35aedae6,1.0,1.0,1.0,1.0,1.0
e42ddd63a7a4a740d7da642a,1.0,1.0,1.0,1.0,1.0
e4ab4e285319ac252fb3e8dd,1.0,1.0,1.0,1.0,1.0
e59ef51482155056b7fa14a9,1.0,1.0,1.0,1.0,1.0
e5ca685658909197d0c1f455,1.0,1.0,1.0,1.0,1.0
e61f8bde9be407099cfb13b0,1.0,1.0,1.0,1.0,1.0
e71c1edc1c9438f53da32fab,1.0,1.0,1.0,1.0,1.0
e9570185e08d228e074db15b,1.0,1.0,1.0,1.0,1.0
e9b27391f965f44fe7780327,1.0,1.0,1.0,0.0,0.0
eaa0f4c163dfcd277412d019,1.0,1.0,1.0,1.0,1.0
eab4cb38e96a0e2e79071087,0.0,0.0,0.0,0.0,0.0
eb268ef437a49e8fa3696ecd,1.0,1.0,1.0,1.0,1.0
eb428c43fa76d535a6316222,1.0,1.0,1.0,1.0,1.0
eb57e5dcbee5a9353c640b7c,1.0,1.0,1.0,1.0,1.0
ebed4b6588a055ad03839f66,1.0,1.0,1.0,1.0,1.0
ec11c81adeae2358ff8c58d9,1.0,1.0,1.0,1.0,1.0
ec2e5d68760f40c72cd707cc,1.0,1.0,1.0,1.0,1.0
ec7b9db12966d68c3848886e,1.0,1.0,1.0,1.0,1.0
ed0643c2649ab0436e7931d0,1.0,1.0,1.0,1.0,1.0
ed5f60291f529dc1b33ba86d,1.0,1.0,1.0,1.0,1.0
eda8d43cdc91ba69ca3c03d7,1.0,1.0,1.0,1.0,1.0
eda9639460995eb898d97951,1.0,1.0,1.0,1.0,1.0
ee41e3863ee00e659627c396,1.0,1.0,1.0,1.0,1.0
ef33d70b2c5eaf90d3399cfd,0.0,0.0,0.0,0.0,0.0
ef95be2746b5a2fa63e475fb,1.0,1.0,1.0,1.0,1.0
f002a82c48f15037cb3bc143,1.0,1.0,1.0,1.0,1.0
f02c5b9df701c596d948fbdf,0.0,0.0,0.0,0.0,0.0
f04745ddb79cb911d38adf23,1.0,1.0,1.0,1.0,1.0
f0d4b6b92cc720ac7ca1f142,1.0,1.0,1.0,1.0,1.0
f1813c9d3ea28f8f46580da6,1.0,1.0,1.0,1.0,1.0
f18537d1d306f75e18059135,1.0,1.0,1.0,1.0,1.0
f1f78745e88ddffcc541ca69,1.0,1.0,1.0,1.0,1.0
f2088fae06d96473dee0cb3a,1.0,1.0,1.0,1.0,1.0
f2bb30d1c332954a98a22af3,1.0,1.0,1.0,1.0,1.0
f30c6330f163bc8d2d3785dd,1.0,1.0,1.0,1.0,1.0
f3638a3b5ec99112f5a8d974,1.0,1.0,1.0,1.0,1.0
f3835176fe0d44d8b5ed4c7b,1.0,1.0,1.0,1.0,1.0
f40d8a978be60563e5a0c556,1.0,1.0,1.0,1.0,1.0
f4b14c7c4900047a419748d5,1.0,1.0,1.0,1.0,1.0
f4c00e018431974ef7077745,1.0,1.0,1.0,1.0,1.0
f50e2193ca89e244c10e44f4,1.0,1.0,1.0,1.0,1.0
f52352c0603cf33780c2e64c,1.0,1.0,1.0,1.0,1.0
f54f4d495c0966659fca144f,1.0,1.0,1.0,1.0,1.0
f5c44ef0407c267d9557a8ed,1.0,1.0,1.0,1.0,1.0
f5e7d13e6eba2f40f7972aa5,1.0,1.0,1.0,1.0,1.0
f5ea9b88d6bcb0156b3980f7,1.0,1.0,1.0,1.0,1.0
f610614225b2b422860c14b7,1.0,1.0,1.0,1.0,1.0
f61fad244e656bfb62235a0e,1.0,1.0,1.0,1.0,1.0
f62d5b6f6504caa4778cfa0f,1.0,1.0,1.0,1.0,1.0
f67b16b7df355da85aa01318,1.0,1.0,1.0,1.0,1.0
f742eb57e342f0c17bd10f02,1.0,1.0,1.0,1.0,1.0
f790b75ad494d9ce3c590d87,1.0,1.0,1.0,1.0,1.0
f7e8258f77d0c491d63d5cd3,1.0,1.0,1.0,1.0,1.0
f8c2279bf1668f7dad8a64d8,1.0,1.0,1.0,1.0,1.0
f8cacf19ccd7222f8143565f,1.0,1.0,1.0,1.0,1.0
f99110babb95d73c2cc1ffe5,1.0,1.0,1.0,1.0,1.0
f996f2912cbd8214777370a4,1.0,1.0,1.0,1.0,1.0
fa433117b4f2a581a4c1f2c9,1.0,1.0,1.0,1.0,1.0
fa456f4dab3e42748706a170,1.0,1.0,1.0,1.0,1.0
fa585529764ad6d739706cf6,1.0,1.0,1.0,1.0,1.0
faa6ffa646c5f9a1e2e4430d,1.0,1.0,1.0,1.0,1.0
fad7636b4ae16bbcf33a6bbc,1.0,1.0,1.0,1.0,1.0
fb03d8efd03df78d19270577,1.0,1.0,1.0,1.0,1.0
fb9bcf25f3432bc22ed4fe91,1.0,1.0,1.0,1.0,1.0
fc8a0f8dafe8e9ed92133f1b,1.0,1.0,1.0,1.0,1.0
fc9658c613870180c953d60d,1.0,1.0,1.0,1.0,1.0
fd249d4d9407594c5290f088,1.0,1.0,1.0,1.0,1.0
fd25426c5f97794698eac34a,1.0,1.0,1.0,1.0,1.0
fd5866bcfa2a05468be5564c,1.0,1.0,1.0,1.0,1.0
fddcf3e400279a2070242932,1.0,1.0,1.0,1.0,1.0
fe5929e45e350c8775e0a7cf,1.0,1.0,1.0,1.0,1.0
febf7a03269d112bac19c822,1.0,1.0,1.0,1.0,1.0
ff9a2aab6a8df594b46a9db7,1.0,1.0,1.0,1.0,1.0
ffa3be2476353322cd0e8fe6,1.0,1.0,1.0,1.0,1.0
ffbbe94eb9fe6d33da74092a,1.0,1.0,1.0,1.0,1.0
ffdd289c02b8d1a292cd4e50,1.0,1.0,1.0,1.0,1.0
