mode,context_key,query,item_id,old_rank,new_rank,same_location,distance_km
unseen_text,00376f4ca2018fc1875844bb,откосы на входную дверь,9564b0a1bc8746f4,4,4,True,9.846363067626953
unseen_text,003d6201d9d495ea36cc8ec7,прием пленки,41596c6028ae884f,2,3,False,63.326148986816406
unseen_text,00c44b1f97ecb5ebb380d429,изготовление гос номеров на машину,1c0dbe7c0bb2878b,1,1,True,2.5191898345947266
unseen_text,00c605ed59d1de061adcb5f4,укладка фартука на кухне,f5daec3b1163a137,1,1,True,8.557015826227143e-05
unseen_text,00c92de694656fcb7d1c2840,старокорсунская,ce1f8693a21ca01c,0,0,True,
unseen_text,00ca778a7216554898efca9d,ремонт прокладки гбц,56ff2e1608583b55,1,1,False,
unseen_text,00eae68ad66d3b90b5b47dfd,ремонт блока абс mercedes,80d370400579e3f5,5,7,True,4.856252670288086
unseen_text,01092f27b81097a624a60fd1,стрижка кошек на дому с выездом,e756ffb51348eba7,15,12,True,3.271440029144287
unseen_text,014577bb57aa35332e7dd9dc,татуаж бровей,2075490214a238b2,5,1,True,9.688193321228027
unseen_text,014577bb57aa35332e7dd9dc,татуаж бровей,2a65ecc6f9970728,16,10,True,2.825234889984131
unseen_text,014577bb57aa35332e7dd9dc,татуаж бровей,82f2ea902ebe7a16,25,19,True,5.42032527923584
unseen_text,019ff9ac825ccebcf4467405,бара грунторез,1bd6b0e7aec43be1,52,94,True,0.05711193382740021
unseen_text,01a83ed72902035db6e734fa,укладка пола,1c418af3ab813a9e,1,3,True,0.20071172714233398
unseen_text,01b343aa59483237154b0101,подбор жилья с отчетными документами,c94de09e9873b7be,1,1,True,6.5890703201293945
unseen_text,01cf615ee14a337ad404a79f,выкуп стиральных машин,a7ecf70217b5ff00,4,2,True,6.373906135559082
unseen_text,01d458cdfc42bede28726e46,песня,7ae86c4a829068d2,3,2,True,0.13262340426445007
unseen_text,0225a716f39c5c7c702e3e39,ремонт брелков автосигнализаций,c74149ed10e117c9,15,10,True,1.6519436836242676
unseen_text,0231f77013fbf9807a8faf65,лифтинг,41eb48e967a99233,1,1,False,
unseen_text,026a3472fb882f368449c443,снять домик для двоих,5850fcfd4c39b414,5,5,True,5.9865593910217285
unseen_text,02b35167a999bac24b2f6525,покупка книг,37543b9817f785bc,2,2,True,0.0
unseen_text,02cc79fd455797ef699ad0e3,ремонт профессиональных кофемашин,55d15e92fb051738,2,1,True,2.1347694396972656
unseen_text,03034a6a2235d0d32615f80c,скупка телевизоров на запчасти,3810c54616fc9824,40,46,True,11.716486930847168
unseen_text,03611695fbc20b37cec7b566,мастер по ремонту квартир,5e9025e8df53c4ba,4,4,True,10.07196044921875
unseen_text,03c3f420018860efff352804,посредник в японии mercari,fab5bf956436a174,2,2,False,
unseen_text,03c7f467cedc0f3bc60a7c79,лфк для детей,b32a7393739d6d21,1,1,True,0.8754829168319702
unseen_text,03ce2ce51b795ee6fc6f73f0,аренда ручной лебедки,716f6c97ccbb3164,23,11,False,19.376264572143555
unseen_text,0406b12c3181e2ce4520667a,заточка инструмента,4be067eae7dd2ee3,2,2,True,4.8856706619262695
unseen_text,04081e269436e1657e38a6b8,ремонт и диагностика акпп,48493a512a7363a5,2,2,True,1.1205475330352783
unseen_text,04210ad5d6248234369c1904,артисты на праздник,85875cfefd60b775,1,1,True,0.0
unseen_text,042dfba0027d0cc27b80f4d0,тамада на юбилей,5069a3019a3f1646,3,2,True,1.6562488079071045
unseen_text,043f0f315d5cf497c177d0c5,услуги фрезеровщика,fb718a07b8d54ad6,3,1,True,0.0
unseen_text,04471b223a218d20424b0d4d,тула москва,65881b4e018100f5,32,31,True,1.5150706768035889
unseen_text,0458bdfbe1b315c7175c6404,укладка кафельной плитки,0659cf37ead02fdc,7,6,True,3.0905284881591797
unseen_text,045fdd2f02440f92390e3982,ремонт двигателей bmw,ecc1cc466e57f5f5,16,16,True,4.097650527954102
unseen_text,04660bfeb33e084339764410,виза шенген,7f4aa1f73df00297,12,14,False,
unseen_text,047124045f631c3a7ff92b3f,натяжной потолок от частника,e7411ddddeecd17f,43,45,False,18.320484161376953
unseen_text,0486f1ca67a20570795c8a9f,пескоструйная обработка,ec47093a8a8e656d,4,4,True,2.898334264755249
unseen_text,049415175b9cd377a8cf1058,наращивание волос,67809d3c38d083d6,19,21,True,4.9523797035217285
unseen_text,049415175b9cd377a8cf1058,наращивание волос,6c848488cd9be3a1,3,2,True,0.9825749397277832
unseen_text,0506bf6e09766529a5ce7217,гтд на двигатель,babf7d20309a1169,1,2,False,
unseen_text,054efd7312a2cb04808ba644,аренда фургона,992303680e61a7d5,6,5,False,
unseen_text,055bde24bb7487b881f0b7db,оценщик недвижимости,18b87f200f51bc4d,4,4,True,0.6497277021408081
unseen_text,0669097144a96c5708772f12,миграционный юрист,4872cb591d14949f,16,19,False,
unseen_text,06704e22de2366e9462e14f1,демонтаж фундамента,351401ae9a93b772,1,1,False,
unseen_text,06857de4edda5d1dd460e6c9,стиральная машина выкуп,cd3f7c9821e7d1f3,11,11,True,1.0009992122650146
unseen_text,0692ed90ef28d92a9c959916,диагностика акпп,5e7e92e752cd781d,1,1,True,6.192577838897705
unseen_text,06b7b41e40987534347f59d9,скупка ps4,5b4014283452b302,6,5,False,
unseen_text,071933760d82c5cd6deab75e,дом отдыха с бассейном,40367c5aa05d220a,7,6,True,18.678760528564453
unseen_text,071933760d82c5cd6deab75e,дом отдыха с бассейном,dc72b2a7b019206f,12,11,True,13.442336082458496
unseen_text,0729ea447b6556ed9897956c,надувной медведь,d04eb35ba585a019,9,8,True,3.4328994750976562
unseen_text,0746ce9c1d296c37e2738ce2,клейка обоев,6223707d3acf3c77,3,4,True,3.776165008544922
unseen_text,07aecbbacf6e71173e781517,развал схождение на куйбышева,87ceb240687421cb,3,1,False,
unseen_text,07ea1b8664b7cb6daa07d994,аренда авто,b1411f1ce70c7749,98,384,False,1008.3947143554688
unseen_text,07ea1b8664b7cb6daa07d994,аренда авто,b8e330b4086ce8c4,2,3,True,9.256900787353516
unseen_text,0800004ecaa4e9a7d90a0f4d,замена стекла фары,e308c60d7107e70c,1,1,False,
unseen_text,080bdb52be817309e6eac15b,массаж после кесарево,b20a94093928d1d4,3,3,False,19.93570899963379
unseen_text,080df04a88e1f29b7a6fc9db,поменять экран на iphone,bfb933b7d458eda4,3,3,True,2.4660282135009766
unseen_text,0880fec13f8af05bc5761ef1,наращивание ресниц модель,941d9207e957a733,8,7,True,0.9143511056900024
unseen_text,0890aaaa4d97560743b54620,мастер класс по керамике,ec2cef8174a83560,2,2,True,4.981815814971924
unseen_text,0891f59a16e270c5f3e59d21,дымоход,67f7577034270094,5,4,True,5.716883182525635
unseen_text,08ac7c045210a904a54cd21c,шенгенская виза италия,005da936603e4dcb,15,11,False,
unseen_text,08d36b4529f3d864799c0a02,кавитация,881177b7a434ef48,1,1,True,1.1272680759429932
unseen_text,09204bd67b36015f740e0a84,рыбалка с баней,07c6da3e7ecb99e1,1,1,True,0.8895716667175293
unseen_text,095f3202c9634b9ef23d616b,манипулятор 5 тонн аренда,4c09d65b6067aa78,1,1,True,0.8036249876022339
unseen_text,0974f335e957141ceddff728,передержка кошек,2a1954d219119525,2,2,True,0.03284135460853577
unseen_text,097a64735a6eccaac81725c7,биозавивка волос обучение,fca14fa60fac8433,28,31,True,0.6228783130645752
unseen_text,0a085f95c0ca29735cd546fe,уроки игры на виолончели,874c91623ec94fb8,4,1,False,
unseen_text,0a250195baa505d695bc44b8,обработка от плесени грибка,184dc8e6ef5ed8cc,17,15,True,0.44166919589042664
unseen_text,0a2e7f30d3130a43521e6400,таблички на дверь,f9a09c74384fdb05,4,6,True,8.039144515991211
unseen_text,0a31139460d4462d1360f24e,аренда автомобиля на месяц,ce3600987b07826f,3,3,True,7.654608726501465
unseen_text,0a7464ed836ea8a0d1ac6799,u2 под выкуп,767a029ef2cc93f1,12,12,False,
unseen_text,0a8aafc722e29a3c611586c5,аренда гуся,43be6d9437f61b7c,0,0,False,
unseen_text,0a95b36cb78358d2a4af147b,окраска крыш,76a5928aaf7fdc58,1,1,True,0.0
unseen_text,0aa892602fa5e9a177791447,фотосессия для беременных,3143ce0ce018273e,12,9,True,0.37379443645477295
unseen_text,0abbbadfafdfc01f2e080b64,снять домик в лесу,40367c5aa05d220a,10,15,True,18.678760528564453
unseen_text,0ae602171eb709432e264383,ремонт москитных сеток,4d55fca888e8c945,8,8,True,9.165440559387207
unseen_text,0b35515582754b9b0af37a20,трансфер кисловодск,25b548db9af1437c,9,6,True,0.00019595876801759005
unseen_text,0b79e884df46e5d6c52d9dfa,украшение помещений,24f280f42cbe61b6,47,47,True,0.0642373338341713
unseen_text,0bb0a11114fe21e4e91c499d,декоратор на свадьбу,01dce1506ec10513,11,12,True,13.162863731384277
unseen_text,0bb195aa9be481cca98fd026,изготовление заборов из профлиста,7cd8ce86b84060e7,8,8,True,3.7877554893493652
unseen_text,0bd852119a00c2ef0c2a334e,ремонт пластиковых окон и дверей регулировка,4fb9e20a647c5ec0,10,9,True,0.7671090364456177
unseen_text,0beacc475b1d07ebb2c5f586,ютуб адсенс,d9b409483f5d4d2f,1,1,True,4.192300548311323e-05
unseen_text,0bfb297a49beb2f559061eda,фотобудка в аренду,2f5d4d00b19a2e34,1,1,True,0.3737698197364807
unseen_text,0c1c6d889bf62f840a7f6ff2,сборка корпусной мебели,62002f42a192ae41,2,1,True,6.8012566566467285
unseen_text,0c271238c49f3a75872770db,грузоперевозки краснодар москва,52c8e95fd79758a4,15,20,True,9.299333572387695
unseen_text,0c36b2ad82023eff7572f55a,перевозка груза на пикапе,57f73e8219c21a27,1,1,True,1.1793153285980225
unseen_text,0c95588feff5073f2e1ef1bd,прошивка веста,3a9da12150d270ab,1,2,False,19.240772247314453
unseen_text,0d001123cf1da03532c70752,аренда полки в магазине,0118f4cc973c9662,1,1,True,11.367810249328613
unseen_text,0d0bfee7b0dac21f25af56ec,выкуп сломанных телевизоров,f99f2f94a5560492,1,1,True,1.646298885345459
unseen_text,0d106c02cc2665a996fa1767,эмалировка ванн,d3ba597883b0a575,2,8,False,
unseen_text,0d1beeb4f28b0e93e2f687ae,sony playstation 5 скупка,9ffaf53ca86b68fa,2,3,False,
unseen_text,0d27d85e106f068f059d55ab,бригада каменщиков,a3d8bd3c943622b3,11,11,True,3.5993385314941406
unseen_text,0e22b00c78312da9d6eebb65,мануальный терапевт,740a7ea17c9b1373,5,5,True,1.709643840789795
unseen_text,0e2d204d6a901e7f3b56d6a4,обучение на погрузчик,ac6ff6577d3c0e14,1,1,True,11.611950874328613
unseen_text,0e63d12c71e03a2fa7453321,стеклодув,0841c38b096df09e,2,1,False,14.675284385681152
unseen_text,0ec0c4ccf79a125d6bf74458,установка фаркопа,0dfef9b70387acfd,1,1,True,4.6114583015441895
unseen_text,0f06563cc5926e010a558cd6,заправка автомобильных кондиционеров,df8e656ec45d0b86,1,1,True,1.3293068408966064
unseen_text,0f368b56a82e46056fcd5d69,карта visa,bb326223a36851f1,13,12,True,0.20261669158935547
unseen_text,0f4ef95b7dd319e20cb9bdc9,вскрытие автомобиля,31cc625eb231042d,1,3,True,5.185969352722168
unseen_text,0f91880cb6b43a45e31df46f,реставрация кухонных фасадов,1bd59f34f14343e5,3,3,True,2.608424186706543
unseen_text,0f9f96940610de0cb639c58c,дизайн фотошоп,72f8ad1575859bf2,2,2,True,1.680403709411621
unseen_text,0ff7f26f63022d088da814be,замена аккумулятора iphone 12 mini,e34663ce17eb9480,1,1,True,11.978100776672363
unseen_text,104865140e49a654e346d99b,массаж расслабляющий,f5d35403e55e6d20,85,84,True,11.94202995300293
unseen_text,105b75a1fa435486e900d2d8,сиделка для лежачего,9ec30c0ec9e700fb,1,1,True,0.7009707689285278
unseen_text,1086f823873ed600e7156ff2,ремонт гребных валов,7c12ef7f479500c0,1,1,True,9.86610221862793
unseen_text,109344fde7ec623aeb306e55,скупка железа с выездом,96563f2a9c9c447c,4,4,True,0.0642373338341713
unseen_text,10d7ff2fd51bbac1cd0ad0b2,наращивание волос рассрочка,83ccb94bf05c0716,294,178,False,623.5502319335938
unseen_text,1145992e5eb38cf24210ce8f,аренда электросамоката,26c069c6e39c7032,1,1,True,4.1064558029174805
unseen_text,1146c5ef4f3bb5f496b5e7fe,бригада белорусов,3b2ee7c33203266b,98,78,True,9.25265884399414
unseen_text,11c94f57c1d8e1a8d4accbf5,хирург,d45db6b1e6e98efa,476,192,True,1.1023526191711426
unseen_text,1296fe0d35dbd757ab5f42ed,баня с бассейном,c250cfc3f7bf29ab,3,3,True,7.593040466308594
unseen_text,1298762dfa93a79528969966,ремонт электросамокатов,18295bb2e190dfb1,20,18,True,9.428925514221191
unseen_text,1298762dfa93a79528969966,ремонт электросамокатов,21acf04748c8a320,5,6,True,3.0578527450561523
unseen_text,1298762dfa93a79528969966,ремонт электросамокатов,434784f04bf5b78f,7,7,True,8.258718490600586
unseen_text,1298762dfa93a79528969966,ремонт электросамокатов,ca3440e162fc7e08,9,5,True,8.29656982421875
unseen_text,1298762dfa93a79528969966,ремонт электросамокатов,ca6b6a63d43b06fb,3,2,True,3.011840343475342
unseen_text,12a939bf4e87b41528a6e942,толщиномер аренда,9add7a2a98e64a62,28,18,True,14.611533164978027
unseen_text,130e21e5bb5cc942e42f58d7,вывоз мусора с дачного участка,6f2ad3e15bda47b3,1,2,True,0.9907300472259521
unseen_text,134cbe950e04f0d6c1add875,снять дом для праздника,87fb995181062125,3,3,True,34.60771179199219
unseen_text,1350ce40be67ba11d7efa71e,трактор беларусь с плугом,c8205cc73adbae95,29,32,True,9.133235931396484
unseen_text,138a97b930cbf72defc987c8,юрист по делам снт,7dcb89e903018d27,1,1,True,0.8847881555557251
unseen_text,13c4a965ac67ffab9c4eb4ba,пошив игрушек,2661ac17d619fab8,23,14,True,20.91929054260254
unseen_text,13c85e759eae8a80cd969a23,наращивание волос люберцы,359d2c8507ecb366,29,19,True,14.024285316467285
unseen_text,13d4231d48f98b4bfe21d59a,электроскутер,0ea318550eee75ca,10,7,True,1.3237371444702148
unseen_text,142a509aafc5a0659320f3e2,аренда автомобиля посуточно,08319e00e62069a5,1,1,True,0.23887018859386444
unseen_text,1486bb1657668fdf3a8b67f2,газель в аренду без водителя,8f12ab8082e225f8,5,6,False,
unseen_text,1487df5f5eb6eaea6591f00c,окрашивание седины,b26f87b838d5d23d,4,2,True,2.6827545166015625
unseen_text,14eecbbb1ca1ff4db9bf7692,лофт для вечеринки,212f0428d1a46b8b,25,10,True,4.3043694496154785
unseen_text,1535d5d56b7997fcbe0f3c85,подшить футболку,83e9c721b21dc069,8,7,True,6.10959005355835
unseen_text,1535f0969547414a6e77f679,монтажор видео,c4376052e2b37dd9,9,10,True,0.5741305351257324
unseen_text,154f7e0a78ca33f24ee496f3,вскрытие даери,3b9ced5a0772e85a,4,6,True,0.2318848967552185
unseen_text,157faf2ba1eda3beb811460f,плетение косичек детям девочке,eb7fb1ebe7d71b52,3,3,True,13.431248664855957
unseen_text,15a08696c90495a78e2b3b7f,автоюрист,cb127657960ffad4,27,41,True,2.0041446685791016
unseen_text,15bd1afef3a9a7629c334785,собеседник собутыльник,132742a8bba67364,1,1,True,1.5875234603881836
unseen_text,161947e94df1793d9296991e,адаптация изитроник,d829e224b0952c52,3,2,True,6.476382255554199
unseen_text,1620fa3e5d0fb57989c509cb,работа в 3д компасе,60daccfcfe21fb34,2,2,True,9.006789332488552e-05
unseen_text,1630e3259f577a7fc4e33ce4,мастер по ремонту домофонов,b0b191e24c0c1743,1,1,True,7.473406791687012
unseen_text,16b6ac48b97d9d41bb93fa57,ремонт резьбы гбц,c729db57f9c5e7f7,11,11,True,11.380918502807617
unseen_text,16c085864f7d75cbeaf205b8,монтаж гипсокартона на потолок,956cc4c78d417349,1,1,False,
unseen_text,16dea90c8f97905510a3bb76,готовые обеды суворовский,85b412bf6aba6f94,10,8,True,5.73231315612793
unseen_text,1759e152b98c810c9a861c5b,куплю антиквариат,65b5c93a5f2015ec,1,1,True,0.0025591510348021984
unseen_text,177b0a4996849177840fc08c,аренда бассейн,bc85da823d711caf,20,19,True,18.38687515258789
unseen_text,1789b63878e81310785d910b,аренда авто на свадьбу,19e97cb3a030a511,2,1,True,1.4894042015075684
unseen_text,17b0d94b625ec0152501e8be,воздушный шар с фото,13f9f0476d3f3393,6,2,True,6.6286845207214355
unseen_text,17b948fca9c7b5d034021b9e,ремонт электронных плат,fc89442bea802367,18,23,False,
unseen_text,17d0bc3a3c4b9b3725a9e00d,липоредукция живота,11fb247a5c6c0b3b,39,25,True,2.5679914951324463
unseen_text,18015fa869246fffcd2c13dd,вывоз мусора контейнером 27 м3,3e90a4cbbd3830cb,62,52,False,
unseen_text,183570df851103ceca78a3e1,услуги логопеда ребенку,5d0fb23947ef0b17,2,3,False,
unseen_text,1859bbc72554d69b884f13ba,аренда мотоциклов,7b3867f907629cb4,3,1,True,18.592330932617188
unseen_text,18671893b27a21ec22681e65,уборка и вывоз мусора,1db525bca29d2b32,6,5,True,0.0
unseen_text,1888088e0b69ce1078f4a1eb,ремонт автомобильных колонок,108cd695ea569f70,0,0,False,
unseen_text,18ba7221fc18b4693bd3cb20,аренда майбах,9b7e9087ae728063,9,12,True,0.14547373354434967
unseen_text,18f2188db488672bda78f1e7,наращивание ресниц пролетарский район,61604bb285cc09bd,1,1,True,2.9427859783172607
unseen_text,192c80e4d212e3b3596c68a8,грузоперевозки 24 часа,b62a44f441ab60a0,14,27,True,16.34149169921875
unseen_text,1999955d8f6169f9a8f90490,ремонт наушников marshall major 4,5df0178d554cf974,15,19,True,7.293466567993164
unseen_text,19bca34483c8f4e13259ecb1,авто электрик,c73858c82235c373,134,101,False,
unseen_text,1a2aece709bc6d4a9c4658cb,аренда ретро автомобиля,8e7522e33844cb15,1,1,True,5.616514205932617
unseen_text,1a6940515097644e2e79751a,рубанок электрический аренда,c5534e28769de862,6,5,True,11.154120445251465
unseen_text,1aa27c2fc5265827cfc9d464,перетяжка сиденья,26e76da886fd2f9e,1,1,True,3.1447091102600098
unseen_text,1ae5c5efbcdc1c8542e13e46,чистка канализации в частном доме,fcadca7a9fc54011,9,4,True,2.218081474304199
unseen_text,1aec0ce04489d190693c713e,поклейка пленки на окна,276f4910fcce2a1c,17,12,True,1.8480846881866455
unseen_text,1afb58a894f15311a87a083b,сборка электрического щита,85cac4f981a24697,1,1,False,
unseen_text,1b39631fc68a71c821fa72f2,курсы медсестер,63faa68284c2f3a7,1045,1027,False,1004.1900634765625
unseen_text,1b7dff5d92b11d7fdf956116,репетитор,5ffee9e7f161c56f,45,16,True,6.107268333435059
unseen_text,1b8e12a905201828b5b35d74,шпаклевка гипсокартон,3634fcfb87bdce6f,1,1,True,0.37379443645477295
unseen_text,1c51d091d599a39604f448af,чистка айфона,d479299148f4e52a,5,9,True,3.691798686981201
unseen_text,1c778e8ea0351c760debf67f,ремонт косметологического оборудования,199ebd478ca33a79,4,2,True,1.3479580879211426
unseen_text,1c778e8ea0351c760debf67f,ремонт косметологического оборудования,4c83261ca542ba4e,10,10,True,2.6706132888793945
unseen_text,1cf5ec1919caa1522a3adc71,прокат электровелосипедов,ffdff40fbc090d49,1,1,True,2.9419479370117188
unseen_text,1d4c267d7b36282d578077f6,обработка участка от клещей,b33595092e22514e,1,1,True,0.13010087609291077
unseen_text,1d73609702387ac8c16e28da,детский сад,81c2763e6cf7ec2a,4,3,True,4.437809467315674
unseen_text,1d82b0132ba3f2c586a76ca1,бармен,39811d641aa4120f,3,1,True,0.19178220629692078
unseen_text,1e0d72338e659cf4bfe32076,независимая экспертиза авто после дтп,aa7786bb6eec62a9,2,1,True,15.582633972167969
unseen_text,1e18471fecc20e5e399a563d,химчистка матраса,2045003398300ba2,11,3,True,17.184385299682617
unseen_text,1e409958495247e42872328d,ремонт чемоданов колес,96064550d3df556f,1,1,True,1.266042947769165
unseen_text,1e47c2e041ebb598c03fb09e,аренда кораблика,0af0b50b12dc07ca,1,1,True,5.228871822357178
unseen_text,1e84a8052434d8f72784df29,мастер стиральных машин,81ab342f24c49124,1,1,True,5.37391996383667
unseen_text,1edf8a2464372f0408c25092,услуги разнорабочих все виды работ,07f1a9df1df43003,44,71,False,
unseen_text,1ee1b5635310f51c6c0ad27f,прически укладки,14b65d537f5ff694,76,50,True,13.710908889770508
unseen_text,1f16ad7abd352ca84e87abe5,фрезеровка оргстекла,39ed7b12161ca44f,17,15,False,
unseen_text,1f5035fe18a91afc85aab5d8,сценарист youtube,80307961e8f40a72,4,4,True,4.261998653411865
unseen_text,1f58c5bf29fd66f5103b2ce7,аренда спортивного зала футбол,a7605176d81a902d,1,1,True,13.37292766571045
unseen_text,1f9536b9bdfd56914a35f351,покрасить бампер,7f1909a371d50b8a,3,3,True,11.691272735595703
unseen_text,202a354625e3fcf7f7207ff5,ремонт экрана телевизора,432f3840124d7a4c,17,16,True,5.046510696411133
unseen_text,2098e4d492d65d025770321e,баер эстония,db7f14de2f730df5,8,9,False,
unseen_text,20a7d7e93ef575e0b9b30d4c,смм,99cf612eb38d7ef9,67,69,False,
unseen_text,20be36e885fe5c1d9e8acad8,услуги компьютерщика,7d53e0a89ab7b481,3,2,True,2.213376998901367
unseen_text,20c6883d6978fa2520c97e58,трансфер из аэропорта стамбула,03bf82a802959508,1,1,True,0.7951806783676147
unseen_text,20d567bb117fc6982b88501b,площадка для свадьбы,68f508d078b05a9e,6,5,True,19.259601593017578
unseen_text,20e3e2d458ce49178b07b7fe,установка газовой колонки,2bb2e0473619b83a,5,3,True,3.3226938247680664
unseen_text,213a274e37968f506a92caf5,аренда v class,fe36e7247a784424,2,2,True,6.11728572845459
unseen_text,21551ec9a91ae834aa7416ea,очистка вин номера лазером,cad5904d690ea6f6,2,4,False,
unseen_text,21635371cc6785d8a0a3e387,чертежи в компасе на заказ,1ece67e0c2d9d830,4,4,True,7.351126670837402
unseen_text,2187b17d35396c4a4d4102f2,каравай,081f30b7117a549e,1,1,True,6.61061954498291
unseen_text,21fd874778d08be204bd940c,разрешение на перевозку негабарита,a71dd29a2f33a903,3,3,False,
unseen_text,221e81a367e9866ebcbbcc4f,резка мрамора,ab6d66555e88f94c,1,1,True,13.763222694396973
unseen_text,223014abe99478bb35198455,настройка ps4,8f48513dcabf5b08,1,1,True,1.4894042015075684
unseen_text,225ec449e9d20c9f63a60523,бронепленка,481b1e81a850ae19,1,1,True,5.335861682891846
unseen_text,227112cb0c5d3d8ee94d38bf,ремонт аудио техники,1a44807b50a25d5d,1,4,True,5.629572868347168
unseen_text,22787a503208087423af9275,выгребная яма,dfa914048f519d39,18,18,True,6.236570835113525
unseen_text,228819a5528213bd65864af5,ремонт экранов планшета,eba15b33f9dec922,13,13,True,1.1752104759216309
unseen_text,22afde571a43faa36a511260,няня для ребенка с рас,af7b7b197ec9b681,2,1,True,11.853814125061035
unseen_text,22b86055954cabc4505d8913,ультразвуковая чистка форсунок,342c4954f31b4ed6,1,1,False,
unseen_text,22c368df827dc6ac6a25d144,замена межкомнатных дверей,e7d81e634876ffba,1,1,False,
unseen_text,22dd168b25c8f6c331dcad59,покраска кафеля в ванной,2a785a3ad42c1e1e,1,1,False,
unseen_text,22ea56965e7568d6680e2671,ремонт стартеров,855c3984214b4bcf,86,139,False,
unseen_text,22f76d7b58edb35754869eeb,аренда электровелосипедов для курьеров,7d587426d2569076,2,2,False,
unseen_text,23055a2b5c8691595b5f89c3,чистка наушников airpods,c206e601d4afa4c8,23,13,False,38.81733322143555
unseen_text,2372ff678621f8273bc327de,вокал для души,7a96c566c5a6c2c0,11,9,True,0.3436489403247833
unseen_text,23adc011fe46147f86208748,скупка старых компьютеров,b22da07a87f22fea,1,1,True,11.42618179321289
unseen_text,23bb7963eb81655374419aaa,курсы кройки и шитья с нуля,afed68c8288d9a5e,1,2,True,16.97279930114746
unseen_text,23da0dbab65435d9f85ee479,разбор и вывоз старой мебели,02c6efa7a49a9199,4,4,True,3.027921676635742
unseen_text,23eccc660f2e44b807186861,новичок рилсмейкер на мероприятие,572e5b2386923666,20,19,True,9.006789332488552e-05
unseen_text,23ed1091b651120e33cbf9fa,бесплатная стрижка,b50d55b56c5ab465,1,2,True,10.34252643585205
unseen_text,23fadbc875b64ec20662f460,печать книги,7021ab3065313203,16,17,True,7.9343719482421875
unseen_text,23fadbc875b64ec20662f460,печать книги,e65db8910739652d,4,2,True,9.006789332488552e-05
unseen_text,24057a952de1aa495a431eaa,ремонт блютуз колонок,66aeb564ea4f31ef,8,9,True,5.4333577156066895
unseen_text,240d4331055e76ce075cc9da,плиточник частный мастер,de1566298e00dafb,7,8,True,8.833460807800293
unseen_text,241ff29cc6aded3e7512fbf7,кабинет мастера в аренду,54580bad84dcfd13,2,2,True,0.6435070037841797
unseen_text,24479958e6efc273fee6e4bb,лизинговый брокер,430bef5508127742,1,1,False,
unseen_text,24645994c30abd81a41b1df9,аренда бьюти кабинета,d5f1068ab5312740,2,7,True,4.2182841300964355
unseen_text,24a0c3634561d0dfa98838d3,сигнализация с автозапуском,2726b490e6eae011,2,2,True,5.627799987792969
unseen_text,24d493d0a1d78f61746e16db,услуги трактора,663d3a7622b627a0,3,3,True,0.009853722527623177
unseen_text,24db6e68b389938ef9e4cfc7,разблокировка android,a6a5c0e73b461b8a,1,4,True,2.5272576808929443
unseen_text,24ebadaa2225e23de8e5b11d,регистрация paypal,bb326223a36851f1,11,9,False,
unseen_text,2506d1a966cb7f52ef3067ce,диагностика volkswagen,26bdf1e08d690249,3,4,True,4.530378818511963
unseen_text,252d55addb1b521c96891898,ремонт мопедов,9b355bbe95fa5f28,6,10,True,8.001371383666992
unseen_text,25545df00e5a8c1780390031,доставка посылок в грузию,167237fda4318f24,9,8,True,12.975602149963379
unseen_text,259dce478f7a63cc3927195d,тепловизор,9add7a2a98e64a62,0,0,True,
unseen_text,25d5f1a2d74afac378a88310,таблички из пвх,b5037920a7b359c4,1,1,True,10.870484352111816
unseen_text,262fa3bb9f039875db0d68a0,услуги трактора с фрезой,78c7e1d605b79be5,1,1,True,17.695858001708984
unseen_text,26324ca4b6f7a531a9acfa09,токарные работы,139769c8c3b9fbb0,1,1,True,3.7083687782287598
unseen_text,266410410375ad77cc2471df,гидромолот,bb55e7ddeaf5acc0,83,98,False,
unseen_text,269b59b3073cd30b6264126b,аренда рохли,4e5f5f59d35554f1,5,3,True,2.3216490745544434
unseen_text,26eede4c4cfa707796f3ab3b,архыз,a6adb3d2f9f6a473,4,4,True,4.210151195526123
unseen_text,26fffdbd5e9dd080b40010b9,изготовление золотых изделий,c68fc627e4df43c8,1,1,False,186.0077667236328
unseen_text,272131031ebb42c8c159649f,поездка на квадроцикле,454d2fbf67574bb6,5,2,False,33.476837158203125
unseen_text,2721728be9e33ca17ed7cd8d,вода для кулера,abfdeb0dd4d802b8,1,1,True,0.0
unseen_text,273cbebf83143fdf6fad642f,автовоз москва минск,66860b3fd69e8056,2,1,True,20.715578079223633
unseen_text,275f9b28d72f92064cdbe6f8,резка бумаги,fde90aa885dbcdc6,38,31,True,0.44179943203926086
unseen_text,2789b97cae3fc0e64b8bb51b,печать деталей на 3d принтере,ebb214349a447190,1,2,True,8.02773666381836
unseen_text,27be4f144249ef180a666cc3,копка ям,c2e0dbf127fccd64,9,5,True,7.190494943642989e-05
unseen_text,27e2e65d5bcee7f29f8aff4f,углубление колодца,06e1898494fc3f74,1,1,True,1.2727117538452148
unseen_text,27e316a565954abf57f2668a,изготовление автоключей,8394f4476048aa61,2,2,True,5.220892429351807
unseen_text,27fe4d12a0ca2efd4f5f7268,ремонт приставок триколор тв,f18e2782c1792bd7,1,1,True,0.707160472869873
unseen_text,281e71339b2c5f64c228150a,хоккей секция,abbed3e9f3a88de2,1,1,False,
unseen_text,2841c014fda05b0e24880ac6,доставка домашней еды,a0f1170bbc33e0c9,3,1,True,2.226261854171753
unseen_text,284ddd063350e1dfa414a908,курсы дизайнера интерьера,e9a6340304efe297,1,1,False,
unseen_text,28ac88b837161cb056fbc264,контейнер под мусор,d69a3cb67f6524c4,5,6,True,2.102656126022339
unseen_text,290666b105cbd68cd05c070f,аренда волейбольного зала,52586ca5b74b2e03,9,25,True,4.010072231292725
unseen_text,2939f9a6e1a861829318e81a,куплю старую стиральную машину,7de32d4a1a9e6c99,49,34,False,
unseen_text,293fb69b17a4c3ab6847fa1c,алмазное сверление,02e2b217e177c6a0,1,1,False,2.782636880874634
unseen_text,297e9009db3eb6e642e7bd0b,бухгалтерия для ип,a933c4c5eca98665,53,65,True,9.006789332488552e-05
unseen_text,29874f24f8bff98dc1db2a82,создание презентаций и доклад,4f302d8d3c342962,5,5,True,4.801229953765869
unseen_text,298d5f24ec03317bdf0bb21f,подъемный кран,5bd42fd033ac23e5,1,1,True,0.0
unseen_text,2992381af77a9fb11938d5a5,независимая экспертиза после дтп,220dc0248ec8d6be,35,37,True,8.900605201721191
unseen_text,29bcf91d8595daa544076574,грузовой микроавтобус аренда без водителя,b4e65b28dd81043a,1,1,True,20.819622039794922
unseen_text,29d02d659391bfbbd0572ac2,начинающий фотограф,6187292844e24a60,14,15,False,
unseen_text,29da5b55950136c3c5e470d3,установка счетчиков воды,d8daebffa01418f6,1,1,True,7.674953460693359
unseen_text,29f4df9e4cc67ae4bae0e187,эвакуатор с манипулятором,f36f2439ea31557b,1,1,True,8.088388858595863e-05
unseen_text,2a03f56892af362104060d25,силиконовые молды на заказ,3abf61e5e9b970f7,1,1,True,14.143465042114258
unseen_text,2a6568b5cc7fab71a767b1f6,ремонт шуруповерта,7aea0f0c30de62b1,1,1,True,4.67495584487915
unseen_text,2ae190474631e00b88729ac3,оформление документов,8041f923576c66ec,31,28,True,1.8818235397338867
unseen_text,2b44911e8756e37d0d6fc8c8,кератиновое выпрямление волос с выездом на дом,f178b45e4fd51c3e,2,2,True,4.118541240692139
unseen_text,2b8cc4391402694a67e18c9b,dtf печать,0c54371d6ecbba07,1,1,True,3.972543239593506
unseen_text,2b8cc4391402694a67e18c9b,dtf печать,b51bd294c3363e5f,4,5,True,9.174994468688965
unseen_text,2bcbf8ad71ce099ccf49b283,ремонт духовки,542941d0eeb09542,6,5,True,4.237854957580566
unseen_text,2bcf4ef8a711efb89eb64325,обучение накс,e5c4b5a327d0875d,2,1,True,0.27055010199546814
unseen_text,2bde81eeaffc5234b135a9f9,пересвет приборной панели,733ba09512ebf65f,1,1,True,7.608560562133789
unseen_text,2c077d7430954158a55b79ce,перевезти диван,784159b854440e0b,83,91,False,196.90109252929688
unseen_text,2c5a769c58a35a50b01e64c9,картины на заказ,1593b506df8a44de,3,4,True,1.0787663459777832
unseen_text,2c5a769c58a35a50b01e64c9,картины на заказ,3e674369aa90988a,1,1,True,3.4652113914489746
unseen_text,2c666c10de5968a712b2dbfe,работы по даче,ae7c1332dfa56367,1,1,True,0.2981207072734833
unseen_text,2c769a047c1f25c7b44c753f,свадебный рилсмейкер,fa12835d5b4691ff,9,9,True,0.8897836208343506
unseen_text,2ca413f8c5ccfda5c05a07a3,модель на выход из черного,5affb73d2c980a8f,3,3,True,9.886184692382812
unseen_text,2cac84ba40abbcab988aa137,жилищный юрист,cb127657960ffad4,21,17,True,2.0041446685791016
unseen_text,2cb8b5445b98ff77e5cf7bb7,замена дисплея iphone 13 pro,37af3e3050aeb452,3,3,True,16.27926254272461
unseen_text,2cc72fcffcc300608d66d24b,замена дисплея samsung,d409884b7d1bb0df,2,1,False,
unseen_text,2cfebb95b27b81cd43ad11bc,микроавтобус переезд на дачу,cfacbe192e1ba6ce,12,11,True,9.56440258026123
unseen_text,2d4b48d95e010eb88f82052f,сварщик трубопроводов,770cfb8cc8d376fa,10,4,True,12.464343070983887
unseen_text,2da9e7bec8eae30a172e1049,помощь в постановке на учет авто,85281ad310f67f0b,4,5,False,
unseen_text,2dd6ee585c0291f39611947d,аренда балона с гелием,591a16baa5da985c,4,4,False,
unseen_text,2de328af809b3afe7b82a7cf,шатер,bbe146c3bb35abc4,2,1,False,
unseen_text,2e3a22747c7ea3501211273b,электрик подольск,653460af5e19963b,1,1,True,17.107868194580078
unseen_text,2eb0efea974b1465263ab483,сантехник метро раменки,ac09a9001a4f743c,145,125,True,11.566020011901855
unseen_text,2ec079fc043b3fb12e78479e,проверка дымоходов акт ф15,1a89ec99ebb6a0a6,5,6,True,1.6587843894958496
unseen_text,2f208f2eed90843fe20ec126,аккаунт paypal,d1ce233177741293,23,23,False,
unseen_text,2f5c83ff38ebb1cfcd0422f9,ремонт часов polar,0117322c7db40e01,26,26,False,
unseen_text,2fd0621527dcba97960425c9,замена радиатора кондиционера,63851dccb0bd5c36,1,1,True,17.005468368530273
unseen_text,2fe7ad7d5192c9f39daf5e69,настройка домашнего кинотеатра,f3ca24b0443f321f,2,1,True,0.0
unseen_text,2ffd913eb03c130ee748bfb7,прикорневой объем,7b5657fef07211fa,3,1,True,2.5011394023895264
unseen_text,3009020f0bd976265ca2fb22,школьный проект 9 класс,1891b48c1e2f89de,2,2,True,0.0
unseen_text,301dcff49ca3b3f738c84bce,монтаж видео,b1e1be7d6ea707c2,20,16,True,0.37379443645477295
unseen_text,306c623385bdf77e28c44e8e,аренда авто под такси на автомате,05161ec9c0749401,2,1,True,0.9233837127685547
unseen_text,30ab2d6f3c2a6f1b5ee443a9,переводчик с португальского,76e7886e6f5a72cc,1,1,False,15.926748275756836
unseen_text,314e9ff6d315211bb8b87466,скупка запчастей пк,9e6613c56abc6265,3,3,True,3.778177261352539
unseen_text,31b92437c1a4163b40c27882,прием радиаторов,eb5d3cff8e67c540,1,1,True,0.0003380325506441295
unseen_text,31c019c20e23c8c809000c5c,аренда прокат инструмента,baec387e0e222740,2,1,True,1.5427682399749756
unseen_text,31f3b7eac414ea508663fa08,ремонт пневмоподвески,f0fd6dc7a8b6139a,2,1,True,3.0485243797302246
unseen_text,31ff7c82645444e87b2d913b,приём пластика,319d1969a0ac772c,27,29,False,88.65699768066406
unseen_text,3255d7b3013d421748509b2f,ремонт квартир без посредников,2a69bea82fc53002,7,8,True,4.105161666870117
unseen_text,325ec933033698972ee2b8ad,трансфер от адлера до абхазии,af1aa5b23fcae8a5,21,17,False,
unseen_text,326834be9e88209b4b0486bb,настройка ноутбука,c0795829aca00b1f,3,4,True,0.30557772517204285
unseen_text,328e889eb71f09cdcb717d6a,аренда виброплиты,dd131241758639ac,1,3,True,2.3734641075134277
unseen_text,32b28f583a7e27c33ca46cc5,ремонт ворот дорхан,00bbbdad9d0ce4e3,1,1,True,17.891338348388672
unseen_text,33113340c748edc516da1a8d,выравнивание земли,8ccbe8977c7c0b3e,9,11,True,9.011823654174805
unseen_text,3345725f908ef64f92c6a3e4,полировка мрамора,169a07651578f08e,1,2,True,0.05399319529533386
unseen_text,33536a8f66d0400a3a39a1d4,нивелир в аренду,2655d51d601816e4,1,3,True,1.3724949359893799
unseen_text,335aeb8ca1854573cae0424f,ремонт аирподс,54233fdef5c60fa4,124,47,True,16.27926254272461
unseen_text,335eab1134ee177354d17cde,песок щебень доставка,fc7d80bf639d0f47,2,2,True,8.504410652676597e-05
unseen_text,338008e12f0c422764a90c4d,автосервис  по chevrolet,042dfabf872965df,2,1,True,3.673576831817627
unseen_text,33be13bd4e1fbc0a991b05e2,аниматор на детский праздник с выездом,02f447049cc21b04,8,3,True,3.602321147918701
unseen_text,33db3c69f0663a8a02196341,мангальная зона из кирпича,a2b30c0b44dcb9ed,15,12,True,3.123002052307129
unseen_text,33ee726bd30139c011c158b9,ремонт рвд,b359723a70b6bf9c,1,1,True,2.743673801422119
unseen_text,3427d62d5ae3494a1f18cc62,разблокировка телефона андроид xiaomi,af3b3cb3e58d15db,1,2,True,16.27926254272461
unseen_text,347082d4cd8183593e7625df,помещение для праздника,954273815e76ac9b,8,6,True,1.249478816986084
unseen_text,348ae028753a320e836c58c2,кортеж на свадьбу ранж ровер,e1d9ebb146ec3cd8,50,60,True,3.431792736053467
unseen_text,3535fb4ab4810713b4294568,водоснабжение,0e31d0192e122042,2,1,True,1.4894042015075684
unseen_text,35e87ce84c6263f9b8091cd0,восстановление стс,49966519b0451e35,2,2,True,0.7329857349395752
unseen_text,360a314066677a4e43b2ce7e,доборы железные,2c4656947bc1fc89,1,1,True,5.222585678100586
unseen_text,361d6a4ba543c640b84c4c90,психотерапевт,d420d0490e55b76a,3,3,True,0.8044620752334595
unseen_text,365749c290b4c2bac9475fe2,аренда домика с баней,05236950128e620c,43,35,False,
unseen_text,36c48c240020141fe3065f26,ветеринар на дом дешево,55f0a674e7a56ccf,14,9,True,15.273029327392578
unseen_text,36ee032d098cdded3465eb43,чистка газовых колонок,ee35dc80c01897bb,1,1,True,0.003010470885783434
unseen_text,36f1710b2f0dd9ec76188c3a,утилизация холодильник,558ca46387f6d3d7,12,8,True,0.9015012979507446
unseen_text,37333d2286bb16d07bfaa026,болгарка на прокат,0a92cdea8df3845a,4,2,True,2.7025558948516846
unseen_text,3738b10260dff059da02ca61,аренда автобуса,2f5b21be1454e35e,3,3,False,20.59090805053711
unseen_text,378c17f3567975e2b44e43c9,шлифовка лица,eef32634186447e8,4,2,False,
unseen_text,37aec504bd0c6c1083d88534,курсы ювелира,3d9266801abc60c5,9,4,False,
unseen_text,37b314be6b369e8e11ccd945,ремонт стиральной машины,1afdd5b9136255c4,31,9,False,
unseen_text,37f5ffef4ddd5042fcffc043,прикурить авто,1c4414ed0f281d51,8,6,True,24.937915802001953
unseen_text,3809afbac6713d834af4a242,чистка кондиционера авто,7cd6573216a4f187,1,1,True,4.119460105895996
unseen_text,3821dd99b76d7e2b3cba2d3c,модель на увеличение губ,33beaebd61554122,6,7,True,3.087228775024414
unseen_text,385f9ce105899df0f59e75c4,прокат велосипедов беговая,7603058a6442346e,42,37,False,
unseen_text,389bd0fdc8bf5af5074e5017,прием стеклопакета,c98dd72b7d3b005d,1,1,True,13.000741958618164
unseen_text,392d4f3abf632d80b12d9d7d,слив воды с натяжного потолка,74e88038b0a791bb,7,3,True,8.943540573120117
unseen_text,39d18e65655caf26e669b621,коммерческие торги,1dc106bc7685e06f,1,1,False,
unseen_text,3a29c843c6c3bd463b3cecd8,юрист,990ad151d2cf4b71,8,6,True,6.555477619171143
unseen_text,3a2f34e75bdc0996546a5583,удаление папилломы,0081cce3e841bb8c,5,1,True,8.681796073913574
unseen_text,3a4d96d77a7c13b6838209cc,аренда утюга для труб,cccef1e736e157a6,3,2,True,12.632814407348633
unseen_text,3acd08ed65c742c7fa609df8,шиномонтаж с виброконтролем hunter,d3f123fdbb1e50cd,1,1,True,3.679838180541992
unseen_text,3ae2fc2d962556fa4c282050,распространение листовок по почтовым ящикам,084be563703bfb77,1,1,True,0.6119544506072998
unseen_text,3b157712f569631e59c940a4,оклейка пленкой мебели,cbba763cf0c019b6,6,7,True,0.37379443645477295
unseen_text,3b161d7f0da02d03d7539bb6,перевозка в ереван,a4fb1fc05743e013,1,1,True,5.987907886505127
unseen_text,3b38eaa91c6a9561ae7754ba,реставрация,7c72c2eaf28b92b6,50,46,True,3.264653205871582
unseen_text,3b38eaa91c6a9561ae7754ba,реставрация,e93759a73f96cce6,16,11,True,18.058870315551758
unseen_text,3b69b9acac11af8c417c832f,автоэлектрик установка автозвука,812bedf93b519bdd,16,18,True,7.254572868347168
unseen_text,3c12f5d33a6a7c0915cad6ed,ремонт гибочного станка,b8ceab59810d511b,3,5,False,19.653650283813477
unseen_text,3c15a825011ecbfb2e99cd24,замена гнезда зарядки,86f607696a6ce14a,3,3,True,1.6378600597381592
unseen_text,3c1fd926e0c4de9e007a62d9,землекопы траншей ямы,fe559cc2aada8156,1,1,True,4.548912525177002
unseen_text,3c253c317d8283d41ef95ee3,эндоскоп,bd306fe4981362b3,0,0,True,
unseen_text,3c89dae3a890317d293481c7,услуги эвакуатора круглосуточно,b1d2c070094645cd,12,13,True,7.438005447387695
unseen_text,3c9a5eb5e96f37d9180a32a0,ремонт айфонов,9511042820a6e5d2,1,1,True,0.09889673441648483
unseen_text,3ca0cb2bcf2db89b7444bbfc,перевозка мототехники,69f4175dc219949c,6,5,False,
unseen_text,3cb2e0f87103a705df8cbab3,куплю отходы пластика акрил,174ba4b189f04192,1,1,True,8.297711372375488
unseen_text,3cbaece35b27f06e87c062fc,муж на час сборщик мебели,3aa7786cbd816162,10,11,True,0.015122085809707642
unseen_text,3ce5362d844cf0d68b45013d,замена масла в двигателе,66c7d1d590c3ee7b,2,2,True,2.417387008666992
unseen_text,3cea7357ccdc157667afd50b,сброс ошибок авто,5a83334bc94547fc,1,1,True,8.262079238891602
unseen_text,3d1511526398c1eeea380a50,восстановление замка зажигания,19ceef66d314846c,3,7,True,5.684497356414795
unseen_text,3d2d912ed7434d5ac971f982,срочный выкуп земельных участков,759583ab49dd4a86,2,2,True,2.289644718170166
unseen_text,3d2d912ed7434d5ac971f982,срочный выкуп земельных участков,8d74b9c1755657be,1,1,True,11.12440299987793
unseen_text,3d30ce5725e65544ac8d0088,стилист по подбору одежды,243e5d6a0ba1a2af,6,6,True,1.4824936389923096
unseen_text,3e2ffd5bfad1ca2b3f4b19e1,трансфер тверь шереметьево,0b2cc2bf386146bd,7,7,True,4.996609210968018
unseen_text,3e2ffd5bfad1ca2b3f4b19e1,трансфер тверь шереметьево,10d7c174248206a8,35,33,True,1.6708221435546875
unseen_text,3e2ffd5bfad1ca2b3f4b19e1,трансфер тверь шереметьево,fc77fecd11a82a7d,1,1,True,0.33809590339660645
unseen_text,3eac9dcc9eb4305a227563a0,ремонт будки газель,0754d57dd2296bb9,6,8,True,11.32530689239502
unseen_text,3eb5521583a6720804406ed3,грузчики свао,6fb1a17f9bcdc6f1,55,52,True,10.980849266052246
unseen_text,3eee808b7b77633c53cd519d,порошковая покраска ворот,4f13dcffd35d2f37,68,70,False,
unseen_text,3f09f4a99aaa8a84a7d1daaa,установка заборов,7cbdc1411be44898,1,2,True,4.912473678588867
unseen_text,3f26e3a2a4330bed9253de4e,грузоперевозки с аппарелью,8f02a530ef536433,1,1,True,0.733080267906189
unseen_text,3f285d51e33d788b71e587e6,демонтаж радиатора отопления,559e9288ad6eafa5,1,1,True,0.22075365483760834
unseen_text,3f6cc32a5db159d3b0f01ea6,программист,e74277648f65fcd0,3,4,True,2.941265821456909
unseen_text,3f71b86795d89b41c25a2c0f,курсовая работа,009743fc07898f33,5,4,True,3.093681812286377
unseen_text,3f7c8def0f4e85639dc9f222,наращивание ресниц суворовский,15e775f55f1ca8fc,2,2,True,11.333099365234375
unseen_text,3fdcf9eff6448a01c9b85760,ищу музыкантов,033a8eca4792bb8b,28,24,True,4.188757884548977e-05
unseen_text,3fe5c1176aa49c6a4ea7156b,услуги грузчиков и разнорабочих,4075bc1048abe0ac,2,1,True,0.8766958713531494
unseen_text,4005839d3fc8f4dd3c053b3a,замена картриджей фильтров для воды,43b74b56f02f08d2,2,2,True,8.331811904907227
unseen_text,400e4ae25e3ded0015f5b6ff,подолог на дом,f778479f4ddd585a,1,1,True,0.690831184387207
unseen_text,40de4a94b43e3bbe43c5bcd5,электрорубанок аренда,d72ca70fe71bed9b,2,1,True,5.184009075164795
unseen_text,40df6ef6f0e565438a519350,турецкая карта,6dec3c5d56637609,1,1,True,1.1304104328155518
unseen_text,4116e7362653682ae4d8c486,кровля,e8f19ecd241fe94b,0,0,False,
unseen_text,4159d3b25f46fb8d704ddfa5,авто с выкупом без банка,831371df85af557f,1,1,True,6.073248863220215
unseen_text,41e84e804c0b9ebbc0dc68fd,3d моделирование для 3d печати,f65ac8db3e481766,1,1,True,4.182676315307617
unseen_text,41fa5bfe6a6681893356f8be,грузоперевозка межгород,cb9569483741069a,2,1,True,5.915772914886475
unseen_text,4214afc11db793d1fa9e76b5,вывоз чугунных ванн бесплатно,f75d0179aecbf297,4,4,True,1.9604265689849854
unseen_text,425e52422491581ee5f343ca,реставрация плитки керамогранита,1604c4ddedbd6e48,26,23,False,560.580810546875
unseen_text,425ff02c6e4d91071c19eb50,грузоперевозки ларгус,6d730a1a08723171,4,5,True,3.3734230995178223
unseen_text,42bdb486da205bbce360e613,автоюрист по осаго,797e8f2124d8b21f,10,14,True,2.5355429649353027
unseen_text,433779bac13090c15816800c,возведение ангаров,3f0b77661ba25fe4,1,1,False,
unseen_text,435fa9b7e938693abb391898,замена личинки замка,02571ac53d8ed79e,1,2,True,13.647817611694336
unseen_text,43689bd2e5cc9e6a5b7ffbff,уроки игры на трубе,9f3631f6209ef1cf,1,1,True,3.1863484382629395
unseen_text,43f31186c25748080db3b273,выкарчевывание деревьев,7303d8e52dcbdc96,4,2,False,
unseen_text,443789b04cd42567a88c4076,массаж с онлайн записью,1f521f0b24608d3d,1,1,True,4.550917148590088
unseen_text,44724363c1e03b1ad69fa235,руссификация gac s7,ed0cdf16f1d4ef23,12,9,True,2.7938222885131836
unseen_text,447514ea1a1bc43e0f1ae24c,электроинструмент  аренда,6245e4376db88d3c,36,37,False,5.2237653732299805
unseen_text,44c79773ad8f9e7f48cec2ff,чип тюнинг ford,ae7a8ec78fe51149,1,1,True,5.899234294891357
unseen_text,44f0ee8a90ff01b8e82252fb,куплю металлолом самовывоз,8d63cfae53414089,1,1,True,7.8094024658203125
unseen_text,45700e41ce3c73d4dd35eb57,прокладка трассы для кондиционера,37519a25489bda9c,4,4,True,12.687884330749512
unseen_text,459646e408681c590b9f560d,грузоперевозки по городу 5 тонн,78a048bda05be167,15,11,True,2.0052876472473145
unseen_text,45978b343b260ded90241083,бригада строителей чехов,60013061b253636e,3,2,False,
unseen_text,45b77ada711bddce62e12f67,ремонт форсунок в зао,995fed8577ba78e7,41,36,True,11.164223670959473
unseen_text,45c157c7a228dbcf1ac838b2,подтяжка груди,c32051f5272cd2d0,19,19,True,0.1537938266992569
unseen_text,45c642fd76ba5f054b941370,экспресс линька кошке,4f1b642eda74392e,11,12,True,0.9344520568847656
unseen_text,4610274b15c353ce32f10984,свадебный торт и капкейки на заказ,007ebfe9cb0ae463,2,2,True,5.52599573135376
unseen_text,468207aba018be6292090e2e,прически на дому,12b156d5b9fd8277,2,2,False,139.9748077392578
unseen_text,4682aca147d3fe71a0d4ada9,перевозка вещей по городу,9b5068ca2d9afeae,3,5,True,0.0001523370447102934
unseen_text,471fe307b148f2bc8e2e58e5,боксерские косички,c45ead25357bec89,20,16,True,3.246580123901367
unseen_text,47452171073e54149eded09e,тренер по футболу,6f07a10996b9a452,1,2,True,7.39492130279541
unseen_text,475ae14d9d4b29f21e619900,самопогрузчик,c46d1111d7b4b6c5,1,2,True,6.56740140914917
unseen_text,476b9b655211a368273a088d,локация для свадьбы,0117fc4ea372d6be,44,33,True,1.9528193473815918
unseen_text,4776f01b3438c9779c50d8d3,вывоз металлолома,60debca75b038ba5,4,2,True,0.1260068565607071
unseen_text,47858d7553e09c4c5a97d3c6,курсовая по экономике,f977bfbd8551ce9a,7,8,True,0.3737698197364807
unseen_text,47a8c530d023eb71d8467db5,пирсинг в студии,8072ef4104567be1,7,6,True,3.230712413787842
unseen_text,47e35c746be0651e40f8a63b,прием электроники,384c22c6d505d5b3,113,136,False,89.17544555664062
unseen_text,47e3e7825e704548bdf877c4,мастер сантехник,06635c02140854ab,6,11,True,0.0
unseen_text,480372e6a01f22267e5c8ec6,замена замков,f5d8b1d8c6309c5a,3,1,True,0.4502662718296051
unseen_text,48199835a1c172f187ff36b3,водоснабжение на участке,f431e57793cd0f14,4,2,True,6.598073482513428
unseen_text,481d52e8e14b69338a2a1395,баня аренда,4ee3b4fd08d3c316,0,0,False,
unseen_text,483382adeb29296380ec6dad,наращивание ресниц led,9f95f39e03a25ffe,8,11,True,15.087718963623047
unseen_text,48441c42357b26374ad6c74c,ремонт будок и фургонов,af3140b9bdda8f78,3,2,False,11.460708618164062
unseen_text,486ebbf9dcba152d44b47c7c,прием аккумуляторов,e5a7215183ad2cb9,1,1,True,5.707788467407227
unseen_text,48cfb278b753e04fa1c42cce,грузчики,4d2c7629fba498da,2,1,True,5.513636589050293
unseen_text,496a15b485ff28face27653f,снятие защиты компонентов vag,1aa8f238685c540f,3,2,False,
unseen_text,49d20f603634e9ea1a9acc9b,прическа на свадьбу,360eacaf59e59055,12,13,True,1.680403709411621
unseen_text,49d8726504d7b2d78376ffe3,шлифовка покраска сруба,3b156a75fb987546,6,7,True,7.098743438720703
unseen_text,49efe5c7f1b95048fc883f8b,производство металлоконструкций,2cfc3727e2109210,5,2,True,8.946758270263672
unseen_text,4a50a0cf14f9ca8102e3ab83,конопатка срубов,8ab57f8cf950d8e0,4,3,False,
unseen_text,4a511da43b17cd0720c53a4e,футболка со своим принтом,c4a0c6356c60c4df,2,2,True,14.492081642150879
unseen_text,4a7ab7422ece96ca2dc777a1,муж на час сборка мебели,3ba8db7e7cc08711,8,10,True,4.237728118896484
unseen_text,4a987db3933f8dce05c6b14d,кран манипулятор,b29d5be0bc7387f9,1,1,True,1.2798314094543457
unseen_text,4ae85df40dd6b5498aa2013b,автоэлектрик выезд,a777c35913396791,1,1,True,9.070126543520018e-05
unseen_text,4afa4a31cbb3240c8f285ced,сдать iphone,5aeea66263f195d2,10,7,False,57.51622009277344
unseen_text,4b140254e2e687afcccd0061,креативное окрашивание,9dc316cb604f59a5,1,1,True,7.844276428222656
unseen_text,4b1c0eba7ef73df7ab4d83bd,репетитор по английскому языку,d4cdc38758e62889,5,4,True,1.012801170349121
unseen_text,4b23a3a04eec78f6ff79738e,кранборт вездеход,400ea2896b616c65,7,7,True,5.869004726409912
unseen_text,4bc55ba1dc034cf17091bb2d,газель услуги,601b56838214c988,1,1,True,0.0001571330794831738
unseen_text,4c1c284c3d3ce3bad492c3b3,разработка приложений iherb,1859240ed73320a1,113,167,False,
unseen_text,4c36bdc59c7fe77bda61e083,3d фигурки по фото,2fb3afdb0e29ed25,14,16,True,11.56730842590332
unseen_text,4cdea18f35e93ee48c9c48be,макияж и прическа,96e189a5ceb2380e,2,1,True,4.284327983856201
unseen_text,4d254816b0ddfbcaba140829,расточка блока,942efa6bf9831e3c,1,1,True,4.650341033935547
unseen_text,4d28c7ca889fbc63da8ed68a,установка выхлопа,1dcd0c4ab985d2c1,1,1,True,4.98166561126709
unseen_text,4d44b152f755771248c51ecc,чистка фотоаппарата,e095a133d1dc7e69,1,1,True,4.132579326629639
unseen_text,4d4b02dc4caa778e7994d782,готовый проект дома 130 кв,2b1813532d207ad6,1,1,True,0.24315635859966278
unseen_text,4dbf15a8b2b55488cdaf0767,аренда автомобиля от собственника,25efb9aae200ea73,25,16,True,16.341222763061523
unseen_text,4de2482a282aad81c9bb3a53,репетитор по сольфеджио,d9aa13741b3ac74a,3,3,False,13.702588081359863
unseen_text,4e046a218d9c6725c9712e91,изготовление номеров авто,fc4f789688968fa8,2,2,True,1.2588741779327393
unseen_text,4e34a0595c74ae296b4c4d85,удаление царапин,7fcb9caaa61a9a71,2,1,True,5.206287384033203
unseen_text,4e6561a1262b054a03a8721e,гидроизоляция стен,a2e7abbd1db7d817,1,1,False,
unseen_text,4e7274bc22ac361968bb0a02,вывоз мусора подмосковье,6fb1a17f9bcdc6f1,17,17,True,10.980849266052246
unseen_text,4e775a001181fcf81c5beebf,проектировщик мебели,7fe06011ace8082e,1,3,True,5.80946471018251e-06
unseen_text,4e7dc5e6032ef12850ee50c9,сдать катализатор,0b0eedfc7ff5b871,4,3,True,0.0
unseen_text,4e83d2bc22acc031f1e0a536,художник на стенах,64659b248c33b39f,1,1,True,4.093789577484131
unseen_text,4ea9dcfee7af15da0c5a2af4,отходы бамперов,fc983d4573e4388d,13,8,False,
unseen_text,4ee4550f91b6ae5143578d64,диагностика двигателя,30ed88dcfaebe68d,2,3,True,2.4626693725585938
unseen_text,4efb4e82d049d05c402cb508,танцы вальс,821a04cd652fbc57,24,26,False,
unseen_text,4f1ca844b3325f243031f15c,канеколон,58de4d255aae5880,14,11,True,7.459968566894531
unseen_text,4fc27913fe6033abc9e7304d,автоэлектрик audi,80d370400579e3f5,5,4,True,4.856252670288086
unseen_text,50661b681f4c5b1438155732,беседка красивая,dd36ff7afc2cc336,14,17,True,3.7217440605163574
unseen_text,506764b41877c70983efdb79,шпатлевка стен,ff21f400484330ee,3,3,True,9.987238883972168
unseen_text,5098d8e68ff8a5210c363e00,обшивка пластиком ванна туалет,780514a4b99494a3,1,2,True,3.537313938140869
unseen_text,50b0c1211ad7b1874f9c18f6,организация праздников,8117f0d5569f046a,1,1,True,2.1475231647491455
unseen_text,50df9c5d308c59f2a9929e48,омск натяжные потолки установка,77c1dd0a53d50e7f,21,17,False,
unseen_text,511a02eef51c674de9cf94ad,постоянная прописка в москве собственник,e891f8579d1e7cd8,29,13,False,36.356502532958984
unseen_text,51615ae6124f8247ed73bb9c,медицинский массаж,83e2b43f1bc1699f,25,56,True,23.287519454956055
unseen_text,518b453e0eca284aa25f30a7,скупка продажа мониторов,b22da07a87f22fea,13,10,True,11.42618179321289
unseen_text,518c1f4fd1f3d24ca1f9c976,арендп автомобиля с водителем на свадьбу,cd786557e2b6cae4,2,2,True,2.0029447078704834
unseen_text,5196afe66fd9a60d78a7d49a,саксофонист на мероприятие,142b177b58452a91,2,1,True,3.096177577972412
unseen_text,519af067c98c69113e08b5c1,перевезти вещи,aa10b01c53d0c048,2,2,True,2.8475637435913086
unseen_text,51c805d92d0f08cd1db2965e,сантехник полотенцесушитель,f949ac73ec22f9d8,17,12,False,
unseen_text,51e101e4410aa74dfac568c4,поиск воды на участке новгородская область,e2804567fe3e9d05,1,1,False,
unseen_text,51e68e83d26086157fce2009,печать виниловых наклеек на двери,49cad2faebf29b11,4,2,True,2.1792919635772705
unseen_text,51f6cbcf30f74b154970e199,оценщик,06249db9faf40b7e,1,1,True,0.0
unseen_text,521db01c641a838dccdd34d3,генерация видео ии,95a1192c9152ac12,3,3,True,4.192300548311323e-05
unseen_text,52498c01d34f57b7d9d84b6b,корректировка пробега kia,6f8e423f843ad2ac,1,1,False,
unseen_text,5269ccd4145741297087df2e,монтаж рилс,c5363188670b6904,1,1,False,
unseen_text,5273ab49aa7c4ebc7ef8dbab,парковка аэропорт курумоч,e11ba268f6276e7e,1,1,False,
unseen_text,5287d7fdaeb2da96da4fb6f8,покраска потолка в квартире,b2f5fe8a8ad7f3ab,3,4,True,0.0004427067469805479
unseen_text,52e3c3a925b94ab32ea9b491,замена платы кондиционера,4e7cd67f21addb05,14,5,False,
unseen_text,52e47cc3668c489b4d945d5b,настройка яндекс директ,661a63dbf9372af2,1,1,True,1.1404409408569336
unseen_text,52fe29f2b147c251a1043b67,мотоблоком,c74efe238a69b25f,1,1,True,0.09834165126085281
unseen_text,530a25770ac97203dc42665a,армавир,b9cf98f7e8c8bfaf,28,21,True,2.949347734451294
unseen_text,530d344069a60d44a943d0a0,скупаю компьютеры,9e6613c56abc6265,10,6,False,
unseen_text,532f7881281ae858e23037a9,яхта в аренду,c2e655f2ef27a03b,8,8,True,9.238600730895996
unseen_text,536caf1700542d84fceb9735,смас лифтинг,f477f2fd29f192c3,4,1,True,0.5738015174865723
unseen_text,53b5f3e12a5beb3b97675392,костюм ростовой куклы аренда,17b76395ff400382,5,5,True,2.8795113563537598
unseen_text,53ef47aa4ec5eff8f230801c,обслуживание лодок пвх,0c503846decb60ee,4,4,True,14.480074882507324
unseen_text,53fa484efa4a768a47b27554,доставка животных,7da11711a690d52a,4,3,True,3.5230512619018555
unseen_text,540bded921601d59f7463874,манипулятор старокарасунская,eb79c4ec65029551,16,14,True,6.146662712097168
unseen_text,5427e0dd187c3b3782a4f8b2,ночные квесты 18,6bb566713f62e7ac,1,1,True,7.013324737548828
unseen_text,5446d05a70c81a62590710ae,реставрация брендовых сумок,000882aa137c1565,4,5,True,3.7028937339782715
unseen_text,544b2868678506f9598f0645,ремонт  амортизаторов,b9bdf70fb4de6dc1,1,1,True,3.4134159088134766
unseen_text,54649d09b7382840c400b3ee,микроавтобус 8 мест на свадьбу,492152186018d6f0,1,1,True,0.06404828280210495
unseen_text,547a5d9898c34395c75bded5,обучение на права тракториста,63b6973d05bcbcc6,1,1,False,
unseen_text,54d31860fdd1f02b87ab60a3,байер германия,378c956ec1742919,10,16,False,
unseen_text,54e2c2725f568fec8ab3f4f5,обучение сварке аргоном,e3fb58605bc45f35,6,3,False,
unseen_text,54ea9121a8916333961a8406,реставрация оружия,a3a35d5b45368c94,1,1,True,2.2855546474456787
unseen_text,551fba20db5624fa7db0cd4c,ремонт ford f-150,cd8cac8ce3b89444,5,4,True,5.4812726974487305
unseen_text,552fa57cba7b78b99b1129f2,химчистка колясок детских,36b1900155a926e5,1,1,True,1.9870710372924805
unseen_text,558713c9b25af47172228d7d,подсветка в салон,c9980f14cb4d1eef,1,1,True,0.0
unseen_text,55cfc61b4a80328c7d20bf4f,установка розеток,7da609613b4892e8,14,12,True,1.8150146007537842
unseen_text,562883edb6827f4994aab69d,замена газового котла,95e9de79d019db6e,5,5,True,8.687829971313477
unseen_text,568051252a2581bc00991e45,выкачка септика,760deb8c58b4e2db,2,1,True,2.1761739253997803
unseen_text,568569d6fe67f1b7189aec70,наращивание кудрей,5360295fbd39699b,1,1,True,5.428822040557861
unseen_text,568a2d9739e32d16a2b9bb72,ремонт газонокосилок,385b372c8d41d282,2,2,True,0.6558144092559814
unseen_text,572ee6ba19bf6f20e37d8206,биоревитализация модель,e97807c8acdacbf7,10,10,True,12.47065258026123
unseen_text,57ac8746d77b00e7cc3589cf,утилизация стиральных машин бесплатно,8e02f664264ed66c,1,1,True,1.4583101272583008
unseen_text,5851d36d21a130d2c5680a4c,архитектор проектировщик,c84077e878339111,13,14,False,
unseen_text,585eef012e1dd5b1ff1b08c0,печать на 3d принтере из смолы,c5c0041f71ffadb4,6,6,True,7.21163272857666
unseen_text,58b327353da5630ee0c06cbb,от сглаза,118caa72abe1ae76,2,4,True,0.5415135622024536
unseen_text,59611d2edd4e02f446486d83,межевание земельного участка,e8041380f4fe1305,2,3,True,1.8550786972045898
unseen_text,597949e9153ad806dd3deb81,подключение теплых полов,d8400dc8f5414576,1,1,True,2.2700955867767334
unseen_text,599a1937d2434086a928f4e5,грузоперевозки в ереван,e289cd35cb30f3c5,3,2,True,11.38117790222168
unseen_text,59b2be2ae329aa0de1e381cf,инструктор по вождению мкпп lada vesta,7b3203158da5d95f,34,39,False,
unseen_text,5a1009054199eaf63396b1af,перевозки largus,66ea8cd7bcdcbff3,2,5,False,9.77510929107666
unseen_text,5a170860a5005529825f90ad,караоке,cc28baa170faa74e,16,14,True,3.1068100929260254
unseen_text,5a4fede2be18cab7409d9ec3,покраска 3d моделей,895da845e7d76d11,5,5,True,20.919191360473633
unseen_text,5a502991497c20008630abca,покраска мотоцикла,d93d23b9a9e08e77,3,3,False,
unseen_text,5a532af0274eeed49302dcf4,фото видео съемка на свадьбу,9755751c97420360,10,15,False,59.495277404785156
unseen_text,5ab7692cfba557cd5c3624c4,манипулятор 12 метров,9886cfa3f4e2620d,1,1,False,
unseen_text,5b2e4ba021a94088185c0360,аренда игровых приставок,57e6baca53037119,1,1,True,1.8308675289154053
unseen_text,5b3aabc076447459cafdcba4,растяжка обуви,217c53a6e20b651d,9,3,True,2.9115219116210938
unseen_text,5b6dab32e3ea3b02664ec1ef,грузоперевозки межгород,6aa3164ae65cfa92,15,14,True,3.4064979553222656
unseen_text,5b8b7df97b44864fb2c41abf,перекатка процессора samsung,ac01fcc00e0f4e43,10,7,True,16.80014991760254
unseen_text,5c2d9ba47b93fa45adcb9412,кузовной ремонт и покраска авто,3ef87feb5a4facbb,1,1,True,1.3287770748138428
unseen_text,5c9f2f85f4e9808141f0e2ed,программа ofis на macbook,9e2451b5b9effb93,23,27,True,0.05384242907166481
unseen_text,5d1cf751390da81b54c999ef,реставрация сидений автомобили,814ae33a0156fbd6,1,1,True,17.368284225463867
unseen_text,5d39c1175997e474759431cf,визажист стилист,78713bfdbbc73416,19,18,True,0.3890080153942108
unseen_text,5d537b9949dbe5ba86fd429f,парная фотосессия,1389f7b25b134c86,4,6,True,0.6836642026901245
unseen_text,5d5752c330f6fc04a10425f7,выкорчевывание деревьев калужская область бабынинский район,a785074bca4db4ce,2,1,False,
unseen_text,5e29cf28b020af9ea193bda3,неоновая вывеска бу,d069c80e4a221eac,3,3,False,
unseen_text,5e413661051f2396ac3c2c0d,ремонт карбона,7cf8987cb9fea0c7,1,1,True,4.8101935386657715
unseen_text,5e8385e1341e482a7ab8e31b,распечатать визитки,065cb6ead4e2c01a,1,1,True,1.3428974151611328
unseen_text,5ec6670a01f0a0853f60daed,сауна на час,eba06cf0d9be677c,7,7,True,5.521508693695068
unseen_text,5f07110d64e20ebe0702221d,посылка в германию,13472f26521b995b,10,11,False,
unseen_text,5f55c660ac3dfb03d8d0128e,видеовизитка,0afc98540aa27b30,10,16,True,12.42074966430664
unseen_text,5f70c11e03fc8964744104fe,кабинет психолога в аренду,16b4097eb74eb2eb,6,5,True,0.7538827657699585
unseen_text,5f79cb1d74733c86b0778f95,ремонт электро газонокосилок,104d09659111e686,1,1,True,1.4013895988464355
unseen_text,5f9a693b92c9086b2b837850,разнорабочий на день на дачу,8132bb924cc8c0dd,4,5,True,0.2720145881175995
unseen_text,5f9df43a57829bbbce19f0ed,типография,f81af88bc03dd71b,7,8,True,4.269056797027588
unseen_text,60029cc7c8b1897ee730a30f,ремонт холодильников атлант,6e3590a2f144b845,1,1,True,4.726784706115723
unseen_text,60216ca9aee998da3a061237,забор из штакетника,7cd8ce86b84060e7,1,1,True,3.7877554893493652
unseen_text,603957c29d0676b55a759515,плата ключа форд фокус,3a9da12150d270ab,4,3,True,9.952325490303338e-05
unseen_text,6041732812b45741a55fd210,лазерная обработка металла,01d2e12c0a0864ed,1,1,False,
unseen_text,605d2d67072d9e71ac2209f1,ремонт вентиляции,26411995e9f13fdd,5,12,True,0.0
unseen_text,605ec3a44f187bf82086aafa,изготовление вывески,63f24321a24f371b,4,4,True,1.4625585079193115
unseen_text,6067d06462c3e6e8dbb2c0b5,косметолог домашний уход,a36a996666df5804,1,1,True,3.43228816986084
unseen_text,6075fe7cf4f4ed35f6289554,кабинет для мастер классов,5ff97f844185dcf4,1,1,True,1.2605876922607422
unseen_text,608b964a774d50f9fb8dcc0c,дизайнер принтов для одежды,c34a2c0e7d11663e,1,1,True,7.39907169342041
unseen_text,60a70cf67926bf903e0fb90a,самогруз 10 тонн,a0078537077492b2,1,2,True,2.5191898345947266
unseen_text,60ad2938d30d26f11b2b84d1,приборная панель ремонт,3fd2758c76ff5035,7,6,False,
unseen_text,60b1ed63216bf36a0561e011,заказ еды на мероприятие,f67c3b491f7e264c,1,1,True,5.193855285644531
unseen_text,60c0a1fe16e6ced93fb9535a,удлинить газель,c3e38a7b181c7fcf,1,1,True,14.961503028869629
unseen_text,60d445f6b3c81bd7be80a72f,лазерная резка фанеры услуга,eca3441a5ef68f78,6,7,False,
unseen_text,612252f3d25c4d965c88bfaf,пескоструй обработка ворот дверей,13b27e5c52c67559,10,8,True,6.0315022468566895
unseen_text,614bdbdc077fe3c564a79ed9,чистка зубов,3f5a8725f7923436,1,1,True,1.1240389347076416
unseen_text,614fd1e27fddd7c0a1be5b3c,классическое наращивание ресниц,99700a1fc1f660bf,1,1,True,6.873600482940674
unseen_text,61603d1ef4e1da9229667fbb,фотограф бесплатно,116ea524d844528b,14,11,True,17.28863525390625
unseen_text,616cc50f093626e8fba13868,чистка номера двигателя,c966e3f8ca8c48a3,1,1,True,1.7527523040771484
unseen_text,61e54fb13d3e60edc085064a,бьюти коворкинг аренда кабинета,189724f959bf9471,38,29,True,3.6731066703796387
unseen_text,61e62d783f54633b406ee468,повесить зеркало в ванной яхромская,deabe49ac313d2f5,11,9,True,9.443309783935547
unseen_text,62300d3cb3a0e9838e25016b,изготовление дубликатов грз,c74953162f72c7d5,1,1,True,0.5496498346328735
unseen_text,6239d3d1a328f6e62bf8d64e,ремонт светильников,05b076730c916a22,12,10,True,5.555240154266357
unseen_text,6292cf3f808290df4e5cee98,смывка для волос,f6b3103b61061177,16,13,True,4.629545211791992
unseen_text,629f969e367de043cbbb3213,такси 7 мест,c1fcdf446fc69d2d,21,22,True,7.276958465576172
unseen_text,62ae2db94b0d6c22011a7cf5,сайт tilda,970546bd9ae3eb00,37,32,False,
unseen_text,62c9b891b0014eef085cbea1,интим девочка,5eacd68d2ef68a5f,136,96,False,7.379639625549316
unseen_text,62f7042535a264b83d17f1cb,аниматор трансформеры,65a15c18056cc39d,4,3,True,0.6571574211120605
unseen_text,6349172f24f9e0b545f57ce0,покрас волос,ca815ae5427671f5,1,2,True,1.4774773120880127
unseen_text,635735ea3ba51f12fb2266a5,наращивание ногти,1b80824929e0582a,9,10,True,1.4970576763153076
unseen_text,63a8b3b096d7a03e63de13eb,ремонт одежды,975e0413745d5a67,1,1,True,3.2543959617614746
unseen_text,63d4e4a250f07ba0c664f5f0,прокат кабриолета без водителя,9a6bab05b4a3cd05,3,4,True,0.20261669158935547
unseen_text,640eaeb6e4431a78ac65a688,багетная мастерская,335e814ca466b4c8,1,1,True,5.125846862792969
unseen_text,641f51dd064101dcc54fc12b,вывоз мусора солнечногорск,23c8dd9658e5ec92,9,11,True,4.017913341522217
unseen_text,644dd6fd7dedf70668707f57,проект каркасного дома,bcdfad51d9e15bc4,2,2,True,4.580813884735107
unseen_text,65163a496d6b73de23da9bfc,бросковая зона,c0de09b8e130b691,1,1,True,2.2924859523773193
unseen_text,652d8be6bfa4bfa986543a6c,услуги токаря фрезеровщика,e63b5cf35cc76a37,6,7,True,4.538429260253906
unseen_text,6533df985b62b19d71650f77,репетитор по математике 1 4 класс,56d4864ac9d6849b,5,2,False,
unseen_text,6547c49b6f206410e14dbd04,расточка цилиндров иж,2d6da1aada1cc52f,1,1,False,
unseen_text,65749be687dd243e8b214e73,сварка по ржавчине,3a3c729a9c660580,1,1,True,17.25709342956543
unseen_text,65b1cb903c881298982a979e,базы отдыха на озере,4de51e981c5c4d55,10,10,True,20.335159301757812
unseen_text,65e02e913d6b3c45bac94e42,утепление стен пеноплексом,4d48ec0f0466ccf7,1,1,True,5.280463695526123
unseen_text,65f01ca1134c64acddef5116,попутный груз,ed44424ad78fb297,21,20,True,0.6835339069366455
unseen_text,667fd3c5d415e3efe5112e22,газель перевозки,92adb1b569b8638d,124,106,False,
unseen_text,668688449fdd2b591ee84f16,печать на джерси,8f02bd1d8a896039,189,200,True,4.436830520629883
unseen_text,669b35b8b4484b9a2c6eb034,байер финляндия,64039bff2bf4f5e3,98,81,False,
unseen_text,66a3214ca58dfbaf7d63c045,ремонт авто ходовка,f2d69dd487c22505,1,1,True,2.029613733291626
unseen_text,672f0123ab953dbc64a87031,мастер класс для взрослых,78192917f234678a,136,130,False,
unseen_text,673092ce8e03541252fd024f,грузоперевозки 6 метров,6391e19b55a5ebcf,89,26,False,
unseen_text,675b3d052a0e266f2a62cee0,база отдыха на волге,2207c5ef708605c5,48,38,False,
unseen_text,6773210691629e95a0522ce1,тула бобкет,53d5504461ada15a,1,1,False,
unseen_text,6777d261c9442016aa1be546,памятник стальной,f0325ea09d025901,2,2,True,0.5442477464675903
unseen_text,67b102b38b9bb8a93c8a5739,вросший ноготь,253195da6f344bdf,1,1,True,1.1768062114715576
unseen_text,680713a9dd2402cfcc23b86e,рекламные наклейки банеры,b78c38a85ef554cb,61,53,False,
unseen_text,680caca02e9ed0fb2c024e67,открыть машину без ключа,975c0544579670d7,10,11,True,5.339678764343262
unseen_text,6834f2f47d0469efb443d465,развлечения,0fb473453b314ffd,22,51,False,84.53714752197266
unseen_text,6866d464f464a90033cf3a0f,тренер по мма,01fcafd734d85187,53,45,True,9.168128967285156
unseen_text,687638c72935617e1c88105e,афрокудри,fe02a66336b02385,23,29,True,5.445159435272217
unseen_text,68a53f801cf795a7053a110a,моделирование в simintech,80d78a8d1aad5d1e,1,1,True,6.429744720458984
unseen_text,6912e6131c58247f72ede795,мойка окон в квартире,8984ed48e74dd66b,34,36,False,24.792301177978516
unseen_text,695801f64159d813d36e028e,выкуп недвижимости,ab8ca12b255f8d89,4,3,True,0.006113697774708271
unseen_text,69bfff411b2323564dd14e17,оградки,c5e355a02e6dbcca,5,3,True,1.1596458534768317e-05
unseen_text,69d0a93144e1508d81a8d8fa,брейды мужские,90eabbecbfe4737b,27,33,True,14.030136108398438
unseen_text,6a25791f3a33ad629f63b7df,снос демонтаж домов,d646621f41a4a922,5,5,True,10.429939270019531
unseen_text,6a2bd7e7200d78e44356c590,аренда строительного пылесоса,f1879714313913b4,1,1,True,1.1987905502319336
unseen_text,6a7e6e343467d49654e37a29,ремонтные и отделочные работы,33430263b3f9733a,19,18,True,6.5052361488342285
unseen_text,6a7f8ae6230ce6f038148efc,ремонт ванной под ключ,930d9c4ad963b5c8,11,12,True,1.802743911743164
unseen_text,6a9f3739f3280fe72b2efd81,диджей на юбилей,001b7f9425234872,2,2,True,0.5490666627883911
unseen_text,6afb03a2d19ea8751eeab320,строительство гаражей,c7600ce0629aced6,1,1,True,0.33819130063056946
unseen_text,6b044dfedc76ae07b118e687,прозрачные наклейки в рулоне,d662afe26d8f95ca,4,5,True,9.74370002746582
unseen_text,6b12fa524c57567771d402c5,промывка форсунок,647c035dbca7a649,1,1,False,
unseen_text,6b3a8e458bc209c6975ebb42,пластиковые визитки,998ede500b30a8ce,7,5,True,10.968393325805664
unseen_text,6b8723b933881a5b8939c5a9,бурение канализации,5d24d65e85bbec00,4,3,True,8.162747383117676
unseen_text,6ba9484ffe49ecc39e870e8a,покраска мебели,91a4327c78eddc76,1,1,True,0.7037322521209717
unseen_text,6bd667ded13f19dae299757e,корпоратив на природе,bb82e86bc2fcb84f,14,14,True,2.8516135215759277
unseen_text,6becc04eac84518b835f576f,аренда ушм,16d378e768c70e7f,8,8,True,4.168426990509033
unseen_text,6c06fb6cb333ee74ae049eb7,ремонт головки гбц,3ed8ed32fa0ea747,1,1,True,4.027341365814209
unseen_text,6c1875056148c8709523d2fb,настройка честного знака,eea5f87067509b90,29,26,False,26.90816879272461
unseen_text,6c1cf4be4a07b2e2037728d4,ремонт духовых шкафов neff,1ae8cfbc1549ae47,1,1,True,9.203653335571289
unseen_text,6c2326274411c7aa856fe6cd,дезинфекция от клопов,2bf36ffc77b299d5,18,14,True,13.966449737548828
unseen_text,6c3bc40657d62a40ee5edac3,логопед онлайн,a6e11dd56a7f05ba,36,21,False,
unseen_text,6c4c9db1ae4c166f0b347d2d,губы,1164d2ecd184a726,1,1,True,4.694827556610107
unseen_text,6c6642fca7bd1f776cb920d2,ремонт боковых порезов шин,0bfb96ab8ab60fbb,4,3,True,7.97537899017334
unseen_text,6c7e082b51683ac3a90d3e32,установка парктроников,d65e09a63fd80c7c,9,10,True,17.20916175842285
unseen_text,6cbfb5fbfad83e37de90b01c,прием боя стекла,77ffdf75719b656b,2,1,True,10.84975814819336
unseen_text,6cc5557c79bbd7b3eb4be241,хим чистка дивана,a68deec34e74dab2,1,1,True,5.725488185882568
unseen_text,6cc5a2959502baff8c0c33af,karcher на прокат,d3726b64ff0324c0,25,24,True,13.753761291503906
unseen_text,6ce697c0514af24cfa13c019,репетитор по патологической анатомии,f81d3e4909e4c51e,4,5,False,
unseen_text,6d0d50305dfc7fdfc522b5ea,выкуп ссср,ffeddaaf2db34124,1,1,True,1.2926514148712158
unseen_text,6da4a9c41556532ba0badf5a,ремонт стартеров bmw,5a4784907d682565,2,2,True,11.951889038085938
unseen_text,6ddee009ccad565d6eff1911,изготовление табличек с вин номером,b4fd15e43dc307d1,3,3,True,0.5743402242660522
unseen_text,6decf0e09bed8db4db520568,восстановление стёкол авто,27ba35203e037bb2,2,2,True,8.3349609375
unseen_text,6e1aaa178b01b7496bbeb9fe,прокат самокатов,35398d2eb1af82bd,11,10,True,0.1848016232252121
unseen_text,6e7f3867bbf767be29921ccd,лидогенерация,cacca72b31f50e71,2,2,True,9.006789332488552e-05
unseen_text,6ea1c9f67e8840f5bb3b1716,услуги культиватора,a9c4b9dd7bb29dbd,1,1,True,10.963603019714355
unseen_text,6eadb67561c03afa20e54eeb,тренировки по боксу,fcce17c6f1c95a03,2,3,True,2.932434320449829
unseen_text,6ec8908650bd5f0efacdc98e,аренда бетономешалки,ddacf0f6c8c3084c,7,9,True,17.355531692504883
unseen_text,6eceffe2a0f9c7091fe0840c,изготовление автомобильных номеров,43a2c6a24327285f,5,6,False,
unseen_text,6ecf5f819a8de5137ca66005,вывоз деревьев с грузчиками,75e41637d53ba9ed,142,170,False,24.965795516967773
unseen_text,6ee7a494eae8fd29ed41f411,металлические визитки,955183727cca7754,1,1,True,5.331309795379639
unseen_text,6f1713e412cc3b6d03e922c5,минивен аренда,091d3feea34be864,3,2,True,2.2019166946411133
unseen_text,6f24abc5e83c630a0a33648b,загранпаспорт,e11446d41589b2f4,1,2,True,3.9635887145996094
unseen_text,6f35f8af04c83c8479bb8d0f,вывоз газовой плиты бесплатно,f75d0179aecbf297,5,5,True,1.9604265689849854
unseen_text,6f786e806b8b23aef27dc82c,акт проверки дымоходов и вентканалов щапово,c589c61315e97cdf,43,40,False,
unseen_text,6fa9655e6d34d2480a4597ba,кровля  услуги ремонт,f3169e17f04d906b,2,2,False,
unseen_text,6fe6a311aad93e8daec0687a,манипулятор 7т,230855cfa651066d,2,2,True,3.8954033851623535
unseen_text,6fed25725c43801296b0a854,переезд москва калининград,bf1c08ddd7c7248b,1,1,True,9.006789332488552e-05
unseen_text,6ff2b550103af0dee73ff915,начинающий ландшафтный дизайнер,0cbf88de2bc035c1,2,3,False,
unseen_text,6ffa64d5b7d806c4c5fe6d64,установка кондиционера в авто,a32e974ddb61579f,1,1,False,7.390260696411133
unseen_text,7013cab09ec5044fb2de76af,скупка золота,2276d8fd22cebcf3,7,9,True,8.791208267211914
unseen_text,701dc0a2be81ebe688b3175d,ремонт стоматологических наконечников,3204b5b47d75e374,1,1,True,9.920244216918945
unseen_text,702a9753f717f4f16ad0fab7,токарь фрезеровщик,e63b5cf35cc76a37,8,6,True,4.538429260253906
unseen_text,7042ea87705dd0c72b5574e3,ремонт питбайков,f73508c52324ca58,3,1,True,1.7982726097106934
unseen_text,704dea41b5c5fccc7a36c8fa,аренда авто под выкуп,e5f33ac0e578b0b2,2,6,False,
unseen_text,706e405c7d0afb377b8c4f1b,фотоомоложение lumecca,0ac207ba0294dc8a,11,8,True,2.2641313076019287
unseen_text,70c32a8042b38d55f16107b8,спицовка колес мотоцикла,d29454430a606ffc,14,9,True,6.256601810455322
unseen_text,70d6e45f40887f4736d791fe,мастер по ремонту косметологического оборудования,b3f2067f768324ae,1,1,True,1.7367620468139648
unseen_text,714a3adfb111e2d726ff2f12,изготовление перегородок интерьерных,6ea54fa7a0d9ef5b,4,3,True,7.928215980529785
unseen_text,716067b71ad715b76958af8e,снять студия для фотосессия,8088e093fec26453,21,14,False,
unseen_text,71ae4aba92c2e77c77de3545,тиснение бумаги,d5de0fb84c1c446f,29,21,False,1417.487060546875
unseen_text,71d867bd354ac3d7c16e1a21,дтф печать,3c2f5691b60a2f44,5,5,True,4.698123931884766
unseen_text,71e2f32a5e4e43ef3c77af6a,ремонт коробки робот,31b38831ac069d81,2,1,True,4.222205638885498
unseen_text,7246a6a8b9f73d59334aad93,срочное печать банеров,15c97de37ddb32fd,5,5,True,4.9381866455078125
unseen_text,727db7610fa893865a156b44,шугаринг для мужчин,727401f73247446a,4,10,False,
unseen_text,72ea493f8202a7cdcd631fc1,алмазное бурение стен под вентиляцию,8950d33fbce04c6e,1,1,True,0.0004417202726472169
unseen_text,7314af4337dc5f149b9b3ff3,спортивный массаж,ccc7c465c05fe92f,2,4,True,5.659509181976318
unseen_text,745355ec6c81c9c0d792786a,беседка отдыха снять,23262c848d8149ac,24,26,True,1.4868085384368896
unseen_text,747baacd82ea1fb79a77ce6c,ремонт пневматики,727bf54d84d38f24,1,1,True,0.9975264072418213
unseen_text,7486302d87330310cd0b996c,курьер,0b0549a1599007e2,1,1,True,2.124593734741211
unseen_text,74af65aace8cb3be84427a39,замена заднего стекла iphone,1b1b7be8553fcffa,40,41,False,
unseen_text,74b522210b1cf3bc9b648bed,заливка ванны акрилом,b3bccf460d891a9e,10,9,True,0.0
unseen_text,74f9e38e4affe808ae83b650,граффити на стенах,0df0b089f53275d3,15,12,False,
unseen_text,75372e0c98e09fae14fa5a15,виза во францию,431bcf70e0afd1a7,11,12,True,9.22276782989502
unseen_text,75ad481d42b2c0f3c1db3110,фундамент под баню,1b02d519a84bbea5,1,1,True,5.577099323272705
unseen_text,75e39387355695d59ae78271,ремонт nespresso,05d63f73cf7f218a,1,1,True,12.97289752960205
unseen_text,75f374fba688c5a3e9cb5296,фрезеровка почвы,aa69527ff67a56d6,4,4,True,15.942930221557617
unseen_text,75f47b5a4b65a2921b15e0aa,ремонт ресторанного оборудования,cdfec4a3d3389a13,1,1,True,1.3979613780975342
unseen_text,760e9ebb595da2aa57edb3a2,чистка впускного коллектора,13c7cb2b8a569c2a,1,1,True,5.524333477020264
unseen_text,7664bbc931a8d3eecddadfe2,егаис,f5d3c08ae350017c,1,1,True,0.35779109597206116
unseen_text,768d64c16346ecd3bf9ce58b,репетитор начальных классов по чтение,f7eb5783adaa13e7,3,1,True,3.099414348602295
unseen_text,76fb6eb96a0e351ee859dfbb,blender 3d,43479f18f4b38f62,1,2,True,4.192300548311323e-05
unseen_text,7709d1cbba6e5d1441f3b1fb,аренда авто под такси премьер,ff8c83488b07936e,1,1,True,5.998752117156982
unseen_text,77211a599ea9ffcfc67cb337,демонтаж вывески,c50e59d65de5f394,1,1,True,3.267184257507324
unseen_text,772e32903a71a7ac8e58f3af,сварка пнд,7492e30860d14812,3,3,False,
unseen_text,7737054799e7fe9eaf0b2514,замена ключа на авто,1deb3010759342f2,2,1,True,0.4728849530220032
unseen_text,77696358e2ae6a7370d8957b,заправка баллонов,0dfe804b8dd971c3,1,1,True,4.788951396942139
unseen_text,77838252cd2df793d265655f,курсы наращивания ресниц с трудоустройством,a58794ce7f4a79fe,5,8,True,0.9826905727386475
unseen_text,77a72dda9a9f49eb843d6183,бобкет гидромолот,8356d40f9621ae81,2,4,False,
unseen_text,77f9e20562477357c53463d6,модели на окрашивание,117816fdf83315c8,3,2,False,
unseen_text,781587790d53fcc7e56746ef,скупка смартфонов,0a8001094acf3b09,1,1,True,0.9257175922393799
unseen_text,781587790d53fcc7e56746ef,скупка смартфонов,5f6346999c3d5cc6,2,2,True,1.9613151550292969
unseen_text,78491f9ac3f8f649fc1129a2,мангал,d62b414259e85826,2,2,True,4.465181827545166
unseen_text,785306fa43bba91f772a3348,установка гбо,c923c73b152c209f,1,1,True,2.0339457988739014
unseen_text,78556c06492e3b3c34613147,рыбалка морская,da0c03cd61086d0d,26,26,True,0.0
unseen_text,7870b322a0ff296681697e09,обслуживание станков,a23c770eab4d0c8e,7,7,True,1.7310247421264648
unseen_text,7890ee2c6d759041ec5dbf5f,комплексные обеды с доставкой,85b412bf6aba6f94,7,8,True,5.73231315612793
unseen_text,789f3adbf2781756c2f01449,ремонт квадроциклов выезд,f598f4e212deb63c,1,1,True,5.986854076385498
unseen_text,789fc5fa0fd65bcfee804236,бурение скважин под ручной качок без электричества,33fc63590d3684aa,8,7,True,12.464346885681152
unseen_text,78b29db38e6f2e5df35a5282,замена экрана iphone 11,a05ec28cf96fa75a,3,2,True,2.692601203918457
unseen_text,79003f9e1ba00e4ea40eb8ce,экскаватор погрузчик,c58c0c83435db0c5,12,12,True,0.2613227963447571
unseen_text,791c21414c7c39b5209afd77,бенто сникерс,8a9ba9697006acd7,3,1,True,5.949171543121338
unseen_text,79442aebc4e65b346fa75713,установка противотуманных фар,e2a3a2b7d773c6cc,5,4,False,
unseen_text,796d17301129c72b9bbc6f9b,романтическое свидание,269593fa19c514cc,1,1,False,
unseen_text,797c796a03ab4e41b019cb75,перевозка больных,85a3a9fadc953208,1,1,False,
unseen_text,799f31fe68db381fa0a27752,приемка шин на переработку,3136905d3a19b827,97,112,False,
unseen_text,79ba6fa67b768ac695401811,маникюр онлайн запись,181a070eb5e70d83,20,19,True,1.1378684043884277
unseen_text,79c2f506467d310e5869c7a0,аренда mercedes v класс,666ba3fa7293cd52,94,77,True,1.1367309093475342
unseen_text,79c2f506467d310e5869c7a0,аренда mercedes v класс,fe36e7247a784424,4,3,True,6.11728572845459
unseen_text,7a064cea2aa7661c1aa56031,ремонт турбин,4c1b3b1ced7994cd,1,1,True,4.233901500701904
unseen_text,7a0ac4f8d24aaf36a8d26503,ремонт бампера,7d47ba5431ddf9a0,1,1,True,5.220706462860107
unseen_text,7a9f849bd37f317290ecedc8,монтаж дымохода для газового котла и вентиляции,f20a9be272c97fc9,1,1,True,5.485385894775391
unseen_text,7abc8a7a4c17d32485626003,коррекция наращивания ногтей,5d3597e69f680a30,69,72,True,11.638589859008789
unseen_text,7ac07e4943c1c13466481dfe,вывоз мусора металловозом,e971255705602bb8,25,27,True,1.2408838272094727
unseen_text,7af5e15eab37bb1f6cf9061d,ванна акриловая,cf586e8558d526ae,17,9,True,15.742042541503906
unseen_text,7b05578f1c20e703dfd438b6,ремонт брелков сигнализации starline,94512c454081b96e,1,1,True,2.7113454341888428
unseen_text,7b0b091962612b248b7119bd,тренер на дому,9fbac46b92b90c40,7,3,True,14.63815689086914
unseen_text,7b0eeee9222d4a1b9cd7503e,снять банкетный зал,d3afc8bbda96499f,1,1,True,7.048494338989258
unseen_text,7b1f2c40b0e04d837a0a7f1d,аренда бункера для мусора,007ff762f82a1fa4,5,2,True,1.1754717826843262
unseen_text,7b58ef0b3c765337e63f331d,репетитор по биологии огэ,d3812a9893a58f24,7,7,True,0.0
unseen_text,7b59374362de4a06e73d2a5a,скупка домашней мебели,b119b4a3d598ecbf,42,66,False,66.81426239013672
unseen_text,7b831ff4681333ef9bc17a68,неотрайбл тату,2c8e35fedd9fd944,444,488,False,
unseen_text,7b83abcd4102c161e652a569,френч маникюр,a068d578d1f68cdb,3,2,True,16.574443817138672
unseen_text,7bf983bf2a36df0d0102e633,памятник,6880e2bbeba7a469,3,3,True,8.343338966369629
unseen_text,7c07e34ad3325b341c881104,аренда вибротрамбовки,c7c7e3e317658bf6,7,8,True,10.343505859375
unseen_text,7c09f468fb7471f332f8fe83,bybit аккаунт,e16b347eeb97763a,7,7,False,
unseen_text,7c45152cfdf6cb6b514ef87d,аккумулятор ryobi для газонокосилки,b63d671ee6156e23,1,2,True,5.499249458312988
unseen_text,7ca401fbab23e0136e3773bb,заправка фреона в авто,dbb0de16e88dea8a,3,3,True,8.389117240905762
unseen_text,7cc35dc714a0782f78e6cff4,чистка форсунок на стенде,342c4954f31b4ed6,1,1,True,1.7409367561340332
unseen_text,7d052d2eae7809850d8c1083,регистрация apple id,9946f9f4629bcd22,2,2,True,0.26353973150253296
unseen_text,7d164025ab162b49cb3b5f44,профессиональный свет на свадьбу,e53231c0f46e05d2,1,1,True,5.9865593910217285
unseen_text,7d5a60a08bbd2ccd19727775,резка бетона,07938f48e74e0d40,1,2,True,3.2877774238586426
unseen_text,7daf8b19e83e676da3d98eab,аренде на час для массажа,5a48e7214d43072f,24,22,True,11.9835205078125
unseen_text,7e3850347d7a0787bc4ae097,осаго,0a559534bf77b549,1,1,True,0.9168119430541992
unseen_text,7e458ffe8ac486bf7af9eb4d,швея портной услуги,0a0338e875830e55,15,15,True,2.0451765060424805
unseen_text,7e7a9ad5dde208c4b2f59e4e,газель самосвал,a0ef2faf0574354f,2,4,True,2.3077282905578613
unseen_text,7e8713f90e7ad86322004f36,аренда скутера с выкупом,0b8760f285540baa,19,21,False,66.82225036621094
unseen_text,7eaea268154879527bd3fc2b,юрист по составлению договоров,375ab1d058a9c7f0,2,2,True,9.552616119384766
unseen_text,7ebe8fe3685b4659ffb9d0fd,сантехник круглосуточно,cafb06389992d785,15,4,True,10.002235412597656
unseen_text,7ebfd27a476ee521d8a1ea9f,копка земли на даче,73fc8ad9c4acdb3e,1,1,True,17.462324142456055
unseen_text,7ecc40d4d63ae6811dab69f4,инн казахстан,59b32c3923ef9cd1,7,3,False,
unseen_text,7f034ea2e6802a31f3845940,прокол ушей детям,c7b10fecff6fee86,1,1,True,1.8144347667694092
unseen_text,7f062cc175d807da06265796,фотосессии на кабриолетах,04cbd9b9f69fca98,1,1,True,26.59728240966797
unseen_text,7f21231adc5b422b51f526f9,мастер по потолкам,0d8f22ecf4564689,7,7,True,10.025230407714844
unseen_text,7f6744598bc61f7bf7a38fe2,взлом телеграмм аккаунта,cd496bfbf77c6c6f,2,1,False,
unseen_text,8036b16d0e53fe0d91081593,прокладка водопровода проколом,df74ea5c862c5aba,1,1,True,4.571041107177734
unseen_text,804e108e2ae737fb70b3724e,стрижка котов,faf0dac2b5e78560,103,104,False,
unseen_text,80d7a79c97f981ffe4d29dd3,аренда sprinter,ddfee9040d677ce5,10,4,True,1.680403709411621
unseen_text,80e6d8234bc56d8bda45f11b,хим чистка салона на авто,9473020340e75ce2,6,3,True,3.18320894241333
unseen_text,810002911b1a452966cdaf2c,тонировка стекол автомобиля,24c72e4bde3caeb8,1,1,True,1.5486278533935547
unseen_text,812916bca0598309ab847a1c,свадьба под ключ,b96cce5ffd126cca,15,15,True,0.7040654420852661
unseen_text,813028d5ad1132e406dabbd2,дом под ключ,13de7263b041d781,3,2,True,0.21444983780384064
unseen_text,813cab3fbca6c5025b5ec61a,выгул собак,dbad46826e4c61ac,57,56,False,15.767120361328125
unseen_text,81b3c6fdf5fb166f4f9ba31e,модель на перманентный макияж,56e84838080db620,1,1,True,1.4320859909057617
unseen_text,81cb08a261a501ec4dfa077c,услуги грузчика,14a3552924500d0d,19,12,True,6.6715192794799805
unseen_text,81d36018c810856f04eb73af,утилизация старой мебели,7147c0db40df03a0,9,9,True,18.3895320892334
unseen_text,81ffb78ec62dfc6346a263d8,аниматоры на день рождения,fb3135546ed560cb,1,1,True,0.6595914363861084
unseen_text,8201d460a8eb4d5b6f53238b,пространство для праздника,33a105d02cd62fd1,6,6,True,6.490713119506836
unseen_text,82050cd63bbd2133079944a9,обучение плаванию детей,aa4fd53be75cb262,2,2,True,2.143306016921997
unseen_text,825a3646363535a42ee75d87,логопед дефектолог поселок новый тукаевский район,73cee166e43d0c20,2,2,True,8.020689964294434
unseen_text,826f1559891da81706957b34,липофилинг ягодиц,68e3274588035917,1,1,True,0.8897836208343506
unseen_text,8276968572c74d437ea201c8,выкуп битых автомобилей,608735e42d9e8a65,2,2,False,28.236562728881836
unseen_text,8276968572c74d437ea201c8,выкуп битых автомобилей,d8b1981ed6e55190,7,10,False,81.69879150390625
unseen_text,829097fe43b77e3f0ba1bbf0,реабилитолог,38a07d8e6014ebef,4,1,True,4.192300548311323e-05
unseen_text,82bacb53aae1b5e9a33d9eba,медсестра на дом,cafb97258131e645,2,1,True,8.770430564880371
unseen_text,82bb3772b60a5a08c29c3df6,перевозка инвалидов,4068d7ff5b06e861,1,1,True,0.29311397671699524
unseen_text,82bfd8965c4397c60c3649bb,ремонт акпп,50d73eaa650a3a15,5,5,True,4.359941005706787
unseen_text,82c68e8ea5a49e0f078641be,лодка на прокат с мотором,033ae2d4f02bbd57,10,9,True,10.079658508300781
unseen_text,82de0576c20101cee42a6e96,ремонт стартеров и генераторов,5a4784907d682565,2,2,True,11.951889038085938
unseen_text,8341a21339082071133b4147,ремонт одежды джинсы,bed6737d071fda0a,3,2,True,1.7774553298950195
unseen_text,845b0164b51b8547ffb46892,наружная реклама на прицепах,31905da268de305c,4,5,True,10.144662857055664
unseen_text,845f44e09d1d0484b4818fd9,распилочный цех лдсп,bf161a5a0d7fa28f,11,9,True,14.08873176574707
unseen_text,84785fa2e0a0aafc370dc03c,ремонт верхней одежды,d621c61a0397c3c1,3,3,True,7.178777694702148
unseen_text,84c1b6923248c974d07d9fe7,таблички вывески,7dda649111d5a804,2,2,True,5.4140472412109375
unseen_text,84c594b6b813d49c50e502c4,штукатурная станция,19cd6925974c4862,2,1,False,
unseen_text,84cfcd9ada4397f67112a7f8,ремонт магнитол,1a44807b50a25d5d,1,1,True,5.629572868347168
unseen_text,84d711fec9cd2265641e1421,откачка туалетов,40fd2b1a681e732e,1,1,True,13.848776817321777
unseen_text,84df4567cde06c16ba8cb093,покраска кожи,6432e07b7488bc1b,1,1,True,14.56955623626709
unseen_text,85213079e26405278b7b5de5,циркулярная пила аренда,4c80f04c867efa1c,1,1,True,2.3601467609405518
unseen_text,852a31526f3b4e9cf6aeb0b2,ремонт металлических дверей,577a7c4837afa554,3,1,True,9.714058876037598
unseen_text,85471b2b3424da20660c95ab,вывоз мусора ленинский район,8b288f9d49186617,2,2,False,
unseen_text,8580ad181ce86885aae41db6,глэмпинг с чаном аренда,8bf3b545afebb45f,3,4,True,0.1264701634645462
unseen_text,85a68c1f7c908b596224d174,кабинет косметолога аренда,7d9034778e5ed550,48,42,True,6.260611534118652
unseen_text,85aef88252e5a50f2b6cbe3e,техосмотр для постановки на учет,e40d62268fa3e7ef,1,1,True,3.3190908432006836
unseen_text,85d91a7e28b619cda107861a,кастрация поросят,4647303e528b5dc6,1,1,True,0.16854751110076904
unseen_text,85f1b4afb1c8019e2f9d4aa4,обшивка сайдингом,5d20ab58606be1f6,1,1,True,0.0
unseen_text,860d7f9af82d76ebb8cbbd16,выкуп товарных остатков,1361f3f5a54ad1b6,4,4,True,10.78369140625
unseen_text,863b73c153d52569c48bb2e4,прошивка контроллера электромотоцикла,ab1548db6dbcd0c8,1,1,True,5.364823818206787
unseen_text,867277e9f23fb52feee26f4d,ремонт айфона,7edc079ad86f448a,177,170,True,16.27926254272461
unseen_text,86a3cafaa7c5e0ab161f8c1c,чертежи от руки,492bdc5fd774ef93,1,1,True,7.245959281921387
unseen_text,86ec5f7e6f4c7e57b6fcf67a,разработка 3d модели для печати,f737ba4cbcb30e4f,4,2,False,
unseen_text,8724758389c69296c3325003,укладка напольной плитки,de3efe4dae92cf80,1,1,True,0.4348476529121399
unseen_text,8727b5dde621bded175e9c5e,бригада строителей,dba5b73f1a86cf6c,2,2,True,0.23023253679275513
unseen_text,87958dbd2b3c4dadcd4f3b0e,обучение на колориста,609cccc5d4054c4b,1,1,False,
unseen_text,87c96c49c6fc868c4b12b068,сиделка в больницу,aaca5d6e78bd1c32,7,4,True,11.60682201385498
unseen_text,87f98e7b119ad67b5ed0a124,ремонт входных дверей,33557d6d2ffc2a9b,24,28,True,8.549468040466309
unseen_text,8896d9ba114c9b60cbdd79d6,плазморез аренда,c7c7e3e317658bf6,43,42,True,10.343505859375
unseen_text,889800e20a6e8d0e623deb11,глажка белья,8ff30e81f08cdf57,6,6,True,3.554553508758545
unseen_text,88be9ffc8d8e9445fb74bcfe,монтаж наклеек,0343f2a6a336beee,7,6,True,4.755178451538086
unseen_text,890a943f2aa970ac6bf20b4b,обучение capcut,b138a8e1e154cc5c,1,1,True,4.739333152770996
unseen_text,8932c105cfcc52734bc44fa9,трансфер адлер пицунда,98692468a4845ef7,2,1,False,
unseen_text,89500784dcd5e46d64aa06b7,риллсмейкер,86a0f703fde2aa97,24,13,True,0.0001575733331264928
unseen_text,8958039ff7718b68314d0b7f,массаж тантрический,be72c6dd48e759b4,4,3,False,
unseen_text,8961976035040bddacaad402,настройка роутера,acc614a992cc7881,3,2,True,2.9595417976379395
unseen_text,897b3256007c33ef10f37bd4,сварщик обучение,81b3b4f2fce530e8,1,1,True,5.371654987335205
unseen_text,89a834416a1aee59ab88b8ae,замена фасадов на кухне,3e3745c0543e52c9,3,3,True,10.150426864624023
unseen_text,89b0b2e5ed937ea8340b989f,изготовление дубликатов номеров,d3b37037a9a3ba71,29,18,True,12.648616790771484
unseen_text,89c60c323c221768365d9fd8,выездная мойка автомобиля,a3b6eedb543ce6b0,1,1,False,
unseen_text,89d6c5b8aab5214da9e3e5e6,уборка участка от мусора,0b230d26151bd0f1,1,1,True,0.056316059082746506
unseen_text,89e1760cf6a05427d6a41a9b,рулевая рейка на f30,d6540234b1d8f9e2,14,12,False,
unseen_text,89eba62d62e2db71483aff2e,коррекция носослезной борозды,89457cffb0afbf76,56,45,True,2.968811273574829
unseen_text,8a6964ef3a6f861160273e00,тренер по бегу,5c4d2ca5255b63b5,2,1,True,4.710997581481934
unseen_text,8b06d45e95f7787e46c0722d,афрокосы девочке,0db1c8d3219d9d09,114,98,True,16.403060913085938
unseen_text,8b4e3c8efa2ed6dbbeeb655f,вспашка земли  проф.мотоблоком,27841a02e38895c5,1,1,True,1.493560552597046
unseen_text,8c7026ea321b05cf88287aab,отбойный молоток,ecef83f3d1fc69da,12,11,True,3.156935691833496
unseen_text,8cef9a5d0202aa432b170056,русификация geely,ed0cdf16f1d4ef23,3,1,True,2.7938222885131836
unseen_text,8cf6c94047c61c8ae1df671a,трансфер мин воды домбай,332667b8c8c85bea,3,3,False,
unseen_text,8d3b6430e2c5fb2b958d9c7c,таролог,0fc35edaea0816f4,4,4,True,0.009853722527623177
unseen_text,8dccdbb208b567f0f6540617,наращивание ресниц голливуд,fde454725f7ae8bb,35,50,True,12.45920467376709
unseen_text,8e25adc8a1832ae34a5df99d,наращивание  led,b0667a59270c65f7,2,2,True,0.7418520450592041
unseen_text,8e3006bbc54eac6a8bdc828c,курсы excel,cf204bba0f132647,11,12,False,
unseen_text,8e459b9d81a63afb4282733f,реставрация стульев,f9223086df8d8634,15,15,True,11.065625190734863
unseen_text,8e625c03c5ce1743833e568d,аренда инструмента,2db597fe96f02e8e,40,35,True,11.691239356994629
unseen_text,8e625c03c5ce1743833e568d,аренда инструмента,c5534e28769de862,9,7,True,11.154120445251465
unseen_text,8e625c03c5ce1743833e568d,аренда инструмента,ecef83f3d1fc69da,24,12,True,3.156935691833496
unseen_text,8ecd1eae581d484179eafc34,бетонный насос,89fcc91bb6418097,8,8,True,1.1403915882110596
unseen_text,8ee882ad4413aa8e36ae2ba2,косы боксерские,e17213d58c08488a,6,6,True,1.9271459579467773
unseen_text,8f0e94c45f19eecdc29fb704,разблокировка iphone,2b6445e1be415f2a,5,3,False,
unseen_text,8f15dcab5fe9dc89373cb406,ремонт балкона,a0e604fc1da6d95b,2,1,True,4.372191905975342
unseen_text,8f2a3ecd635bd423936148f9,установка бойлера водонагревателя,1d51685df131d428,18,16,True,14.136985778808594
unseen_text,8f310b1ab4184c704cdce7ef,подбор мотоцикла,042603ef1a85abdf,2,2,True,10.989882469177246
unseen_text,8f4c46735a6ff9d292461bd7,фотосессия бесплатно,33985fa30d3df235,8,14,False,
unseen_text,8f6482b2cf17a0e1a28b2683,фуршет боксы,cc4ede639c14c969,1,2,False,
unseen_text,8f7892e3236155ac5a840a8b,реставрация камня,850cee03b5919d69,36,37,True,9.006789332488552e-05
unseen_text,8f85b19cc90618e2fe047eab,татуировки на дому,5cff3a7649c17f1f,5,5,True,2.1378133296966553
unseen_text,8f874aabe519f7aba2268e8f,плиточные работы,49eaac436ff806aa,6,4,True,7.231424331665039
unseen_text,8fc1dc43c44aeb47dd024e82,чистка ремонт газовых котлов,95e9de79d019db6e,1,1,True,8.687829971313477
unseen_text,90023a17ac318cf292c3443f,банкетное меню,67ceec4f8de0bcc2,4,4,True,1.3866510391235352
unseen_text,9031ae2477d03d57db73a3eb,гружу вожу,499a645be768e834,1,1,True,5.528693675994873
unseen_text,90393b66fdb563c236396e07,скупка игровых компьютеров,82f926548c7954ca,20,17,True,5.974184036254883
unseen_text,907a95c49db7dd4152ada8f8,передержка щенков,0c1696da3eaed832,1,1,True,4.569944381713867
unseen_text,908309b7f00afdcd89a58362,трансфер горно алтайск манжерок,0d9259763fdd8279,32,33,False,
unseen_text,9093e6ef71975187ff0f2344,ремонт пола спб,217c14378def78c8,54,53,False,
unseen_text,90a4e62035afdd217cfff5dc,ремонт дизельной топливной аппаратуры,923afcd8a62c4311,4,4,True,13.221479415893555
unseen_text,912f8c9a1bb525a1b69c520d,вывоз макулатуры,8781aee352fb4712,24,28,True,9.690878868103027
unseen_text,912f8c9a1bb525a1b69c520d,вывоз макулатуры,9b04b5373c76018c,5,9,True,15.242387771606445
unseen_text,912f8c9a1bb525a1b69c520d,вывоз макулатуры,d05a20520e89adb0,22,19,True,13.021613121032715
unseen_text,913384fdd9ce83e343b310ee,замена аккумулятора ноутбука,644f123374f18ce2,1,1,True,6.501706600189209
unseen_text,913b849814074a62f4b83c32,аренда лебедки электрическая,e5308dbf83af63ef,1,1,True,20.519304275512695
unseen_text,91468e889899e7e1b79fc4d2,сварка металла,df31b0ebe36ccfe1,4,2,True,6.21320104598999
unseen_text,9166368e22fe2fec14c85a0b,уборка квартиры,fa869eb91a35a007,9,6,True,0.07462270557880402
unseen_text,91abfcc05e6bc665a77d14ff,аренда дома с чаном,a96476f81e51ad2c,6,6,True,5.8674116134643555
unseen_text,920f3ce3578b21a03681b2ca,скупка литых дисков,59bec5f1d792f6dc,1,1,True,14.929044723510742
unseen_text,922c40273e5efe59d057163a,беседка у воды,7acf3f96b952b954,5,5,True,5.278143882751465
unseen_text,9234fe2072787148813a067a,чпу по дереву,380ba2fb9a36689e,1,1,True,8.626082420349121
unseen_text,924290fef6568249b6e2bca5,аренда лимузина на свадьбу,8cd6e1c869918141,5,3,False,
unseen_text,924e7cc8ae9eed09c399dd8b,укладка плитки в ванной,54483c6261f64b7d,8,10,True,1.0398199558258057
unseen_text,92577962f0074ddbd77f5624,3d стикеры,e9c7b2b0d44205a4,22,24,False,
unseen_text,925a079ab851a9cd626514e9,изготовление офисных табличек,b5037920a7b359c4,4,3,True,10.870484352111816
unseen_text,92d23046d574f7ed580439e9,ремонт бензиновых генераторов,487550fd361a2175,1,1,True,1.897601842880249
unseen_text,9321a5f9c0a5378e2cb3858c,изготовление бирок на одежду,4bc1a5ca5e3f5680,61,44,True,6.531505584716797
unseen_text,938f87236f23a9afd6dd2709,надуть шары гелием,0fde99c20cd69e8f,2,1,True,1.2278459072113037
unseen_text,939480ca25f427c1af7e42c0,ремонт лобовых стекол,3fdae0436b57b0f3,2,3,True,12.183780670166016
unseen_text,93a015e1a5cc10c30cf41113,сплит система,2122196bf16ba6d0,7,6,True,1.7540216445922852
unseen_text,93c46783cc031b4e3b8cb342,доставка из ikea,1953ce86f7eca340,2,2,False,32.444637298583984
unseen_text,93c9b54616efffc65bfe558e,мончегорск ремонт сантехники,7c7942099ddd4c00,2,3,False,
unseen_text,948d5ab155df6748c87c32f2,гитара обучение игре,bf03abf2b2e3f439,1,1,True,0.07860562205314636
unseen_text,94bfa87056112b4cec3dc722,бурение под столбы,6653c98953f2aa6a,1,1,True,0.00018441758584231138
unseen_text,94dcbf8eb4dc9f369ea19c94,барбекю,610a7f51cdd675c3,3,3,True,0.04692821577191353
unseen_text,94de54903499d7001b9650a4,манипулятор перевозка бытовки,690ede9f01360e50,1,1,True,0.021837709471583366
unseen_text,94eefcc37712aa91dd52908f,аренда шлифовальной машины,0798814d63c51ebd,28,26,True,10.297029495239258
unseen_text,94eefcc37712aa91dd52908f,аренда шлифовальной машины,4aecf74bd25c2e1f,3,4,True,2.62689208984375
unseen_text,952a4d7172200bf5d04f04e3,грузовой эвакуатор 24 часа,4b110db2bf125669,14,17,False,
unseen_text,952aae5ae9db8a7a61f14812,дом у ели,5850fcfd4c39b414,19,13,True,5.9865593910217285
unseen_text,9579891169c382aae6ae010c,открытие замков,e69c3d8dae502470,11,9,True,3.8477721214294434
unseen_text,957d387c3ffc788afbc5306c,монтаж канализации,34fde16cecdf2607,15,17,True,1.6688024997711182
unseen_text,959da5d648fa873316caebad,чистка засоров насосах,c46838d51d445f29,2,2,True,6.395771026611328
unseen_text,95a615fa6377134dcb746008,перевозка морских контейнеров,d24b4871c2aa064b,2,2,True,14.918349266052246
unseen_text,95cb75491f128d182f1bc9c2,стас михайлов,8f76f74caf4b06d6,1,1,True,0.0001700582361081615
unseen_text,95daca036bcd061a89144622,рассылка в телеграм по чатам,12df6e80be4aaa2e,13,16,False,
unseen_text,95fa57b91526e9c4fbe84f72,фото зона для свадьбы,946fb56f647e2432,1,1,True,1.3679285049438477
unseen_text,9649d90c089662999954de13,резка плитки и керамогранита под 45 градусов,15c8e3f25b27f5e7,20,20,True,2.9510810375213623
unseen_text,964ce3cd0ebc8abc59a102e5,подключение стиральной машины,1fde340cc534850f,69,46,True,12.110589981079102
unseen_text,96877eaa145eded2a7a85222,обслуживание электросамокатов,397fc76e5b661558,1,1,True,0.4098812937736511
unseen_text,9794666914a7a1e5c1bb2778,куплю старую технику,9359175289be81f3,99,45,False,17.819747924804688
unseen_text,97ba914c7fccba69f0a9c00a,копер в аренду,3873f52135fb75be,2,2,True,2.4911208152770996
unseen_text,9816876255b467720548ce09,шпаклевка финишная,122e34715acbca67,2,4,False,
unseen_text,982084fbe38ef3c3010fae6f,замена разъема зарядки,54ca8e5f9a42693b,3,1,True,2.621098756790161
unseen_text,9825b5e6329cc5951e19d75b,ремонт двигатель,567d0ab32ddee216,4,4,True,7.837876319885254
unseen_text,98270adc2d7ae293a8a4e196,подтяжка лица,a0be0ae657c4ccc1,1,1,True,0.9090337753295898
unseen_text,983757b5b72e02f0bbd215c8,садик,4e75b729dc9400f3,21,25,True,8.245267868041992
unseen_text,9853fc3fd2787e9ef8ab4b5e,грузоперевозки пикап,ba0f0ee7cfa6e124,9,4,True,3.8815221786499023
unseen_text,986f83f9bb823f4e811686a1,перенос газовой трубы,607c8b15b0f78ccc,1,1,True,2.8644795417785645
unseen_text,98db7743ba7b0c6d933063bc,ответственное хранение,4d2a53617c1b1760,1,1,True,0.3737698197364807
unseen_text,990f5ecde2aeb55419b187ff,парикмахер на дому мужские стрижки,b427ee1fa1a61a9e,11,9,True,5.118275165557861
unseen_text,995ffab44f69ba6e13d4eb96,лазерная резка оргстекла,e0597e2ab69c2516,7,7,True,6.107419013977051
unseen_text,9a0c34cccc63210c2e40d745,балкон под ключ,cf0a5b474927a61e,9,8,True,11.737135887145996
unseen_text,9a2536a40e57c983d36dc732,настройка ютуб,d4231bb59425d2be,45,44,False,
unseen_text,9a2d3b0fb45139da92f277ed,перевод видео ии,4f4959134a502831,5,5,True,1.758439540863037
unseen_text,9a5bfcfd29d1130cd473ad33,антихимия,ce9c55913bc1bd9d,3,3,True,7.231596946716309
unseen_text,9ade62aa9f87bf5ad213be50,сборка и установка уличных спортивных комплексов,1edb07e97259594f,16,5,True,1.680403709411621
unseen_text,9ae064a46c0d20a2d8977cb6,теплые беседки,119a6ebceae84904,27,19,True,2.971907138824463
unseen_text,9b28846cfcf4aa38beebf97c,обьгэс педикюр,55f8c5decd583f22,12,13,False,
unseen_text,9b598bc680cac45a725cba72,фотограф индивидуальный,67a5378ee5b45fbf,106,103,True,0.05384242907166481
unseen_text,9b748de1c0de5ea7494e0d08,диагностика авто с выездом,a3a4c7935210a09b,1,1,True,4.593400478363037
unseen_text,9b9933774dedf25a74de21b3,тренировки по тайскому боксу,e3356487aebf24f1,5,3,True,7.896610260009766
unseen_text,9bd2a65ec3796b1334c248c1,выкуп электроинструмента,2013e2ebac7eb572,1,1,True,1.1005373001098633
unseen_text,9bd7367a42ad34c8e11b87ee,нивелир,81b68bbbd4676863,5,3,True,4.880803108215332
unseen_text,9c010411ceb85e4c75997db0,куплю старые холодильников,a2ce8c1e97dd70a8,9,6,True,11.718955993652344
unseen_text,9c02dab0b5bb23e97eb9a45b,репетитор по речи и дикции,37fd22c8fe8c865d,6,17,True,1.9770729541778564
unseen_text,9c444e86bf1e918616ff3f76,честный знак маркировка,77b9184d403aeb5d,1,3,True,9.006789332488552e-05
unseen_text,9c4fd463d574ac6c64a37647,ремонт бензотриммеров,c97fd3f71e1e3c16,1,1,True,4.036268711090088
unseen_text,9c720476b83b6d5fc2e04fc2,газель перевозка,cea00fe5bbbb6c90,16,9,True,14.890259742736816
unseen_text,9c7e23a991a9c899e9d7ab76,удаление жучков,db70e608d6edbaac,1,1,True,12.267562866210938
unseen_text,9d36659549befe1a909ce9c0,поклейка плинтусов,a10bd37ee16e472e,4,3,True,3.8761038780212402
unseen_text,9d6b701403a1ed02cc05ba0c,криополиз,d45db6b1e6e98efa,2,2,True,1.1023526191711426
unseen_text,9d83a84fe7e2c46ca8b5b23a,медсестра,32b129167222c2c4,7,6,True,10.541060447692871
unseen_text,9d9b697ddfe3d948425cdbb4,копать под кольцо,d4b4ca1c2b1465ed,14,12,True,0.2980283200740814
unseen_text,9dc7a2ad6ce15b49ee984e78,колорист аиртач,8e4ec233a03e6060,2,1,True,5.390599727630615
unseen_text,9de0eb58a6de9bf6d5eaa53b,продать ноутбук,180d21b0583a5bef,4,5,False,
unseen_text,9dff80509b11e1fb0695861a,ремонт котла,66ea29bb4a5dcb8e,16,15,True,2.0077624320983887
unseen_text,9e0a2a0953ce0b9a87704d3a,ремонт плат buderus,f8d9cb857bcf5b8f,1,1,True,14.568976402282715
unseen_text,9e1b93105b0b6977325317cf,каток газонный,116d137c05f2a120,1,1,True,0.2596147060394287
unseen_text,9e6b25c6b4aa89b479c13ddd,химическая завивка волос женская,ac713b901133bd12,3,3,True,2.0912511348724365
unseen_text,9e754c8b04932d6004ce87bf,обучение ремонту телефонов,27b547b4fb963996,3,3,True,15.749839782714844
unseen_text,9ed2f9a88951400d995e8fe3,бухгалтерские услуги для ип на патенте,792d43b3e3a4c97f,3,5,True,4.192300548311323e-05
unseen_text,9f6db41a7863722dc3e5b95c,торт,8055334bcf258c79,36,8,True,12.756693840026855
unseen_text,9fb2cf15f8e2698969bfca31,трансфер владикавказ ереван,deb58d7ad8c27d06,15,15,True,5.857263565063477
unseen_text,a0243434b71ce54b56b655f5,вывоз книг,7f91c72367d42a4a,14,13,True,10.273994445800781
unseen_text,a031ec280186287cbea69248,автокран 50 тонн,9342436fdf71cf62,1,1,True,8.113813400268555
unseen_text,a03fdc3cb8569190cf5faa65,технологическое присоединение к электрическим сетям,8bff48486867280f,3,3,True,4.161452770233154
unseen_text,a0449ce85bf6e39693452283,бухгалтерские услуги,e70727d9d773a2f4,1,2,True,4.4543843269348145
unseen_text,a08812cbd2e2f592fe930209,психолог онлайн,55eec4d68c72564f,13,3,True,1.1402595043182373
unseen_text,a0b75790075a151cdd1b3a1b,ремонт авд,d8c5b01c957b2790,1,1,True,15.115747451782227
unseen_text,a0ce346e6533af49c2fa9e4c,аренда костюмов,ef249ad321e4c685,17,18,True,0.00019014334247913212
unseen_text,a1326f8c14bc51e9e4822953,авто на выписку из роддома,b7d4e6692cad71c1,2,2,True,1.9386203289031982
unseen_text,a14222ed58bfa22c20eff305,москва казань 10 тонн,f3ecef3832b3242d,14,14,True,9.293105125427246
unseen_text,a179b1371a7b484bd7892b9b,бизнес план для соцконтракта,964594ddf9c5cca9,2,2,True,0.5491470098495483
unseen_text,a17e44efbc32cb8978a4d95b,снять домик с теплым бассейном титоровская,fc5116472affe2ba,13,13,True,10.656514167785645
unseen_text,a1891bd445e59280d66238cd,аренда cadillac escalade,616c34fc03d1d33b,1,1,True,1.6590986251831055
unseen_text,a1a90ac259b715f5f9890c98,чистка ноутбуков,a247f95a88b73b93,1,1,True,5.221060752868652
unseen_text,a1c6dab5d84665d59be6dfb6,обучение макияжу,bed911c31ff8fcc4,7,9,True,10.25144100189209
unseen_text,a1fcb3458fa8d9b8230c3a67,зона отдыха,b0dce8c75761fec9,1,1,True,8.315398216247559
unseen_text,a1fcd4272bbbcd670d8f7007,дипломная работа медицина,796c276a47802757,1,1,True,0.43697500228881836
unseen_text,a2775c5c7702fadc27c3a0ee,выкуп автосервисного оборудования,eebd1a9723b3b31e,2,1,True,3.1396217346191406
unseen_text,a2af9fef942859f44840b8ed,домики для отдыха,03308d48d0b35ae8,14,13,True,0.5125997066497803
unseen_text,a31d6e449b66fe143e534f06,уничтожение плесени,172090bbf6e24bf4,5,6,True,0.32062190771102905
unseen_text,a326f119fd10e55c0b77fede,расчитска участка,ee1e136252895972,11,7,True,9.37021541595459
unseen_text,a35cd9a93539517c7daca836,аренда лофта с кальяном,ceb1dfd6d9df55ee,4,5,False,
unseen_text,a3ff0ac741ae844f30c5671f,выкуп техники apple,312410da1859460a,1,1,True,4.117969036102295
unseen_text,a402e9d89849bbb91531f95a,можель на стрижку,e2dc61a89c50982c,12,8,True,3.2537741661071777
unseen_text,a44b590ce40f434c4a585ef3,дизель центр,c766adf1a4a87b59,2,2,False,
unseen_text,a46f8e59f8cafce6fb8f28d1,автовоз усурийск,9ab838c8e1810c1d,32,28,True,10.861760139465332
unseen_text,a499ae1f6124cb8af5b4f293,сброс айклауда,2ebcae946ffd6de5,1,1,True,1.1304707527160645
unseen_text,a4f0affeef86b061677bbc12,демонтаж теплицы,137cdf84921a28e0,3,2,True,0.0001667923788772896
unseen_text,a5248905b281e00a4c8138db,ремонт зеркальных фотоаппаратов,cfd81108582d0876,1,1,True,0.3351239860057831
unseen_text,a542c6279abd4673de642c29,бенто-торт,5ae48abb336b5150,2,1,True,5.131375312805176
unseen_text,a579d1a5543ab5fd9152a2b3,помощь в одобрении ипотеки,f4e8eaf32d293d3d,1,1,True,9.006789332488552e-05
unseen_text,a5ddda41ac61619dfc098ace,аренда лобзика,d18ca65b576fdfa7,7,8,True,2.11405873298645
unseen_text,a6a262ffe6141046a6800fb0,покраска,d373b0666c3a530a,13,10,True,2.9335734844207764
unseen_text,a6abb1a52609ce7088b5447a,ремонт тормозных систем,6bea2bad21a00527,6,5,True,14.592851638793945
unseen_text,a6daa534dbc6eb41fddc5f7d,услуги мастера ростелеком,3cb0e025ce1d6bf2,1,1,True,0.23034177720546722
unseen_text,a6e8e7e8220ebfd2624c1b39,ремонт швейных машин,837d3fce3d10f04e,2,3,True,4.833041667938232
unseen_text,a7022b5ca5411be6f3fa9a86,станция для заправки автокондиционеров,8499f1e5d5cdde3f,1,1,True,2.9572975635528564
unseen_text,a725742c31c6c3cdd99622ef,авторемонт,8f922ae42b457c6f,6,7,True,3.5098772048950195
unseen_text,a73d549ca12c6ecfc57537ca,горячее цинкование,e00adec51ca1389b,4,5,True,9.006789332488552e-05
unseen_text,a7407de5057661ec44bdee4e,вскрытие замков авто востанавит ключи,2d06be00758bbcd0,2,3,True,8.72980785369873
unseen_text,a870d37597787339859e936c,печать ростовых фигур,bd1e805a69773628,8,11,True,5.232169151306152
unseen_text,a8c63d55fb6e21dddd335df2,вывоз мебели,a858d8dffc39a4c9,16,3,True,3.0802488327026367
unseen_text,a8dad4fac2dee5ebf5e5b54a,локоны,eaf8f430035dd25d,1,1,True,3.3235201835632324
unseen_text,a951bd1a43c42aab52cbcf2d,обзвон по базе,1344796085e92421,8,7,False,
unseen_text,a95d11ac510b3103f996a17d,перевозка эндуро,ce8287c60ea371d6,6,8,True,2.5669682025909424
unseen_text,a9758772e820a993ee31ca08,линолеум,1f29f77ee6513910,3,2,True,0.6837022304534912
unseen_text,a988c73cc03ded46b3cdad79,косы,3f8ebc6cc98da978,4,4,True,3.1492695808410645
unseen_text,a9acb0a428f02646748d7a11,ремонт iphone x,c3f34aaa360fb569,23,22,True,2.750744104385376
unseen_text,a9ad12f757d38a7b657d3c83,скупка газовых плит,97f7773e89839316,1,1,False,
unseen_text,a9f7137ae274f2311fff950f,оценка для суда,b84ac35bd45894ce,19,15,False,
unseen_text,a9ff8149ddb5d709ac40d566,ремонт двигателя honda,72b9439e52a64896,1,2,True,3.6711602210998535
unseen_text,aa01110b6ccfbf10a6ec509a,кремация животных,63c51104693e9b57,3,2,True,9.45464038848877
unseen_text,aa6ac63792a02147573493a9,шары на заказ гелиевые,f34d42d836299f12,18,17,True,4.177555561065674
unseen_text,aa8d0d095b83200f50288357,переоборудование автомобиля,6e9c07c12248daed,2,4,True,0.33819130063056946
unseen_text,aad9b9d80e5dd645441a7e8b,аренда инструмента каток,2655d51d601816e4,15,16,True,1.3724949359893799
unseen_text,ab199a6f6ab5838c722f7bc5,сбрщик мебели,57cbf4c3125e5297,10,6,True,1.0082619190216064
unseen_text,abaf892edc36ae22be6d97d9,наращивание ногтей френч,b4b62c2b0ecc3a7d,21,15,True,2.7275094985961914
unseen_text,ac50e88f414d308887a1b96e,ремонт погружных насосов,1f7c2b23cd8b24f5,3,4,True,10.304773330688477
unseen_text,ace004816ed18b88cf26d29f,фотосессия под ключ,075176f21dc5e1e0,7,3,True,2.8253564834594727
unseen_text,ace9d6ae49f3b5cee05e04d8,ремонт проигрывателей винила,c433597d7cdf669d,3,6,True,3.40358829498291
unseen_text,ad7b5e966704b1a4aae992ed,клининг дивана,f465e44f48510225,2,1,True,4.177277565002441
unseen_text,ad8aaf099fa1291e796e160a,беседка аренда,4c2d1e6ea359a5fc,6,7,True,7.499120712280273
unseen_text,ad90ee9ab2cc9d32c94d5861,снять баню с бассейном,a983521bbfbe51e6,9,8,True,4.2790703773498535
unseen_text,ad98821b35ccf17cc651f789,аренда шлифмашины,1d255aac73cb5174,23,27,False,18.678787231445312
unseen_text,adce51f8098a23fb569515f0,дам таблетку от сбера,453fe98b8443f5b9,1,1,True,1.3722329139709473
unseen_text,ae037b91de21b27929bb7256,изготовление шевронов нашивок позывные,95f459591c38a546,8,6,False,
unseen_text,ae2c25dabdf957c9fddeb99a,ищу парня,ceb2ff1255a13a0f,636,381,True,14.545130729675293
unseen_text,ae2d2eba6b6343a31e7f7f68,замена акб айфон,297b7cdde1fd3fe2,7,4,True,1.1444671154022217
unseen_text,aea85270bcb1496fc86c5e75,плетение афрокосичек,99a31d9e5bd6eda8,10,12,True,9.980385780334473
unseen_text,aed84d3e4064032873d8c193,mercedes v класс с водителем,9317781abf7a1955,8,6,True,11.820857048034668
unseen_text,af1ec467b2708b7af9f1aec1,установка приложений на макбук,6b695a4dcdbc534c,11,9,False,
unseen_text,af2086a23724c73440dbe3bd,трансфер автобус,ec072521df67c3a8,4,6,True,0.045081138610839844
unseen_text,af7dbfe89744008682283977,отбеливание интимной зоны,1f9d1245ac61c15f,1,1,True,1.3178935050964355
unseen_text,af7ef2e8a131f4e060f9c0cf,визитки на заказ,a0061913f09027e0,1,1,True,0.6060748100280762
unseen_text,af8e3e21002f451d3974f644,русификация toyota sienta,097208c5f3deb5f8,47,33,False,460.5688171386719
unseen_text,afaceae45155bfd6bb0ea715,снятие блокировки iphone,d34f92f516fdcb3c,73,70,False,28.124588012695312
unseen_text,aff454d609285dee6b40d2ed,покраска фигурок и миниатюр,bbcab6559eb4d5cf,8,10,True,11.875090599060059
unseen_text,b03f7ce69557062580950bd3,прием резины,2bc9750b08a79179,1,1,True,3.4280076026916504
unseen_text,b06ac58f63c0b85d5daa2e43,оформление кп и презентаций,a13c5f1841d7884a,2,2,True,0.6454616785049438
unseen_text,b0750b38a5dadc23177acea6,перешивка офисных кресел,9499bfea251fb07a,7,6,True,1.3415710926055908
unseen_text,b08abc575baeef15d565a603,установка межкомнатных дверей москва,7b25e60bb7513365,2,5,False,
unseen_text,b08e282e2ba5ee4f51e628bb,перевес номеров,7f1127b98c918bc0,1,1,False,
unseen_text,b0a187f84ac449cb04be4f79,портная,c8fc67904c809db7,7,4,False,
unseen_text,b0b795226c44e980f978e434,ремонт электроплит на дому,35f1dc558898266b,8,8,True,0.7426894903182983
unseen_text,b0ba829363cb464fd1d3c351,запись на брови,c4529c2c8766f8fa,2,1,True,1.6692395210266113
unseen_text,b10b7542da2f0bb00d006c6b,домики в архызе отдых,8c4ae74abd1310bb,23,34,True,15.741498947143555
unseen_text,b125e7c0af429ebbcd1aa199,реставрация плитки,80208a40d5c96997,31,23,False,
unseen_text,b133c9ec7b2283e79ab3e0d3,модель для фотосессии,0496f81b6271971f,2,2,True,5.389189720153809
unseen_text,b15edff5877e2d82cce3b6fd,массаж простаты,4b404a189f9a3f5a,4,5,True,5.476773738861084
unseen_text,b16a2ec10ad435e08eed3f99,аренда машина автомат,d9e7918fb3b53f39,5,2,True,2.5526185035705566
unseen_text,b183bba15dfeac0081adbcd5,ремонт тв на дому,dc6ee1f616ce65ec,2,1,True,2.996997117996216
unseen_text,b1ae7653c14812f1f87dee8d,услуги байера из сша,378c956ec1742919,6,9,False,
unseen_text,b1c470d93a5b82e634167b10,услуги видеомонтаж,58e3548b3d477f00,2,2,True,0.06404828280210495
unseen_text,b1c5a79bc8172f6339406f4d,сухая стяжка пола кнауф,b9ae309567f0a2d5,1,2,True,12.53580093383789
unseen_text,b1da85d4f3e13f4e0353930e,сезонное хранение шин и дисков,347b1524afe0a7eb,6,7,True,8.827008247375488
unseen_text,b1f540ca5e7641d01d3a08a2,виброплита услуга,958293845dd709af,2,2,True,3.785956382751465
unseen_text,b21cc5e89dc22dc7264ccb37,отделка балконов наружняя,57e280dff7bece11,1,1,True,1.1646714210510254
unseen_text,b233610865074ca9a855b5be,создание видеороликов,dbf6f5529f0d8eab,8,9,True,4.027165412902832
unseen_text,b2536ac08c00450571736a9f,ремонт офисов,c50607ba36f1bb77,1,1,True,0.8014242649078369
unseen_text,b290365a45b0238627cd9529,хай хилс танцы,8e2d6d67f2264fc6,8,3,True,2.8195316791534424
unseen_text,b2cfe1be0f573e5ea1861810,наращивание ресницы,94d689f99943b10d,2,2,True,2.999945640563965
unseen_text,b32195866dae7d04dbd0cf56,ремонт электрических плит на дому,cb9c4411ff06d77b,4,4,True,6.878232479095459
unseen_text,b3433cee1075cc1266b86b3b,репетитор по рисованию procreate,fac0b24cb6bcf7b4,20,26,False,33.5123176574707
unseen_text,b37c6413c7a8e6dfd535d696,автовоз калининград,290ab1a4eaeed455,1,1,True,4.192300548311323e-05
unseen_text,b39543e671f579c279827b02,изготовление капп,1585aa77ba209c70,1,1,True,5.923599720001221
unseen_text,b39fafcd478243f5beea7e34,ремонт компрессоров авто,5b34237811c7bd67,1,1,True,8.038942337036133
unseen_text,b3a7e1b9ba24c5060bfcc65f,прошивка китайских  android,6fc0295c616becd5,21,19,True,14.553557395935059
unseen_text,b40ed0cb1f975e847235e8e2,ремонт ноутбуков удаленно,ebd8e3f64ca7bd18,85,87,False,
unseen_text,b447efb1719aa122fbe0b4d7,снять площадку на воздухе в аренду,bc5b45d3653e2000,105,104,True,3.8972153663635254
unseen_text,b47da3cc962f81e309cf5701,обед,952ee71429d29d50,3,2,True,5.288272380828857
unseen_text,b487aca5bf5769ef1ea05444,прикорневой объем обучение,60ba0c99b77d22f2,1,1,True,10.138287544250488
unseen_text,b4dc2b974a2ede8197ed4712,каменщик,625b68582b1c402c,1,2,True,9.271008491516113
unseen_text,b50285c6fcd0cdc763b086cf,предпродажная подготовка,29c1e020a48be436,2,1,True,5.335861682891846
unseen_text,b5391746beeb354c1f3453db,печать на пищевой бумаге,f02ba76a1732f3d9,4,3,True,12.121869087219238
unseen_text,b5830d2439d26a07776358ab,каппа ретенционная изготовление,1585aa77ba209c70,2,1,False,
unseen_text,b5a8feedaaa0ae0b0fd0a78d,трансфер аэропорт сочи пицунда,af1aa5b23fcae8a5,3,5,False,
unseen_text,b5e3fd14ee275bb3f5b21f49,откачка септиков и выгребных ям,3dff935d65424938,114,138,False,
unseen_text,b5e503c8e773a97c182e4f89,монтаж промышленных полов,94180c12f1518002,1,1,True,8.485668182373047
unseen_text,b615ae3750e40738b1489fae,еда на заказ,cc4ede639c14c969,8,9,True,10.65701675415039
unseen_text,b6a504dfe7625dea39a3916a,обивка входных дверей,92036d5ac4d1b234,9,10,True,1.3752548694610596
unseen_text,b6ae38e02b190bf476a2ec6f,караоке круглосуточно,8daa7a21e830ccd1,1,1,True,4.121745586395264
unseen_text,b6ba675d44f86e65c1d45060,электро эпиляция,622cdf9ed2390392,2,2,True,2.068000078201294
unseen_text,b6e36110c03e0e86a02ddf09,детские пособия,7e686455674f3444,8,8,True,13.253105163574219
unseen_text,b7646fdba8e8d13cfa643aeb,аренда газели,7f9e754f7361f6b6,30,13,False,24.881498336791992
unseen_text,b779453fbeef8ddc4fc50436,ремонт электросамокатов kugoo xiaomi ninebot,ca6b6a63d43b06fb,1,1,True,3.011840343475342
unseen_text,b78bd44a0e0357cb974d3fc3,пригоню автомобили,eb5513b8265bc7f6,13,13,True,7.298520088195801
unseen_text,b7bd22432442deb053703424,реставрация часов ссср,dc5fccd092881ec7,4,5,True,9.443300247192383
unseen_text,b82606df9c7513966e806740,ямочный ремонт,763d078f897f6f7f,1,1,True,3.8553433418273926
unseen_text,b8379aaa0ba47241992c037a,реставрация ванн,9b44ddbfb3131e71,1,1,True,0.1448204666376114
unseen_text,b83b1d62e32b0a503acb0deb,химчистка сумок,966c569452a238ff,8,4,False,
unseen_text,b874b69d90077fa35a776a5c,покрасить волосы на дому,73dad9b3bf8cf60d,18,16,True,3.40972900390625
unseen_text,b875af7724817663b3340efc,антенна триколор,ba8e7900d1d1cccc,1,1,True,0.9888174533843994
unseen_text,b8968db800eba3d0c985510e,прием стрейч пленки,20859753b81f7691,1,1,True,11.908554077148438
unseen_text,b8b1e3a8bc2d848d727c50bc,дизайн кухни,51d5e48b12d69737,5,8,True,0.37379443645477295
unseen_text,b8d86fa26f5afafcdd0ff942,привет,d85912bbb5e11f30,48,48,False,
unseen_text,b91d3b734624de23144bd0ab,займ от частного инвестора,f2c0bee7190fc939,1,2,False,
unseen_text,b95becc8ed4bcaf141d55363,ремонт коляски bugaboo,322302607ee5d822,3,3,True,14.699943542480469
unseen_text,b9650f8d8cb1129a736a897d,замена emmc,42f73da824fa1bea,1,1,True,4.3655781745910645
unseen_text,b9ce32b5404903160ef38615,замена стартера с выездом,2ad0de8920c29276,11,12,False,
unseen_text,ba0cb60fbff54b8d82b867d5,поздравление мишки,583ac15a5eb82bb5,3,4,True,3.6314473152160645
unseen_text,ba90cb96dff62050d6c486f6,перетянуть диван,7859b7edc12c3d99,63,72,True,6.279568195343018
unseen_text,baa41e19fd4fde0ea4a0ea48,поклеить обои,92d3f7a127c585d4,9,8,True,0.6002252101898193
unseen_text,bad455f69f80c659c4f053ad,катание на яхте,b22f114f99a1cd83,4,4,False,16.647010803222656
unseen_text,bb58a2af0e9cb4576ca1e318,ремни безопасности замена,b1c3edd2aacec8d9,2,1,True,6.5943284034729
unseen_text,bba2477b16fb7512b7d4f6be,замена задней крышки iphone 16 pro max,ca5a0baec807562c,1,1,False,
unseen_text,bba83736e47a5d10c5153c1d,танцы,d5e312e0cd65f3ba,1,1,True,2.5075478553771973
unseen_text,bbae424e3c39832697215267,визажист одинцово,843936c7d40c16e4,7,7,False,23.49362564086914
unseen_text,bbdd0ec5528a68bfd860e404,ремонт приборной панели шкода,c6815994720a0a48,1,1,True,12.070138931274414
unseen_text,bc35aa6ee2e609d0d4fad35e,виза италия,0d8fa242315af651,6,5,False,
unseen_text,bc5c2817889316b21413cbc9,химическая завивка мужская,c11ce04aae0c7697,3,3,True,6.557819843292236
unseen_text,bc90b87284ccffe5af03a833,ведущий адель,d652a3865b621c06,1,1,True,0.20641258358955383
unseen_text,bca46e41c05a37cd9caf3641,дагестан гид с автомобилем,52dc2533ab9162df,10,12,False,
unseen_text,bceeb96220a6336daea3a3cd,столярные работы,5ad8e8f4d020ff3e,3,2,True,5.170197010040283
unseen_text,bd2d0a340e7de82cb94fd30f,газель москва казань,143811fd3377d6bb,1,1,True,4.101276874542236
unseen_text,bd533a14d734180e3a3ad984,ремонт медицинского оборудования,0128d1dcd57ae32e,3,4,True,4.910165786743164
unseen_text,bd7e0536a587a72f8c737deb,оклейка авто пленкой,bbfa3349f6b4ccad,10,4,True,0.7225656509399414
unseen_text,bd84a2d50bd17afa75c32f0e,кладка кирпича,53d4304ffae53be0,1,1,True,12.932133674621582
unseen_text,bda6a1c14b0d455f798f258a,оценка антиквариата,73d70c5b338fafdb,137,147,False,
unseen_text,bdf8b8e6c53b5b3bb8f99c09,мастер по бровям,2384abb658e5e11a,1,1,True,4.581681251525879
unseen_text,be5d70ec40447bd4182f278f,ремонт стекла в межкомнатной двери,3299e7a87391430a,1,1,True,12.364213943481445
unseen_text,be7036b2e7014575510c5af2,полировка фар,25c4cbd282dd0811,2,1,True,5.239736557006836
unseen_text,bea0ef416c6d5399baae8fac,"вывоз мусора,контейнер 8/3",5890a145ce6acb29,1,1,True,0.7295323610305786
unseen_text,bea73f2be437d14698c976de,баня на берегу,346b27f33880dfd8,1,1,False,27.20220184326172
unseen_text,bec41b727be4208f74ab87ff,заливка ванны,febee63f8065dd5c,3,1,True,3.013540267944336
unseen_text,bf127120d5ac15ef0bd9e200,обшивка стен панелями,d3254e282fb2f128,4,5,True,9.683171272277832
unseen_text,bf3b8acbf338e537d2178437,репетитор по английскому языку носитель оффлайн,69cb0a028ec0314d,3,4,True,3.14178466796875
unseen_text,bf6e5304b0bb974fe820657d,настройка айфона,5ac184fe6c92e7e4,8,9,True,11.404197692871094
unseen_text,bf71164f3f658d7214017597,доставки услуги грузовика,ff6c34440f338834,2,2,True,2.326296806335449
unseen_text,bfa20ee24bcc13b63c501777,наклейки с вин номером,b4fd15e43dc307d1,5,4,True,0.5743402242660522
unseen_text,bfa5cd8dd7156b7282d50748,инструмент в аренду перфоратор,e686ada85bf35469,1,1,True,1.6613705158233643
unseen_text,bfaf751125c730dd39bf9c5a,настройка спутниковой антенны,d238141fcfd91f8a,1,1,True,3.8300461769104004
unseen_text,bfb535b9b1ee5224bb50a905,скупка колес,05bcba532a4d0f41,1,1,True,13.710659980773926
unseen_text,c04331e820cb3f20616a71eb,алмазное пиление бетона,98b8d5300fb1c569,1,2,True,7.883960723876953
unseen_text,c058738f64a1729d195e630f,уроки вождения автомат,00d98110dfa26d3e,9,6,True,13.096824645996094
unseen_text,c07dab1d9a24dce4c7035072,аренда кресла для кератина,b6993e2f855d462e,1,1,True,5.213173866271973
unseen_text,c08c3e631e1cc95aacfc71a4,баня с подогреваемым бассейном,e940ead19c48c254,4,4,False,
unseen_text,c0b83b64c3db15571bfa3381,перфоратор в аренду,4647e2daf59d0077,3,4,True,2.6590893268585205
unseen_text,c0c15f9596d5d53c50810ccf,ремонт мебели,52f68deece82dd79,1,1,True,0.07982352375984192
unseen_text,c13e9e0780519ccb4ca418e9,художник иллюстратор,f3bcd3f29bfbcabf,7,8,False,
unseen_text,c1b0c99cc75809dc6216c958,замена стекла дисплея iphone,ad9d9d16edeaf505,31,31,True,2.3486194610595703
unseen_text,c1c6c04cf79d1f4a4751d1cf,наращивание ресниц и ногтей,65cf2dc34b21b3cd,2,1,True,9.82618522644043
unseen_text,c2220fcc26b3dc8fd0dbfb8a,видеодиагностика труб,071f09e124068584,3,3,True,12.265442848205566
unseen_text,c251c3f9d64ad4ee723802ec,зоопсихолог,8fae4d08d4acbf2c,1,1,True,5.986668586730957
unseen_text,c279e67802f47ba7bbb30326,ремонт мотоциклов honda,0f6371624b5613b4,1,1,False,
unseen_text,c29c6070d305f0e2c617d0c4,гидроизоляция балконов,513686d92fc20f4a,1,1,True,1.3393003940582275
unseen_text,c2b02cc18a57ab4315b9faa1,резка камня,ab6d66555e88f94c,1,1,True,13.763222694396973
unseen_text,c2dc2451b20e126dd8314272,мастер газовых плит,2e17ef09bf7a9a48,7,8,True,3.190014362335205
unseen_text,c305bec6de4da532372981f0,продам натуральные волосы,f5fdb4ff8acce43f,5,7,True,0.805392861366272
unseen_text,c31331e1ce733f49bab86946,подшив одежды,d5f7fab48c52c3af,3,4,True,1.0636637210845947
unseen_text,c33732a4a55eb1047832c7ce,мастер пирсинга,fa5ea0b5e6c44d4a,1,1,True,3.1270012855529785
unseen_text,c36b79bd60b8f0f45407f552,модель на ногти бесплатно,2d3267edb01bdb87,6,7,True,16.547542572021484
unseen_text,c37c9e8063a28535da13471b,обслуживание кондиционеров авто,8ae34e88c985279f,1,2,True,10.5794095993042
unseen_text,c3b19c04e8755d8a208982c0,поклейка стеклообоев,157d4054bd6a9c29,5,5,True,3.5920472145080566
unseen_text,c3c21ca4b1cadeaf209debb9,парикмахер мужской мастер,e097b6e23fa46d22,189,327,False,1846.556640625
unseen_text,c3c4f35120bbde635514cfeb,романтическое spa свидание для двоих,2daaf77e831dd967,12,19,True,0.3737698197364807
unseen_text,c3c4f35120bbde635514cfeb,романтическое spa свидание для двоих,9bccc0985844e4d6,10,5,True,2.2784011363983154
unseen_text,c4140dc1d1c278b7e95ca75f,развал схождение,53f221920d306bac,1,1,True,2.0523760318756104
unseen_text,c45567df55524acba04ad7f6,зарубежная карта,6dec3c5d56637609,2,1,True,1.1304104328155518
unseen_text,c4e44c80844df4feb599a2ac,ремонт эбу,f2a6f490e97cf58e,1,1,False,
unseen_text,c507cde0593f55259852bd03,передержка птиц,e4982366a51f0f55,4,3,True,14.258736610412598
unseen_text,c529973b33b41552e7423f21,химический анализ воды,43c7067a47df583b,1,1,True,3.3685264587402344
unseen_text,c52aa3a37c1d70f61636b926,пороги mazda rx8,e55ed69116c569b8,2,3,True,5.2706522941589355
unseen_text,c54309a4d4a46468c756dc5c,клининг,e4b91a6d73a5ff54,9,8,True,1.335916519165039
unseen_text,c559adba06f42d6cd774662d,гос номер 330 165,c74953162f72c7d5,1,1,True,0.5496498346328735
unseen_text,c55a6f2dc742e1ab934fd44b,хаусбот,9d490e9d91174447,4,5,True,8.197834968566895
unseen_text,c56660331e82d0cfc837b14b,фотограф мобильный,f16b3307eb26da4e,3,3,True,0.7697913646697998
unseen_text,c5d10c231db820e276ca1bc4,проверка авто перед покупкой,92e1b0446f827b59,7,5,True,6.507227897644043
unseen_text,c5eac9e7f143bfab5f858195,бурение фундамента,4a8346f4e1e69446,22,20,True,3.2878575325012207
unseen_text,c5fbda33912c45092eebd2d4,ладожские шхеры катер,f06c264f6189e984,24,41,False,
unseen_text,c69b3290de01a44f2f063bee,скупка apple watch,c676a254d6b7cbea,1,1,True,6.384881019592285
unseen_text,c6bd9cb38a4a48a73567485e,взвешивание автомобилей,5bcfd15c2afe5685,1,1,True,15.933622360229492
unseen_text,c6d369dc37067ec99bde475a,скупка оргтехники,73b16cf21683dd53,2,1,True,4.244765758514404
unseen_text,c6d369dc37067ec99bde475a,скупка оргтехники,772211844bd896d8,14,15,True,0.20261669158935547
unseen_text,c6d369dc37067ec99bde475a,скупка оргтехники,f402b66c3add582b,4,4,True,8.620935440063477
unseen_text,c6dbd19d07fa97ea3a72272d,вывоз металлолома прием и скупка металла лома,03a38a3007c2f478,1,1,True,5.921586990356445
unseen_text,c6e2bd9b1606d7244845515f,замена москитной сетки,6929219356fa19aa,7,6,True,0.9951983690261841
unseen_text,c6e2bd9b1606d7244845515f,замена москитной сетки,8e011f284527a5f5,4,4,True,4.486595630645752
unseen_text,c74d1600f07ba9f923d4234b,ремонт газовых колонок,596eb0fbbe029817,1,1,True,8.359472274780273
unseen_text,c78a8cad40457dc69a2cfe2f,заточка садового инструмента,526969c2f12db146,429,487,True,9.942378997802734
unseen_text,c7bc5e41c41173c62cfe71f4,рабочий на участок,be57fc56c86b4da8,65,84,False,
unseen_text,c7d81e3f378ebfd984aa5824,обработка от клопов паром,2ab28239018ed2e8,1,1,True,4.107693195343018
unseen_text,c7ea6c4abe9f491c1b303aac,скупка старых видеокарт,317df3cc1b8444b4,1,1,True,3.072721481323242
unseen_text,c8168a13815b5c89481a0af0,аренда миксера,4aecf74bd25c2e1f,2,3,True,2.62689208984375
unseen_text,c8b66830f6c954aed9b57fc6,фотосессия для двоих,0621373ae60b495c,44,43,True,1.0459620952606201
unseen_text,c92d900743324acd12e5c478,шлифовка гбц,35be9c0a3a274170,1,1,True,1.8557913303375244
unseen_text,c9cd85e2ed08829a4c0b2495,обучение верховой езде,da1f31d604814358,4,2,True,5.146416187286377
unseen_text,ca00ad60b89971dda10b1f96,такси  от тулы до шереметьево,f3628d1a7f4b459e,3,4,True,1.8215441741631366e-05
unseen_text,ca05632f832fc652495adef3,мобильная баня в аренду,e31b1d3cafc91ae2,3,2,True,4.808128356933594
unseen_text,ca283f1948c1593ba0197751,ремонт очков ray ban,9dad82a818f0671e,2,3,True,7.311832427978516
unseen_text,ca7dae833f615107484b80cd,фигурки на заказ,bcfbb033048cf7be,11,13,True,8.23639965057373
unseen_text,caed98c1662e415bda476dbf,замена маслосъемных колпачков,7697443dcdc72a85,1,1,True,10.418123245239258
unseen_text,cb168511c4ef587046b1b89b,трактор с плугом,78c7e1d605b79be5,1,1,True,17.695858001708984
unseen_text,cb18f8921ee7814ccfb0f50c,сопромат задачи,f95e9d037a86b36e,4,3,True,10.373595237731934
unseen_text,cb1d77c51eccb1f6c1baaac6,рилсмейкер на свадьбу,9ce9d448b95be614,1,1,True,1.1304104328155518
unseen_text,cb3093b7e2775c9cba82f814,аварийное вскрытие замков двери 24/7,d86a5c4ef8197e64,1,2,True,18.624021530151367
unseen_text,cb885c8af9cc357eff6b1e6e,ремонт наушников airpods 3,d31988afd654ff07,9,4,True,5.891183853149414
unseen_text,cbc51ac45eea541fec4ae7a0,эндоскопия двигателя на выезд,ed2b252b53868513,23,20,True,14.292352676391602
unseen_text,cbc96661c31c8dedaa3561b4,скупка техники самара,6b1f2895c3fff999,4,1,True,1.1335442066192627
unseen_text,cc0728c586a7bc48fce6a7a2,косметический ремонт квартир,0b54991d2f1c297f,8,7,True,11.426187515258789
unseen_text,cc0cb68312d72f9f4832a9ea,покупка шин,5bd0c8970a4345f4,1,1,True,4.401312828063965
unseen_text,cc48992bb055ab723e120b08,поиск кабелей под землей трассировка,5efd9fd62d7a6fb6,1,1,True,3.860124111175537
unseen_text,cc621f161e8ece1d715e63e5,удаление шрамов,b068fe7c7892b94b,4,4,True,6.713364124298096
unseen_text,cc76ef32ffddaa54b1f6c020,ламинирование ресниц,656f7ebb7ba9ec8e,4,4,True,14.531342506408691
unseen_text,cc7b3e6863ab916dae7f3189,аренда ps4,0074588cb512a409,1,1,True,2.519772529602051
unseen_text,cc8c5e1f987451e7d903f46c,тренер по кс 2,3dd3ea9cf3212ff6,358,263,False,2235.37841796875
unseen_text,cc949ee8169299c28bf2d516,коррекция носогубных складок,f1743396edada12d,3,3,True,8.676193237304688
unseen_text,cc9870b2bd897796b6d1abc8,воровайка аренда,24eb9ece82c253b6,5,4,True,0.6840583086013794
unseen_text,cd516cf9a1678334f48cda30,кафе для свадьбы,9d04b7b3bdb11c63,75,32,True,4.839920520782471
unseen_text,cd524c82d9ff6479feb8f95e,столяр,b789aedb607eea55,2,3,False,15.84543228149414
unseen_text,cd981f80b4dab63c86985b82,прочистка канализации устранение засоров в трубах,787e4d1e42135f8c,3,10,True,3.2316575050354004
unseen_text,cd981f80b4dab63c86985b82,прочистка канализации устранение засоров в трубах,974ea0db59e719dd,1,3,True,6.067254543304443
unseen_text,cd981f80b4dab63c86985b82,прочистка канализации устранение засоров в трубах,add1b0f6f72dcd75,4,1,True,2.671290397644043
unseen_text,cdb9c905c1c6aa2ea3cfd7ce,хромирование пластика,d2fbc9d987893b7b,11,10,False,
unseen_text,cdf71a866ce910775a987f9a,воровайка 5 тонн,e6bf42749b850270,2,1,True,8.442251205444336
unseen_text,ce1cb93b349d8975e242a8ab,ремонт рольставни,8882acc013a03501,2,2,True,3.3104758262634277
unseen_text,ce303c92c651ed2698f90782,маникюр и педикюр,0bcf2878d5234950,4,3,True,0.7783448696136475
unseen_text,ce9b075382c349d1b2308e38,пылесос аренда,d2b71c23456aefe4,4,5,False,
unseen_text,cee7a47d782c5a09880ea6cb,кастрация кота,cc0bc1024e8c53f6,1,1,True,7.920760154724121
unseen_text,ceeb5b7a8300cf157f728dd2,замена радиаторов отопления,13eecfa3a75a2f71,5,7,True,9.006789332488552e-05
unseen_text,ceeb5b7a8300cf157f728dd2,замена радиаторов отопления,9c46da2e5f33d475,7,6,True,0.4958350658416748
unseen_text,cf9df410bd513706e883063d,прокат кабриолета,39208777bdf930ad,5,3,True,1.1350016593933105
unseen_text,cfba2c08a064c1294fdbd956,рыболовная база,29229ed895ae7e01,2,2,True,2.354712724685669
unseen_text,d00ebc2054e07cf6ac26ca5f,парикмахерская,5b91e994eb609b4b,2,2,True,6.423290729522705
unseen_text,d018d8ca62a59023d957ebd6,точные стрижки,88bdbbe2febad054,4,3,True,3.352416515350342
unseen_text,d0b2d653133f14bc70d74409,ламинат,eb3956f64d9aee86,3,1,True,0.42088958621025085
unseen_text,d11869edb25516157165bedb,моляр,33430263b3f9733a,10,8,True,6.5052361488342285
unseen_text,d1210c298fd1db918fed7308,химчистка мягкой мебели,001581e2fff37e38,13,13,True,12.694181442260742
unseen_text,d12968ffdf171174ad3dc954,перетяжка компьютерного кресла,3f752e67ca0b575b,11,10,True,7.619266510009766
unseen_text,d1307c1e57d453eb676ad401,ремонт секционных ворот,7d919c9198c37f4a,10,10,True,4.259261608123779
unseen_text,d15048360d925f6137f805ac,аренда детектора скрытой проводки,1f1b0c8a484bfb27,2,3,False,
unseen_text,d154fb0131d2c3ba64a5bb67,настройка аудиосистемы,de0eb9506edbdbeb,6,12,True,1.3533029556274414
unseen_text,d1777c2b2f421807c77bff2b,сантехник услуги сантехника,530477ab98e5292e,1,1,True,0.3804382085800171
unseen_text,d1a1b4c14d08c06054a7ac0b,осинизатор откачка канализации,570e47bee08f15bd,6,7,True,0.00011733049905160442
unseen_text,d1e786699c8775b2b12c1bdf,ремонт дверей,b581776de2e6f6f6,10,8,True,2.1105520725250244
unseen_text,d1eef6c640adea1b90e13c44,натяжные потолки частный мастер,22c41b4db5745cb7,1,1,True,0.5386413335800171
unseen_text,d224634bf860d8c4ac0eb3b4,снять бассейн,8034a284515b1bfc,1,1,True,6.329101085662842
unseen_text,d23e57cb8009f91ff4da750f,посредник на ebay,9261a808433bfb32,6,5,False,
unseen_text,d2505054195ed230159a3e01,фотограф на выпускной,77505ce4c7e3b639,4,4,True,1.9870765209197998
unseen_text,d2691a83b97a7cbf2d5eb27e,психолог сексолог,3e0b1686e5c145b5,3,1,True,2.730102062225342
unseen_text,d2aaf3b29d2c562f6d084d52,откачка септиков услуги ассенизатора,b5bb36f05441869b,1,1,True,7.549799919128418
unseen_text,d2fe287f5dabf239c043be59,ремонт газовых плит,5c3c4e033ecf22c8,1,2,True,9.975378036499023
unseen_text,d345e8674e70924d8128308d,замена аккумулятора iphone 13,03f4758aabc54004,1,1,True,2.111144542694092
unseen_text,d3562ccc6feeb2d3f8514c1a,таролог бесплатно,7a43f195cf0ade4f,1,2,True,0.3737698197364807
unseen_text,d3605e1781a4b60b23bc25bf,выкуп телевизоров под ремонт,f795580b7e25e949,1,3,True,1.998957872390747
unseen_text,d43188909005938f37016a42,ремонт спецтехники,0a32a8fe8e226357,17,18,True,8.771302223205566
unseen_text,d4496e35de0712c0e8fe9b42,кератин модель,4861e4029bf6028d,1,1,True,16.360475540161133
unseen_text,d481eccdb819608f03e11393,ремонт бус и бижутерии,00a73a6a3652119f,1,1,True,1.8144347667694092
unseen_text,d49c1c57de547731acafadf8,установка генератора,b689ba9c81d065ac,7,3,True,7.225261688232422
unseen_text,d4af6be88e3e0b17b1c7e502,аренда вертолета,3ba6f91b12e80ad3,1,1,False,
unseen_text,d4e95fac738362795f902e08,adsense,a091ba6600489937,2,1,True,9.006789332488552e-05
unseen_text,d552a3a382010d3a67457fd7,ремонт бензокосы,111c9f49084b68b3,6,5,True,2.7977943420410156
unseen_text,d5e0aa4059e8918c2d637a80,индивидуальные экскурсии на куршскую косу,6cd35978b77a58e2,3,3,True,1.1076223850250244
unseen_text,d5f17edce4a9e0301d34bb50,услуги каменщика кладка кирпича,ab60f1def7f86739,1,1,True,2.428317070007324
unseen_text,d5f2bb96a767eaa6dccbeece,передержка домашних животных,5607eb006b95d271,1,2,True,2.594250440597534
unseen_text,d5f42aa4220f6884ed30730c,сложное окрашивание волос,063d8ffd32f1a9fd,4,5,True,5.291065216064453
unseen_text,d60ca94bc36d7d881c8a1ee7,аренда домика на двоих,e9f027efef9f238a,2,1,True,25.362470626831055
unseen_text,d6161020075b5929692c657a,свадьба на двоих,fe059535ccaeed07,5,4,True,0.3737698197364807
unseen_text,d626aaa0f67acb8327a3fd3d,бортовая машина,f4e64308c5c8813e,1,1,True,1.2907516956329346
unseen_text,d664cbbc93beef2b934d1056,дробилка веток аренда,ca1d54f79690d4bd,3,3,False,
unseen_text,d704f81b21e234591d7db5c3,дом с теплым бассейном,e793bb8ac0a54ae5,2,1,True,9.836207389831543
unseen_text,d71806c5128a58c513961c9f,нянч для ребенка,1f07119a35102a88,1,1,True,0.4805663824081421
unseen_text,d7c449864ff17547206af811,ремонт подъездов,dcaf106dfb778d4a,1,1,True,5.0950517654418945
unseen_text,d7f9a61a9afa4df2bb2548f4,в пахать землю,bcef5a3a85c4be26,1,1,True,0.0001950839359778911
unseen_text,d8876f2c4eba67177f43a322,монтажнтк двери,c78cce75e156d5bc,3,3,True,0.02472729980945587
unseen_text,d89f39adad906201497e4501,отопление,03e08eb8f11a3a5d,3,4,False,238.10516357421875
unseen_text,d8c9603c26dad296c93c0bf2,мотошиномонтаж,7f83a2f9257c3d84,1,1,True,9.020037651062012
unseen_text,d93391ddbc21e0e852cd9a1b,аренда авто под доставку,ce3600987b07826f,36,44,True,7.654608726501465
unseen_text,d94b194a98ee3636e13f27d2,скупка и вывоз холодильников,3c2cfa21a9d1162b,1,1,True,6.064405918121338
unseen_text,d9592e52e05639c81ffc3f8c,подбор гибридных,e2b81ef7139f2f6c,1,1,True,6.288566589355469
unseen_text,d98154604c5e566afa471fb8,покрас фигурок,d64734f89c11a49f,16,14,False,
unseen_text,d9a1cd04ea5128d6729c1b8d,монтаж окон,7ca77ff8a65b40a5,34,32,True,11.66252613067627
unseen_text,d9d3bb6fa8ed5e4eff84a527,мойка двигателя,ef1dc358ccca9ff6,3,1,False,
unseen_text,d9d72d3e65248381f7c5df2d,гелий,e338e4e48216209b,10,5,True,7.697941780090332
unseen_text,da31a94a66b28ed8bb28c4cb,прием пнд труб,d97de07675452bbc,2,2,False,
unseen_text,da48720636d7f1c148b362bd,грузоперевозки газель 4 метра,6b52939e72d28736,5,8,True,12.754899978637695
unseen_text,da48720636d7f1c148b362bd,грузоперевозки газель 4 метра,ec704d0ece51d9ff,10,5,True,3.21152400970459
unseen_text,da4ea4ce12fcd377eba7b028,проточка гбц,3b2676c7b6393ea6,2,1,True,3.1459641456604004
unseen_text,da72c2d681fcecc8521cd844,3d модель на заказ,d64b9182382ce4e2,57,60,True,0.3154752850532532
unseen_text,daac3fa3fa4ddd4b73d1cf0a,аренда авто свадьба,19e97cb3a030a511,2,1,False,
unseen_text,dac9ff6fd25f1e13e1d2b0ba,перекрыть крышу,8750ec75e8671980,1,1,True,9.747323036193848
unseen_text,dad72ebfdf1a289b1e6b2d44,перекопка огорода,3c3f5c8fc5f3c783,1,1,False,
unseen_text,dafa1ebd5980bc9289a96f2a,циклевка и ремонт паркета,0aedf872ce3e17c6,7,4,False,
unseen_text,db34c5b9420f9b7e6973016a,прошивка nintendo switch,e18a3ccaa4908ae9,3,3,True,6.971258640289307
unseen_text,db91daed329482b9ed25de4e,костюм японской школьницы,ea4a27187ab0d331,38,34,True,10.95665168762207
unseen_text,db99b1bd30e5bf9e040123b3,печать альбомов,4b7b036ae4213c56,41,48,True,0.173807755112648
unseen_text,dbcf58aab95265375f7b15cd,дрессировка щенков,01ed0b120b9251d3,1,1,True,0.013002432882785797
unseen_text,dbe4ddef383afedf1027782a,аренда мотоблока,276e0d27c8def01a,2,2,True,1.4634921550750732
unseen_text,dc2cccd63b5d1638614b1587,вывески на заказ с разрешением,eeef2aaff22d52ed,40,35,True,5.230443477630615
unseen_text,dc4989d07e7b8d5dfae8167f,помощник по хозяйству,7f857c3ab1c4da27,40,23,True,0.23421357572078705
unseen_text,dc7270dc331c52461dc30b70,написание рефераты,ce76c381f7b8ab26,2,1,True,0.13430781662464142
unseen_text,dc80bcd725b61cd46ba0362d,массаж живота,4f74c0859d7b578a,1,1,True,1.770972728729248
unseen_text,dc8d4e9a25035497b0110c01,проектирование вентиляции,f613b7e6de562d0b,3,3,True,5.366154670715332
unseen_text,dce71bbafd0ae58ba01e1100,ремонт  и чистка водостоков крыши,e653077b8017395b,1,1,False,
unseen_text,dce9ea233e34ec83c4b2ad15,домик на берегу,1ded8d0ffe0e3309,0,0,False,
unseen_text,dd5dbab64023c6b1173ffa44,аренда места мастера маникюра,ff8b0141a5eeca6c,19,23,True,1.506561517715454
unseen_text,dd8f5d10f31c0a1da147ca06,фотосессия с машиной,9ad51d4db8bc72d0,78,56,True,3.3052544593811035
unseen_text,ddbdf16d1f0476df40ce8b38,скупка iphone дорого,6948c7b05580e8b4,2,2,True,5.884366989135742
unseen_text,ddc6ec8ad269fc127bff5491,алмазная резка проемов,506b342f4ca8154f,1,1,True,2.134718418121338
unseen_text,dddc24cd5367a53cc23fab86,монтаж скуд,09e6a540307ed15a,11,11,True,0.2987840175628662
unseen_text,dddc24cd5367a53cc23fab86,монтаж скуд,a7c41fcb12d45fcd,13,12,True,9.398530960083008
unseen_text,de12d8629219f70502a13dad,реставратор мебели,3d6c6a67333fad1b,2,4,True,13.097366333007812
unseen_text,ded6ac54ac2aabaf515cabf9,водолаз,f15ff96599c4f2a8,1,1,False,5.745081424713135
unseen_text,dee5eb425b3b3b4543200cad,тонировка артемальной пленкой,821c267819f9834c,2,2,True,8.222650527954102
unseen_text,df4e05967bea6c5b341fa4bd,техосмотр,e3e3f87ded074195,2,2,True,7.676645278930664
unseen_text,dfe0179e66c4168a24ae0511,авто на прокат,9f2046626e09f451,5,5,True,1.2824609279632568
unseen_text,e00c01c82979555e3e6ddc00,мастер по изготовлению мебели,ba451e6d0f3f3e19,239,155,False,
unseen_text,e00fece4d5a129fdb70cfd00,сборка мебели на дому,ce3b138a957d39f8,2,2,True,4.777756214141846
unseen_text,e034897f7fcb3b5cad4bc057,пошив обуви на заказ,217c53a6e20b651d,1,1,True,2.9115219116210938
unseen_text,e044725ca28f400680941cbc,вышивка на одежде,06dc3a7118c7f4ec,3,1,True,10.350247383117676
unseen_text,e05087958b321d64ab2ca399,диагностика range rover,d01b98683ce43eac,1,1,True,8.284674644470215
unseen_text,e05a4ebb34846a45c8b6894a,алмазное бурение,ef468dd8aa1d2933,1,1,True,2.8995885848999023
unseen_text,e0638b5c59152ca73df23bce,ремонт аккумуляторов iphone,fe242010f74d7573,400,502,True,5.247739315032959
unseen_text,e09c2e92d0b395c799542ddf,аренда танцевального зала,c272b687c38c6bb2,18,20,True,2.6973459720611572
unseen_text,e0bde14e22c8b83c0d0b1c49,манипулятор длинномер,9886cfa3f4e2620d,1,1,True,19.66469955444336
unseen_text,e0dbafeabf7df1108fe9e189,лом цветных металлов,e9b6d493db1f44ac,2,1,True,10.926392555236816
unseen_text,e0f94f87094614633eb09cac,тихие стены,0d8f22ecf4564689,2,2,True,10.025230407714844
unseen_text,e16478d468fa1b2a26d70f72,аренда закрытой беседки,40c8d78ff1ea2ab4,1,1,True,15.310873031616211
unseen_text,e165beb172954dfa4d1adc71,пневматическое оружие,f9d3b416a25e49b1,2,1,False,
unseen_text,e1b3efbe80102e1f8ee01b34,гибка металла,300bb81165130c8a,3,2,False,
unseen_text,e1cf23559a8463a6580f017a,обучение по ламинированию ресниц,8871be5331955ea0,1,9,True,3.1438188552856445
unseen_text,e1d89d4be0d6c4d4e331d049,поверка нивелира,45b630607f7b47be,2,2,False,
unseen_text,e1feee3f248e83918f258713,байер италия,3919278ec90a357b,3,6,False,10.74273681640625
unseen_text,e23edbc7cf939c7fa16709c0,установка кондиционера,39b3f562e263ec55,2,2,True,6.455780029296875
unseen_text,e27d8a758f4bec7398b6330e,печать для ип,69aaa445dba72c4a,3,1,True,3.6699090003967285
unseen_text,e285b1042de2b3cf2780cade,оформлении карты казахстан,e220acd7df81a59e,2,3,False,
unseen_text,e2a02f04fa908e3b96f4b487,свадебная машина,8e7522e33844cb15,12,12,True,5.616514205932617
unseen_text,e2c1c2bf4068ff93030c78af,автошкола,871c938b834ead39,2,2,True,0.013002432882785797
unseen_text,e2d3861d91ef46eae28af1ea,печать баннеров дешево,0bfacfa3728abf1d,16,13,True,5.0195088386535645
unseen_text,e3132e5b13222588794c992c,найти работника,a07b8239b21d3490,2,1,True,2.7974393367767334
unseen_text,e35fd2ef6c8fa8547ba44c13,ремонт яндекс станции,4ea73bc5de3525a2,2,2,True,11.29946231842041
unseen_text,e3f5fcf5f756e3959cb99fc5,покос участка,a73f042cc641cc49,11,7,True,14.730719566345215
unseen_text,e4226346b994fa157e85c8b2,кабельщик,d3096c69694bf765,5,3,True,3.6006579399108887
unseen_text,e480bc035520244f6122020c,вскрывать авто,cfeb29d52d1825d6,3,1,True,7.685346603393555
unseen_text,e4b5e018accf7829aadd0288,автосервис,996b741d5be8b380,7,7,True,5.7746148109436035
unseen_text,e5311e2de7335425ebcd3a45,гигиенический маникюр,582b6b0776115c37,3,2,True,1.3646821975708008
unseen_text,e54256cc90b5c32e75b05de7,дезинсекция,4f125597e566741c,8,5,True,6.208420753479004
unseen_text,e57ae167fa3b91cddd007325,короткая женская стрижка,ffef637ca4978f59,10,11,True,4.1910929679870605
unseen_text,e5a55f10a366b11f49998320,скупка фарфора ссср,5a4a21dfd905b71e,4,4,True,2.7003095149993896
unseen_text,e5fd7e4f42d55e2305058249,дипломная работа синергия,71a504631a7bd81b,1,3,False,
unseen_text,e683c5a173e5c5f7c7fac702,обработка от насекомых,4e288e1a4bddaad6,1,1,True,2.707911491394043
unseen_text,e68ad82f577438addb0d4d23,вышибала,12af378139b15bd7,0,0,False,
unseen_text,e6a95c9610468a45c2b3f68e,репетитор по литературе егэ,29bd8ea2b312f8ee,2,3,True,1.93458890914917
unseen_text,e6dbfdfc93088cd7aed2bb51,из турции,7ad66a83aeb25523,1,2,True,0.4779694378376007
unseen_text,e71233cc7c0384bdcfd9a332,ремонт мотоблоков,cf782711797507b1,2,2,True,6.299721717834473
unseen_text,e71f85c2287d87de80c5d02f,установка окон,fc91d0bf1a9d9935,7,5,False,
unseen_text,e726ea428a4dd241a8525d4a,манипулятор 7 тонн,e6c371b6744bc45b,4,4,True,6.222997188568115
unseen_text,e78f506ef8097b5192b019ee,медведь с днем рождения,9931555d15670d11,5,4,True,5.4044508934021
unseen_text,e80b9015053b839ee0782a56,домик отдыха лес,eee360de62b7e4d3,5,5,True,11.244462013244629
unseen_text,e8603438aaf5266bbcf4800a,выездное караоке,a12aeca34f8391c4,2,2,True,2.9456183910369873
unseen_text,e86abf6b8d8d240f3203cc23,камуфляж шрамов,66f623dbf3f9c74d,1,1,True,2.9125730991363525
unseen_text,e8a4bfbb02ffd1e442dd195b,дубликаты номеров жирный шрифт,9b1b1d5828988467,20,20,True,3.4693732261657715
unseen_text,e8aa2a7ae2c7e66cbb5def45,грузоперевоки армения,e289cd35cb30f3c5,4,2,False,
unseen_text,e913c8762cadad1292610217,укладка брусчатки шабан,972361ed71a2a1bc,1,1,True,5.851058006286621
unseen_text,e92b4a637514dbb856d6dcb0,ремонт бензореза,f256950284b5f557,15,13,False,
unseen_text,e92cff8de8ee5d242495dae4,москитные сетки на окна,67edec6be13c956a,1,2,True,0.0014770608395338058
unseen_text,e944e2c9fa2f1a1e7370a231,курсы ламинирования ресниц,f477861a14a99f91,20,17,True,8.952451705932617
unseen_text,e9db46f868dbe3d2237d5220,уф дтф наклейки,75b37e4dd547c00e,1,1,True,5.345600605010986
unseen_text,ea1619418807cfe705df1a09,ремонт окон,625bb7f085e6134b,14,4,True,13.449864387512207
unseen_text,ea24f7f8e4a06964eb86d159,вспашка плугом,af880e1f5b0c3fa1,2,2,False,
unseen_text,ea57a10e1e94fb472263b414,vip трансфер,ff279cde91e84006,1,1,True,0.020122436806559563
unseen_text,ea61018a62bde95d4dba5afc,оклейка бренд яндекс такси,a0cc0e30132f705d,1,1,True,0.8223751783370972
unseen_text,eadbcb7e74778c7b0ccf2776,росреестр помощь ресурс,0790da6d249e8679,2,2,False,
unseen_text,eaf59761374f3ffb3832477d,ремонт бойлеров на дому чеховский район московская область,43e4a62389c22ce8,5,6,False,
unseen_text,eb85d288e712d653399c5f9d,с ндс,00a1ffc8f896168c,60,69,True,2.982217311859131
unseen_text,eb86711898ba79100a964569,скупка старины,40bca95a1fb879a9,2,2,True,0.7048642635345459
unseen_text,eb8ac2ad08c9e59eb4aee442,педикюр от 1000,da2e6461965d91aa,1,1,False,
unseen_text,eba88a470f2746549000e937,перетяжка потолка автомобиля,2aeb7ce269fd7312,1,1,False,6.62772798538208
unseen_text,ebbab244cacf1b3bf9e09fd7,реструктуризация,2247f286eeac1cce,10,17,False,
unseen_text,ebc615dde87827defdc14dd1,липосакция,c5d21c0e8c1cdb2d,36,36,False,
unseen_text,ebcf05cd2712ed4e26377190,частный детский сад,caec3c65226ca2c6,1,1,True,6.848581314086914
unseen_text,ebf351ccc8ce3691159a2224,стяжка пола за 1 день,9c158fd675037f7a,6,5,True,0.0
unseen_text,ec3282ae66e5fdaae3338d4f,автосервис опель,ba14d187c8d037c1,54,33,False,25.880245208740234
unseen_text,ec47999c63b3d92222986d1a,замена фар,d57dca23e604c46e,1,1,True,2.9079396724700928
unseen_text,eca731ece16681994923ff65,экскурсия,f5fcc789ca8dff66,37,30,True,1.6821401119232178
unseen_text,eca731ece16681994923ff65,экскурсия,fab566df72da94f7,32,27,True,1.8880212306976318
unseen_text,ecb9ed60a710c54ee537dc1d,аренда шлифовальной машины по бетону,bf2496e6ac80a827,3,3,False,36.038795471191406
unseen_text,ecf1a74fe3d9d35ed58ede59,ремонт автоматики для откатных ворот,cc15dbba3d4e8034,2,2,True,0.0001478892663726583
unseen_text,ed10b323b66808f02a8d4af6,пароочиститель karcher,d3b845b501412beb,1,1,True,5.337356560630724e-05
unseen_text,ed1bb99f181cadf4da87c07f,прополка,ba84ab483967b302,3,4,True,2.10722279548645
unseen_text,ed255c466618cc6f941feb4d,муж на час,46c7cef8f077ffe4,5,4,True,3.8778672218322754
unseen_text,ed441e0b7e78e7b28c5d2122,каменный ковер,6b71a9abe91782e0,3,1,False,
unseen_text,eda6d8eb5669fc56fdfc2c6e,прикурить автомобиль,15f8a3b0edd58256,86,73,False,28.500396728515625
unseen_text,edf821d9818f9f6d12fc2725,аренда палатки,8d70ceb711b05439,27,25,True,12.431896209716797
unseen_text,eefa5e81bbe01d1956b08bfd,установка подоконников,6d764923fc5a81b7,1,1,True,10.014605522155762
unseen_text,ef29e3fb0c3f11632fce1be6,наращивание волос капсулы,68582a51503a4932,2,1,True,4.35905122756958
unseen_text,efadd80b12aa9ee3257724cf,укладка газоблока,80a9f5fbc04204fe,15,20,True,4.086668014526367
unseen_text,efb5d0a3ab5adf899d9793ab,мастер по окнам,cd3170930525e27a,6,1,True,2.9079182147979736
unseen_text,f0b2a15ff358d18ec8f80b1c,lkp,fc0d42abe2d5993c,5,2,True,2.8368687629699707
unseen_text,f0b478ddadf46c51cfbf061c,краскопульт,2537fe6d524cf962,0,0,True,
unseen_text,f0d34342f6dad37b1ec54553,нужен работник,94be7608c4d7cf5e,30,26,True,3.750162124633789
unseen_text,f0d79fc84aa943cf68c1354f,поставить машину на учет в гибдд,9a0364633c26153b,1,1,True,0.4669925570487976
unseen_text,f0f5a9ceb37f1150b895140f,ремонт электрических плит,06376be60db9e755,16,14,False,14.126115798950195
unseen_text,f100e1a517f2a5fe002788eb,покраска забора,10d365978bdb7cc6,7,7,True,6.763255596160889
unseen_text,f14238a3a33a99f04da68a85,эндоскопия катализатора,7ba16e0b26181c93,1,1,True,3.0435709953308105
unseen_text,f14ab752815c292ffa675ea8,репетитор на лето,6d7bc62f621c16c1,20,20,True,5.6282172203063965
unseen_text,f1a68923fd267d5ffa34e702,сиделка с мед.образованием,49f4ee0441d449f8,1,1,True,0.6505864858627319
unseen_text,f1af71ed372ad6e43f04374b,рефрижератор 5 тонн,e47a5b6610c7c85d,1,2,True,0.6679301261901855
unseen_text,f1c3b33d795e0d9594e4803e,подшив одежды на дому,93f606256a625ebb,1,1,True,4.401375770568848
unseen_text,f25d44e4ae1f32b3988c5643,услуги программиста пк,d84bfb2fce39b18c,1,1,True,0.24315635859966278
unseen_text,f29cd4299bf954f0324fbe87,торт ламбет,92a2c30fb2c655bf,1,1,True,0.758499264717102
unseen_text,f29d5c9bcd308e8e9c24b796,печник кладка печей,6462ddb24474d16f,2,1,True,4.5926337242126465
unseen_text,f2a3c9d1607339f7082e59f2,инструктор по вождению бутово,421ce5231a3da9ad,7,4,True,25.26837730407715
unseen_text,f2afc6c1d17dc3a0eae45aea,3d принтер,de068bbdaf44201d,1,1,True,24.05997657775879
unseen_text,f2dad77839f6e9ce3b852018,аренда помещения для девичника,3359c3b36966a5ce,21,13,True,5.667251110076904
unseen_text,f2fe1f10844f5b3ddd8c6857,малярные работы,60e9b11b1124dd0c,1,1,True,0.0
unseen_text,f386f5d2afd3b983c345d94d,вывоз бытового мусора,1177d2c48946e743,2,3,True,2.5191898345947266
unseen_text,f39748c268d4bdcd3d1b0bd0,пилатес зеленогорск,5e153032fc8734f2,0,0,True,
unseen_text,f39cd2f3202e31b06b8f7063,перешив ручки кпп,af5e59780226d2a0,1,1,True,3.12774658203125
unseen_text,f39f3eeb84caa6607adcc0e9,выкуп авто ваз,8a4ecb76b80c8b98,36,27,True,4.192300548311323e-05
unseen_text,f3b3a6a66b3120a49d1df186,ремонт ауди,70072edc2b52bfd1,10,9,True,5.216710090637207
unseen_text,f459bf0515b2ad307744ad74,установка умного замка,5e022dc2df48d6ee,1,1,True,1.1361157894134521
unseen_text,f55020745a6adb22c2c893fb,спутниковое тв мтс ремонт спутниковое,5a75ac4ad03a5acc,1,1,True,2.847097158432007
unseen_text,f5b1207a107762e9eb94efe4,воровайка 10 тонн,4889e51ed602ba6a,3,3,True,1.8150146007537842
unseen_text,f5f54d10ef321ce47e3d7c0e,ремонт холодильника,315d90607112e0c9,4,4,True,0.0001864468795247376
unseen_text,f5fa7641fa463e44ad2069c7,караоке зал аренда,ee9aeae9b39e4ffa,7,4,True,6.802478790283203
unseen_text,f651742baedd4eaf1daa7d9c,аниматор лабубу,a24db16790fc159d,1,1,True,1.8364064693450928
unseen_text,f754741086be294920b7ba20,прошивка vag,ee2ded86cab596c0,6,8,False,616.064453125
unseen_text,f777989ffd87bd3beaa7f34f,аренда автомобиля с водителем,c24f4f428315d948,13,12,True,0.4960273802280426
unseen_text,f77f39ee40350064e2ae2ab8,прием твердосплава р6. м5,33b3b660fb30f925,14,11,False,
unseen_text,f7af78727f9667190e766224,репетитор по информатике огэ,f20d3e741d604345,22,28,False,
unseen_text,f82bbc4b7c4010962d2c971f,замочник,474677581af257e4,1,1,True,10.294875144958496
unseen_text,f82cf1eb234758c0e899059c,вытягивание вмятин,57f842edda024617,1,1,True,1.5603513717651367
unseen_text,f82d370ab20765617e875725,перепахать участок,95b3647ab54bb480,6,7,True,0.0
unseen_text,f88db28aa8466788ff5edefa,система автополива,bc4348a423798d0d,1,1,True,11.444032669067383
unseen_text,f8bb09ed36eac111d856f35e,аренда кабинета парадайс плейс,ef548bb9fd5878d7,5,4,True,1.000976324081421
unseen_text,f8d24ae50ab5904c6045a368,полимерная покраска,c3d9fb017e6df522,2,2,True,1.0763647556304932
unseen_text,f8d24ae50ab5904c6045a368,полимерная покраска,ff47c75608b6c53e,1,1,True,5.402973651885986
unseen_text,f92624068f5397b6deb07b02,ремонт электроинструмента,6f99d207776217e1,1,1,False,
unseen_text,f954c3c47a7bb2ba2fa6b77c,вспахать огород,d64f88ccd9bae396,7,13,False,
unseen_text,f96e09bd0edb0c366c0cc4d1,ремонт лифтов,faa4c889bd5ec786,5,3,False,
unseen_text,f97729436f93ad46d65b4cca,укоротить джинсы,2ae5d90cb7d9931a,25,25,True,11.18526554107666
unseen_text,f97729436f93ad46d65b4cca,укоротить джинсы,cc8a45d64d789306,6,5,True,9.70971965789795
unseen_text,f9ab33ce8c5177fceb43336f,ведущий на корпоратив,466757592c9ce191,2,2,True,2.335200786590576
unseen_text,f9adf4b0dd93c67e66cdfc99,сборка компьютера,db168e52548e939f,16,10,True,12.490621566772461
unseen_text,f9b854af4e0ea79752d5f908,землекопы ручная копка,98de7146a18e70bb,2,1,True,0.037772223353385925
unseen_text,f9f97610e2a8b645b7676a08,сиделка на дому,32b129167222c2c4,29,26,True,10.541060447692871
unseen_text,fa27836692eb9aa96253980b,такси омск петропавловск,366c1acdd1257040,4,6,True,5.528430461883545
unseen_text,fa2f06dca04ac6da40adc654,шоу с животными,df0070a0f3146745,1,1,True,1.3640706539154053
unseen_text,fa7b5d5541f82cfc5d77e23c,расчистка участка,ec38ef3f93c8cec9,3,2,True,0.1426054835319519
unseen_text,fab208c050625995463f6e23,блонд,67f5f54a5157c5f5,3,3,True,1.1733691692352295
unseen_text,fab72b84cafd5fa6a966db7a,прокат вибратора для бетона,e815040be0e1d73a,5,6,True,4.901765823364258
unseen_text,fb27dceda948c64f7584185f,научу заказывать с китая,8db5554f65254d0c,1,1,True,0.37379443645477295
unseen_text,fb43ac3cca5371785629aba1,ремонт+обуви,2c5400caa9d58de6,18,12,True,10.668313980102539
unseen_text,fbafb6b55c9d3686cd7913e8,гид спб центр,bdce1fdcc3656b83,25,26,False,
unseen_text,fbee2fcc17a0d2269e929703,каршеринг авто,d4757b19dbfc72a2,1,2,True,1.2857763767242432
unseen_text,fc05d9d025bbe62224bfbd88,экскурсия на английском языке,12140521cf72661e,6,5,True,0.32921817898750305
unseen_text,fc0cbebc953d9de15123a764,скупка стиральных машин на запчасти,e500eda159526b1a,1,1,True,11.74458122253418
unseen_text,fc229edf8ee1239862ff1756,ремонт коленвалов мотоциклов,f598f4e212deb63c,3,3,False,
unseen_text,fc282a77d8c0803e3dde1139,ломбард техники,5b4014283452b302,3,3,True,4.418105602264404
unseen_text,fc7b48747515751ac5f10fc2,копаем ямы,63e008ee8629ca6b,82,30,True,8.066923141479492
unseen_text,fc8a2509467be05b055e4369,прокат оборудования мотоблока,3309ba8dd4ff176a,7,7,True,8.260533332824707
unseen_text,fcb9a1417517f79368895039,кран 40 метров,3e3149c51ba649b4,2,3,True,0.33809590339660645
unseen_text,fccaf306000775c158437e6a,демонтаж батарей радиаторов отопления,b90cddc959d2b86b,7,6,True,13.055824279785156
unseen_text,fccb2941a9081abf97d6de65,цветное наращивание ресниц,9f95f39e03a25ffe,22,12,True,15.087718963623047
unseen_text,fceae7c2e994f42c5af6d7e0,русская баня на дровах,939fc3c30e900244,19,17,True,8.507662773132324
unseen_text,fd14c975b9f7a1cd173d0af2,прицеп кемпер аренда,78b6457e9c9783c9,1,1,True,6.118446350097656
unseen_text,fd170f8ff60b95aae62c55ee,временная регистрация спб,179379a7761f5f6e,67,37,True,5.576195240020752
unseen_text,fd49d0e98a6e6bced3bbed22,афрохвост,b1798c0f3792fde6,1,2,True,11.396271705627441
unseen_text,fd5699fa81fa23d4acda288f,русификация китайских авто,c6fd159899f59094,1,1,True,0.06404828280210495
unseen_text,fd6f62566d17466b6c9dca3e,дренаж участка истра,7b2ecdfea2ccac56,2,5,True,0.00016089703422039747
unseen_text,fd959d09bc176ad1eb25c77b,прокладка труб водопровода,4db043bfe6ca784f,1,1,True,0.8964083194732666
unseen_text,fd971203fa615af71f7eb57b,изготовление ключей на авто,d04371587d81eff2,60,79,False,
unseen_text,fd987a9295da897f7174f4d3,частное такси,0c85395b4ed9cffa,1,1,True,2.7177586555480957
unseen_text,fdce1de787a438ac67739282,укладка тратуарной плитки,c81dc4b16cb3ac96,14,10,True,5.65074348449707
unseen_text,fe4b7621f899b6f7dde1173b,номера на машину,671d827cf5843282,5,2,True,0.0
unseen_text,fe7b7aabf3c00faaffc95131,заказ минивэна,8471debbbfefc643,0,0,True,
unseen_text,fef710f572f249496905ee0f,садовые работы,4f3ffece8ef27d6d,1,3,True,1.5338151454925537
unseen_text,fef8515ac92def0f9e96d7dd,мужской шугаринг,b736413d5ea1f040,1,1,True,5.9494218826293945
unseen_text,ff141c9ec96e24d60d0d595c,помощь с шумными соседями,c4fd20facbf9ac92,1,1,False,
unseen_text,ff20bc515d0ad4f251cf183c,шар с фамилией,8f5fdd777156dd7e,1,1,True,9.023468971252441
unseen_text,ffa982a605601b7628b25598,ремонт объективов,7f91ba6c311d292f,17,19,True,3.141669750213623
unseen_text,ffce940a6f098af32bbefada,сауна снять,0b0260fd4ffed083,2,2,True,9.151398658752441
unseen_text,01764508fd45a5aa9bd36766,печать фото на холсте,6486502788f76a13,1,2,True,0.42558562755584717
unseen_text,019297e36b2258c2a0dabf9e,аренда помещения,dc8233104125ad92,66,57,False,
unseen_text,0268728d2d03301b93ebb805,ремонт пылесосов,4a220eda1dace957,2,1,True,5.753885746002197
unseen_text,03360eb9ad8a7e2de1689acd,вывоз хлама,7a146cb8d7483629,1,1,True,5.401815891265869
unseen_text,03bb510d12041e794e8d0f2c,услуги парикмахера на дому,595fb4f5508d2504,45,33,True,9.790824890136719
unseen_text,056c1c0345f98585c7981c4b,батайск торты на заказ,88e32de3f3a42838,1,1,True,0.0
unseen_text,05b4a6f8e2cd7ba110702304,сварные работы,c1f4a83bbf648d03,1,1,True,5.496772289276123
unseen_text,05e545132f6d0add44c5a15b,ремонт спутниковых антенн,4324dc813ea0b320,1,1,True,2.9019522666931152
unseen_text,06044377f611c61a742e1948,услуги эндоскопа на дизельные двигателя,65c2836d3573c09e,2,2,True,18.550060272216797
unseen_text,062e322ab7d66b79651fdade,написание конспектов,1cc6eee11d2f5761,2,2,True,1.202460765838623
unseen_text,06c097e526bae0e05e45e0cf,ремонт старинных часов ссср,c6dce84bfdc2017c,4,1,True,1.3345973491668701
unseen_text,077ac6cd92c7b8ec71bb0883,педикюр для мужчин,a4ff37d0b473233e,7,7,True,10.257140159606934
unseen_text,078f234573995593042e25a1,предметная съемка для маркетплейсов,9985dcfbd0d38124,5,5,True,8.051881790161133
unseen_text,07b29bf407f45d4dac6f759a,скупка инструмента,c347571bf6feabce,6,1,True,15.17896842956543
unseen_text,08f7ed091899e9927773db60,распил фанеры,d3f03c5afcf8d2f8,6,6,True,6.312376499176025
unseen_text,0958b9af8187ac3ef1e46208,удаление тату,efc604e6539ec3e5,10,10,False,
unseen_text,096b4722eadcd412d72651fb,настройка гбо,9174556c6573e861,5,2,True,4.126527786254883
unseen_text,09b7fb4b8343690d4a0b93c2,замена лобового стекла,759d12aeb458a0bf,10,5,False,
unseen_text,09d4d19c2b8809d65f37c94b,скупка и вывоз мебели,22a2ff24429f4d37,1,1,True,3.2288427352905273
unseen_text,0a27b866fd944108ff2389a9,контемпорари танцы,a2a87e1d3d771215,1,1,True,1.1198713779449463
unseen_text,0a65239d6a1afa3ddce6210b,вольная борьба,706a7da9befff978,1,1,True,2.25081729888916
unseen_text,0aa60b3d1f13d85e1548351b,ремонт бензопил,c16cafec2c983581,1,1,True,0.49245861172676086
unseen_text,0aff1bd5c1f3285c169d3270,загран срочно,808bb45e946c9250,1,1,True,1.5274362564086914
unseen_text,0b103130cc8344fab2878d7b,гид,3231270b01661219,31,33,True,0.6648778915405273
unseen_text,0b69f9b02c558030d15a6326,нашивки на заказ,06dc3a7118c7f4ec,20,22,True,10.350247383117676
unseen_text,0be5f019edb7f605789d38f1,стрижка растений,3bedb108722844cd,1,1,True,2.2895947040524334e-06
unseen_text,0beba82b4922d569202506d0,гибка нержавейки,839d161aa4dabb11,9,8,False,
unseen_text,0c40060f9eefaf08ecd33b35,скупаем пк,969be86c0c4650f1,2,1,True,3.8229165077209473
unseen_text,0c9394bc4509f6424b106a50,удаление тату бесплатно,cf37a8deff3525cb,2,2,True,4.220993518829346
unseen_text,0d30f94bd1dd2231a0f5f2c8,скупка ковров,2ea3a17eb63acde1,40,33,True,3.412984848022461
unseen_text,0de81e0bcda1b858792cd286,разблокировка телефона,788ea18ec56f49d1,9,9,True,12.489480018615723
unseen_text,0e724b8de80a8a1261de61eb,мойка форсунок бензиновых,95a3f8a480024d9e,1,1,True,5.793163299560547
unseen_text,0ed434d89906e21d7b593bf1,вывоз холодильников,691fe84057d921f0,5,5,True,3.0953660011291504
unseen_text,0ed434d89906e21d7b593bf1,вывоз холодильников,dd0394a9fb620d6e,13,14,True,1.1627495288848877
unseen_text,0ee6f18029e0e7d3d62f0879,лазерная резка фанеры,2f54c99639f1ec29,1,2,True,5.96786642074585
unseen_text,0f532af4e679074d4d481a64,ателье по ремонту одежды,1adc1ec0e8516fc1,68,61,True,13.408926010131836
unseen_text,0f82430a0b726be5c1e109be,тонировка фар пленкой,bc2644ec9862fc35,1,1,True,5.064990043640137
unseen_text,0fa90eb84a2ffc2ea7601e00,груминг,271c631699ad2708,1,1,True,4.4693450927734375
unseen_text,0fa90eb84a2ffc2ea7601e00,груминг,97d349cf32b3dc53,2,2,True,4.084845066070557
unseen_text,0fae99fbc1b5825d40d8a0fa,реклама на заднем стекле,14bb165b405e798c,7,4,True,1.8366520404815674
unseen_text,0ff0dacb2e3e204aa0c53cf9,макулатура,eab885544a989799,1,1,True,0.3642580509185791
unseen_text,0fff0103b36ac4e181bcd93f,коттедж на свадьбу,3d46a74675eb3835,1,2,True,1.3679285049438477
unseen_text,1011ab44fa3e040af501b4fa,установка опалубки,ad3495a9cbc4d5c5,0,0,False,
unseen_text,11a6e7df2ec7942d65a8f5a2,плазмалифтинг,05fe0035cc7fb556,17,18,True,1.2260441780090332
unseen_text,11b12444623381daa38128f1,таможенный брокер,b3d19ea26d790ac9,2,2,True,0.4013483226299286
unseen_text,1273c56e63934261cbb38858,восстановление мастер аккаунта lixiang,68f1bcb58b657dac,1,1,False,
unseen_text,129c17928a6848690411c4aa,изготовление помолвочных колец,6460f69b03ab24c7,3,1,True,6.1660637855529785
unseen_text,12ed82ef8670eda941025629,ремонт телевизоров toshiba в мосикве,e1256ef8a6452a58,17,13,True,18.624021530151367
unseen_text,12fc3f8bb6766dff34df4579,интернет оптоволокно,6dd0387d8e935cff,1,1,True,0.0009746587602421641
unseen_text,139efa20433f069afec130df,ремонт алисы,ece2f7b5aa810b68,4,4,False,
unseen_text,13a4d6dfa198a473b1bb2938,вскопка огорода,5acf691622b5b1fa,11,12,True,0.49075987935066223
unseen_text,15395e8986d8cbc947be611b,мастер по ремонту телефонов,8f32698b399bc06a,30,25,True,5.273507595062256
unseen_text,1565f6663f10cd22eb1bfe4d,аренда авто сутки,d395d94427c56c4c,3,3,True,7.159832000732422
unseen_text,15a91ec612941968a78b305e,утилизация бытовой техники,dd0394a9fb620d6e,9,8,True,1.1627495288848877
unseen_text,15ac5282d288785008f16d69,передержка котов,a173385d23e30557,14,11,True,14.015472412109375
unseen_text,1630f575ab1ebc5c0f1eb8ca,экскурсия на мотоцикле,2b680326127fc32f,1,1,True,2.8566081523895264
unseen_text,177d59a78f45627083c63428,проводы в аэропорт минивэн,ee69fa5417b914fb,2,2,True,0.420903742313385
unseen_text,1783839c27c0e527c90001dc,роспись на одежде,de8f6c65d1fab382,1,1,True,4.999334812164307
unseen_text,17ce0675842af3c5f88c9ca9,временная прописка,c5bb7f2922db0fc9,543,251,False,
unseen_text,17ce43f44cd1f550b68baf16,скупка кофемашин,2240ebe311927884,1,1,True,1.3243517875671387
unseen_text,18016f6d9406db9127f8761d,отказное письмо для озон,087ae9868a9e5a18,4,3,False,
unseen_text,1812aef540f12ef40b6cd303,номера на лодку,05a1ae349dddac65,1,1,True,6.3658294677734375
unseen_text,18ddcdf3699b1d9f3164ee12,аренда моющего пылесоса для мебели,e37b53f15484d01e,3,2,True,9.252199172973633
unseen_text,1a68b2c073e7549246a22806,ремонт радиаторов,330f3c3d598597bc,2,2,False,
unseen_text,1aaef75ff66a54ee45992cb9,таргетолог инстаграм,13aad4d3927e0b06,2,1,False,
unseen_text,1ad3b25c2eedee40c4163b62,астрахань рыбалка,aaf55035a32d26aa,130,141,False,1324.7510986328125
unseen_text,1ad503621134dfe961e0c2ed,обслуживание котлов,fab8a3ad6fd5bb2f,7,9,False,
unseen_text,1bcb799d6602a5133638f952,пошив штор,f5edb5a1dd503eb1,1,1,True,6.487682819366455
unseen_text,1c49b15013b24a7f6441619d,аренда виброноги,e99ea993e54fafce,33,41,True,11.40273380279541
unseen_text,1c56a24a1bcacc5b9cbce5ed,ремонт вакууматоров,89d7ecc05ad0939e,2,2,True,1.4022083282470703
unseen_text,1c87f63889537d00516a682f,копка фундамента,b90f5c64c9a657aa,1,1,True,5.707639694213867
unseen_text,1cca01c5d217293ad59ec84f,стрижка собак,2b234b28f65b3d72,7,9,True,5.134584426879883
unseen_text,1dad31f02db628da4a965591,аренда пароочистителя керхера,e37b53f15484d01e,2,1,True,9.252199172973633
unseen_text,1dcfd451e60c91ec08073577,очистка водоемов,96aa0c7ecc051531,1,1,True,0.14965370297431946
unseen_text,1e480ccf164cd77d9fd40804,доставка газовых баллонов,20ab152d844c3b11,1,1,True,1.1403915882110596
unseen_text,1e564bb2707ca23f4423a226,база отдыха с чаном,3da9ea31e86779a7,2,2,False,
unseen_text,1ea3b55061563b50b5a3be58,стрижка кошки,e575ecd1a13efbd2,1,1,True,2.649242639541626
unseen_text,1eccc5c39585dab45ac3852b,расточка дисков,46d3d0532cb676fe,1,1,True,4.040546417236328
unseen_text,1ed07a2676b888f99b509a48,сигнализация с автозапуском ремонт,fc97b39d1ad106f6,5,3,False,
unseen_text,1ee3fa7d3632c068f0336be1,заправить кондиционер авто,8a246a197a293319,1,1,True,1.7168715000152588
unseen_text,1f211ba4a7f98c78c6b2acdf,тату бесплатно,bfe7d9f811c9053d,1,1,True,3.620093411882408e-05
unseen_text,1f458a7e9efcf1a8ffc9de48,очистка форсунок,40ba6d780a68ccda,1,1,True,1.6119608879089355
unseen_text,1f78b6e954e41c5961f0ecfd,утилизация холодильников,707f78a4cee901fe,1,1,True,0.0001864468795247376
unseen_text,1fc52d873d78e965691b399e,конструктор мебели,d8383fdc63ad8b92,29,29,True,4.403319835662842
unseen_text,1fe3958a13072e63a12b3bb7,расточка блока цилиндров,ed38bcc8f0effbe1,2,2,True,15.401481628417969
unseen_text,1ff6e56cb47ea96e57e4ee85,мастер по окрашиванию волос,52adb89b6d01b2a9,4,6,True,4.225526332855225
unseen_text,1ffa5649960c0a196fa767f1,скупка разъемов,85835b1184c839a0,6,6,True,1.9870710372924805
unseen_text,2030c3b7d6d1a32de0c7dd3e,установка сантехники,05cf99d7a58bfea0,1,1,True,2.3392999172210693
unseen_text,204350d772d892f4e87c3ead,спортивный стилист,4cb0042043328696,10,8,False,
unseen_text,20e707925bda1308a6b8902f,манипулятор 10 тонн,434e71b0109ae002,3,1,True,5.867735862731934
unseen_text,2244e2057932317152ad01a1,разровнять участок,8564470311930fb8,11,9,True,6.229403018951416
unseen_text,22905bbc2b087cd803cfbc8a,ремонт брелков starline,fd10ecadd1695781,871,783,False,
unseen_text,22b48b9e0250ab834d851a07,доставка  таобао,ef09029a43405dd3,24,23,False,
unseen_text,2305b7139282964e36ba234d,гальваническое золочение,03f164c5d80bb057,3,3,True,8.258745193481445
unseen_text,2374179e01b23260afd0c222,каркас забора,1c720d4f51a10acb,2,1,True,8.557015826227143e-05
unseen_text,2378e4ced0f928d472862edc,компьютерный  мастер,b66f4e913a3a31a2,1,1,True,0.1507408618927002
unseen_text,23a88528bf3e11aab6a9ebf3,диагностика двигателя с выездом,8ef7b66f4087d303,1,1,True,0.8384326696395874
unseen_text,245cb945c7046dceae34d0bc,iphone заблокированный,7aa720c9cdb6c8d3,4,6,True,0.37379443645477295
unseen_text,246fc0ec710f1f3293d20cd4,озонирование помещения после пожара,1f7ae84b9f95f639,1,1,False,
unseen_text,24b64e4c864f8e0972ddb55e,покраска ворот,d730344daa561b25,1,5,True,6.4819440841674805
unseen_text,259895fa9c9fb7dc8cffba79,тонировка авто стекла,a1814055c21054c5,3,4,True,2.46573805809021
unseen_text,25ddfb42aa43c24e5e44119b,ремонт дверных замков,b5e7c3018b92603f,9,5,True,4.690248012542725
unseen_text,274dbd17d7ca55ea3bb3c4ef,актер,e10ac87f506d128c,1,1,True,0.8250552415847778
unseen_text,27589b1d03833623bbcf8c22,дубликаты номеров,4a7eacc566dcb1d9,20,21,True,3.328737735748291
unseen_text,27a96e1aee85288ac319cb00,такси екатеринбург,428dc5b68cba0235,2,2,True,1.133624792098999
unseen_text,286479301cda3a26d7e4016e,корректировка пробега,cf04923f845788ac,1,1,True,2.260885715484619
unseen_text,287c31f901e4904ef306c9bd,косметолог лечение акне,addd4acc9a28d220,19,19,True,2.2106051445007324
unseen_text,28c7c782297a74febf20c94c,пилинг головы,f2f2651a164a4073,26,25,False,
unseen_text,28de0caba5711ba5c500ef03,вспашка земли кременкуль,2be4560926555e7c,2,1,True,5.388614177703857
unseen_text,2ac64881437668e7e55f8768,склад в китае,97faea61d752ae4c,1,1,False,268.5129089355469
unseen_text,2ad575d8ecd303359dd1b4c3,укладка ламината елочкой,1b7ab57f32aa7574,17,16,True,8.858966827392578
unseen_text,2ad8bc072fb75592b81b64f1,стилист имиджмейкер,0fb986487e605940,1,1,True,0.279049277305603
unseen_text,2b03449837b309da4db549c2,отбеливание зубов,a919421b698dd02e,3,2,True,18.171178817749023
unseen_text,2b28905427326522b4e49e47,публикация приложения,a2723dd97fc1e6df,1,1,True,0.5625859498977661
unseen_text,2c2b36da0e3a2e4faba7c357,расточка наплавка восстановление отверстий,01665f66952ab8a5,1,1,False,
unseen_text,2c2ec8fef59141a734cbaa6c,перевезти металлолом,7f628d273ba22e0c,23,25,True,1.8215441741631366e-05
unseen_text,2c4939f103792b05036036f2,капельницы на дому собаке,b45bc56163ce13bf,1,1,True,0.4723188877105713
unseen_text,2c580ec2760f1dd3c85ddb10,скупка офисных кресел,1bea591e91693a11,7,8,True,7.487381935119629
unseen_text,2c617598e770b298261bd84c,пошив постельного белья,1b13cf48ab0911f3,1,1,False,
unseen_text,2d56e5acb7cf00739ef3e32d,модель на макияж,84ff5146f187ce39,33,34,False,8.995969772338867
unseen_text,2dea31ed516f62c765dd641b,обучение на мастера по реконструкции волос,4201b9224a50d251,3,1,True,5.550856113433838
unseen_text,2e29943a618ca4960fd8402e,омск астана,07a201e5eef632e4,8,7,False,
unseen_text,2e30e9dd745b6245a143fd6c,диагностика авто перед покупкой,da45a2a601899d45,3,4,True,0.9895533323287964
unseen_text,2ea977576370308a9985e038,сход развал,a641b18bc6cd5126,1,1,True,6.5776777267456055
unseen_text,2ee360fee1f01ac6995b19a7,фулфилмент,a99eb4fe9cfee400,1,1,True,12.383090019226074
unseen_text,2fd1f920d0cdb635effa0467,установка водяных счетчиковгород,1006fb8aa8044798,2,3,True,0.0
unseen_text,2ff8f1a1ba354598365dce35,ремонт apple magic keyboard,f54ba73b8058b3f2,7,3,False,
unseen_text,31db3d61db431e8b63aa611e,прогулка на карете,994d6b5af856b7d9,8,7,False,
unseen_text,3204bdaeb351abcd6c1de36d,эмаль для ванны,a50ddb65cf4c70ce,1,1,True,2.781860828399658
unseen_text,3236ff90717ec3ff0285bcd8,кладка пеноблока,f783198e87d7b02b,1,1,False,
unseen_text,323ff85c8a4b3b6be27d448f,выкуп шин резины,7ae695888df7bea3,19,16,True,15.188436508178711
unseen_text,335eb38836228b8871ab84bd,хип хоп танцы,82f8325669b69042,5,5,True,1.2977123260498047
unseen_text,3390ac419c4f5dded77d7d76,стирка паласов,2e6bc1d9ab150d00,13,15,True,3.4057207107543945
unseen_text,34b3a02701287c555f996d29,прошивка магнитолы haval м6,34fc0b94656cf5a5,4,4,True,6.018898963928223
unseen_text,34b82cfc48648e99ba93c4c7,выравнивание участка вручную,92f4882889266997,5,4,True,4.644457817077637
unseen_text,34e43a12fb1bf113002be15a,сварка из нержавейки,b3763158bacc58ca,1,1,True,5.221027374267578
unseen_text,365a1470699d53e736edc7d2,аренда парикмахерского кресла,bd3eab623a3d4856,2,2,True,1.3416557312011719
unseen_text,369e88656d08b6af650f3e3d,сладкая вата на праздник,9c1f620a54d56111,1,1,True,7.076088905334473
unseen_text,36d8fb00f71b827215d22e98,кастрация,8ea5aee382a8f473,8,4,False,
unseen_text,36e83e204ddede447c407a08,снять авто,9740a5119c7a212a,3,1,True,9.992977142333984
unseen_text,37028f2d9bb24a3d08d6bab4,ремонт водонагревателей,ae195fdadc1a7885,2,1,True,6.290360927581787
unseen_text,3731c2e95cbd90f1a5eb8fe3,часовой мастер,ffc1700740de2d00,28,47,False,44.55400085449219
unseen_text,3749294ed4b04daf9a47a406,шарик на девичник с фамилией,82c68a69edfe22fd,1,1,False,
unseen_text,375327083c0d65bf2300330d,автоинструктор по вождению мкпп,530ea9be35ba1cf8,1,1,True,1.1253623962402344
unseen_text,3771ad890da1545f3562f862,снос дома,5b3c95c477181f2e,3,3,True,2.4555015563964844
unseen_text,37f4200c33835e5fb5ea8975,выкуп бу шин и дисков,956d358d71b2857b,19,18,True,14.462409973144531
unseen_text,37fcf2b683e456b1f83559d8,ремонт личинки замка зажигания,bfb1e8040bea32d9,4,4,False,25.304250717163086
unseen_text,39b35daf8d51a11158aa853d,заливка бетона под оборудование,56247f8d5bb017c8,2,1,True,0.10266666114330292
unseen_text,3a63b8ecfa0462675211335c,такси на дачу недорого,11de87424a04d853,117,66,False,
unseen_text,3a9213e09f7e366e5f960900,репетитор по испанскому языку,7aa1095376c8b6af,51,64,False,2986.264404296875
unseen_text,3b09ab69f967cb4e592f9820,печать флагов на заказ,78f064682d01f630,1,1,False,16.670717239379883
unseen_text,3ba2797aa9955b5ece9de22e,сборщики мебели,0566db886e4f5070,2,1,True,4.785854339599609
unseen_text,3bb839879964a8becac1e1e7,водяной теплый пол,199a60f72faf8508,15,13,True,3.8532986640930176
unseen_text,3d09958e2d695a8cadc2f799,ремонт компрессоров,76bfeb3f5a99c536,1,1,True,3.4759578704833984
unseen_text,3d70d3bac8f663f3ba9c83fc,лицензия такси,e4d9982ccce9a4d9,1,2,False,
unseen_text,3e4013a62d04554a2d48de4a,таро,464869870565cf98,45,11,False,
unseen_text,3ea2e8f025974287cf4af2a0,аренда автомобиля и прокат без водителя,7e29831e9916edfe,1,2,True,25.881141662597656
unseen_text,3eca0a453677a15987629687,репетитор математика,2c5136397b9d475f,1,2,True,0.8097282648086548
unseen_text,3f1bcca2d4d636ad04acf98e,курсы,302920cce3c3a433,136,131,False,
unseen_text,3f4ca6031dd3dab9a61c78f4,прогулка на мотоцикле,2b680326127fc32f,7,5,True,2.8566081523895264
unseen_text,402518682c163c230b594896,циклевка доски,a2a39ba7ec265f7e,11,11,False,
unseen_text,40781d46caf884c3d8198de7,ремонт электровелосипедов,e51049cdfd285ad9,1,1,True,1.642106533050537
unseen_text,407a8576374093f011efffb7,страховка осаго,ab467c844d0004ca,1,1,True,0.9693738222122192
unseen_text,412b5245d29661443fd8f730,газосварка,4061953c04581d3e,7,6,True,10.264593124389648
unseen_text,41d771f7677bc3eb0d9e1bee,светотехнический расчет квартиры,3633d9e2c0e6d313,13,8,False,723.8327026367188
unseen_text,4215fc5c714d590c7a210fe5,ремонт компрессора автокондиционера,c0ebe0b93909104f,2,2,True,8.138340950012207
unseen_text,425f74227b726c2560bfe08a,ремонт стартеров генераторов,6c1d7366dcfadb0d,2,3,False,9.429174423217773
unseen_text,42f85a455987ec5ae61bf35a,акб для электровелосипеда,fb824ea210eaf813,28,25,True,11.186776161193848
unseen_text,438e8f5ba5fe51a01f2dd182,аывоз строительного мусора,24bb7ad001c5ce8a,1,1,True,0.0
unseen_text,44b0ea9895489610f8e8068d,монтаж поликарбоната,c3e7cf1574c7976a,40,34,True,17.631004333496094
unseen_text,44dcf6e562df479ffd3eecc1,ремонт задней крышки iphone,caa6d927722f6955,2,2,True,3.7901930809020996
unseen_text,44e88000957fb79b1fb00f92,услуги мебель на заказ,050fe7878f370cd7,3,8,True,4.188276290893555
unseen_text,44ef974d3f43a3bb395b4a8f,трансфер из шереметьево автобус,6be4cc1876aaf223,6,11,True,3.5549845695495605
unseen_text,451787b2c25aec79cd36efa0,ремонт ворот,1523567875d97cbe,2,4,True,14.88834285736084
unseen_text,456ce51597bce1d92f3fd8ac,педикюр щербинки,364d33d2ae71f434,1,1,True,9.502226829528809
unseen_text,4575fc96183e07b610e1c21e,макет визиток,83339d7e0b5b4807,23,18,True,4.455702304840088
unseen_text,459d1e1eb830b94eb4e270ed,виртуальная карта иностранного банка,7cb6a006015dca9c,1,1,True,1.7864770889282227
unseen_text,466ec303b349a097dca9d3d3,депиляция воском мужской,a3412cd71b356744,2,1,True,12.335165023803711
unseen_text,46c3d447ded091bb0c50105a,мастер классы по рисованию сегодня,ead93271c4b06df7,15,17,True,2.076090097427368
unseen_text,47c2c4abe380a691a67bbb26,муж на час москва метро скобелевская,4e6bb2cdf3302e08,24,13,True,23.435251235961914
unseen_text,47da184a07cb6f59c58ac7dc,дом для отдыха,ce8a97e65edca379,1,1,True,10.256614685058594
unseen_text,48225da7a21b61231b0c031a,установка уличных дверей,5c960fddc81fb5c3,1,1,True,1.3734912872314453
unseen_text,4852907be2df3fb35dd507b2,свидание в гончарной мастерской,629df12ef17b85bd,1,2,False,
unseen_text,487a2eae1bf207dc4f44bcac,разбор сборка и перевозка мебели,5dbd76b532f254de,4,6,True,8.371228218078613
unseen_text,48ca1e77f386f2a8934ba183,строительство домов семейная ипотека,6904e0c0a806225d,0,0,False,
unseen_text,48e564f898faf29381788ecb,ремонт samsung,db6210b7d1b50ddd,3,8,True,14.927517890930176
unseen_text,48e5ff15b258f01b150c0ed4,репетитор по физике 8 класс,d43f44c25c2423db,1,1,True,0.0
unseen_text,4905315e0792187c18eca463,накрутка лайков,b7d508807d5b4bbd,27,25,False,
unseen_text,4950b66efa79b9639f899017,сантехник замена труб,e6e6469c0cfe3a68,8,8,True,0.39900097250938416
unseen_text,4984c69511c33220b514b620,поездки в казахстан,85ac3b00e0f31880,228,257,True,0.9983283281326294
unseen_text,49abc6ada389679547dd7f6c,хоста,314b4fbe3e2478d6,15,13,False,
unseen_text,49adbe04820f25f5d3561c05,посуточная аренда авто,c5fdc2abe581bb12,2,3,True,6.640226364135742
unseen_text,49f17e95d92effd0593d511a,изготовление госномера,e6925e8406ec073b,10,6,True,10.692235946655273
unseen_text,49f17e95d92effd0593d511a,изготовление госномера,ea0e281ae003d61b,5,3,True,4.533827781677246
unseen_text,4ac9157592b3fa8c472dc17b,услуги экстрасенса,8149ddcc372c4249,65,63,False,
unseen_text,4afd6d00b30ee206f4b1ba5b,репититор математика огэ,e0807e20d588820e,1,1,True,9.006789332488552e-05
unseen_text,4b1382af128f5b893f33562a,микроавтобус,e3f8b230903752aa,1,1,True,6.419622898101807
unseen_text,4b247b27acc810cad1950804,мастер не час,b56081b98b8c5d3e,3,1,True,0.4371173083782196
unseen_text,4b7b6b9e7ecab65e5ac6ca5f,взлом замков,05ddfc777b3b7942,1,2,True,3.0952515602111816
unseen_text,4ba2fbca04d69517997da583,вахта перевозка сотрудников,96acb066a5d0f7d6,1,1,True,1.3685333728790283
unseen_text,4bb9cdf6910825be832fb532,снятие обоев,2bc3d9c8a675ea50,1,1,True,12.464363098144531
unseen_text,4c077460efb409c0a23a25e3,услуги бухгалтера,b8e7349986c10cc7,3,2,True,0.8188273906707764
unseen_text,4c78864bd53c1ce4828c896b,сварка кпп,340af528e8ca97fe,26,21,False,
unseen_text,4cc95cb17dbd115decd4075e,замена капота,63f2e940efe3f5ac,1,1,True,0.0
unseen_text,4f3b2cf297d11354ef3e9647,низкорамный манипулятор,e29523642e43e781,2,2,True,6.9308390617370605
unseen_text,4fc8b592ac8462cf3515667a,беседки с басейном,a4339e92b6cc9085,6,5,False,
unseen_text,507b40cdfabc0ea91344524b,юрист в сфере образования,3c2717876c49513e,1,1,True,5.237875938415527
unseen_text,518327877392154c87cf05b1,изготовление печати ип,66ccc7c49ba98057,1,1,True,1.7398946285247803
unseen_text,51a5a2695cd060adad11c136,прокат аренда катера без капитана,92900ef443cae65d,2,2,True,7.540342330932617
unseen_text,51b00e38e84e68ec279da45c,массаж лица,f39df5f417e7ade8,47,63,True,7.958130836486816
unseen_text,51f05742405ca57753451ef3,авто электрик бмв,fe7b53ea505efd8f,18,16,True,16.62972640991211
unseen_text,5266c4167d9610282cfee5b6,вывоз мусора услуги предложение,e34c7a810d8d26e8,33,31,True,6.321393966674805
unseen_text,52b6b7dd2660167c43a9d2f9,ремонт google pixel,9ba651107da45799,65,84,True,12.550799369812012
unseen_text,52eb70bdc3dc9b7af9a4d5ca,откосы дверей,5f44efb1fb839315,1,1,True,1.1551904678344727
unseen_text,530ac104e828263d363cb09c,благоустройство участка,ba8e3586fbf40f6b,7,7,True,3.366110324859619
unseen_text,530ac104e828263d363cb09c,благоустройство участка,d8774b1cc135eadf,31,34,True,0.05012135207653046
unseen_text,530fd7d44f05385c12ca8475,промывка топливных форсунок,152644daba935275,1,1,True,2.9127068519592285
unseen_text,535a7841a1457dd7382b9623,ремонт скважинных насосов,00d0d5a816d402ed,2,1,True,5.623808860778809
unseen_text,53e02cf4246b7e86405c5e86,кодирование mercedes,dd1a04cb5e913daa,4,4,False,
unseen_text,545f5a391f13b584e2b37678,переоборудование тс,103edf0acf3013f1,1,1,True,0.6383054256439209
unseen_text,5487fe6a9f05ba13e38dbb3d,чистка участка,82386a7faa1afd28,1,2,True,0.5830724239349365
unseen_text,55cf7e24e7513d5a1074e7fc,написание статей экономика промышленности,64f3ab7e22e3a410,318,310,False,
unseen_text,5608f094d09f4e2d4e9edb45,микроавтобус грузовой,35e615cb87a1b1a7,11,11,True,0.22013753652572632
unseen_text,561b8527c3b5d24a42407bee,свайно винтовой фундамент,46613c02f5153aa1,1,1,True,6.7692341804504395
unseen_text,57a1867ab91fcd5b2b144a2a,перевозка негабаритных грузов,a23a8eb5037d731a,2,1,True,3.9089765548706055
unseen_text,57b5adaa2dc3ac658c725c4f,снятие порчи,e9f75b98d2f227e9,7,6,True,9.611163139343262
unseen_text,58694a7b6a4353b5d13ff2c0,индиба,17a3b3eda6676f6d,19,9,True,1.198965072631836
unseen_text,58a11b128290774cf6c84618,снять беседку теплую,57061ae933e57651,16,14,True,5.716364860534668
unseen_text,58ac3d9fb20bb4ba3430705d,плетение кос можель,5549afd5df3c68ce,32,29,True,13.317083358764648
unseen_text,58dc1089a91b598b37867fd0,капельницы на дому животным,40eebd71648d389a,14,12,True,15.486227035522461
unseen_text,596dd9736f535dc9e416e07f,гараж под ключ,7514a36365ee5a7d,1,1,False,
unseen_text,5980b33b75206b8e36153cab,покрыть паркет воском,5bb889254179fd06,21,18,False,
unseen_text,5a0bc08ccd4b4d50d35d0775,обшивка имитацией бруса,ce9947533842cbc6,2,2,True,15.837257385253906
unseen_text,5a5087d01b9abcdbac144ba4,чистка дивана от кошачьей мочи,936f2f17d9fe8018,5,4,False,21.47555923461914
unseen_text,5ac564a9e2de162c15f82f42,доставка небольших грузов на каблуке,534bf051e16ce183,6,5,True,2.00785231590271
unseen_text,5cc385574063175df45e0f2f,скважина вымывная,77c09db3b24e8517,1,1,False,
unseen_text,5cd0c3e9f94923a6fb2891b8,dtg печать на одежде,735c24b242a68362,4,4,True,2.5117383003234863
unseen_text,5d15f4923ead3ae8062d4bf1,скупка электроники,ab1f06ef415186cb,1,1,True,6.9341654777526855
unseen_text,5d187109df23398508338ea5,ночная няня,871226e92f2e623d,3,2,True,2.300139904022217
unseen_text,5d6919cfc1971f9eb2e5e8fc,аренда рояль,6b45a1be113cd94b,4,4,True,3.0908141136169434
unseen_text,5d6919cfc1971f9eb2e5e8fc,аренда рояль,cc087f97fd3d2b35,1,1,True,4.552611827850342
unseen_text,5d9539327b7e783821d01796,ремонт наушников,304889261c1efad8,9,4,True,2.512220859527588
unseen_text,5ea3dedda62c253d069e9215,катер без капитана,aad45e2a41968022,9,6,True,7.545035362243652
unseen_text,61a3efac333000fd6714c711,висцеральный массаж по огулову,cd293d84d6c968bb,3,3,False,
unseen_text,6275339576a926d66396d263,прочистка канализации устранение засоров,a91271fa38554f64,1,1,True,8.716490992810577e-05
unseen_text,629b390eae9644726ceb1fc2,установка раций,6e5e03a4bdc23336,1,1,True,17.86998748779297
unseen_text,62b68dc807d749cadb71aaa8,аварийный комиссар оформление дтп,cfcb188e4423cd30,1,1,True,8.549468040466309
unseen_text,62c5ba015377383758a4645d,замена автомобильного стекла,b8a11b9df5d8512c,2,1,True,8.232148170471191
unseen_text,63103ed28cc5347e68c22ca7,фотограф и видеограф на свадьбу,87244c773f7271b2,3,4,True,0.7490637302398682
unseen_text,631267492184616d102cdde6,пригоню авто,e3b454c57e599d4d,91,97,False,
unseen_text,63cea03a29923f790aeb183b,охота на медведя,3322ad9168bc21ed,28,23,False,
unseen_text,64064313132a047098863e41,чистка дымохода,2d8865ed86e62d83,2,2,True,4.135840892791748
unseen_text,64a762f62dd533542bbcb1ef,перераспределение земли,b5f53a2ab9824e3b,1,1,True,2.1121456623077393
unseen_text,6531e1803b85ae0d2d4b659a,производство одежды,0064a868332de868,6,7,True,15.974184036254883
unseen_text,66d3d6b6d5eafde480a0a920,аренда длинномера,90419353a2ce2a15,1,1,True,9.259289741516113
unseen_text,66d5ca1c7701eaefa029030a,гравировка на клавиатуре,2afb2a7811b15da2,3,3,False,
unseen_text,66e31e9a8f8edb7e54bad8ab,снять дом в селе нижне озерное,f2ef42c0c2040e70,30,23,False,
unseen_text,671d03d50952645183107075,мобильный фотограф,dd15e6a7be4db689,3,4,True,0.16226448118686676
unseen_text,674b68bdb82b713be1c32675,окна,93652e62abdca6fa,1,1,True,0.6476007699966431
unseen_text,67cc1bece4defaedbfb37b2e,монтаж пвх мембраны,e243db89eba28213,28,26,False,
unseen_text,68911d317794ff2b4d51999e,сауна на двоих,3459572f2b71f6ec,14,14,True,10.696513175964355
unseen_text,68d320f697c9f4dcde9b908d,сварка сварщик,246afac3715140f7,5,11,False,18.872554779052734
unseen_text,6961f01be57b9c9e470b98c8,баржа,eead4ee5027df41d,2,1,False,
unseen_text,69d484eb2540a89619a8859d,лофт аренда,6ff656087f937963,38,44,True,2.435316801071167
unseen_text,6a72df965f7107c61d988eff,вызов металлолома из дома,ba15417d9d0151c1,8,4,True,8.970972061157227
unseen_text,6b06f65a0ea04be66907bc0a,пункты приема,95f71a93c54ef4c9,9,10,True,0.07348271459341049
unseen_text,6bf84aba1b9185eda3829a80,компьютерная помощь,644f52a57e3f6af9,1,1,True,7.78871908551082e-05
unseen_text,6c8ef840a0fecb0864ef8ba1,грузоперевозки краснодар,bcf5a497821fd654,5,6,True,1.1304707527160645
unseen_text,6caf85701648dea5a8f90f91,перекупская покраска,12ffe3ed09329da8,3,3,True,7.161589622497559
unseen_text,6d1d4139dfd133dd8bdb49a0,электроэпиляция,2dc90fded6249aa8,4,3,True,4.537093162536621
unseen_text,6d4b3592beddfb24836cb15e,работы на кладбище,5b21ef0fc606c3d3,1,1,True,3.9303717613220215
unseen_text,6dd2edefff5f97a95eea3f98,резка рулонных материалов,903d322f02f1097f,1,1,True,4.295858383178711
unseen_text,6de4fa49997c946201428c02,ремонт мягкой мебели на дому,9fa2ae674a9e903f,1,1,True,5.554996490478516
unseen_text,6f35f2d86e60e109668c44a3,ремонт автоусилителей,87bacef5aa153a57,1,1,True,4.691521167755127
unseen_text,6f44f885c415868aace64ade,джампинг занятия,beebaac2bae6cb50,2,1,False,
unseen_text,6fdf4cfa32492a53f65208b7,газель удлиненная,f1edf3caedd06f10,3,6,False,
unseen_text,7008a88c9da86d75dd24a77a,отправка авто паромом из калининграда,290ab1a4eaeed455,1,1,True,4.192300548311323e-05
unseen_text,701d8d1efe009f1ae157debe,скупка фотоаппаратов,1381e4897b407260,199,154,False,853.7733764648438
unseen_text,70877efedd46d326d87de6fd,фитнес для беременных,4e8a352682ba6882,1,1,True,4.101983547210693
unseen_text,70987a197fef97ea563fad4b,массажист после инсульта,18cb696c06629148,4,4,True,5.263604164123535
unseen_text,70b60dd46c27a3e228d2d3f6,снять баню,101f980c4eb87b0f,4,3,True,4.112696647644043
unseen_text,7164b8b030653c2746028fdc,варка глушителя,5481311ff5a2551c,3,2,True,5.94848108291626
unseen_text,720c6a529c05962a2df91ae4,продать мукулатуру картон цена 1 кг,05ac4461c804bc5c,10,12,False,
unseen_text,72dffc7ad910ae1b22fd674f,помощь студентам экономика,13523c6531e3be5b,4,2,False,
unseen_text,72ea834afd605bcc19ee43d3,удаление филлера,69c13fc77d08486a,2,5,False,13.154417991638184
unseen_text,7377b56e0a71ba3a461cbba1,выкуп айфона,2c10106b045062c9,2,4,False,
unseen_text,73a2b68439b0aff7aa995346,смывка краски,97bf270a56a3af9c,17,14,True,4.272437572479248
unseen_text,742d266127467f6d5b1d5b02,парикмахер на дому женский,040458d72e402be1,3,4,True,7.983107566833496
unseen_text,74a2844a3b78820d6ff7054d,аренда зала для тренинга,c54fd9177cf01791,42,42,True,2.388136863708496
unseen_text,75ed5628991af5d46d3d6f5b,юрист по недвижимости,e9c48f771f084dde,1,1,True,0.11154640465974808
unseen_text,7725579b5e6d74aff2a1081b,аренда для визажиста,1e834f7d426881ac,1,1,True,0.8997898101806641
unseen_text,77a5f3ca532f7c0d6034c964,аренда на час массажного кабинета,3dcc4b731804a5a3,5,5,True,9.319047927856445
unseen_text,781306b17695672ad928cc46,изготовление ключей авто клбчей,5f5d6d8733ec6a29,3,2,True,3.956125259399414
unseen_text,787d24f527d297c10f6fc9f1,распечатать листовки,e8601703a33632c8,2,1,True,4.03306245803833
unseen_text,78c5bff3041d4e4f4db5bb89,модель на окрашивание бесплатно,cb8b303882f52a06,3,4,False,12.490994453430176
unseen_text,78d63a85e7081c755fef8d77,резка металла,c04570aace8c64b8,10,11,True,11.976872444152832
unseen_text,7903dd2c7a35f4ea6437cb41,стилист по подбору одежды мужской,f9fc64c4288b0681,1,1,True,0.18220208585262299
unseen_text,799171517b8476a6b0ea5878,табличка на заказ,2348167b8cd7c0fd,1,1,True,0.07484272867441177
unseen_text,79fc4cbbc4ff22cc1c34146e,еврозапил,62af166e5412ecad,2,2,True,7.164606094360352
unseen_text,7a15bf02f6ba7e1b264c6ad1,неоновые вывески,ab0e97a3a0a5a503,4,2,True,0.3737698197364807
unseen_text,7b22e9c240d3a03e8c15a324,ремонт телевизора,2cdb579b69dad0c9,49,38,True,22.604633331298828
unseen_text,7b73f3942d9607b86235a700,наращивание волос биопротеин,bc2912eb1235865d,1,1,True,2.7950363159179688
unseen_text,7ba5f0369dc147b8d4ee6792,обработка от клещей на участке,cf16f1c358298bd3,1,1,True,11.320993423461914
unseen_text,7ba93bc25e4fe979871ec788,сбока мебели,e41aa92b8638674e,19,14,True,11.098230361938477
unseen_text,7bb72566cf3c53dfbe1588cd,турбаза отдых,06a9f8964d713480,12,11,True,12.482595443725586
unseen_text,7bb72566cf3c53dfbe1588cd,турбаза отдых,87fb995181062125,5,4,True,34.60771179199219
unseen_text,7c34086e19b15e57ac1687f8,установка кронштейнов,e5d011ef9d84b2af,2,2,True,5.494934558868408
unseen_text,7cfe066eeffa2ab60a9fd001,гидроизоляция,f00e3e763775fb37,3,1,True,0.6835339069366455
unseen_text,7d31e8ca3976e5a547e4288b,прием аккумуляторов дорого,ef8f2ed6aefccf86,1,1,True,5.402563095092773
unseen_text,7d4b521e2ac627569cea3499,покраска металлических дверей,b7af16f135594f9f,1,1,False,
unseen_text,7d591ef269b68b444db07a20,прошивка xbox 360,7c11130ee82c6531,3,3,True,4.504763603210449
unseen_text,7daa87a85b8d067f52bea016,радиусная полировка металла,5fe9106b02d139f8,2,2,False,
unseen_text,7df9a62d5783a89d81ea54d9,аниматоры на выпускной детский сад,cc9ea36ed53ebe42,1,2,True,1.3804244995117188
unseen_text,7e1901e279b8f3b9ef5fcd33,справка о судимости,ab2e67bf2b833cc7,1,1,False,
unseen_text,7e7c056a0c2d470e9524b7ad,установка кондиционеров монтаж,c961be5e391f26f5,82,66,False,
unseen_text,7ebbf0b08c173474496537d9,ремонт кровати,9ab28ec236aca808,37,42,True,11.080480575561523
unseen_text,7edc5309cf0b699f8c4b8d74,мастер час,f84fac7e8e2b48fb,1,7,False,
unseen_text,7ffd3584e04db934c54e51f6,редактирование фото,31d238db4064d4f1,1,1,False,7.6425628662109375
unseen_text,80a7e2c5844bcf9527a97bf9,учитель по гитаре,cdc0623c9a079890,9,8,True,2.062455177307129
unseen_text,80d523bb93bfa7b501487644,уничтожение крыс,4a1a1471ded4621a,1,1,True,0.4449683427810669
unseen_text,81c3f2f13b6582a265f1ca73,изготовление мебели для балкона,7795e0f34663a399,9,5,True,1.180314064025879
unseen_text,8224975af9ee43df86876ee5,дезинфекция тараканов,8bc474ead33d250b,11,11,True,0.6835339069366455
unseen_text,82759d85a04c24bed33b6e4c,замена стекла на межкомнатной двери,58e22206617bc003,1,1,True,0.6281400918960571
unseen_text,82e0e21b3863c7ef2df69774,маникюр некрасовка,bf02cdfb7bb05b14,14,12,False,19.974872589111328
unseen_text,834078a5f5749d389117bb43,маркировка,daec26675e034744,5,3,True,1.1035370826721191
unseen_text,83e85e8a5ddda1d4a2ad723a,скупка холодильного оборудования,235998c1b1906de6,2,1,False,
unseen_text,841bdffe64240703919bab09,аренда дозиметра,6471b2beb9215ca0,5,3,True,6.561094760894775
unseen_text,845e3b2beee20a379b1937db,распил раскрой лдсп мдф,be1e9104ca77441a,4,3,False,
unseen_text,86316d0af26c5514376e5506,мастер класс свидание,39377810eaa45d3d,5,7,True,1.7775981426239014
unseen_text,8653af9f7ed80840bfee228c,лофт с мангалом,9858a70c2be54928,3,3,False,
unseen_text,871d8ce83ec2b2af57ac2cbf,аренда авто бизнес,4edaa8a566dda754,4,3,True,1.1404409408569336
unseen_text,87a2633445f78431f58517cf,шале,dd5d334c00f8790c,3,1,True,14.185853958129883
unseen_text,87a2633445f78431f58517cf,шале,f15862daf95f2258,7,7,True,23.9541072845459
unseen_text,87b67be4143f960bd4b77db3,филлеры,4bf4326f8fbc133d,2,2,True,10.3836030960083
unseen_text,88d66271f7a7fddec534f036,регулировка алюминиевых окон,fa751e2e59e9cc34,2,3,False,
unseen_text,89ed317f108ae6aa0609f49f,сиделка для пожилого человека,67ea3cf0ef5c85f7,6,5,True,0.5702962875366211
unseen_text,8ab063a9c9bcf1c3ff2818fc,мелирование,d24b6633a37bbe51,4,2,True,0.43447038531303406
unseen_text,8bf16f722ca164e8b30fdf57,ремонт тнвд японских,f4c0e54e989b3548,1,2,True,7.56424617767334
unseen_text,8c6ee5fc01663a54d6897e5c,откачка сливных ям,e8dfe637a99c11db,1,1,True,0.0
unseen_text,8d35c5823405077e9f012e68,белый мишка поздравление,29bac69afae52153,74,108,False,364.35479736328125
unseen_text,8ddfb6445b2cce182d5ad353,аренда манипулятора вездеход,aecc40201a510c1d,1,1,True,13.75053596496582
unseen_text,8e6e11ab483d8c7ef83a278f,заберу старый диван,8f1714a690dbf38d,8,11,True,6.488986492156982
unseen_text,8ed6e2ace4562c84ca88d1af,ремонт джойстиков ps5,1793f795770186b7,1,3,True,5.753300189971924
unseen_text,8f79117237fad54807b67014,укладка плинтуса,90b09dbe9c96b0d1,4,3,True,2.6021249294281006
unseen_text,90195234b46dfdae04586515,выпрямление волос,162a7886a719c162,5,5,True,1.5284218788146973
unseen_text,9027ba7fd7918d9c6c6352a5,откачка ям,626b7f35e38c20e4,1,1,True,2.0537798404693604
unseen_text,908cff12aa9755ce3d2c5e95,фура москва,eea7d509bddbd9cd,1,1,True,0.00019374153634998947
unseen_text,913298ef4738ff5e0952eb9b,заливка фундамента,7588a3d867b8516f,1,1,True,0.0
unseen_text,926cbd4734609110085f167e,купирование ушей собаке,f89f80ca7bc26b7e,50,45,True,7.380444526672363
unseen_text,92b4282cc04c950b2e144d47,вскрытие замков автомобили,326b2a0ad18c1e2e,8,9,False,
unseen_text,92faf45da10cdaf347200c85,ремонт форсунок,95a3f8a480024d9e,1,1,True,5.793163299560547
unseen_text,93b62364cc4aadd7336a9725,выкачка ям,43ee4f6a5098595f,1,2,True,8.834616661071777
unseen_text,9474d6ac9f7cc21ea868ee70,аренда пылесоса,920696ba7a00a08d,2,2,False,
unseen_text,9553cb442506a8b79af3ae27,ремонт усилителей,c3c55d15014d71c5,4,4,False,30.537870407104492
unseen_text,95974c89a2bb662ec2510cfe,вывоз мусора всеволожск,a858d8dffc39a4c9,5,1,False,
unseen_text,98eb99c430c2dfa8637364ad,модель пампинг,998e3093084f38b1,22,24,True,2.8327457904815674
unseen_text,990193111c4215249dbde32d,семейный психолог,fadfcb01bb8805d2,39,82,False,
unseen_text,996aaf584e18753e08a83377,трансфер шереметьево,939d201e9be8590c,6,8,True,0.33809590339660645
unseen_text,997d214aa4d7b80f3759e9c1,ремонт скутеров yamaha,72913dc3bab6a587,3,3,True,3.547110080718994
unseen_text,99faf6c7639b7ff1d4347071,заполнение декларации 3 ндфл,04731a24282e6f4e,3,1,True,7.473505020141602
unseen_text,9a07f4a1aa0f535e2828a2a9,ремонт натяжных потолков,a5b37434385fdc70,18,18,True,6.3713836669921875
unseen_text,9a13b4827e5318d3f4fc4dc5,утечка фреона,da676db2957bbcf9,3,2,True,3.2873420423129573e-05
unseen_text,9a183e55b3b68cc84175ba58,предложение руки и сердца,75b6f697157ecd97,3,2,True,0.9634649753570557
unseen_text,9a3d5a53b0a5323bb94a7a5a,настройка антенн,a4632d007716798d,2,1,True,9.702768325805664
unseen_text,9a86b45a595d444c6d361ce1,сборка велосипеда,b974bcc90a853e63,3,2,True,7.145542144775391
unseen_text,9a976f0d84371ebce67753ab,оживление фото,71288d4f7c650ebf,2,2,False,44.94102478027344
unseen_text,9b2a43deab30e94445f964e2,канекалон плетение,27005223c7cec89e,27,24,True,10.532654762268066
unseen_text,9b9fa0361a512061071051a5,торт заказать,f0fc53e1053cfec4,1,1,True,0.15062083303928375
unseen_text,9c72d7aa080126d8a71d2099,тротуарная плитка,bad1d10aecb05bca,12,14,True,4.894599914550781
unseen_text,9c9f9e7d8938a8f7ca569ea9,можель на педикюр,e1f14c0bd9a90560,26,22,False,
unseen_text,9cedea637d38b8ef1e82fa8d,прокат лампы от желтушки,1addcd9667de9cf5,1,1,True,3.1682567596435547
unseen_text,9d5654589d6ef9cf033c26f2,скупка старой техники,5033211ff779c622,18,16,True,3.564411163330078
unseen_text,9dc4ac7a212b35db9ca44e6e,прокол для водопровода,88ff2876ac0deabf,4,3,True,6.604929447174072
unseen_text,9e6d2ada0782a22ea7032aff,ремонт лодочных моторов,1ab529ba493f0e8f,1,1,True,1.6103246212005615
unseen_text,9f9a1f08fb7debd4d816af3f,поменять аккумулятор на iphone,46cfee263242d453,5,5,True,6.24263858795166
unseen_text,a0469c5837fe871b9e4b2b68,моторист,40015b67a538e4d5,8,7,True,4.26989221572876
unseen_text,a048d65465601cb05afd2feb,постановка свадебного танца,63b1a37b76f3e42e,1,2,False,
unseen_text,a069427bfa6cc662013d5b8d,доставка питьевой воды,d3bfdbe1a6649292,1,1,False,
unseen_text,a08ac85a84fa108481c7f69e,прокат авто,2d6f6fa7f64db4fc,2,1,True,2.0903520584106445
unseen_text,a0b62ce3d0a2213dfb420ada,психолог подростковый,6f6e8e8a26ca0e61,7,7,True,0.11717291176319122
unseen_text,a0c3e3b863e21b35d6e6e71f,курсовые работы,e27be57e799ad8f3,4,1,False,
unseen_text,a1a4ec0ad10f7f883d8cedd3,инструктор по роликам,75a8f843ad3b9920,1,1,True,2.2718491554260254
unseen_text,a268e6a88102b30ceb5a6023,грумминг собак,48872b1a81037f68,8,5,True,7.21646785736084
unseen_text,a2f80e55541f0915dadbe3db,прочистка дымохода печи,630e63b30b886a0d,5,5,True,5.440318584442139
unseen_text,a308d00e379ca86ff221dc98,укладка плитки туалет,c91f9f4edcee292e,1,1,True,0.0
unseen_text,a3231fbc60e127061d75010d,девичник,e2da090bb7e97377,3,3,True,4.844736099243164
unseen_text,a3231fbc60e127061d75010d,девичник,ecc1007b754b99df,16,22,True,1.2807285785675049
unseen_text,a39864e3cea42b355c2c9dd2,виброрейка,b5ba514c5ee6da73,1,1,True,4.949023723602295
unseen_text,a3cc8d466d1f89de80b6456f,обои отделка ремонт,33b6c7caf970338c,2,6,True,3.0608301162719727
unseen_text,a4baaa03aa6f960bf21f1880,ремонт алмазных коронок,3fb75ace5299dbba,1,1,True,5.238701343536377
unseen_text,a4e198cf3b7e82e36d882615,установить забор из профлиста,841964da26ca18a9,20,23,True,3.153621196746826
unseen_text,a5b1629ba0165c1a5ce0f4ae,установщик дверных замков,c09044d63d4cb0b5,2,5,True,6.71539831161499
unseen_text,a6a7628e04086f689440ba98,запись голоса на гендер пати,174df4245ea27014,2,1,False,118.19539642333984
unseen_text,a6b7943907195c5add4261e7,обучение окрашивание сложное окрашивание,ac2cd5a3d199b834,1,1,True,0.6527808904647827
unseen_text,a6e7048ef14679cb8a4a620d,шары с днем рождения,3c47580490bd2bed,7,6,True,6.86670446395874
unseen_text,a75f3e353dac3a9a661df6c2,ремонт подогрева сидений,8a95339b01056bb1,1,1,False,
unseen_text,a84237d1605706f79d39fcff,баня на воде,9927281444251d0b,1,2,True,7.836804389953613
unseen_text,a91be5abfa649bb04c9bb263,реформер пилатес,53fc74c342b8aaac,2,2,False,
unseen_text,a9e0cfd0f98efb0067f25538,ремонт macbook,54b6df203c46e098,4,2,True,0.2446243315935135
unseen_text,aa7522790fe287e3808af96e,а фрейм,e11549d67077e892,0,0,True,
unseen_text,aaefe1c98365dd134cac19f6,карвинг волос,96ab85951690e778,20,18,False,18.84427833557129
unseen_text,abe1f9a09335f2af44f20796,антикор,05c6d0c40428f994,1,2,True,4.468595504760742
unseen_text,ac1b1a875c1d23305c82a3fd,куплю отходы пластмасс,a03209b65cf7d761,7,8,True,13.179594993591309
unseen_text,ac266c2732ec31f1c51bc345,шенгенская виза,95f65f145ce50520,9,10,True,0.006066583096981049
unseen_text,acbfe58b3c69776b0be0774f,видеонаблюдение,0867a69344c36e2f,4,4,True,0.3495698571205139
unseen_text,ad0450299e7e57d5bf9dbc6c,штукатуры,fc18fd90b7f003ea,3,2,True,6.187806129455566
unseen_text,ae0fc9c1f3fe953f6175a750,английский язык репетитор,f0e70cdef715bec1,270,316,False,
unseen_text,af15efdca93915ff7088f4c9,гипсокартонщик,5da078ff2c600561,1,1,True,3.1870412826538086
unseen_text,afdf37a81715965a7e8a3bf5,нанопластика волос,b392694092f1f93d,13,6,True,0.6172250509262085
unseen_text,afe6673736498c21f8ba4854,теплая беседка,de9b5a617b8450d0,1,3,True,5.289363861083984
unseen_text,b04fabcc9b54c2c403a371e7,поздравление от мишки,65d1b5e671b18390,25,20,True,14.990504264831543
unseen_text,b176f38a68724e5561ea194b,скупка балонов с фреоном,343564d3a80f0f25,1,1,True,11.995768547058105
unseen_text,b2d4d02d9582a719f3d79fde,свой человек в городе,97d8582ade241ed6,2,2,True,2.2219786643981934
unseen_text,b2f004a6b13385dda416bfe9,ремонт компьютеров,0ac68d34d2350a64,4,4,True,3.0454654693603516
unseen_text,b36f3bec3d392cb468023c19,goofish,7336a7a898c4127c,1,1,True,0.07462270557880402
unseen_text,b3e1059fa2d1f9c754c4e8d9,диагностика газового оборудования на автомобиль,800d936465dc7f5f,7,6,True,3.566311836242676
unseen_text,b3f45534670327f5e88d02b8,фотограф гагры,b09977c68720b699,1,1,True,4.2724103927612305
unseen_text,b3fa9c1261a0af7ef16bf8a8,набор текста,d522ba8bcfbf4386,1,1,True,5.8132500648498535
unseen_text,b401b31ff86a26b815e57e35,реставрация столешницы из дсп,9bfb7d563e54a38d,1,1,True,0.7579542398452759
unseen_text,b4e601fbf68ede7aefac84f6,озонирование,17f23d48b4bd6540,1,1,True,0.13262340426445007
unseen_text,b55a1b9df80c92902287a9fa,коррекция заикания,2754c78d11d68a63,1,1,True,4.290008068084717
unseen_text,b5bcfb2cb179fb3274a2b9a7,установка замка,5a099e0dc928275a,2,1,True,12.489020347595215
unseen_text,b5ea9107b02362ce15c76c7c,сурдопедагог,f4bcaa7adc19e33c,220,150,False,
unseen_text,b636c402b17285e0db1b405d,спа отдых для двоих все включено,e4f25d6d28e3f8f7,20,17,False,
unseen_text,b64cef45829e54129d6e1c2b,точка на яндекс картах,b2b270d22e5963a7,7,6,True,9.196731567382812
unseen_text,b6d2c4ce97352fdddab2ce12,банкетный зал,46207614874358b1,3,1,True,3.7146596908569336
unseen_text,b7921840f9beea4610f75918,реставрация мебели дуб,deedf9e18c3f72f4,3,1,True,6.6732916831970215
unseen_text,b7ab719d2317c569daa8a5a6,баня,6ee354de94bc8510,9,9,False,
unseen_text,b81c0fd20cc8dd23194b3abc,ремонт водонасосной станции,35be39d0cb6526f0,1,1,True,12.293282508850098
unseen_text,b8f8e1ca5308ea8e9f709f48,аренда автомобилей,21c266fd62b92d95,1,1,True,18.207984924316406
unseen_text,b94f0c64f818a027373eba47,восстановление автоключей,87165255c830a972,2,2,True,0.75596022605896
unseen_text,b9810063cd155f7b1674bc8b,немецкий язык,94baaecf0157f93b,78,92,False,
unseen_text,b9e3ce876148d2c5abbcd72d,ремонт инструмента,a04d62bfff062e5d,2,2,True,3.3560099601745605
unseen_text,baa9e8e642891cb25caf96ac,ремонт стеклопакетов,12ba1873af45f09d,1,1,True,11.34516429901123
unseen_text,baefaad3e2ebb3a0aaf79e06,трактор вспашка,a7b75ab70088481d,8,6,True,0.0
unseen_text,bb3c105f7cc1921a0cc80465,скупка комплектующих пк,72b2f0caceed5495,9,7,False,
unseen_text,bbb57f0eaf5acaff50a0d2d5,стирка ковров,c3c1726995e6463e,24,24,True,0.8220256567001343
unseen_text,bdc9bedf36d10200bd03ba02,косплей швея,b3449ef4f9c9dfed,12,8,True,5.999485015869141
unseen_text,bee3d8c3c9e8f5e87aaa461e,гриль домик аренда,d6e3040f8f8781c6,4,5,True,5.681789398193359
unseen_text,bf1f859b83514eba6f377afe,мастер по мебели,0ac7fb6c25f6a582,32,24,True,1.340852975845337
unseen_text,bfcf3203e8b98506f1f869e4,сварка аргоном чугуна,271df7f65512777d,12,12,True,11.257041931152344
unseen_text,c07610636835599df5466141,трансфер новосибирск горно алтайск,9e4f5903da4e9c71,6,6,False,
unseen_text,c09baef4e47fe4b56377ffbf,подсобники разноробочие,55439c17428050be,39,64,False,
unseen_text,c1439565b0473c532856e719,изготовление изделий из резины,a04464420f67a4e7,1,1,True,2.1080381870269775
unseen_text,c1e59184117a802281eb90ef,экскаватор мини,4deaff082d21ec4f,1,1,True,1.4622316360473633
unseen_text,c1f44dbc7f0022ace0e74838,бензиновый копер аренда,3f187b7c9dc6eaf2,23,13,False,
unseen_text,c1fc36becc5b8dd4d0828e97,репетитор начальных классов бабушкинская,7c62006dfeaa6705,78,48,True,13.350119590759277
unseen_text,c20e984f2dc80f6dff77ae1b,шью на заказ,53e54ba8f99f7d73,1,1,False,
unseen_text,c272e69b812dabfc4686352d,ремонт компрессоров кондиционера,9f7ffefe19a67cf0,2,1,True,10.450326919555664
unseen_text,c3218405b2dfa586869374e2,печать наклеек на авто,f61bdd891a77ad4a,4,8,True,14.204442977905273
unseen_text,c337e81f6834c94ece1c1c2b,грузчики на час,41f8f0a20d5a1230,3,3,True,2.338587999343872
unseen_text,c3c16d40a04009037bb314e9,проект квартиры по свету,568e1df90175cef6,1,1,True,2.4290390014648438
unseen_text,c40bfc538602a1573e69ceee,компании по внедрение ка,7f80077092cac4fb,3,3,True,0.0
unseen_text,c534f957e563d824a455ff5b,установить плинтуса,1396172f38ca8461,6,6,True,13.388177871704102
unseen_text,c558fcfbed392e6663eca744,шлифовка бетона вертолетом,ae0dca0aa660d8a2,5,2,True,12.579842567443848
unseen_text,c59a4651762a7672a467ab1d,ремонт и установка сплит системы,d1555faeb6baf5fc,45,27,True,1.9642205238342285
unseen_text,c61b7b6f65d4faca5a7ce321,настройка роутера keenetic,eea33fc4f8dab54a,1,1,True,1.142611026763916
unseen_text,c6730b17daf33674ef288ca9,аренда питбайка,9346439ce86f6835,82,61,True,1.3679285049438477
unseen_text,c680827f60576dcac6eb2b6d,разблокировка загрузчика xiaomi,f98be43db1ade805,8,6,False,
unseen_text,c707e64f4b821305cf7de8da,грузчики ялта,9c281b88ceebfd65,4,5,True,0.000151326967170462
unseen_text,c732eae9bc9ed47e389732a7,тонировке,67aa8898f2623b61,1,1,True,6.291086673736572
unseen_text,c7ddd6792d38cca948d8255e,аэрография на шлем,5ee131ec7272c2b8,1,1,False,
unseen_text,c85d6f6742cf4e0f29492f22,написание дипломных работ,ba53cb33265c6e6d,14,13,True,0.06404828280210495
unseen_text,c8ba1615c891b191bb820fc1,свадебный фотограф,8ef058838f406a11,4,7,False,19.767812728881836
unseen_text,c8c40505df3482d02717c09d,изготовление откатных ворот,1c6a757016c3a4eb,2,1,True,7.823488235473633
unseen_text,c8ca3b0bec164a80376401a0,аренда строительных лесов,d341b786ae9b8bd7,1,1,False,13.426907539367676
unseen_text,c94b387a1604d2554241fdc9,ремонт замков дверей,65bfafd980d31439,1,1,True,0.4184494912624359
unseen_text,ca837115bc1e0a92f7b4d4eb,сетки на окна,e7c7c9edff62d6e9,1,1,True,2.2762365341186523
unseen_text,ca98f22be0d5c840eabcccea,эндоскоп аренда,f5c4312792f7d2f7,3,2,True,5.5596466064453125
unseen_text,cac17f20e87d60272cf6e1d4,мастер по розеткам,516a28f7141aae3b,5,2,True,3.4690863685682416e-05
unseen_text,caf0740a9a57393bc354f767,тренер по конкуру,ecd9d28f6d6f910e,1,4,True,9.006789332488552e-05
unseen_text,caf35972f1f3d8850d6c0f39,копка траншей вручную,5149e7b7d5bf6997,1,1,True,1.7896654605865479
unseen_text,cbe98f9005e8b111405f2854,массаж на двоих,d39790912a40ab28,9,9,True,2.682581901550293
unseen_text,cc2174f201cadfea1ec24ee5,вывоз мусора и металлолома,408b575c50034bff,1,1,True,0.0
unseen_text,cc562323fcf466509d79ef2c,установка печей,1639349c74c826d8,1,1,True,7.122655868530273
unseen_text,cc69219a0137699e19576b8a,взлом замков авто,23c0ef78409ff312,2,2,True,5.760139465332031
unseen_text,cc8e0fc0c323be3060dad4e6,отделка стен,7f9d8b2d2c9c857c,8,10,True,3.6569132804870605
unseen_text,cce70fff35c67e22086a6cab,изделия из эпоксидной смолы,f99a5fb76727b86e,1,1,False,11.706583023071289
unseen_text,ccffbc01883e12a91e7724c3,повторная подписка на xbox.,d449033894199334,2,1,False,
unseen_text,cd23ec342b91402d822be4b9,свидание гостиница,1db923d1781aa647,3,3,True,7.0877485275268555
unseen_text,cdd081eb1ff9b450f73532cf,аренда помещение для стриптиза,bb6fdb5d094f5bfe,68,53,True,3.559680461883545
unseen_text,ce0b582a04667435deedef92,срочная типография,1e31dd3e84afdf95,1,1,True,8.538022994995117
unseen_text,ce1bb4a30782aed7c19ee479,автоинструктор,7983ce87ca2f1406,1,1,True,3.843137264251709
unseen_text,ce6d1e0d993058062eead387,3d max,f40de909e4ab1b65,1,1,True,0.3737698197364807
unseen_text,cedd51c8dbcae05f32618e16,доставка из финляндии,76c5fca0db25eb43,3,3,False,
unseen_text,cf0fb2e6e8aca6a50d417e74,раслабляющий массаж для мужичина,e9efd87c7880772b,9,9,False,
unseen_text,cf5d6ac68562456ac7cd7205,косметолог,c4485c8d09abc014,59,101,False,
unseen_text,cff182a30494f314bcffbaca,междугородние пассажирские перевозки недорого,5d211ab2adea4d5b,7,4,False,
unseen_text,d0f9855f291de64971de90fc,ремонт душевых поддонов,27d3067080814540,6,6,True,0.8059602975845337
unseen_text,d1b0c62749fc0a4bbb8d7806,готовые обеды доставка готовой еды,6f63f66ced6a6fa1,3,5,True,0.495967835187912
unseen_text,d2f4be41b7eacd0717deb7a5,ланшафтный дизайн участка,83edc1693e35c65a,4,4,False,68.15863800048828
unseen_text,d3020a9cf1ebaa0092acd7ae,ремонт китайских входных дверей,b27cd53c200014b3,36,39,True,4.571041107177734
unseen_text,d383c107da51e0f37f353eaa,реабилитация после перелома на дому,4b163417815e89fb,1,2,True,8.994715690612793
unseen_text,d387a2e2936c34a839d956f1,катер на соловки,2c2a8f6557825105,1,1,True,9.530704498291016
unseen_text,d3abe8f012a896a187ec9882,куплю стиральные машины на запчасти,d8fc9aa53ec5b0fc,3,4,False,
unseen_text,d3bb6a81a3e92a0b81a8456e,фотосессия на годик,540af7761a31ada9,4,5,True,7.0074920654296875
unseen_text,d3d4a5c5e05c4ecf03d2fac4,удаление растяжек,0544a619fecc760d,31,33,True,3.382988452911377
unseen_text,d3dc24a93bfe146647bb5b9e,конная прогулка,af62d95bceca5634,1,1,True,17.323244094848633
unseen_text,d406d9108d605591d914a897,подъем домов,12372fbbab1effb0,1,1,True,4.192300548311323e-05
unseen_text,d49a2f0f62c1ca99642061b8,трансфер из аэропорта,60eb95e391922dc4,49,51,True,2.6412079334259033
unseen_text,d4cf9813d7bbcad4ced3b7bd,видеограф на свадьбу,ecfb7ead298a4e3d,1,1,True,1.0529131889343262
unseen_text,d4d455c731c75866efd8806f,дизайнерский ремонт,27480bb57e57a891,4,3,True,4.138710021972656
unseen_text,d4e991615e27adedc00238f8,бурение колодцев машиной,fb40cede8956c189,1,1,False,
unseen_text,d5aed5975ebe46386d602ece,лифтинг лица,6fce025768d766a2,2,3,True,14.723115921020508
unseen_text,d5d395bbf3cc67b4736ecab0,балансировка турбин,cda793eeed4d4238,1,1,True,1.8215441741631366e-05
unseen_text,d5ee4116dd88e28663893033,замена матрицы телевизора,691b693587744a80,1,1,True,2.4831392765045166
unseen_text,d6301ac2b846fa1956c6bc68,автоэлектрик газель,85aa75b024a78593,1,1,True,11.128702163696289
unseen_text,d703c660ee9cd99e851a14ee,расконсервация бассейна,3964846baa5170a7,1,2,True,5.985631465911865
unseen_text,d7bf46985f29bfd910dfec59,логопед для подростка,cd0652ef7e0ba9d6,2,2,True,2.605895757675171
unseen_text,d7cd4a01c5ea9068a4234f7c,статуэтки на заказ по фото человека,5c38b94dca3ba1db,5,12,True,1.3685333728790283
unseen_text,d85039015297b516a121c995,брусчатка,26e682490e7d82e4,5,5,True,2.2675583362579346
unseen_text,d863b77ba788563f71879615,перевозка мебели с грузчиками,deda268233abd3d3,6,8,False,22.786130905151367
unseen_text,d98cd485998a04e20d495f7b,ремонт складных ножей,7bb0a39bdf8af8e7,1,1,True,10.853898048400879
unseen_text,d9ad62035649aadcacebb5bb,перевозка автомобилей автовозом,e65d6b23aad33002,1,1,True,0.1324988752603531
unseen_text,dac291a7f5af17bd010436ca,сборка кухни леруа мерлен,d27ed454399cf53f,4,3,True,23.011871337890625
unseen_text,dac3ce6dcc6ab4a2b376508c,стрижка каскад,909469ab1b1150ad,3,3,False,
unseen_text,db3e3a7396e1d8db2f3977fc,установка бризера,3d5adf1d8f40731e,2,2,True,4.531360149383545
unseen_text,dbb1fc84ac5061953e0a0cbc,завивка волос мужская,9162ebbdad7fed60,6,6,False,
unseen_text,dc02e3a787d3e8d8258010c8,велосипед на прокат,9f239caf50f431a6,2,1,True,8.178625106811523
unseen_text,dc8fd19634fc54421bd0f112,услуги плотника бурцево,635f06b0d53e7a60,25,15,True,13.159558296203613
unseen_text,dd26f012f8d3079565620736,крот для канализации,6702fc655f472f8e,1,1,False,
unseen_text,ddb664d2edcaa3bb9e2e019a,откосы на окна,5f44efb1fb839315,2,1,True,1.1551904678344727
unseen_text,ddd93bd67b092b318ab1c15f,фотограф беременных,cff075ddb5ecea8b,24,29,False,18.43209457397461
unseen_text,df84311bef1e0718e0e3ab2d,оцифровка видеокассет,177176cc220462eb,1,2,False,
unseen_text,dfa99ec1020019d0c4a11a89,ютуб премиум,c9a9edd69cd3c6e4,1,1,True,1.5538661479949951
unseen_text,dfe9b838f5e14ff0e7a78543,ремонт варочных поверхностей,d794010e60364411,1,1,True,3.6404733657836914
unseen_text,e06eafcf332955f002d8e281,такелажные работы,8cc05a1d0b153420,1,1,True,3.8923840522766113
unseen_text,e18b88336b58be1fb426aa38,ремонт кровли жидкой резиной,46ac9cf75950155c,1,1,True,2.2627785205841064
unseen_text,e2df8fae7971556a33cdf090,копка траншеи,e79a39e93aadb92e,1,1,False,
unseen_text,e3159eafb8788f913799b8af,строительство бункеров,9d2bb4bfc5043eb8,1,1,True,10.002201080322266
unseen_text,e3b41c1ec9ccfb2f4127edfd,пайка электроники,12e3829016c39086,2,2,True,0.7566511631011963
unseen_text,e3c6ddfd027b26d5257d11e1,ремонт видеокарт,18338d469bea6e16,1,1,True,8.768586158752441
unseen_text,e49bf4f131c15531e18bc6fb,услуги минитрактора,85bbdced4a8e52ab,2,2,False,
unseen_text,e4c1fcea13cd2b09c2aba4e9,трезвый водитель,8eec9e1b03ef33ed,1,1,False,14.715376853942871
unseen_text,e58ecf23860e6463d63536bc,репетитор математика 6 класс очно,4430565aedf59f1c,1,1,True,9.958134651184082
unseen_text,e5c07dde6a6f335150694887,инженер проектировщик,0a486c466dfda4e0,229,207,False,
unseen_text,e6118e0cb88436984c54d6b8,рекультивация земель,8564470311930fb8,20,15,True,6.229403018951416
unseen_text,e619bdecacab22c1baa6324d,расточка коленвала,41050b5cf9c809b5,1,1,True,1.8137919902801514
unseen_text,e6a1ebe5dbf2ca5df0844e6e,копщики земли,f11c1a777c0f42bf,3,3,True,0.1848016232252121
unseen_text,e6baea90fb96c96bf59447a7,газификация частного дома,c97bab90e08d3016,1,1,True,2.1582324504852295
unseen_text,e7033ddfaaf232a1b1f1b912,массаж сормово,00423cb942f32df2,1,1,True,10.240804672241211
unseen_text,e75d8d83121381115f49b88d,тренер по фитнесу в зале,d50bdec37a3b20e4,5,5,True,0.6835339069366455
unseen_text,e78b7a9b37c2e4b891aff2a5,помощь в оформлении визы,d9f8071dc8c47516,7,8,True,2.0504117012023926
unseen_text,e79507500a3501bae3a4b21a,монтаж камер видеонаблюдения,917bbeb3c06689c7,4,5,True,0.8895716667175293
unseen_text,e7b1307462c6053b5cee33e0,аренда столов,9dcb08f52ed12868,4,2,False,19.96805191040039
unseen_text,e7cca20e8311d385b9374902,гид экскурсовод экскурсии,83510b2d74a2519c,4,3,True,1.392637014389038
unseen_text,e85cf12a59937b00222ebd99,сайта под ключ,7116db08343e2d49,2,2,True,4.5268964767456055
unseen_text,e8b1cbb48bfd2aaa5c7b9e4a,заказать минивэн,8438d712d8a496af,4,4,True,1.4892334938049316
unseen_text,e9092d5641ed4d7099fb324b,русификация mazda,d2dc3208ead320aa,1,1,True,2.8295280933380127
unseen_text,e9a2e656efa7c73830cf30be,промывка кондиционера автомобиля,374375932de3dbf2,2,2,True,8.136823453241959e-05
unseen_text,e9f1435a49a8170a7798b686,баня на колесах,d8ee555f48e82af9,4,4,True,0.08590253442525864
unseen_text,e9f80d71d45f38b979e45001,шоу мыльных пузырей для детей,a7104a9b8d4e80b9,3,3,True,1.8215441741631366e-05
unseen_text,ea78c383d7c05042ad5b1259,водопроводчик,3e676642c3a40aff,6,8,True,8.585699081420898
unseen_text,eab38f11ae61c773131c0cc2,смм инстаграмм,13aad4d3927e0b06,4,5,True,0.3737698197364807
unseen_text,ead828fe98f2beebd865a9b8,мужская депиляция шугаринг,a3412cd71b356744,6,5,True,12.335165023803711
unseen_text,eb0c238b6fbced82bcd6f882,отдых для двоих,3b02cb88064659b6,131,114,True,19.74480628967285
unseen_text,eb10069257b9b1d827a59ccc,мастер дверей,ef16f6131072a5af,1,1,True,0.054335493594408035
unseen_text,ebd32c715d27403d14945992,модель на шугаринг,73ee80e7d3bab5c8,1,1,True,1.1532416343688965
unseen_text,ebe0e014f067a6ff03a016ea,баня бочка аренда,37a8e0fc1c9d5c3a,2,2,True,0.08590253442525864
unseen_text,ec2b298e79fd568fa20a5d74,фулфилмент для маркетплейсов,a99eb4fe9cfee400,1,1,True,12.383090019226074
unseen_text,ecee1c36b5a0fe756f11c079,акт проверки дымоходов и вентканалов,75b5de3805fa68d1,1,1,True,10.738683700561523
unseen_text,ecfba7b52e72e6d15120e755,выкуп playstation,d8d63879974e9a90,1,1,True,5.3963823318481445
unseen_text,edceb6b5e60cace01545db08,выкуп компьютеров,79826990b2c8dba5,4,5,True,3.558713436126709
unseen_text,ee5f322fa97b8a1f19d6ad7b,штроборез аренда,5f69d017a5ddc2c9,1,1,True,1.9070024490356445
unseen_text,eff5bd417a1476ce2d146a06,упаковка на заказ,bdb78f3b9b04b8a4,1,2,True,8.878801345825195
unseen_text,f0977ff2473534f2b35b7115,сушка натяжных потолков,56e26f448e62b4ae,3,2,True,1.824394702911377
unseen_text,f09ad418b5fa2c49f7c03798,шары на выписку,2ad5fb721071c344,1,1,True,3.7461748123168945
unseen_text,f1be6f85ec7264d02ab36f4d,печать постеров,3a33403377f2c620,1,2,True,1.8197555541992188
unseen_text,f1f37f99ca6897f2f42db44d,сублимационная печать,870f7ee6fa52b874,9,10,False,
unseen_text,f2e1547df1b5cbaab7db4ad1,создание чат ботов в telegram,8e59d09cda83c05e,31,32,True,0.00402893265709281
unseen_text,f392ad13d680282948d59f80,услуги погрузчика,e594252d4c116c48,1,1,True,2.9984443187713623
unseen_text,f3a411c853fa04afb1fb34ab,развозка сотрудников,cbfd86270435160c,1,1,True,11.046573638916016
unseen_text,f3c1a4844518cea4c535ef25,кисон для скважины,6c87d3e62cf60f63,1,1,True,0.01951276883482933
unseen_text,f3d309831f96c4ba8969b1eb,прическа и макияж на дому,805d3e81e37b49be,30,26,True,12.370721817016602
unseen_text,f464a0d187e583fb92dfac3d,ассенизатор,d8837dbd224521a1,103,109,False,
unseen_text,f50abd8095aaaa741f6069f8,переустановка windows на дому,8d63b89e2d0b3218,22,20,True,7.3629655838012695
unseen_text,f5245512e493de11920c7c48,масло отработка куплю,8a705199460647e9,1,1,True,0.9133375883102417
unseen_text,f59bd10781a62a7c814f555f,логотип на шариках,f5a1d9cc251b58ec,3,1,True,7.6681060791015625
unseen_text,f59e62a241f8381534d57134,установка магнитного замка на входную дверь,cdfe28a90c304de4,1,4,False,
unseen_text,f5a72f6a42429ae33a2cb6be,ремонт сколов,bebbb33d25354eb9,1,1,False,
unseen_text,f5ab10663e17a06c132592a3,ремонт монтажных пистолетов,85c088ad41669874,7,7,False,
unseen_text,f5f154fda63a4aac7d8fa697,укладка вечерняя,ec49b53cd39b031d,17,14,True,6.2212347984313965
unseen_text,f5f7e3635f66b3169fcc36c7,ремонт бензо техники,3a20a08c113c6a90,1,1,True,0.6675162315368652
unseen_text,f6f23be40f90d3db6ca14ae5,чистка playstation 5,8b41bd04e0160839,1,1,True,8.686485290527344
unseen_text,f843f91c79368b834fe6ce43,печь для обжига керамики,734a4d74d8db5f6f,1,1,True,8.535935401916504
unseen_text,f8cd1ec40960d18ea939cf22,тренер кс2,af6272ff421b3c61,2,1,True,0.37379443645477295
unseen_text,f95d5b0418babe5294c0636d,аренда миниэкскаватора,fcba90cb41c1b234,1,1,False,34.52921676635742
unseen_text,f99b639be0adcf095aac80a5,дизайнер интерьера,551b7309fdba83db,34,38,True,11.81401538848877
unseen_text,f99b639be0adcf095aac80a5,дизайнер интерьера,abd694bd98436d48,12,9,True,9.161149024963379
unseen_text,fa10ac517e6aaa9b2f9c8dad,фотомодель,2c81e397ff256dc6,32,32,False,454.93389892578125
unseen_text,fa50e97826865518d4f7c24d,вкладыш в ванну,2b565c08121ed94b,8,9,True,14.078163146972656
unseen_text,fa7b7183a06580c20ac93520,ремонт стиральных машин miele,48b78d43a3d778be,29,22,False,
unseen_text,faa2893eb568216756fb95dc,починка дивана,d46e23dba9cfdfac,3,3,True,12.077715873718262
unseen_text,fb39c3c120ec6311c6407132,полировка колец,cfede4862b839710,4,6,True,11.799065589904785
unseen_text,fb6193b1d6d0b391ee350706,юрист призывникам,7be2d318bbc5e0d9,4,5,True,1.1404409408569336
unseen_text,fb833527e3e085e7ae3cc4eb,сварочные работы сантехника и отопление,ecd001c94f1fff93,6,4,True,6.605602264404297
unseen_text,fb8d7ae00fe70fedd2c6cc81,мусорный контейнер химки,5f78d9bb8b4084ad,3,1,True,0.00014900120731908828
unseen_text,fb9648fba3310e96e7ab82a5,оформление участка от государства,b268ef4c580be5fa,1,1,True,6.2030930519104
unseen_text,fba15482fc60ca699ba2e1aa,разбор ветхих домов и построек,e788bf84a3a2644f,6,6,True,1.5778298377990723
unseen_text,fc1c27c6447c00a17d8dfc54,перетяжка руля автомобиля,86d6d95fa85dd9c2,1,1,False,
unseen_text,fc3deae4bba82e7d879ef7c7,боди массаж,e797d48196ebd312,3,5,False,7.610102653503418
unseen_text,fc591cd79ab34a1211b75926,пошив чехлов на диван,bb317ff46a0424be,4,3,True,3.843132495880127
unseen_text,fd1a904522280ccbadafa257,утепление кабины грузового авто,fc70f68c5f6a1039,1,1,True,5.66698694229126
unseen_text,fd41d70ebf7c59b0f6c0899e,аренда автобуса перевозка детей,fbe495f0e0d9f4e8,6,6,True,11.629156112670898
unseen_text,fe6729ed7e2a238d69765409,батут,ee30f3e3b4799044,1,1,True,0.6594741344451904
unseen_text,fe8b3da391331cd7ab9aba77,изделия из оргстекла,2276ccdbb2103f1f,2,1,True,2.1618850231170654
unseen_text,fead1da2b8c91b4bcbeaa4fc,кран манипулятор 10 тонн стрела,ac64850ab9f64daf,5,4,True,8.571946144104004
unseen_text,feebb7374ea4aa5d55c5851a,копка+вручную,e59bfc8d98cd42a6,3,3,True,0.8637251853942871
unseen_text,ff58c4f4273d5d59af3ea6d4,прокат лодок,b485d7f37e861e08,9,12,False,
unseen_text,0031277eb2b7e24cdf5bc369,мини самосвал,d532d4cfc7210cd2,1,2,True,0.002966683590784669
unseen_text,007e2a7c1350cc80e5953abd,поклейка обоев  линолеум,c2e99c77644dcf15,14,11,True,12.020834922790527
unseen_text,00fb4bbd911bbc51a650af07,аренда трактора,79b2589299f4e748,1,1,True,4.509114742279053
unseen_text,01a8f7eb36a10adb507839a0,копка земли культиватором,5da8d8060310dd3a,1,1,True,5.371802806854248
unseen_text,01ce3eebcd62548adbebcf4b,сахарная печать,5e9dc9f47228dafd,1,1,True,20.26681137084961
unseen_text,01d8dbdd36426c860cca66e6,аренда помещения для массажа,6de5518e77406ac5,1,1,False,
unseen_text,01f47e6c9805100109409cfc,оклейка обоев,856dc6f3ac6e1494,4,3,False,
unseen_text,03308d10ce8359cb9c7b8a3e,катер на валаам,7f3f0690fdab835d,1,2,True,0.00012342636182438582
unseen_text,03308d10ce8359cb9c7b8a3e,катер на валаам,f06c264f6189e984,6,5,True,0.563732385635376
unseen_text,033549c0482c42afc073db36,вывоз старой мебели,dd77748b68f0ef3c,7,4,True,0.5908361673355103
unseen_text,038c303045fd7685aa4f0d1f,услуги манипулятора,5f5cf253b9bf419b,11,9,False,38.87333679199219
unseen_text,03da1078d02ae50adde17b6d,стекло на дверь,4e045c9274972a0d,1,1,True,0.5416126251220703
unseen_text,046e9cb9a06fe3d873592bd2,аренда бани,0f5ae5c8a3ebe208,3,3,True,2.058671236038208
unseen_text,046e9cb9a06fe3d873592bd2,аренда бани,ef35b2167889f333,1,1,True,3.2461795806884766
unseen_text,047687aa12de4ca9d249f32b,сайдинг,b7227d3ef775de66,1,1,True,0.0
unseen_text,050dee446310e76e84c72b22,помощь 1с,95460e9c1b3ae7b3,5,5,False,
unseen_text,053ca49e57062b9fb10a151e,продвижение соц сетей,57d8106406bb7d3b,14,12,True,4.192300548311323e-05
unseen_text,0608089af5b82dd46f4180df,вечерние прически,bdecd43431015b93,42,35,True,12.380199432373047
unseen_text,07654cd7da64422caa4ba9c1,возьму попутный груз,c4f5ee324ce709d4,1,1,True,0.7047535181045532
unseen_text,07fbc4b4c8f809aa66967a80,ламинирование бровей,5a1b7b66b58e1dc9,110,111,False,
unseen_text,08340e14593d6b9e601a42bb,оформление загранпаспорта быстро,2b129745be5f0b7f,1,1,True,0.3906497061252594
unseen_text,0840144747f289d016422696,биозавивка волос,9a25f2669ab390ec,1,1,True,5.86111307144165
unseen_text,0878173b5482f00d22e1e1e0,организатор свадьбы,773947bb48e773b9,107,137,False,1165.5770263671875
unseen_text,08d0cb0dde3f229eb4657f00,грузоперевозки фура,3c266f24abf9564f,10,10,True,1.2425777912139893
unseen_text,08daf3a0b3e2413be5c65286,наружная реклама,e56872f8935e505e,2,2,True,0.13504831492900848
unseen_text,08fc317316f06ff9e1b984ce,инструктор по вождению марьино,4cb3f5c61ca822d3,6,7,False,
unseen_text,0992e89333c38dce7fc90622,вывоз старых дверей,a5c71962806a6694,9,6,True,8.256315231323242
unseen_text,09c66d04b07e8e3bff2b3188,покраска авто,2020511cc140be91,3,5,True,6.355359077453613
unseen_text,09c66d04b07e8e3bff2b3188,покраска авто,e3390fac9af84c05,5,3,True,2.6456551551818848
unseen_text,0a2e6fe090dd071da25e379e,поменять смеситель на кухне,a5b9f9a225e5b860,5,4,True,1.150773048400879
unseen_text,0aa14e699035fe521537148f,бокс для взрослых,8711d2d1369875f2,1,1,False,
unseen_text,0b7d9e6417debfa68759c380,замена люстры,6c1fa06dd5ac2c5c,1,1,True,0.0963234230875969
unseen_text,0c19dd0efc341cc6a8f91445,мастер по ремонту пластиковых окон,061fc094936cfc24,6,5,True,0.5415135622024536
unseen_text,0cf4a53115e8e79d28127b77,квартирные переезды,bf228268fe281d47,5,3,True,10.73293399810791
unseen_text,0d327ad78317ec393c99a948,аренла строительного оборудования,7de1cedcf76eea25,6,7,False,127.45570373535156
unseen_text,0d8555b56a47de110132b322,прополка травы уборка участка,22bd2d37b9868ecd,7,7,True,2.314573049545288
unseen_text,0dae01ab27182f194951f790,перетяжка мебели,175230764b8b42e6,2,1,False,
unseen_text,0e677dda6a2c51db61194eda,замок дверной,171fed189d57bb09,2,1,True,4.230411052703857
unseen_text,0e9a7c7156447e40391a6a26,планировочное решение,ee80f10b59253290,1,1,True,1.2374331951141357
unseen_text,0ea7732a438b8800d35f33ce,доставка казахстан,a7e233780d7980ec,7,4,True,0.33849236369132996
unseen_text,0fb1f51cfdcc97140f25fedb,обивка дверей,611c2c0aa1895322,1,1,False,
unseen_text,0fb5931800a61d8f21b3c12a,косить траву,24a5329bf1f3ae50,3,3,True,3.0676112174987793
unseen_text,10614be754727a0751028d00,ремонт айфона недорого,31fa9322e1690061,26,24,True,1.5818963050842285
unseen_text,10614be754727a0751028d00,ремонт айфона недорого,a1954228f2010a40,19,20,True,1.6496994495391846
unseen_text,111ba2437f62de53b8ca0b6c,доставка дивана,9a3dc564cb2a7bde,44,55,True,11.244997024536133
unseen_text,1126bdb4965876c8dbe8df99,литье из мельхиора,18c4de721f30b8d5,2,1,False,
unseen_text,119e8e5a524faa68bfb8e1dd,подшить одежду,8e002f7d3519908d,3,3,True,6.3582444190979
unseen_text,11e4831c9dfa5e0b33f2e410,устранить засор,f25ec3f4294d08b0,36,28,False,14.032407760620117
unseen_text,12b97ad16c8b0c75d6440735,услуги парикмахера плетение кос,97940bee2e7a830d,1,8,False,
unseen_text,1381384298f6dfb349e8b60d,установить входную дверь,8cd954f7e4175c3c,26,21,True,7.941647529602051
unseen_text,153e5110bf8e754769bc1ad3,ремонт гаража под ключ,7f0e8988e630aecb,3,4,False,18.047664642333984
unseen_text,15ad116956e19ea722cb5bb5,свадебный рилс мейкер,282a3506dd0e362b,1,1,True,4.6576642990112305
unseen_text,163f454f7f2a30104ca7cfca,ии мульт,ac322881d425785c,1,1,True,0.37379443645477295
unseen_text,16572144172a16d1daea1301,покраска волос,fb2481030c44e4d1,10,9,True,3.7365102767944336
unseen_text,166cfe641ccb69122a186022,установка котлов,0dff5797dd655634,14,16,True,0.0032100279349833727
unseen_text,16fc9886a058bb5724951fe3,поклейка обоев,a03fb4dfa7effe3c,8,9,True,2.1955020427703857
unseen_text,17edcf965bcc55ce2d928f16,монтаж забора,d6161215ffaba51b,4,4,False,21.608333587646484
unseen_text,18207f4a05abedbc6bce8369,бармен на свадьбу,d2981d92472c09f8,14,15,True,0.3737698197364807
unseen_text,18d04e36ccef6c191f685749,сборка шкафа купе,3c93adb422c4e6ac,262,179,False,
unseen_text,192e90a7c4d812cc4a70183d,теплый бассейн аренда,e595d17bc6edfe6a,44,38,True,2.9298741817474365
unseen_text,196344af794c3a46143f9a8e,перевозки межгород такси,84048871f5bc2acc,2,3,True,0.0002735705056693405
unseen_text,19b954aa8a7f0f203fb82cd3,монтаж межкомнатных дверей,672d9a19cee1ba3d,3,2,True,1.8020079135894775
unseen_text,1a0e2eb771da5bee98083e29,отдых в домике,e595d17bc6edfe6a,34,32,True,2.9298741817474365
unseen_text,1a623b477b171a26f4977086,покраска автомобиля,2020511cc140be91,7,4,False,
unseen_text,1a7ada21a598dc7a8b496ee3,приемка квартир по реновации,cd265e307940c33a,2,3,False,
unseen_text,1b3a40e79de26644e877c4d7,ремонт паркетной доски,2438ac9f2369f950,7,7,True,13.316994667053223
unseen_text,1b46e5a40ab4ccc508f67c89,замена стекла iphone 13,f5afe9a20940a4f3,1,4,True,1.3890161514282227
unseen_text,1b7092fc1c50a8caf01f67c7,дрель алмазная аренда,af7be3799e03ed4e,6,7,True,13.553661346435547
unseen_text,1b772eff974cbf08e33b9f7f,репетитор по английскому языку станкевич,e1d9d6eb2ff6b4ed,173,250,True,4.192300548311323e-05
unseen_text,1b7df87e82cda8ed236ff14b,печать фотополимерной смолой,090a11109f0c7641,29,21,False,
unseen_text,1ca3dca6c5afbe9739819d93,ремонт электроплит,6558645484ac4018,21,21,False,10.659576416015625
unseen_text,1d89e8968f03e5b15458b7cd,выкуп iphone,d6f1b950d6dda902,2,2,True,1.195188045501709
unseen_text,1de8fffbabb3c847b4619def,место под вендинг,356907011764cd79,0,0,False,
unseen_text,1e17e85406c69f64778ea42d,ремонт тепловизоров,f7f6f385ad156fb3,9,15,True,0.5125997066497803
unseen_text,1f4fb8e80d55fc191e7e0bdb,перепрошить андройд магнитолла,174a18298f665b63,1,1,True,2.937774896621704
unseen_text,1f92d125369d24fb990a6523,нейропсихолог,32ff1802b79cf453,2,2,True,7.094112396240234
unseen_text,1fe2d8716ebd77cdd67e8298,модель на маникюр,11a9248b9a39f736,3,2,True,5.31912088394165
unseen_text,204e9c4d8a995f8159c2080f,скупка катализаторов,86f11d8fffd562fd,2,2,False,82.2271499633789
unseen_text,208cf3bf92710c1d7bcaa73a,репетитор по истории,a7366164a0ef50ac,4,2,True,2.5403826236724854
unseen_text,21c93c59e3afd8bf4c2ee192,прием радиодеталей,44a910d6a4df07b3,4,3,True,6.209987640380859
unseen_text,21eb21fc7c299ccb62dbedc9,подключить саббуфер,798000d687564cda,39,41,True,3.278702735900879
unseen_text,2250aad8906662225d24177b,настилка крыш,8e13e53cc6c379b4,190,189,True,10.912251472473145
unseen_text,2256c2d6f8df30558c65a65b,изготовление очков по рецепту,b1aaa94cccbe9d2b,3,4,True,3.0248913764953613
unseen_text,22f56b4704c39e7b4f31cf8a,ремонт спутниковых антенна,1132c84e3abd2f68,2,2,False,
unseen_text,236f70eadb1446ee210c48d2,звукорежиссер,f43f6b33414e6320,1,1,True,5.563765048980713
unseen_text,24bc5ffae0438226aeaa4553,химчистка матрасов на дому,940e69340cd5fb58,2,2,True,0.09230431914329529
unseen_text,252b810b078dc0036e91d548,шаланда,bc604b5f867c52df,1,2,False,
unseen_text,25814d2f2898f3fe27855df5,саксофонист,fbc84deb59956c1f,2,2,True,1.0944747924804688
unseen_text,25b1cf80dfabaac83d21754e,минводы сантехник,1ecec0bf2ff50812,2,3,True,0.0
unseen_text,25f76b5d0eb7c482c6f19962,сауна с бассейном на сутки,4650c967e88d354d,2,1,False,
unseen_text,2661deb93eebbf87be654086,ремонт lg видеомагнитофонов,a5504d9922cd810e,1,3,True,8.066596984863281
unseen_text,2682ec5c3017294e58ad3506,страховка авто,90b3f8b06894c1b6,1,1,True,1.2425777912139893
unseen_text,275631698d10dc3def270562,механик по швейным машинкам,2c6874be57f55424,4,5,True,7.105948448181152
unseen_text,27ea5ad3f8f3110be91585f4,коворкинг для керамистов,13043503f9d58578,1,1,True,2.9790029525756836
unseen_text,2851084d5d3a428132d1adca,заказ тортов гендер пати,aca6ad11ada802d3,14,13,True,6.033484935760498
unseen_text,28ac2fb93b6dfcb2f0623e17,копать траншеи,1cd342a3ac1856b2,9,8,True,6.11290168762207
unseen_text,28fdf8be8b1ba717a8e5c808,массаж лингамма,a1fc5d26988d9f7e,47,53,True,7.641037940979004
unseen_text,29b3b749ce3ceeb20c871668,выравниваем участок,2fb4c286ad594245,2,3,True,0.01799500547349453
unseen_text,29b58513f39b463c0299d63b,регулировка фасадов мебели,185aa2eab8fd3b01,21,16,True,2.6144351959228516
unseen_text,2ae2b69a79b724f81197dae4,компрессор в аренду,478530879f33d05f,3,1,True,6.102105617523193
unseen_text,2b3cf7e2932e2f3eeb5683ed,кладка шлакоблока,c37a473797426fd0,1,1,False,
unseen_text,2b7c6ee08572e2e42612cf25,репетитор по физике,1176352d05c98f46,4,3,True,6.431193828582764
unseen_text,2b956c364302a5bbc019322a,каркасный гараж,c0a6bff41a71343e,2,1,True,10.341455459594727
unseen_text,2baff7bc08ceb739d0ddd319,репетитор по русскому языку,9ab62a5358f344c1,26,23,True,8.837306022644043
unseen_text,2c07e4e4cc4d95295e55b501,грузоперевозки  златоуст,9304b3610b64fdfe,2,2,True,0.00022991208243183792
unseen_text,2f0a44990bed79b6fa6fbdba,полеровка стекла,9302071f2587cc86,2,1,True,1.535325527191162
unseen_text,2f13427ece4c8452574eef8c,пирсинг укус ангела,b140891dcc2cbee2,1,1,False,
unseen_text,2f5b5cd6f6756b96e66cbf9f,шпаклевка стен под покраску,c0b877a99406f19b,2,1,True,14.45408821105957
unseen_text,301adad875c1622fb6630b29,крыша,25f5a442a62ef1c3,2,2,True,0.5183968544006348
unseen_text,314515771f749666f0c596d6,ремонт камеры айфон,0955f9e35c4abd33,14,11,True,1.5891668796539307
unseen_text,3238d77c607c3a1f92908929,почасовая аренда,a68158227ce5866c,27,24,True,3.633702278137207
unseen_text,323d960b25563d5ed896dc97,маникюр наращивание,efe2bd9e341eb431,2,4,True,5.284915447235107
unseen_text,3292f4e71bc9ed4ea7ee305b,скупка айфонов,6a31fb609b86dc60,1,2,True,0.6533153057098389
unseen_text,32b8c16ce570ae2d8dd6062a,ремонт мягкой кровли крыши гаража,7e956c56b3ce4074,3,2,False,383.6977233886719
unseen_text,32e40d3e4df4a2ef16c54f18,прокат отбойника,895e672d1fc45158,1,1,True,1.9414126873016357
unseen_text,340205e8d49b0e6a2e726ee2,штукатурные работы,6051fbb57ecc6506,12,12,True,5.716870307922363
unseen_text,34066d11adef7a656a16cacb,тренер по фигурному катанию,31898b59720a796e,4,4,True,5.706977367401123
unseen_text,34298390353e0dec83eb775f,выкуп товарных остатков одежды,fa697e607f73160e,34,30,False,1416.0855712890625
unseen_text,353f7d9b267b8c9b1333f44c,бетонная стяжка,89638a6920924f76,5,2,True,12.92829418182373
unseen_text,3542fa5b203897d8eefa5208,заброска на толбачик,ae664674261f9bf2,43,45,False,
unseen_text,354c685ccf949577758b69a1,уроки гитары,a6bf5faf4c8360da,1,1,True,1.2418849468231201
unseen_text,35e549ccc0c0d893f7e0d6c4,перенос газовой колонки,88b9188ed38dd6b0,1,2,True,2.0496222972869873
unseen_text,35e5fb6e90d37e3f28fcb80e,аренда контейнер 8 м3,d748553d0456a4ea,39,38,True,10.873576164245605
unseen_text,36401657f731a34db8f1f5b6,аренда машины 7 мест,6d652e4014897ce4,55,42,False,
unseen_text,3646f548fb036eae7b02197b,трансфер до москвы,51a5ebfc0e937704,1,1,True,0.00020459866209421307
unseen_text,37003b39d43794252b3a789c,охраняемая автостоянка,9fdf3824a9218fe8,1,1,True,3.110670566558838
unseen_text,37096c91b4545b3ed3ed2888,швейный цех,1b28791ee196ce17,10,11,True,16.980480194091797
unseen_text,372b97e2c893a728ba2e63ca,газель 6метров,4f19ffb1def34fae,6,4,True,1.4892334938049316
unseen_text,378222415a6d15b5d3a99272,увеличение губ корея,93ae1c71d8e6ae5e,1,2,True,1.047037124633789
unseen_text,378b2fc4b286b79042835cea,перекопка мотоблоком,136b5b451b89a626,1,1,True,3.335005760192871
unseen_text,37e1f3f9ae2784ff3b2de25e,кризисный психолог,4114792a267cc7a1,8,9,True,0.27463164925575256
unseen_text,3876a235e314d298ba17fc09,ландшафтный дизайнер,9682a800e9d94dad,14,15,False,
unseen_text,38d40808904ed019a44f53cd,разборка мебели,593e9fb4e5529400,2,1,True,13.261905670166016
unseen_text,390c49136878a3e28b2cd6b6,врезать замок на межкомнатную дверь,8ecc36aa20c47480,13,8,True,14.18149185180664
unseen_text,39da8922090dd847ab07ebab,аренда авто для поездки в крым,58c64070a917f292,19,22,True,1.4892334938049316
unseen_text,3a5efc985d357dfca9a6199e,ремонт боковых порезов,4a7ffd15a8d16502,1,1,True,6.435605049133301
unseen_text,3acfa3ff7900fdae08228c60,обучение на бровиста,3f74a3b042bf35f2,3,2,True,6.7371039390563965
unseen_text,3b313d152dba652de9e5ce5e,кудрявая стрижка,db5a8d8330e4a326,4,3,True,0.9876984357833862
unseen_text,3b44875add1dba2df9f6bccf,прочистка канализации кротом,71f280b8b36e693d,6,7,True,4.566890239715576
unseen_text,3c16dae5849ce732330bdf7d,грузоперевозки газель по городу,0bbd443b651fff83,10,10,True,5.7222723960876465
unseen_text,3c16dae5849ce732330bdf7d,грузоперевозки газель по городу,784159b854440e0b,17,14,True,2.318185329437256
unseen_text,3dc8e4343ed29f97ab8a0e9a,видовой лофт,230d8cd244ed2b79,2,2,True,6.741412162780762
unseen_text,3f22b72be262acd67ea41e7a,подсобный рабочий,5d2431b981e8b8bd,1,1,True,1.7102649211883545
unseen_text,3f5ef997427bc89f75baa6dc,психолог дпдг,af47306efbeb81a1,3,4,True,2.462512493133545
unseen_text,3f87f383e226d2c2eb8a7661,ремонт лоджии,3a46e09255f19bf9,2,2,True,2.27114200592041
unseen_text,40736289b6f2dc43a2eb138f,ремонт платы эгур opel,82e27a2a1d2f73e8,20,20,True,5.241072654724121
unseen_text,40787c9f4c60e52fe0f7742a,абесинская скважина,045e987dfcc61849,3,1,True,11.478475570678711
unseen_text,40be65aca1f69c83d8252364,свадебные бутылки,9a6f64b41bb4166d,1,1,False,
unseen_text,41fa41270e8a61399f44a27e,установка межкомнатной двери,e171a226c6fd45df,3,1,True,0.0
unseen_text,420d6ffef51aa5a733d6ce5a,мотоинструктор,5185d604c391cf99,1,1,True,4.757113933563232
unseen_text,4214561933330d2bce4e5a70,покрас дисков,e797e4f357244ba0,2,2,True,5.25867223739624
unseen_text,4257c4c305356302f71d6c3a,каменщик частник,4ab3b8728f6b1c88,6,9,False,31.318462371826172
unseen_text,428e1e6e21620d15d16d317e,геология,79e430db51556046,12,12,True,2.393941879272461
unseen_text,435f17b801b5e9fee888c36f,реставрация ручек колясок,93c96fb89cc60a32,8,8,False,
unseen_text,439cb3afeecb95964c01378e,ремонт советских магнитол,63bd53aee0ff400e,2,1,True,1.7095084190368652
unseen_text,43cd5ae2ee47fb6dd5bc6e35,аренда авто суточно,e620a8735a75023b,1,1,True,4.435033321380615
unseen_text,442c3650ff3082178e62cc78,аренда для парикмахера,51f653a18e95929a,1,1,True,1.906843662261963
unseen_text,452adee9b2bad06849601cff,аренда плазмореза,74d7d90fccbc54eb,23,37,True,9.26185131072998
unseen_text,4537135d415fb5d3229a8fa6,печать а3,316af7913edd7d0b,8,8,True,3.113956928253174
unseen_text,45c668e69ad42efc505cad2d,аренда катера без капитана,74b41deef69d03ba,38,41,True,12.658251762390137
unseen_text,45d21a7bddfefee75fc78bd4,лестница,a28bc3354f4cdcd5,1,1,True,11.882229804992676
unseen_text,45dbfc3d1bd4dd7ef630fb71,экскаватор,43388fa0946f2d32,8,5,True,30.419574737548828
unseen_text,46c1fe6c82fd8c15f5fadba3,ремонт гидроциклов,783d234978c6b917,2,2,True,4.208250045776367
unseen_text,47d9cccbd3e3cf82270ac6b4,репетитор по английскому языку на дому для ребенка,6e6597e8d14ced2f,3,2,True,0.23319052159786224
unseen_text,4810a8fe0b27743af5fe8d33,экскурсии на квадроциклах,e0a653eb71c63da1,1,1,True,0.31654804944992065
unseen_text,488cd2a61fd0a3eaa3f48f20,нанесение логотипа на одежду и спецодежду,80a845b47de284b0,10,7,False,
unseen_text,48a1364dd08c79286401a11d,шлифовальная машина,68462d89ad61dc72,1,1,True,12.48527717590332
unseen_text,48cc4e571032a67c6579c5c2,бенто торты,8a5da42f0c77a0f3,6,3,True,4.686697959899902
unseen_text,48e46af9e98879037b2e1197,выполнение студенческих работ,9bbb14abf99d107d,1,1,False,
unseen_text,49dc105e806f0c7d16d3edd5,откачка септика,19259d6059b1fba9,1,1,True,0.00018841482233256102
unseen_text,4a5d75b6828d425f8c028ec2,аренда домика в лесу,171ea214e669e468,9,12,True,10.864505767822266
unseen_text,4ab3d6b8e1e10981dd959374,специалист честный знак,82f6a3e13d98fcda,34,29,False,
unseen_text,4abd0e9367008a120057d4f7,аренда минивена,210816d22274caec,9,10,True,1.284531831741333
unseen_text,4afae65352550cfadfad6f4c,дробилка веток,ae6bec8e93641d0a,1,1,False,
unseen_text,4cc0b9d9f553825f510c16e7,татуировки,a344e15fcf5411b8,1,1,True,1.5946836471557617
unseen_text,4d1770d7a2487b010f6673c8,манипулятор москва,6f43cbc9e1d77fa1,45,40,True,13.659972190856934
unseen_text,4d8fb790e67d211d95670898,геология участка,2044722c527d8d54,1,1,True,3.9874134063720703
unseen_text,4d9eb2d0705f48efcc829591,проведение праздников,c41f4d5345afb43b,3,2,True,0.16437660157680511
unseen_text,4e44a959fbff8e6ea2fbf10b,ремонт лобового стекла,7aa3e2a92fdfeba6,1,1,True,1.4031884670257568
unseen_text,4ec2b05293a171552282b62d,домик с чаном,0b7e10dc0a1c18f4,2,2,True,10.598248481750488
unseen_text,4f1bee9b9d63c5eff8d23da6,дипломная работа оформление,0b39dc8108ca6ca3,500,552,False,
unseen_text,4f4cc87c5c118e6e8ebab2ee,лофт для свадьбы,41774d8bfaa8cfdb,85,79,False,
unseen_text,4f8a33bce5bd04016df0f119,дым машина,ac236d1b4bcbc157,2,1,False,
unseen_text,4fdf448ddff1e56a662d25bc,ремонт сушильных ремонт стиральных машин,dff25b18183772b4,4,3,False,
unseen_text,504d131fc4cc771a124a914a,ремонт алюминиевых окон,ae02cb5db20e37e7,1,9,True,9.772542953491211
unseen_text,5056ba30cee54054d63fff5c,ремонт обуви и одежды,4d33f75168046243,39,34,False,
unseen_text,507b1b46548515fb318540a4,заливка бетонных дорожек,68f07fb77c237cc3,21,24,True,1.3679285049438477
unseen_text,50b6c21268c2095abe7f7765,wenbox u5 аренда,bb774af226040363,3,3,True,4.499551296234131
unseen_text,512f26f0353967dd016d3e4e,пошив одежды на заказ,9e4044e3adf208b0,2,2,True,0.3039471209049225
unseen_text,51336034d942b8da81a103e1,автоэлектрик газели,600517edf5b73813,4,3,True,17.342748641967773
unseen_text,51ffea88e67ee4d605d18019,шпаклевка потолка,8573dda80d0f51c3,15,18,True,14.313356399536133
unseen_text,52cebcd5faf0b41266f23f81,электрики,eb399ce428322f33,13,13,True,2.5831785202026367
unseen_text,5395a6fa348093695e8e6500,аренда беседки с бассейном,72d9a003eb8398fc,1,1,True,7.260390281677246
unseen_text,5448140e1f355dca8087c242,организация гендер пати,caf5cc6253566034,1,1,True,4.228694915771484
unseen_text,5507aee9ebee257eca2b3930,аниматор для взрослых,ec43e2d6a7f08cd4,3,4,False,14.354686737060547
unseen_text,5840bcc763f3d831f59e524e,ремонт газовых колонок bosch,23a31e0a839c368e,2,1,True,0.32921817898750305
unseen_text,589c6a0cfe2d3188d421d3d1,установка кондиционеров монтаж сплит систем,5e54c593a1f5a193,14,13,True,1.3679554462432861
unseen_text,59562d0890903aa78e07d27e,поклейка обоев недорого,57302e87b84d21ea,1,1,True,9.66242504119873
unseen_text,597ac35e4d38b88377078d64,салон тайского массажа,d70e5caa0467e35c,1,1,True,15.951560974121094
unseen_text,5b004b8aa7dced20df0651b9,лофт комната,1e0a2c2914a2e33f,4,3,True,1.8337345123291016
unseen_text,5b7d45a2a1697d9f95ba0a10,чистка мебели и ковров,bb4c9f4626c7b9b0,44,45,True,24.981420516967773
unseen_text,5d368a0cdd43de96ca65b527,замена масла,e581a3b1375c5f3a,1,1,True,1.2475762367248535
unseen_text,5d92af324dbc4b00e539b8da,ремонт гидроциклов brp,25f1bf1818a9dba0,1,1,True,5.6180243492126465
unseen_text,5da52808656800f6c577acbe,листогиб,3bd7472d3463aa6b,3,3,True,6.261901378631592
unseen_text,5daf5cf8d294d4cf8fbf4762,помощница по огороду,98f6c10e2933496f,1,1,True,4.876005172729492
unseen_text,5de1c48b771669062d02cf21,юрист по земельным вопросам,e52a8f0b18af7302,2,2,True,1.6824636459350586
unseen_text,5e7054cd17f55a468bb4926c,поздравления ростовые куклы,03ca90c47692a836,7,4,True,1.2231271266937256
unseen_text,5ffe989266c59ee0ad93e13a,отменить проценты по кредитке,964aad7a45af8b3c,1,1,True,1.746901273727417
unseen_text,60dba8392c41a0800e3e4be3,ремонт кухни,1ba815df1e005b38,75,82,True,6.691257953643799
unseen_text,6123bf0e587c498bf3701ff9,джиппинг,9642c5382451fb62,5,4,True,49.206817626953125
unseen_text,61d0fe01e52f6992e4bc99f7,перезарядка огнетушителей,105712734e4873a6,1,1,True,1.5362935066223145
unseen_text,6220819008c4b9dfc33cb34d,газель аренда,18090644cbd15f73,2,2,True,1.3679285049438477
unseen_text,6293390d2ded600b469e6532,услуги айтишника,74cf2b646e550a51,1,1,True,0.0001363080518785864
unseen_text,63134a7453a9b3ed202abe11,скупка тсд,425b3e95936cfefb,1,2,True,12.964441299438477
unseen_text,63d4532a2830296bfaa01475,бригада плотников,d9ea10c88fdc5bd8,3,3,True,1.6048583984375
unseen_text,6419829c1ad058597462cb2c,монтаж водостоков,4615dba6e01a037f,4,4,True,0.6701428890228271
unseen_text,6432dc96446fd397987dbf7e,эвакуатор автомобиля,d905469b8d6e47c7,3,3,True,8.76761245727539
unseen_text,64ef4deb1903bcba1d25deed,биоревитализация лица,66ed0d2fd1ce8bcc,2,1,True,4.180734157562256
unseen_text,6521a5b20c0ee42cd665125f,услуги электрика выезд на дом,bdc13ce04d820734,2,2,True,13.870923042297363
unseen_text,65604959086c01407c36976e,ремонт техники,b419c7c846e29155,3,3,True,1.5547511577606201
unseen_text,659c2c6eede108c70e7e779d,аренда дом прицепа,83904530056bcc01,1,1,False,
unseen_text,65f4f862d5f2e8ab1b061951,аренда экскаватора с гидромолотом,f8c2d32e6c838732,1,1,True,0.3005583882331848
unseen_text,667ab39c4978385df322797c,ремонт электроскутеров,7986707534e0b4fd,20,14,True,0.5768487453460693
unseen_text,668d9c8bb347b70a521d04f6,внж киргизии,8d7311a286ae0923,41,54,True,4.192300548311323e-05
unseen_text,66a6596b7a1c16c700874136,ремонт ванной комнаты,bccb37f6eccbb661,1,1,True,0.11380456387996674
unseen_text,66b18dc8cfe6632d5c8e6c21,прием черного металла,96cb9902930679dd,5,4,True,5.890203952789307
unseen_text,66fd35f4bd05f9a46993667c,накрутка подписчиков в вк,71ab7dd824ea7d4b,36,27,False,
unseen_text,66fd35f4bd05f9a46993667c,накрутка подписчиков в вк,a05349c83bff991f,4,1,False,
unseen_text,6758d6f7394ccf8173e3b7bb,аренда инстументов,c5534e28769de862,20,18,True,11.154120445251465
unseen_text,681482b90f2427ffb0f61c06,фасадчики,bad1d10aecb05bca,3,3,True,4.894599914550781
unseen_text,68220541e8ca0fd12d25ba28,краскопульт в аренду,f61c1ddc58c85b9c,6,6,True,6.4936747550964355
unseen_text,6878e219ab9549962fdcd6d7,трансфер из владикавказа в тбилиси,6fc4db453f873556,12,7,True,2.8823843002319336
unseen_text,6888961316d8cf1ed97e615a,окрашивание волос выход из черного,94c1b560fb11f757,1,2,True,2.192267656326294
unseen_text,68899fc07682a6257739d7e5,покраска дома,f6ae8b3c8c2c72c8,629,136,True,6.793361080781324e-06
unseen_text,692e4d469c1bd3003e728b16,прием лома самовывоз,3d738d736ce1d103,1,1,True,4.7592387199401855
unseen_text,6a8fe2518253a85c51e64dcf,ремонт посудамоечной машины,3fd9d87a3c31d538,1,4,True,6.821543216705322
unseen_text,6b0ed75d74f6ca8fa9783d8d,строители,10025e6c5f56007a,3,1,True,0.05708303302526474
unseen_text,6b846a72925e7838dd8bee11,аренда манекенов,610f5f9851d33400,40,9,True,17.602638244628906
unseen_text,6b95fb0e1c8e87dc8de81733,арендовать canon g7x mark iii,c6bddb8500204a32,1,1,True,0.5416126251220703
unseen_text,6bbd408588661801bb3cfcad,трансфер анапа,05dd78ca30f31032,9,7,True,1.006420612335205
unseen_text,6bcb380f9a14882c1ee9721f,оплата зарубежных сервисов,ad84470608d042ff,36,35,False,7105.30859375
unseen_text,6d1337234c0e7aabd9c9b679,поверка счетчиков воды без снятия,a067814f3d89d9a8,1,1,True,3.638935089111328
unseen_text,6d3d6ba42059acd77fddde2a,аренда микроавтобуса без водителя,b1354d4bfa43be1c,1,1,True,4.236762523651123
unseen_text,6daca5d85535968c24cdad96,аренда автомобиля на свадьбу,25eae93ff95cb70b,4,2,True,2.781114339828491
unseen_text,6db167d65a1bcb7220373e08,такси парк,2faa4d20b2f25627,1,1,True,0.8823462724685669
unseen_text,6de661c154b1b6cd9c5d7749,скупка магнитофонов ссср,9b997b80a1ec5c44,2,2,True,5.888956546783447
unseen_text,6e810b5dd3075cff439da6cf,помощь в выборе авто,20b6849aa28b21fb,1,1,True,0.5523015260696411
unseen_text,6ec2bf72d36d8963ecef67a7,обтяжка салона автомобиля,4072825f540e12bf,1,1,True,2.9862074851989746
unseen_text,6edb665cf9438b5cdd4514dd,лекции от руки,6436a77d53cfd6f7,2,2,False,34.53253173828125
unseen_text,6f295518438f288e2f23733a,ростовые куклы в аренду,11e53bdaf7ba474f,2,2,True,1.1987359523773193
unseen_text,6f82c3894c62310561e9be5f,программист телефонов,12a919adb0ed896e,1,1,True,0.41784030199050903
unseen_text,6fb9750500b076ce57ae9741,ремонт nintendo switch,374817f2830c0436,2,2,True,6.334471225738525
unseen_text,6fdf356b7c1685d7908de642,обучение плаванию взрослых,2a66fc078f29b115,2,1,True,7.720057487487793
unseen_text,70296251b8cb9812f8c1e8f5,ремонт радиаторов автомобиля,7fd04e317e235c89,1,1,True,6.922680377960205
unseen_text,7045c1a39bd28212e3815ff9,выврз мусора,8c38e6632ccaa3cf,81,84,False,12.171889305114746
unseen_text,707f0677be75b820e194272a,грузотакси ларгус,b88fed4cab0767d9,3,3,True,4.617384910583496
unseen_text,708f5c9eb3724358158d21ea,домашние полуфабрикаты,bcf93b132878f55b,1,1,False,
unseen_text,70b0b36d24611ceb12e565f3,экскурсии,8f9e1a234b081528,352,239,False,
unseen_text,70fdadfb85187e928f14f7c6,собеседник на час,d35d01c0e1552f25,2,2,True,11.284217834472656
unseen_text,71fdbc3b6cfb66d0e2e1d6c1,оплата visa,ad84470608d042ff,3,2,False,
unseen_text,7223011a36a8206487bbe265,уроки скрипки,267dd29ee16dbb3c,1,1,True,2.7321510314941406
unseen_text,7249e6bf9c570ed84eb64238,печать фотографий,871a7d1bd509cf33,1,1,True,1.3835346698760986
unseen_text,728ff48bb1768c9cb54c42bf,стрижка собак кокер спаниель,0961b56fd8471782,33,31,True,16.831745147705078
unseen_text,73c188804a68fe41ffc26a06,печать самоклеющихся этикеток,d72dde44b3047221,12,13,True,5.727906703948975
unseen_text,73cc47a6ed89585f39021f9d,чистка вентиляции от жира,69be74179c7c2320,2,2,True,0.0
unseen_text,73d134c121ebdf261658bdd8,выжигание по дереву,ac03c31966e05f6f,2,2,True,15.45907211303711
unseen_text,7435d2b65cb0eb0467e95ef2,ботокс подмышки,c49e277e678b81ad,7,6,True,1.3611035346984863
unseen_text,74a3639ca0a4330f2454f9dd,ремонт кожаных курток,48060a7d93750c21,2,2,True,3.907261371612549
unseen_text,74b28eb1f5264e5b3b9445e4,кредит с просрочками,fe034079ac790c23,3,3,True,0.8895716667175293
unseen_text,750d00aca39100d1b9a4367f,эпиляция воском,0de385d905228800,1,1,True,3.325181484222412
unseen_text,7596d7279d4844fef3e3e1d6,такелажники,5152f88bae0a4c39,2,4,True,20.46582794189453
unseen_text,75cd27fd432f8a1de4948fbb,замена откосов и подоконников ремонт окон,bf3d899c5aa53501,3,3,True,2.2148022651672363
unseen_text,75df458bda7eef0b48fc962c,печать на акриле,fdc2a3edeac4b5e0,188,116,True,11.105273246765137
unseen_text,762f8394d1defc6ebe058d95,ремонт ванн,21e410daf8ebe9fc,2,3,True,0.0006246793200261891
unseen_text,7687b728ba6a80d678fdff6e,рыбалка с гидом,574dbcc2878706e9,7,6,True,0.7035998106002808
unseen_text,7687b728ba6a80d678fdff6e,рыбалка с гидом,6fab9d0b090a514c,2,2,True,5.31458854675293
unseen_text,76d4b898c7909231d454ebd8,электрик проводка,bacb0dc5a6412867,6,6,True,3.316826343536377
unseen_text,76db371b5c2990a6c20110d6,уроки кройки и шитья,68597e05b7d79291,5,4,True,16.6888427734375
unseen_text,77063dc3e613e4464f7a91e1,шпонирование мдф,95b7d29dfa55a0db,1,1,False,
unseen_text,77bc69554278c09ff5353c31,реставратор паркета,f53f2484d6ffc022,106,53,True,13.533310890197754
unseen_text,77c23cac78a337d183672864,мойка радиаторов авто,92ec70975674218a,1,1,True,4.509335517883301
unseen_text,798698804ac19fdae73b54c6,перепрошивка iphone,136a8889d590c423,60,49,True,9.80600643157959
unseen_text,79ca5de4a3cd7874f6a6b097,аренда майбах 223 с водителем,034dc4e6a0de12a7,7,4,True,1.1918916702270508
unseen_text,7a125cd14778785e36fa3836,смм специалист детейлинг,f3c565af0e097d97,7,9,True,4.192300548311323e-05
unseen_text,7a27b93f6c4f1127395104e1,барельеф,c9b262d341c3983e,1,1,True,0.00020409842545632273
unseen_text,7a3d2ad0875f4dbf035c1fc6,калитка,f8a5223e33009c2d,1,1,True,3.5417089462280273
unseen_text,7a7a573d82c260b1c5118dae,авто грузоперевозки,c79b9c1ff27377c5,1,1,True,1.1281065940856934
unseen_text,7c124502d90fdb3164d8d594,чпу металл,e6a1a03334922ce9,10,11,True,2.430474042892456
unseen_text,7c247fa45c43e1102771aa77,изготовление визиток,8f943b49b1422f4b,80,91,True,2.078383207321167
unseen_text,7cd32839a05448e6f8341b91,медитация,4aeff1e13e505eac,1,1,True,5.804876327514648
unseen_text,7d9c5b29600e43ce60bcc3d1,установка газовых котлов,8f518e2a36ad2a25,2,1,True,6.55272912979126
unseen_text,7da80875a3b9a579d11d47fc,скрипач на час,f3a6b854ccd4732a,4,4,True,4.255970001220703
unseen_text,7e6dc173071ac61bf051397e,столярные изделия на заказ,fc4be03841336b94,1,1,True,0.4520728886127472
unseen_text,7e7004937e5b421459aa33c9,компьютерная диагностика мерседес,ea961967e724e449,1,1,True,10.98582649230957
unseen_text,7ecd2361ff923e5a4716cead,вывоз мусора контейнером 8 м3,234a44a821243582,8,8,True,3.9347496032714844
unseen_text,7f6e2e9771987b43dd08f3f8,убрать плесень,8a42b37d6ee5c04d,8,5,True,9.021724700927734
unseen_text,7f7f971c61fbd20802718b0f,плиточник укладка плитки на кухне,6c1f63f1d22d6c74,1,1,True,0.11579950153827667
unseen_text,7fbd8a937689ebe86d84d144,фотостудия,f0fdca1ac898b60b,14,14,False,
unseen_text,7fef379c55938b574fc1cb0b,замена дисплея iphone 16 pro,3f163d85272b91fa,1,1,True,6.022586345672607
unseen_text,804842742ba5d58603e34c08,почасовая аренда кушетки,1c751494828fca05,1,1,True,0.5905479192733765
unseen_text,80eb034997e4e04f296bc09d,дренажный насос аренда,47749df836df6e15,1,1,False,
unseen_text,80f6690e6c74641275740aa5,выкуп складских остатков,3c21b930883b2b4a,21,12,False,23.071041107177734
unseen_text,80f6690e6c74641275740aa5,выкуп складских остатков,c4a6a8d9669bd0fb,2,4,True,0.24773286283016205
unseen_text,8163596fff988afc2ce74bea,ремонт кожаной мебели,b4145acb586b8e53,29,26,True,0.9132468700408936
unseen_text,81c2d40647100362bad53098,грузотакси,66b4ab8366d45775,10,10,False,
unseen_text,81e441a6dd59939aa4d5b43d,сброс apple id,d550ad1a6d051975,1,1,True,0.14109092950820923
unseen_text,8237cefba9565e531fd6da58,компьютерная диагностика vag audi volkswagen skoda,64234bdf9afb6057,1,1,True,4.1050801277160645
unseen_text,8250b98144bbb0ffbab361b1,скупка объективов,9b997b80a1ec5c44,2,4,True,5.888956546783447
unseen_text,82b12f0d5fee36c69b5d3a98,ремонт bmw,11aef494fbcddb3a,1,1,False,
unseen_text,833e9f3f59142596ded99b62,проточка тормозных дисков,be7756979fb882ab,2,1,True,8.25420093536377
unseen_text,83878034cbc3019c4bffe163,ростелеком подключение,624b3529358dddca,1,1,True,0.003246941603720188
unseen_text,83941acfe8ef5cad06bc132c,укладка ламината на балконе,c89603c02ff2ee35,1,1,True,6.437592506408691
unseen_text,83a076b490c0c8d9eab5e186,подшить джинсы,77f20a6b00a98b8b,1,2,True,3.5418787002563477
unseen_text,83f3ac4c15580e4d4000fb17,вспашка земли культиватором,5da8d8060310dd3a,1,1,True,5.371802806854248
unseen_text,845e622d721cb3b25ccd1c8e,выкуп мототехники,280ab199beaa3b22,1,1,True,4.029881954193115
unseen_text,84d8d3c98ddb54b4ac469362,лофт помещение,0b44068ebc97de4c,16,9,False,
unseen_text,8556a36d4cb185c7741cc607,натяжной потолок на балкон,2d308ae6e5669a1c,16,17,True,8.481840133666992
unseen_text,8589a502ed1f2e3d9dfc62f4,электрик нагаево,81fb0c3b56a38d45,2,2,True,3.108184337615967
unseen_text,8639401671faa8a0beb5258b,шумоизоляция,6e69f883432cb3e7,1,1,True,1.0487980842590332
unseen_text,866b8fd61ca7018a79fb9e40,прокат триммера,252da79e9846c3ca,1,1,True,4.106546401977539
unseen_text,86d599a84b0f74f1eec1ab3c,репатриация в израиль,471087c51be7fcf8,1,1,True,0.3737698197364807
unseen_text,87b7a8ce7706040314e9dab0,вывоз резины и утилизация шин,8c799d14e83743da,1,1,True,11.81185245513916
unseen_text,87eb125bb725fdca8a81a7bd,химическая завивка волос,69cdd75a6ce931c1,21,18,True,2.716036319732666
unseen_text,888d899b0fe3ec43d0da5d09,кузовной ремонт авто,2020511cc140be91,1,1,False,
unseen_text,89d0db28711573ae47be8e5f,ремонт роллетов,3396a8d49e1a9eea,1,1,True,1.4894042015075684
unseen_text,8a4a9c7e166463190402229c,определение границ участка,3532f617975c8dfe,1,1,True,3.920804500579834
unseen_text,8a6be56ec329cac155184a68,ремонт двигателя откатных ворот,1cfa94ded0f43910,3,3,False,19.161121368408203
unseen_text,8aad0cb4eab96f1d77286a23,мастер телевизор сзао,a2bbaff57f90a434,66,59,True,14.356550216674805
unseen_text,8ad18d1ceb4a53404855276a,риэлтор по аренде,c6b06b935d25d864,7,6,True,0.5795148611068726
unseen_text,8b1c2d5f072fba210edc9f5e,купить диплом о высшем образовании,71a6f654df2d6439,36,46,True,9.006789332488552e-05
unseen_text,8b93824b559f86d956108c5f,малогабаритные перевозки,1ce955dba32721ff,4,6,True,3.85605525970459
unseen_text,8c180be8c4868d025657e18e,градобойщик,5c4f5b6eeb02cdbb,1,1,False,19.237895965576172
unseen_text,8c19849cff6e08e20f73ad22,ремонт электроники светильники лед,1155f55662d41232,14,11,True,4.3266472816467285
unseen_text,8c9d3a892720605975416786,сиделка на час,ce5c403d5e05af87,16,15,True,2.3734490871429443
unseen_text,8caa87bd62a53f4c9f4dee8a,юрист раздел имущества,25c426420074a76f,110,81,False,
unseen_text,8d81d9daafe58b495c3cac29,трансфер по городу 8 мест,47a39ffca7b84ba7,16,19,True,0.9203968048095703
unseen_text,8de22697e9e3873770cb0b0f,родирование золота,f5a2550198b4b30d,4,4,True,3.0862603187561035
unseen_text,8dffba95cef947043b8a26da,розыгрыш,f2c0897f34cef225,4,3,True,0.43475422263145447
unseen_text,8e1d1b26224c4c4f59747a48,китайский с носителем,64ae2d700e542fb8,7,6,True,0.3737698197364807
unseen_text,8e579f4e252e56e3974c8ea2,учитель по скрипке,7b3d99c0102ef041,1,1,True,2.9032843112945557
unseen_text,8e6ee7bdbce4ba1bc134b6f1,ремонт тв приставок xiaomi,3b046779821b1c21,1,1,True,17.389225006103516
unseen_text,8ebadc2ed0c6212bf256edb3,обучение 3д печати,87f80e5a94f6651c,1,1,True,5.362475872039795
unseen_text,8ede7bd49d6ad0fbb085885f,услуги мини трактора по раскиду земле,6bb1fe126b477756,4,3,True,0.43420812487602234
unseen_text,91951f1ad14e5301b834d0d8,ростовые куклы на праздник,8bf388a141df7e7d,1,1,False,
unseen_text,92193465dbbdb7ce3f7c018c,а фрейм аренда,3e76acd5e8797946,1,1,True,8.10605239868164
unseen_text,922454c130dce555859d27cb,сборка тренажеров,983bbecde2dd544d,10,9,True,3.5683279037475586
unseen_text,9234c1a9010d1b3d84ac23a4,прокат багги,e23857dc31ede2fd,1,1,True,0.1841496229171753
unseen_text,926ef443931274e990ca8637,ремонт дизельных двигателей,c755364c2152387b,3,3,True,5.943752765655518
unseen_text,927c438474abf9b812c4da5a,замена струн на гитаре,618a12a08b1619d4,1,1,True,0.7739681005477905
unseen_text,936754854118ecccda4eed31,банкротство физ лиц,fb7ac0ac972ad7ff,2,2,True,1.5158586502075195
unseen_text,93ce1c30dcecc77d5e12cc61,активация скрытых функций renault,ff3cb5f296696d77,1,1,True,7.016437530517578
unseen_text,944a4d95f2d06bb2e9ed38d8,восстановление резьбы,84b70835e7946ff7,0,0,True,
unseen_text,955b263b7fb8a49a0bdd9689,перетяжка мебели октябрьский район,f029cca7ae65bfa7,2,2,True,4.666628837585449
unseen_text,95e4a2ea90b0b9281319d7cf,чертежи студентам,02347a522a528c7d,2,2,True,0.0
unseen_text,960e62dd43afb950e653f5b0,гараж посуточно,a25980b296239a1e,1,1,False,12.173157691955566
unseen_text,972562a617858bffbc4f336f,снять беседку,230d8cd244ed2b79,1,1,True,6.741412162780762
unseen_text,976bb3fbc8f928929e819f1d,ремонт автостекол,aa49220bfe66b084,2,2,True,5.243724346160889
unseen_text,97a80173d5ef433b40071527,отделка бань,ca501175d3061d60,4,4,True,1.8151977062225342
unseen_text,97c1797fff29d024c1c78c5c,дренаж,b540ce0388452a90,6,2,True,0.0
unseen_text,9914f25c0fff5d73dfd9680d,кинолог с выездом на дом,0449c10a0b3ee803,23,19,True,12.834296226501465
unseen_text,9a73cfbf9389cc9770d9895e,аренда автобуса с водителем 35 мест,81c550b11bbfcd57,1,2,True,4.532598972320557
unseen_text,9b2f00949e7c726d293752c2,вывоз веток с участка,fd0eaa94f9246212,1,1,True,6.801145076751709
unseen_text,9b34abfe7afd2d30b0158360,ремонт xiaomi,d01c4d8c8bb8186b,11,12,True,2.978632926940918
unseen_text,9b78dbba17dc36d523dcb01c,домик для отдыха,391d5097606e05f1,2,2,False,
unseen_text,9b95eac9ee0bbe7ad35a77d0,печать бирок сатин,cb8f8fc96f6f46ac,2,1,True,2.956456422805786
unseen_text,9c7a0ad5a26c4110a3fae1cf,ремонт peugeot citroen,42d4dcfac5cd861b,3,5,True,5.820132732391357
unseen_text,9d1c37b3e1d14a6469d4bb6a,реставрация деревянных дверей,96ab7ab131dcb191,2,2,True,7.506020545959473
unseen_text,9d506a383dcbb2606637f598,аренда отбойника,5e0027bc584e180b,13,10,True,5.090775012969971
unseen_text,9d6b81d907dbde5ddc7b69d6,перевозка людей,eefeb11e9103d8b7,1,1,True,1.4961316585540771
unseen_text,9db4643ea4cff64df08eb8e1,стрижка собак дзержинский,9e33e0af071cda60,38,39,False,
unseen_text,9e0d91914adb605645a358ce,ремонт роботов пылесосов xiaomi,413ff40366b53b18,3,2,True,12.023265838623047
unseen_text,9e45391ad0f3a1eb144ecbfd,скупка серверов,86490ebacf2d008c,3,3,True,9.06995964050293
unseen_text,9ec9361913e8349eca4aad60,триммер в аренду,c21d4c2ff51a6ac7,4,3,True,2.267347812652588
unseen_text,9ecd7f41ab045baf9fde3ac0,токарные работы чпу,8efccec0c0c35f84,114,120,False,
unseen_text,9f02e2ea0452d7fa4401deb0,массаж лечебный шеи,17d7defaec443d2c,2,2,True,1.348475694656372
unseen_text,9f4d5e21e79718d694b7a7d3,открытие дверей квартиры,5e015f1265c20706,2,2,True,5.649335861206055
unseen_text,9fb1f6b6eb70b4bf1f96f96e,модель на наращивание,0ac900a53d558119,11,6,True,12.249134063720703
unseen_text,9fc7d1d6d7c10ede4b585dab,торты на заказ на чапаева,6559b6da8a5dcbc3,29,30,True,2.3321938514709473
unseen_text,9fe863d54e43a371974354a5,надуть шары гелием на дому,946f39baadf31d89,11,7,False,14.538872718811035
unseen_text,a032bfe36152405dfe4c4c72,грузоперевозки москва-чечня,78460317786bf1dd,1,1,False,
unseen_text,a15a1c1c1ab0ddb3bcacf6d1,вскрытие замка,ff31ec7f3329664f,11,10,True,7.682777404785156
unseen_text,a2cb0961ac47b59c48972494,вынос границ участка,d9b4d5f5467354f4,1,1,True,0.0
unseen_text,a32913eadcf0576a47793492,прокат аренда велосипеда,24f5577ce0065b00,2,2,True,12.20433235168457
unseen_text,a3b06ac258151f16d0dcc16e,аренда кемпера,3be6c200303beffc,1,1,True,8.198182106018066
unseen_text,a4e4524efdd57a0f1f8b4a55,трамбовка грунта услуга,4e5a71611acc6c3f,2,2,True,4.949023723602295
unseen_text,a4f8c780b94603df4642e630,ремонт пластиковых окон и дверей,2cc4cfd14034a11b,4,4,True,6.687576770782471
unseen_text,a5fc710ba92856af419c3004,посредник в казахстане,cfcb7da1f3cd7359,4,3,True,1.6465389728546143
unseen_text,a64b0aef1694c1d53a33d9ac,обтяжка пуговиц,13ceef194b250c71,1,1,True,4.369986057281494
unseen_text,a6bbb8079c6443370e9f2de0,обследование дома перед покупкой,9e9ea6cc0d3b9535,35,25,True,14.120970726013184
unseen_text,a6cbc195743b57fc237e4154,козырек на гараж,3c73fe0539e0639b,5,2,True,0.3628425896167755
unseen_text,a73b87c4572a6ca332a9d24f,грумминг,e01de766fd52f15b,14,13,True,9.630095481872559
unseen_text,a779377b2805aeaffce258cf,миграционный юрист рвп внж,c55ccf2f121ec5c0,11,12,False,
unseen_text,a77ca4e12f06f3adf2572f7d,услуги листогиба,ac7cf564cf3ebb00,1,1,True,7.427490234375
unseen_text,a7cfece9548bb28975fd0047,фотограф на свадьбу,030b3bc61948252e,11,11,True,0.37379443645477295
unseen_text,a8f7d8ab5e089fb107ee5abd,ремонт микроволновок,9abfbffb6bf7b303,1,1,False,
unseen_text,a974ba0d572d76e0cf66a664,замена дисплея iphone 11,8be36d7429c59e28,1,1,False,
unseen_text,a97584b365380b501a2bc2d4,скупка картриджей,32e539627bb6383d,4,4,True,5.753310680389404
unseen_text,a9944c9bf1f4c8eeb824db31,скупка и утилизация стиральных машин,796d730bff213607,2,1,True,6.728180885314941
unseen_text,aa58d9905076c3a0982824b4,иньектирование стен,737c9d6c7e1f8a16,1,1,True,1.9870710372924805
unseen_text,aaa2f703d18ea0c92d74ac16,ремонт металлоискателя,3a9118499dd26b6d,2,2,True,0.7616169452667236
unseen_text,aaf9c6341dc2519f9377fef0,волосковый,ab3b2d7ab062d2f4,7,7,True,11.942375183105469
unseen_text,ac7f357ffcd2be8d3fd28091,предсказание будущего,5e9a9fd9a7104033,16,15,True,1.8632254600524902
unseen_text,ac9c47607b695f8aff00ab4a,дрова,500008177c442c6c,3,3,True,8.716490992810577e-05
unseen_text,aca4ab664e1e6d2936c90faf,портниха,98f06aede6a528de,0,0,True,
unseen_text,ace5e07783b733bf33293b39,ремонт электродвигателей,70139b66ef8989b7,1,1,False,45.07213592529297
unseen_text,ae730681cff69a6912ac98e2,онлайн тренер,20447325097c906e,4,2,True,0.17507563531398773
unseen_text,ae9f55f2d12d7c9b7b901bcf,приемщик квартир,3c4fa2791e43d08f,2,2,True,6.409173965454102
unseen_text,aead07d44491ca88acb3a961,саларьево,5b842c23ba216c92,0,0,True,
unseen_text,af603e0fed5e262c48761b9c,клоун на праздник,a0e4774833d023b1,114,143,True,6.509058952331543
unseen_text,afe77d6e6da2995e3feee56a,маляр,3616bd6a105870ab,1,1,True,7.382000923156738
unseen_text,b05d613010e3d1a4a9ffcb54,аренда электровелосипедов с выкупом,b49c30af2fc0065e,6,6,True,2.6145992279052734
unseen_text,b05eeaa34ddd5be33ced4cb7,подписчики инстаграм,89a7f277342f2056,2,3,True,9.006789332488552e-05
unseen_text,b0a2e7ea3596f37913e15840,поздравление от знаменитости,1de2ab3904f9e6ae,5,4,True,5.975242614746094
unseen_text,b1226cec4a3854421bcdab4d,доставка воды,1de8524b08460b04,1,1,True,5.271534442901611
unseen_text,b1876b1e1691809f1381c81f,гид в пекине,f83fedc485af5a3d,26,18,False,
unseen_text,b1911133c5d724dd5e8c6f92,лазерная очистка металла,9e0b4ec544985d8b,2,1,True,5.0623555183410645
unseen_text,b1baf479b20c3becc2d66211,диско лимузин,c1ff6c1718315245,10,7,True,15.731891632080078
unseen_text,b2e97502be080e714a8df2ff,гбо,a8f1d653e640eece,1,1,True,4.200195789337158
unseen_text,b30b944349fb94555a877981,полимолочная кислота,70c217c03761b975,11,11,True,1.5629122257232666
unseen_text,b32fd7fdc7d84d467c425ffe,скупка печатных плат,c767e644d3fb11d5,5,4,True,11.594576835632324
unseen_text,b356df3cb1fb1d6e5de291ea,дизайнерский ремонт под ключ,8fbd565602bcff11,4,2,True,0.4414710998535156
unseen_text,b42dcf41c61330803fe9ffde,замена экрана на iphone 11,1a3b69f5ef8b26a3,4,4,True,1.2233834266662598
unseen_text,b6007cd857716af804d331f1,аренда летней беседки,f8299dcbe1d65b23,1,1,True,7.427518844604492
unseen_text,b6d18209030df85c72ec5c31,замена накладки входной двери,806f035bf4e5c154,38,41,True,3.5614447593688965
unseen_text,b7254de2a908692409fcf609,грузоперевозки фургон,19bddd8de320eb4a,7,5,True,3.2527270317077637
unseen_text,b78d07c0311bf438c27883ab,выкуп пк,1fad049b969f036a,1,2,True,2.3270375728607178
unseen_text,b7e5590026e54c248229978c,замена стекла на телефоне,31fa9322e1690061,11,10,True,1.5818963050842285
unseen_text,b84329d72625b23f362fa585,замена аккумулятор,8309d9a79648a5cf,12,10,True,7.149982452392578
unseen_text,b86061d5c3a049e32aeb2dd8,вытянуть вмятину,716deb6ae0650a2f,2,2,True,15.940689086914062
unseen_text,b87e5abd9d5b2a6947b22706,муж на час очаковский район,bf6deea65f9a8c6b,9,10,True,12.419332504272461
unseen_text,b91b812ed5c4c7d7e07aa47b,репетитор по японскому,284a98149f0c8079,32,7,False,
unseen_text,bac52a5ee54ffeb3917ef109,ремонт динамиков,ac53e34a0ac83074,1,1,False,5.28141450881958
unseen_text,bad3b0f2a889bbd804726b06,ремонт станков чпу,657826114d99a5ec,1,1,True,5.9865593910217285
unseen_text,bb3e70be90f289ae51ca90a1,сборный груз в москву,1272dce1d38b47de,1,1,True,1.5799620151519775
unseen_text,bb60c3f4431b275476fb2b60,расчистка садового участка,2889cb4ea7ad71d5,1,2,True,5.4767069816589355
unseen_text,bb6ca35a06f0f95ffaf0a539,ремонт задника кроссовок,f6353354f1cd7896,26,58,True,1.1704683303833008
unseen_text,bba8357e0515120913d3de48,реставрация ванн акрилом,a12f485199ebd927,21,28,True,11.963940620422363
unseen_text,bbe16a5286da434e2a56e635,аренда гаража для химчистки,1214717ae6b1fa22,16,12,True,23.416336059570312
unseen_text,bc1b535a78fd1eb0d3542d18,ремонт теле радио аппаратуры,b3e69895c80683b0,28,47,True,10.095818519592285
unseen_text,bc8bbb37bf9667f90de23e88,установка ос удаленно,1b3031f1a47618a9,98,80,False,
unseen_text,bd5ef85d4c85ca65319fa97f,трактор в аренду,a933647ae5e5deb9,5,2,True,18.097415924072266
unseen_text,bd6badae758527bd75effe1f,замена замков дверей,1af766d03759c175,1,2,True,6.892558574676514
unseen_text,bda5c65011bfc90039c8bdfc,аренда контейнера,ef94f5e4244495a4,5,5,True,0.13653862476348877
unseen_text,bdf6310a69a320f4a96c39b8,промывка форсунок бмв,957cb89262e7b5eb,1,1,True,8.134184837341309
unseen_text,bf87459c7dc808017ec4d1c3,аренда тату места,1d0b57cb1e18a787,4,5,True,4.673324108123779
unseen_text,bf87f56c73863aad4516dab9,сварка авто,7914e6010d71633c,1,1,True,8.021651268005371
unseen_text,bfab9bf5d68e473309fa5c28,аренда теплохода,eed0b2dd6b5e22e5,3,4,True,1.2197256088256836
unseen_text,c13760bf310a83a3309e94fa,аренда прокат шлифовальная машина,c8f9df054a54fa0c,1,1,True,4.832231521606445
unseen_text,c15c724be71cff4a5c8165e6,аниматоры маша и медведь,d97dd464a0a26cba,2,2,True,0.27055010199546814
unseen_text,c20c6c6adb50fbd76f3b8807,скупка мониторов,14f173d99e355cab,6,6,True,4.62542200088501
unseen_text,c356f189d7a9295cd9b807e8,памятники из гранита,e9d04f39c979c9d1,5,6,True,7.147373199462891
unseen_text,c3cc03a7a9dc641042260118,изготовление штендеров,551eb827316f2ca4,4,4,True,8.07014274597168
unseen_text,c46a81156dc97d09cdcbeced,3д печать шильдиков,07acbfe998b698d4,762,655,False,
unseen_text,c46d0bee5bb4a859b3f2a23d,утепление дверей,f2a39d7e730d2043,3,3,True,0.9334383010864258
unseen_text,c48900c501690edffb2429e5,маникюр плесецкая,229d6fa8cbc01062,3,3,True,12.236276626586914
unseen_text,c6fec9ce1d0f9d1fdffae11d,восстановление амортизатора мотоцикла,24b4df7420b35a68,1,1,True,11.209603309631348
unseen_text,c7aa3c96e6d8dfa20fadc0c2,вынос мусора из квартиры,c3be2fb4150ce6e8,2,2,True,6.648816108703613
unseen_text,c7b24ade04aea2be36e48558,очистка матрасов,b11216f518d19c4f,1,1,True,0.9824471473693848
unseen_text,c7c5d66d2aaded68f324d7b2,алмазная резка,8546e0014c433061,5,4,True,2.6290736198425293
unseen_text,c8770d7c673de6fc16389dc8,иркутск обучение игре на гитаре онлайн,2c46dbca3605bdf9,1,1,False,68.06564331054688
unseen_text,c895fc8e3a3b32b74ced9ba4,химчистка диванов на дому,43903497ef6f00ff,13,6,True,8.040319442749023
unseen_text,c8da5b39a91bb2761740ac33,аренда свадебного декора,7e1369a92722c438,1,1,True,0.023331034928560257
unseen_text,c90527cac0251fd26bd2504d,аренда лодочного мотора,22a392f33735377b,1,1,False,
unseen_text,c93bc8a1fa29df044b6aa089,трубостойка,ab6badc31a216231,2,2,False,
unseen_text,c9a06d9e793f4b57afee9b6c,фотостудия аренда sex,5c05700a480b0d7f,3,2,True,0.8363516330718994
unseen_text,cb83a043e835867a8a7f037d,макияж,260ffaa6ea45b29d,7,8,True,7.680998802185059
unseen_text,cc6ab3f55dee47e1d7c33221,клининг мытье окон,a67c02f9bebf727c,8,4,True,5.488330364227295
unseen_text,cc8252a57222cbf7bdf0748c,сборка мебели ремонт,d5f7bf92cc61640f,76,116,False,
unseen_text,ccfb9d8b9ee44d9a95d60b6d,электромонтер,09982ce0de4a3650,112,92,True,12.825637817382812
unseen_text,ccfee4ef7370098ff9927c90,углубление колодцев,2d4e3cbb4bc555d3,3,2,True,12.647705078125
unseen_text,cdbcd98997f92db8a073496e,моментальный загар обучение,2145b135b8c097e5,493,372,True,0.3265611231327057
unseen_text,ce0bdae6750ddbe414d8181c,подолог сормовский район,9401396572120dbb,1,1,True,10.905335426330566
unseen_text,cfa071c04d138efc93d682ad,выездной ремонт авто,5f04d83261923124,2,5,True,5.761704444885254
unseen_text,cfb0b1895e091e69509b6e2e,уаз на прокат,7e5ae3fd3c3ae6c5,17,14,False,46.16946029663086
unseen_text,d044b14f5e45a52802cfadb6,культиватор аренда,8f94ad82279f4f8c,74,103,False,18.614465713500977
unseen_text,d0be1c390cd7342ba3dac77e,выкуп камер,9a68383944d3fdac,1,1,True,4.172182083129883
unseen_text,d1c323c116597e26daccd07a,таблички,1c616a0e3f3b1a18,2,3,True,0.7133165597915649
unseen_text,d212e1b6a4c12cd6a73e77f6,электролаборатория,3bd832f53cb34e1f,1,1,True,6.0509621107485145e-05
unseen_text,d2498dcabd35d61d363fbe25,печать логотипа на воздушных шарах,ccaa7dee43f96a7d,2,2,True,9.781821250915527
unseen_text,d2789d35ea2625b0c309c981,диагностическая карта техосмотр,70c8c5c524148e42,1,1,True,6.5134124755859375
unseen_text,d3ba22abb8b6603667436add,бенто торт срочно,09823644f8759d57,2,3,True,7.342046737670898
unseen_text,d3d0e1683501a18720f56d8d,установка столбов лэп,57c9e581bef1abd0,1,1,True,1.2321734428405762
unseen_text,d5549be129ddb5db90ffb8a3,мастер по ремонту стиральных машин на дому,9cf168be594ecaed,24,22,False,
unseen_text,d61d5e9c670cbda253ee5f6f,мастер ремонта телевизора,456bdc30fcccd915,4,2,True,0.5125997066497803
unseen_text,d63627297df453bbf89badac,портрет,ce3c3ae3636d2c4f,1,1,True,1.7131469249725342
unseen_text,d63f01b090ac66c4d9705a8a,аренда прокат инструмента электроинструменты,c5534e28769de862,5,4,True,11.154120445251465
unseen_text,d643d094f36c4876ce45334a,снять дом с баней и чаном,b1fe3a19ff34c499,33,35,True,9.135021209716797
unseen_text,d6acb4386dc04f740fd50a73,подъем груза на этаж,c2250876d9aacca6,1,1,True,11.514254570007324
unseen_text,d6e38f0955d3b25530d72f49,химчистка ковра,e89b1a51dcadf64c,1,1,True,1.3585755825042725
unseen_text,d70c6b92277040ef21d512a3,выкуп ps4,861bbf2a4da46b84,8,7,False,
unseen_text,d71988f81e5543f58db9c6ec,подбор краски,f90b5495f5ab9bc7,1,1,False,
unseen_text,d71a0cece88182d77ce81f9e,заточка ножей для гильотины,ced85affc896fe52,1,1,True,16.212738037109375
unseen_text,d8a4089bb8e764eb8f82dd1b,тату мастер,6b11185080f7efcd,4,7,True,1.9014577865600586
unseen_text,d8a4089bb8e764eb8f82dd1b,тату мастер,cde03d27eb4b3762,2,2,True,0.2507997155189514
unseen_text,d8c6384fb3fd9c0da934f989,рвд,de8bf8bce02586cb,1,1,False,28.092697143554688
unseen_text,d91c3b9f3dde79f4fa273533,база отдыха с бассейном и рыбалкой,e5ee0df1d3ef59ba,11,31,False,75.25493621826172
unseen_text,d96319fcdfae1ddfd13b1ad0,копка траншеи вручную,e065787a7602d941,6,4,False,
unseen_text,d98a2daa041f2f6dc41b6341,термех,1103c11cffe03b78,3,5,False,
unseen_text,da0f1d20d24bf3596abcbd33,скупка компьютерных комплектующих,5932efba0c0f0294,6,6,True,4.750119209289551
unseen_text,da282635c32aab9b9fa673f6,декор на свадьбу,8b8f931960a892ba,1,1,True,0.032751720398664474
unseen_text,da764828c270c7577122b17c,авто юрист по дтп,9fea7242235cfae3,1,1,True,3.5797080993652344
unseen_text,dae7b0f642fc96fd521fc6c0,сиделка с проживанием,a13864604e209bee,1,4,True,2.5478785037994385
unseen_text,db0210ead357c2e35a0c0473,плиточник укладка,9a4ba9e54fa54484,8,5,False,
unseen_text,db35a89251cc64cfb29fcb57,аренда бункера под мусор,99ba2655a5d47f86,2,1,True,2.4096896648406982
unseen_text,db35a89251cc64cfb29fcb57,аренда бункера под мусор,cd9b668301539763,1,2,True,0.0001523370447102934
unseen_text,db991e8a4fad4a0aaf5887bf,мастер на час,aab5c797cd35fb6e,44,25,True,12.203519821166992
unseen_text,dc80bd86d4d31c5ead070b65,полиграф детектор лжи,b0ef72db48cf6e20,1,1,True,10.46601390838623
unseen_text,dc8e7726559eab17e66f8e07,мини бар с карликами,00c3c048e0f869fe,1,1,False,
unseen_text,ddb6d405c0680f9947a1119c,установить замок,2f53a2086389f376,16,15,True,7.220943450927734
unseen_text,dde44e967e2f7bd8cc115b6d,аренда экскаватора,ba609cd856cbd47e,1,1,True,0.4384717047214508
unseen_text,de1cba8d573daf5f3fa576eb,торцевая пила аренда,ae39208947576378,5,4,False,3.852719783782959
unseen_text,de2bbf1c37104563eedd8a75,аренда светового оборудования,32f02c9a15703e85,1,1,True,1.3679285049438477
unseen_text,de402263ce0b0b527b547727,модель тфп,c2cf0889b50d9376,2,2,True,12.831005096435547
unseen_text,de994f1ec6cc9df13a11df0e,ремонт туалета пвх панелями,0ae7990eab15d9ab,1,1,True,7.819309234619141
unseen_text,deccce08a30f60f3f5a80ab7,ушить одежду,3d5f98cacd2ae0a5,39,38,True,6.7131547927856445
unseen_text,ded9a7d2efc82a7cdfd79880,обучение косметологии,ca9e763c3b64f0e1,1,1,True,2.9405877590179443
unseen_text,deed93e7179015acdc2e9601,самосвал,d4bfd8b2bdb88001,3,3,True,0.017866404727101326
unseen_text,df512114e06ed267bb530c11,окрашивание волос airtouch,64f2119a19a33b13,7,7,True,0.2304002195596695
unseen_text,df8fc0b6110d9ce79096497e,закуски фуршет,6cb308e9845dd577,2,3,True,10.148284912109375
unseen_text,dfac800cc882deb9f1468fe4,аренда место для лашмейкера,a88c88dd9eef110c,21,20,True,0.7347685098648071
unseen_text,e08d992d826a9d7e99840127,художественное литье,18c4de721f30b8d5,15,15,False,900.645263671875
unseen_text,e0d2b1c29bd6b71c16d6a743,печать планов эвакуации,c7fc803e18945d97,1,1,False,24.628231048583984
unseen_text,e0feee5688a5fa4e6a1871f6,прошивка эбу,353f84857909be32,1,1,True,4.445576190948486
unseen_text,e1082dcd349bfd1a7cfc04a0,создать apple id,bb589ab8c0351885,11,8,False,1255.663818359375
unseen_text,e2950a81dfbdc0c9c8649d9f,лофт на день рождения,2efbefc635d62292,12,14,True,5.6721882820129395
unseen_text,e2e3fc70b77230510c1ceec0,прием металла,0710cff62605dcec,1,1,True,0.0
unseen_text,e301c01de0893c367f23cee0,аренда минивена с водителем,92940f93b734354e,1,1,True,3.2464771270751953
unseen_text,e4203b0ea2a766c6b82b05de,установка входных металлических дверей,e23273a6670bbb01,1,1,False,
unseen_text,e429b1ddb75fc35ece5dcbd9,широкоформатное сканирование,3ce50a97e5a745fb,1,1,True,12.186881065368652
unseen_text,e4629ad98f8692e69198fc69,тренер по бальным танцам,88efc01417c81abb,2,4,True,3.075094223022461
unseen_text,e47cbf551fd7b5f621c6cf90,ремонт санузла,5db2d9723fd55df4,1,1,True,2.4090845584869385
unseen_text,e54bf0221f2941abbaedefc2,ремонт ключей от машины,06636e47c6791957,3,2,False,68.68610382080078
unseen_text,e5506b97e0402764ebd5a91b,косметолог ботокс для лица,8bfe704e69e1bf5a,17,10,True,3.1819329261779785
unseen_text,e57d522f69500ec14df91a90,эвакуатор шахты,f64c6acd54dafb12,1,1,True,9.71445842878893e-05
unseen_text,e5bd14d8eda354056c30b370,аренда автобуса 35 мест,42272de09cae29b6,19,18,False,44.0651969909668
unseen_text,e608daea753db8219eb8acc8,монтаж камина,e17a0d72ff8f900b,2,1,True,7.39907169342041
unseen_text,e6346666607b41d2ad3c8832,фабрика пошива одежды,f428b754e3d80d13,72,45,False,
unseen_text,e6901b9f9698c278c3a90bcc,повесить карниз,116d6e6b8d66d2dc,5,2,True,6.476052761077881
unseen_text,e734e2128b9e3c248675b2f5,аренда автомобиль,ac2efefe0596aa2f,2,1,True,1.14638090133667
unseen_text,e742d00a369605d251c34602,деревянный пол на лагах,1e28383cbb3302a7,8,9,True,0.9667754173278809
unseen_text,e75bf185579a74cc82d8a8c9,установка замков на входную металлическую,8ecc36aa20c47480,19,10,True,14.18149185180664
unseen_text,e7bcf58e170a28b5d515c4ea,ремонт окон schuco,6577fe3467145873,11,15,True,16.197412490844727
unseen_text,e8708108cdfbd8c8effdf990,реклама,80ae873e8f6d08c7,5,3,True,0.6359200477600098
unseen_text,e89337d137853181dd70388f,ремонт стеклопакетов дверей,896804a5fdd15887,59,47,False,14.114320755004883
unseen_text,e8b273dc18bb9aa9aafd3610,тату мастер реализм,19afa749ecd72110,2,1,True,7.351126670837402
unseen_text,e8fa29915270baebb62396b5,приму древесные отходы,cce568aec587cf7f,6,4,False,
unseen_text,e90ab98cbdfe6075e48df2f0,изготовление наружной рекламы на плотере,cd2da7685775f38a,30,51,True,9.006789332488552e-05
unseen_text,e917b2d41ca8b96644c17f01,фотобудка,2ec28d5a44e7cea2,2,3,True,3.7081680297851562
unseen_text,e917b2d41ca8b96644c17f01,фотобудка,2f5d4d00b19a2e34,1,1,True,0.3737698197364807
unseen_text,e99c81da764537ea7be1568d,часы ссср в ремонт,4c5ff5cd5d1c42a8,1,2,True,9.006789332488552e-05
unseen_text,ea0924eab6acd0507ec4266d,изготовление и монтаж москитных сеток,fe7708c3f3c28306,15,22,True,9.006789332488552e-05
unseen_text,ea184b63334e34d623c68f98,подключение сабвуфера,d50910732434002d,2,1,True,24.34394073486328
unseen_text,ea77805e6d534afd45971178,аренда домкрата,2974f8b2f9aeb2a6,2,1,True,3.078617572784424
unseen_text,ea7a24d8641155146694b576,аниматоры квесты,02f447049cc21b04,6,9,True,3.602321147918701
unseen_text,eac20a882a5040640542cdc7,подбор авто,2bc43cc242fa735a,4,5,False,
unseen_text,ead0dae5cbeb49b6366d86b3,доставка из сша,4eef6dafd7541682,10,9,True,2.8313210010528564
unseen_text,ead65c99528acde37fd2ede4,установщик кондиционеров,ebb4dee6b77aecbe,21,18,True,10.745217323303223
unseen_text,eaf57b38e98a2a8bf1070a44,мини кун,6c5865488c7ea932,2,2,True,0.00016456848243251443
unseen_text,eb3aac233c2ec927dc653201,стилист по волосам,aefe55faed746945,12,11,True,1.899430751800537
unseen_text,ebd6e57abd234da14299eedb,мобильная съемка,d8ee689de7ac44f0,2,1,True,0.814515233039856
unseen_text,ebd6e57abd234da14299eedb,мобильная съемка,dd15e6a7be4db689,5,4,True,0.16226448118686676
unseen_text,ebe20ae9a81412e99a5a5ae6,ремонт и установка  гбо,5f8c8d5295f89aae,1,1,True,6.191062927246094
unseen_text,ebff01f3212c480dad40aebf,заменить аккумулятор на iphone,ff919853dce88f04,26,20,True,9.297381401062012
unseen_text,ec2654e836b930ff6638c135,перфоратор,e2a1a3ff1c0cf751,1,1,True,3.352220058441162
unseen_text,ec6f1e18ded1f6864079781b,детские мастер классы выездные,fa7bbb3ca7f4eac1,8,5,True,4.687796115875244
unseen_text,edaef58f28fe8c12883b7f81,реабилитация после инсульта,187acdf32141a9e0,2,2,True,14.217788696289062
unseen_text,edbc3210951030650141c956,чистка газового котла,0dff5797dd655634,4,4,True,0.0032100279349833727
unseen_text,ee3ba2701432ba67d8308ba2,оклейка пленкой. интерьер,70918a53938a7965,2,1,True,0.20261669158935547
unseen_text,eec764bd8c2b43f7c34abfe4,юридическая проверка квартиры,873a81f15746c35f,8,9,True,1.946150541305542
unseen_text,ef6e50378035f44200b9898a,цветная печать a4,8a4e70aa5341fe5a,1,1,True,2.2366299629211426
unseen_text,f0ea26bff5f6fe62d216aa77,покраска рамы велосипеда,2909144c9f706a84,3,1,True,11.61766242980957
unseen_text,f11db1a92677a048d75ee916,клининг уборка,6a043369b622cea4,1,1,True,1.445077657699585
unseen_text,f15de1568e87eddef3ac222e,сварка дисков,e703a60463323c17,2,1,True,2.2699763774871826
unseen_text,f2208103d7f914c7ab8bccc3,ремонт бамперов пайка пластика ремонт креплений,59628dba80e01044,1,1,True,5.470381259918213
unseen_text,f23648e63ca62b06a0935529,ремонт кожи сидений авто,93c65cadc0c2fd00,11,9,False,
unseen_text,f2a4a712c3408d0391d6fed3,вывоз мусора с участка,bc7481bdaa1b99ce,2,10,True,0.2606236934661865
unseen_text,f2a8d81a80dc8bc1735eaedd,выровнять участок,17d4d96ad4b38e19,4,2,True,12.860784530639648
unseen_text,f38199eaa146dd39deb5c095,удаление татуажа бровей,9d3510565eee472d,30,20,True,2.8191146850585938
unseen_text,f38289d312a095363332b12b,реабилитолог на дом,3f35ed5a69b35f81,10,10,True,9.006789332488552e-05
unseen_text,f39afc74bba49ffdad0fda93,продам фотоаппарат,023325483bcacaab,34,47,True,1.1017065048217773
unseen_text,f3af9caa93b1b45336150102,сауна с джакузи,4e94b4a6a021b492,2,2,True,0.3898370563983917
unseen_text,f3e1e08319073e22ed3bf361,репетитор японский,c86049a78071d5ef,1,1,True,3.284249782562256
unseen_text,f3ea8ccea8b7bb9c3d899386,установка windows 11,4ed06a20da514085,1,1,True,6.235347747802734
unseen_text,f40c93f8075509191d39c56d,скупка монет,12b011c0689e7818,4,4,True,6.065677165985107
unseen_text,f48014ae432a9888760760c0,вымыть окна в квартире,2b1f926738208f23,18,12,True,12.52001953125
unseen_text,f4898237ea5c146679d0a8d9,репетитор русский язык,1dbf36dcd8a14d1e,1,1,False,
unseen_text,f5452194230c105ae1bbd6ca,осинезатор,3c3be4eabaeb36ad,24,16,True,9.146162033081055
unseen_text,f5fdc3880f6c6817730bf3f4,карта зарубежного банка выпустить,091182af9cd6ce01,3,1,True,0.14547373354434967
unseen_text,f65416fa28fa63edde2aa083,дом а фрейм снять,f3afd4aa279d6b48,118,70,True,5.986668586730957
unseen_text,f68ad33e3513a6cf7ac303ad,распил лдсп на чпу,25b4f714eab3639d,1,1,True,5.869645118713379
unseen_text,f72911ffcccdb9f75b2e0291,завивка волос,69cdd75a6ce931c1,16,7,True,2.716036319732666
unseen_text,f757e04daec9846e259c9a34,айклауд создать,d34f92f516fdcb3c,0,0,False,
unseen_text,f794e75f464e552f5d9811aa,написание индивидуального проекта для колледжа,82e09727c11c33e0,30,36,False,
unseen_text,f7b4c246cdd921dbd52d42b5,лофт для мероприятий,5d5abd73b302d627,182,189,True,2.1675808429718018
unseen_text,f801ac5a4a130f28bf509ea8,скупка бытовой техники,a5d7df504ba0c08b,1,1,True,1.9749557971954346
unseen_text,f992bfc0f2d4abd3802315c9,ресницы лэд,42ec9de21e7db4be,3,4,True,3.891368865966797
unseen_text,faa2e3c8e9e717d715654b08,база отдыха зеленый остров,e38081b79afb73f3,6,6,True,7.762829780578613
unseen_text,fb3733317bad22b586a69258,ножничный подъемник,fde6e017db60d8cd,5,5,True,5.237706184387207
unseen_text,fb8409b7ef7849c2b2805c75,напыление бровей,5812f0056a8bff85,28,24,True,2.7949471473693848
unseen_text,fb982b53cad8f4e47a8e03d9,откачка выгребных ям,ed02931c4e4f681e,1,1,True,3.5506887435913086
unseen_text,fce310c15ca3e820fed81607,трактор планировка,9c265a46876741aa,7,5,True,4.645142078399658
unseen_text,fda568cfd8996900fa9273a7,покраска мебельных фасадов,c1826705752b10bf,1,1,True,20.618017196655273
unseen_text,fe07f1fa8e18d9563c8ea191,монтаж потолка из гипсокартона,2d308ae6e5669a1c,48,65,True,8.481840133666992
unseen_text,fe889731d58259bf56c4eba6,ремонт мебели рестоврация,3b4833fb845b4039,298,251,True,11.625663757324219
unseen_text,fef1f135acf2208f57c830b8,выездной бар,2b6ce5f095314f23,1,3,True,6.11056661605835
unseen_text,fef35aa8f81f27b27c9badd3,отделка ванной пвх панелями,957d34b602eb9c0b,1,1,True,4.7601752281188965
unseen_text,ff105a2b9caadb2f40b23b9e,замена стекла в межкомнатной двери,300d5985e6bf19c7,1,1,True,3.7483720779418945
unseen_text,ff181e34bb01d7e76f978b4c,замена стекла в стеклопакете,c55ecc63c367217e,9,9,False,
unseen_text,ff80f3bc2fde389961d687fa,свадьба на природе,709c1ee9a49e497a,3,3,False,
unseen_text,ffb66d077194889cb21113ff,аренда биотуалета,8cc9dc8a23d32687,32,37,False,
unseen_text,ffcd2790719e85fcef95e969,повесить зеркало,aab5c797cd35fb6e,28,25,True,12.203519821166992
unseen_text,ffd67f089e70f27a5c5bd037,чистка сплит системы,c4d4382451b4fd85,2,1,True,2.8676836490631104
unseen_text,00361eb2f0c70cece2254122,поиск по архивам,5b79e0cc5730bcaa,2,3,False,
unseen_text,006ce696de21634eb56e7486,дом отдыха с бассейном снять,bee50b04fcd49510,1,1,True,0.0
unseen_text,00778df480b4743739d72fe6,ремонт вывесок,113d3e160b14c8fd,6,5,True,1.977156400680542
unseen_text,01dcc87e32cc2cbca755c20c,куплю пустые баллоны из под фреона,2cdc8a08cd582848,1,1,True,3.7105016708374023
unseen_text,01e1899f62d90850aaa245de,мастер класс по рисованию,4cd53d7d9f8921e1,25,20,True,0.3318270444869995
unseen_text,01fbbf4d9774c9e76cbc0c1d,замена тачскрина,b7d83f1731b78fec,48,57,True,2.594838857650757
unseen_text,0221ed61789042b65776e837,анодирование,1b9ca8da2d31fac7,2,3,False,
unseen_text,0258809c3471cc864929929b,восстановление аккумуляторов,c062a79e411b30d4,3,3,True,5.0967302322387695
unseen_text,0264342abf8d8733fe354062,восстановление информации с жесткого диска,f317c2a2313c971d,1,2,True,1.1746182441711426
unseen_text,02e8661aca9d210f53e91d12,чистка стирка ковров с вывозом,bf049c99b6641d20,1,1,True,3.6778807640075684
unseen_text,02ee09295be60aad31c0bdf2,пескоструйная обработка кирпича,c78d6963fab7c6b8,12,12,True,9.006789332488552e-05
unseen_text,04665ec2246b7885c4f79698,лофт,212f0428d1a46b8b,24,16,True,4.3043694496154785
unseen_text,04665ec2246b7885c4f79698,лофт,4bc511811bd93712,1,2,True,4.55250358581543
unseen_text,04665ec2246b7885c4f79698,лофт,569983fc09604de2,7,9,True,2.70751690864563
unseen_text,04665ec2246b7885c4f79698,лофт,ecc1007b754b99df,64,60,True,1.2807285785675049
unseen_text,04ab050c46a87382af9ac8aa,установка акриловый вкладыша в ванну,01e55e1aa1c2398d,68,73,True,15.004138946533203
unseen_text,0524c220c712147aa3394923,такси по городу,fce861e8993e6e29,2,1,True,1.2642877101898193
unseen_text,05859e26014cd366ae3191aa,проколы под дорогой,9e111afea5ae08a8,1,1,True,4.262195587158203
unseen_text,0612072d971f591dc4c9888f,изготовление памятников,f18b56fd0361a9a3,2,1,True,2.723158359527588
unseen_text,067407b6649580d98af330cd,обслуживание бассейна,2420c75111b36090,1,1,True,5.410245418548584
unseen_text,06760b855a1a7f77ced9536f,остекление балкона,1528b1d5a16cc912,56,63,False,
unseen_text,06d38e35334e863cef106083,свет на свадьбу,29a1d530b371cbcd,1,1,True,6.0509621107485145e-05
unseen_text,06ff188f29ac18261a196823,баня с бассейном и мангалом,de43f659d8e88a49,3,3,True,3.6160364151000977
unseen_text,06ff188f29ac18261a196823,баня с бассейном и мангалом,edda68f4d04f97a5,10,10,True,5.313931465148926
unseen_text,07bad2a4cd1366f424eac155,сплав на байдарках,12caeab942cec6e5,1,1,False,
unseen_text,07c889d8cb75d0c71301a1c6,установка зеркал,ac35e04086c739cc,2,1,True,0.44797834753990173
unseen_text,0827ce3161d6075b7db53394,резка плитки,db906390ddff1150,1,1,True,3.629716396331787
unseen_text,08612c67cf5ebaa655781b86,ремонт крыши балкона,bdbe3612926ada65,4,7,True,14.322903633117676
unseen_text,08a9fe7d295e82400d801903,экскурсия по владивостоку с авто,5d1dfb2269547a34,1,1,True,0.00032467892742715776
unseen_text,08dd3b84b788b85c73b88540,торт 3 шоколада,2832549a3c96aa3e,63,72,True,3.1160764694213867
unseen_text,09064fdd91cbbb3503d4b170,пригоню авто из белоруссия,23b704ee81c79c8b,10,9,False,
unseen_text,098ed95716091bfa988e0aae,пайка трубы пнд,ae94ca9b700f9ce0,1,1,True,0.09785161912441254
unseen_text,09c041cdc40498c8b10309b8,водопровод из колодца,2e045409c49adcdc,2,2,True,0.7443013191223145
unseen_text,09d8fa64ad36d9f7d29b6b85,литье из алюминия,cd6f6ca1a78704e8,1,2,True,7.361352920532227
unseen_text,0a67bef5b161604b23f03630,подравнивание кончиков,0cdaef3bd5003433,10,9,True,2.8333969116210938
unseen_text,0ac0e41a9ce9268cd578b244,ремонт газового бойлера,dacba8778930a9b8,5,6,True,4.528590679168701
unseen_text,0b149994f2a3bcd8c029172f,вакцинация собак,99767eaf4cfdff23,23,42,True,11.81401538848877
unseen_text,0b7074844796bdb89e9533c9,отзывы яндекс,13b50d65379c1dca,8,13,True,1.6469628810882568
unseen_text,0c7561f35dab8c5a91a30245,ремонт нивелиров,1cb87de3e9d45d09,1,1,True,5.482383728027344
unseen_text,0ca4da068af35f8228fe732f,тонар,b304fd3e598af14c,1,1,True,0.00044477975461632013
unseen_text,0ce3d188aa8252a7f850792e,проектирование апс соуэ,76e174187242e10b,19,20,False,609.2603149414062
unseen_text,0cff010c6e6ef21aa6f81dbc,отправка посылок из калининграда,bee1ab3becb3ceba,1,1,True,6.380157947540283
unseen_text,0d2621068cd26cb501bd6668,проем в стене,e703d4366086f8eb,1,1,True,4.0675787925720215
unseen_text,0d3a478d25c45a551156af1a,аренда помещения на праздник,7d3fbede1a9fce41,126,200,True,21.864837646484375
unseen_text,0d447a506ed1a8245adee247,мастер по ремонту ванной комнаты,ad098ba91dbe2ead,188,134,False,520.7787475585938
unseen_text,0d44f47fe3c6b9f4a8f19b4c,пленка на крышу,cc1cb65ae9839aca,3,3,True,14.258129119873047
unseen_text,0dfd2be004cf7343b6b8926a,вынести диван,655f0f85df7d79cc,30,24,False,
unseen_text,0eb2fadf9f827cf955bc52be,чистка крыш,11202e793f9127a7,1,1,True,3.314955234527588
unseen_text,0eb392a005fa62be2b99aab1,авто под выкуп от частных  лиц,58d1ea0c1c1995f8,1,1,False,14.471688270568848
unseen_text,0ecf633b23672f666cfef85c,полировка стекол автомобиля,57c29e993da5722a,1,1,False,
unseen_text,0f0959275e0738fbcd7acd50,ремонт бамперов,a03c449c297e820c,1,1,False,9.13735294342041
unseen_text,0f57c768fb53e9e9d48d9140,занятия с кинологом,11bf21deac34183e,12,12,True,5.987259864807129
unseen_text,0f822a34839ec4c82a646325,замена дверного замка,c09044d63d4cb0b5,1,2,True,6.71539831161499
unseen_text,0fb023962ef59cd89f07bd53,прошивка эбу ваз,2dae379835a5a747,1,1,True,3.755836009979248
unseen_text,1027521a7a005d9f9684ec9b,перевозки на дачу,c681364ea3eb46d5,34,28,True,8.572566986083984
unseen_text,108a52d0bbec815295fed809,авитолог,8c47483bf6294733,3,4,True,1.2430140972137451
unseen_text,114a9fe8981fef8ba3c2350d,проектирование частных домов,68d4e62b9685114e,3,4,True,2.1981542110443115
unseen_text,116b69499a7fdf8d1b00308f,выкуп авто жигули,91ba68d11889f08a,7,8,True,13.756884574890137
unseen_text,117aa7ef8b2e028701854952,няня с авто,8e52c115aba1ccc8,3,3,True,3.5884766578674316
unseen_text,1198db15e9c351cf60ba3749,дым на свадьбу,8c2365ccc6240c4e,177,116,False,
unseen_text,11cac9fdf9963ad550a0610c,продажа и установка кондиционеров,e24f5eb9af6b1a03,10,10,True,12.098564147949219
unseen_text,120cc3f5a7d2e782f018d2b0,услуги парикмахера стрижка,54a35a1f632c1d5c,21,23,True,0.22742772102355957
unseen_text,12289356c2716ce67a8eda9f,сайт,937516607de16cca,7,5,True,4.5268964767456055
unseen_text,12c11fd46fb528aaae883ac2,прием картона,ec53e1ba2da093c6,105,93,False,
unseen_text,13432b4a937abf34bb83e8d8,ботокс лица,6c3652387af5b05c,1,1,True,5.467043876647949
unseen_text,13470b5669d4134a234f47ef,ремонт гаражных ворот,9807e36587009ae1,1,1,True,0.0008028740994632244
unseen_text,13c66d0acb9fb124eac15359,ремонт пластиковых окон кудепста,67c9ffee9686292b,2,3,True,22.824464797973633
unseen_text,13dc7a6084c0ddb11b5e7cd5,копка огорода мотоблоком,0e6e643c0be6b6ef,1,1,True,0.08729840070009232
unseen_text,13f9cbe85c5f4e1dc87f4eeb,триколор,91b75ae67610fa32,2,2,True,0.00011124200682388619
unseen_text,1411d32bd323b4023804668e,тонировка люберцы,492ce0d1e3907e6c,2,6,False,6.009673595428467
unseen_text,14407777d56a6f7b47fa98c0,аренда авто выкуп,991624867470bf40,3,3,True,6.668282508850098
unseen_text,14aa428cfdb00d7dd471fe30,визитки на заказ типография,3f88bf0e587af7c1,1,1,False,
unseen_text,14ceda1281a3f2a51339cafe,лечебный массаж спины,c79443e393376a00,2,2,True,1.6221246719360352
unseen_text,15bb6b092d3bddd16d7d57d6,изготовление рвд,5ed17bc9c21552b5,1,1,True,6.489414691925049
unseen_text,16ba4bb7b38d4671f52e17ff,ремонт цветочных холодильников,355fbb07abeb2e61,61,49,False,
unseen_text,16d97df1673e1f17fdc01e33,мастер по ремонту велосипедов,f15d189d5c2271d1,1,1,True,4.512730598449707
unseen_text,16e4f72d908591cec3bba725,детский логопед,618cf12ddfb25476,17,12,True,2.404477119445801
unseen_text,170ed78081493c9d930e7edc,реболл видеокарт,7042a41b78a1286d,16,10,True,5.952467918395996
unseen_text,17b8e6e216efade845b76e68,хамам с бассейном,90f2975455eaf4ec,1,1,True,1.7892346382141113
unseen_text,17cb861553ab20242a17b39d,домик в лесу с чаном и баней,9b7f752b5dc32f64,5,10,False,
unseen_text,17e1f129b443245afd82fef9,отделка стен гипсокартоном,390444d6a41b6f50,4,2,True,7.048856735229492
unseen_text,1837ec1982bb4c4c2a3a35df,прокол под дорогой,b2d89addccc4a9c8,1,1,True,1.504526138305664
unseen_text,18419e23902179ad034c4225,активация скрытых функций и кодирование ford,97b525d334e361ef,1,1,True,4.952273845672607
unseen_text,1897dba925dc88b875384bc6,прокат карнавальных костюмов для взрослых,afe0a5d908e3b81b,1,1,True,3.713719367980957
unseen_text,18e93534d7499ed5c28be277,ремонт подвески,57f3ca2e13b6b1ce,21,19,False,
unseen_text,190baf71ddbbc2a4f4b8b431,обслуживание пожарной сигнализации,051d30ee5e72af53,1,1,True,5.950669765472412
unseen_text,19550f12dc1c57c739d6977c,юрист по административным делам,38bb7c34c3357f70,11,6,True,1.010117530822754
unseen_text,196a7e42dc12f863bfe24ba1,стены,117094617982fb48,233,358,False,
unseen_text,19da69ef91d1db352bc42e37,тонировка окон дома,50b1a3ac66e2e6b8,2,2,False,16.83061408996582
unseen_text,19f4418f9e1396702b0f024c,выкорчевать пень,fe8d89e5a90899ae,9,5,False,
unseen_text,1b52a3768fbdfe1f6c30c35f,бассейны/баня,df6fc5af597ec907,347,576,True,2.143972396850586
unseen_text,1bdb17f61b78aee2490d487f,тренер по легкой атлетике,7351330f05ddc689,1,1,True,3.8879241943359375
unseen_text,1c0fa8bdb735dafe380426ac,канализация под ключ,c1c00aefe656f3b5,1,1,True,11.154279708862305
unseen_text,1c21a078b63977f47493a04a,раздача флаеров,8d4307b5a34ba2b0,17,24,False,
unseen_text,1d15ad923151e88b80f45ebc,ремонт электроники пайка,df26224dacc82781,1,1,True,4.016992568969727
unseen_text,1d63518b0879661a9e5b5758,окрашивание  яркие цвета,4fb228790f9a665c,2,2,True,17.599271774291992
unseen_text,1d94df454f6cfb3f7086c6de,ремонт дивана,fac381b3058c5594,14,14,True,14.650368690490723
unseen_text,1e86b491a98fecb5fcbc9b53,аренда ноутбука,5bc0a6ea864678ba,1,1,True,11.027362823486328
unseen_text,1e9d8a266f8002c41b688270,ремонт и установка водонагревателей,e1935e28a05c2690,7,9,True,2.9400439262390137
unseen_text,1f169da3dc40da79c415131d,укладка брусчатки,a0ffa28ee53982dc,1,1,True,11.01085376739502
unseen_text,1f4e04516f7ba246327020eb,аренда садового катка,1c4fb1e6888c221e,6,5,False,24.455286026000977
unseen_text,1f5903b9db864046a509932d,трихолог,c5ac09e1f295b58e,1,1,True,1.9024658203125
unseen_text,1f995fcbe1c58c8f71640571,илосос,8e3a1127fe76cbdb,0,0,True,
unseen_text,2001f38abef2708f2e84f9dd,аниматоры синий трактор,677293f6ae92ee46,1,1,True,2.862295150756836
unseen_text,2049dc662ebc6c7087857225,вывоз веток,d31256bee3e76b68,1,1,True,12.185620307922363
unseen_text,2060e747974ce95561c6d50d,замена стекла samsung,19ba1d6ca614cc8e,2,1,True,7.1481428146362305
unseen_text,206e9fe9c0cfb34949d43ce3,выкуп скутеров,a8fed31ae3d29296,1,1,True,0.7413184642791748
unseen_text,20f6254feaf2b987cc890e4d,комплекс маникюр и педикюр,ab5a2716ed90e25d,1,1,True,0.45244765281677246
unseen_text,2109cc59839c204de9e362f2,установка молдингов химки,f554d5dd8544701d,5,5,True,6.723735809326172
unseen_text,21b64082faed29d17c24e4c0,душевые,9d5e0b874bdd5fc3,6,5,True,2.2809836864471436
unseen_text,21c91c2259f592fba87ec22d,установка забора,2b54e89c8e4f5bc7,6,5,True,0.10683660954236984
unseen_text,21f9ce186ae646f9f19cc07e,столярные услуги,db80e7d80d71b581,63,72,True,0.0002815806365106255
unseen_text,22228b97700db66682edad94,перевозка людей на микроавтобусе,1555ad978e7bd6e2,14,13,True,0.0
unseen_text,2282764e558ccb78dddb3f95,детские танцы,44fdab548631a148,1,1,True,0.790444016456604
unseen_text,228c17c94e54046ed13c8084,нанесение жидких обоев,2cdfc85769a23015,3,1,True,10.96220874786377
unseen_text,22cf71881de7ee9ae6df00fa,пошив мягких игрушек на заказ,01fdb09a4225e612,55,30,False,1324.83837890625
unseen_text,22ed394c7a034f1e52c8fd04,фотосессия женский портрет,cff075ddb5ecea8b,2,5,True,0.24750101566314697
unseen_text,238192980f76af5d62b4a935,выездной шиномонтаж,757d541be24ae423,1,1,True,5.060144424438477
unseen_text,23b994aa81ac8eca7f8ed1a7,швейная фабрика,ad792b9e14ed36b5,4,5,True,1.6650338172912598
unseen_text,24357d425d507b893146a58f,трансфер сочи гудаута,ca215df67dee31a3,12,9,True,26.456764221191406
unseen_text,245c374353ff45f526754855,водитель погрузчика аксай обучение,81264fa89a71cdb5,1,1,True,0.8897836208343506
unseen_text,2489fff1ea64ed28bbc7f330,разблокировать iphone от айклауда,5376d9130e6fc98b,6,4,False,
unseen_text,24a349166df0b97bbbf83e16,подкат,dbea5bc8086c67d4,6,6,True,2.9825899600982666
unseen_text,24d12e93b68cf5fc47a5dd91,фотограф и видеограф,7c534295a66a795d,1,1,True,3.074308395385742
unseen_text,2523574122a26f8bbcd8fc15,настройка vps под ключ,549ce9e5ccc93822,1,1,False,
unseen_text,26c6502997b474975d5bec67,доставка пгс песок,f1ff9746a9efa886,1,1,True,3.126223087310791
unseen_text,26d32b89a1598c94cc4e3b3f,аренда лофта для вечеринки,2f3879444c5d3636,7,6,True,4.755746841430664
unseen_text,26e0eac85359f0722804d229,ломовоз услуи,6042dddcf50d14eb,5,2,True,5.253187656402588
unseen_text,26ee235bad02a0e8b1484f9d,печать полиграфия,65f25464d13d9281,3,3,True,0.6420196294784546
unseen_text,273a5748b745afc148dbb6bd,чистка консолей,58fc54dc956b068f,1,1,True,0.0
unseen_text,279bfffbac5a4e349ce360b9,наращивание ногтей северный,669050fd8442e719,4,3,True,5.948166847229004
unseen_text,27c595a49ff376f8a476f92c,монтаж пленки на окна,8c538a6991d71f93,2,4,False,
unseen_text,27ca0ead9102cebb4617c5a9,установка люстр,ffda0b9173993997,129,126,False,44.55583572387695
unseen_text,285aa23f1024376928cb103c,ишу работу уборка каждый день,a3dc049b86af6089,29,30,True,8.81243896484375
unseen_text,289287c3d400552f29585c29,маркировка честный знак,a891a7645becbbe5,10,10,False,
unseen_text,28c37aa5850bbc23e926abfa,детское такси,11410df0946c7a95,8,8,True,0.2442280501127243
unseen_text,28e5b8547fd00a055fe1235b,печать на флагах,d24a9d4462724f42,1,1,True,11.743474960327148
unseen_text,29793a2eb3e8986c11e3e2a2,шоу на праздник,9d7f8527bb5e7bd4,14,11,True,3.7003331184387207
unseen_text,29f01b5aa4b55e0bb09a51a8,сургут ногти,7301e637b5d30ec2,5,8,True,2.4027347564697266
unseen_text,2a43f293e55f93e1f7668bdc,разнорабочий голицыно,196e407f12afaf02,14,11,True,11.337902069091797
unseen_text,2a70f8133891e1a486e2b628,ремонт домофона видеодомофона,0f79695e8c342b3a,7,8,False,
unseen_text,2a841d9d8763a9bb16625c1e,настройка карбюратора с выездом,5b0c03c86ba4cf95,1,1,True,2.9688737392425537
unseen_text,2ac933a11b3e8807cacc7c04,вывоз мусора 15 кубов,31560c02b509b490,43,54,True,3.228977680206299
unseen_text,2bc191a17dbc2a6b047f04e0,установить кондиционер,c378da6af44c0364,4,4,True,2.6658356189727783
unseen_text,2c03d4e42dcad4dd6bf61899,эконометрика,b165117d56d83cf0,2,3,True,2.7640719413757324
unseen_text,2c05f7d7fed6fd141b639e7d,гнб,f54f28a9a5bb837b,1,1,False,
unseen_text,2c842a460d721480a6c88e9c,контейнер для мусора 8 м3 аренда,99c83923720bda52,43,72,False,
unseen_text,2cb512e192b460878403b147,разуклонка участка,67351f41dfaed361,3,2,True,4.818047046661377
unseen_text,2d76606077b6bbd8c8828625,винтовые сваи под ключ,162f2c3652b26c93,3,3,True,6.806021213531494
unseen_text,2d948275dcf1db60a85ad71c,монтаж трубостойки,ede2de53b56e34a4,2,1,True,0.0
unseen_text,2dc8084acba3a050acd11064,домашняя еда на заказ,7498b78b99da0299,9,14,True,21.322893142700195
unseen_text,2dd002340e4be5f20ed17fc0,аренда бензогенератора,bae5bf5e5d4a12ca,35,29,True,5.8425374031066895
unseen_text,2e2299933efe78dc7ff4d6a0,регистрация честный знак,a891a7645becbbe5,2,3,False,
unseen_text,2e5f1bc58e94f0c76a13c204,трехгорка,d0d08bab546f79cc,15,6,False,
unseen_text,2e8448063562c6b01cf8ba22,слесарь сантехник прочистка канализации,9ee65463dd3ac527,1,1,True,5.056128025054932
unseen_text,2eaf36d2076020c259ffdede,покраска решеток на окнах,49bbdb73cc89f148,0,0,True,
unseen_text,2f480c0f89256e72b78c96aa,сантехник люберцы,65c4b9675dcd75a3,1,3,False,
unseen_text,314424c8effc2b62f7c061b7,банный чан,fba2ba03b9a20da8,2,2,False,
unseen_text,31471d89ce02c99b9e482138,бетононасос,d97fef55543debea,1,1,False,
unseen_text,318b577d6990999cc072d87b,замена смесителя,71096bd5134056a6,9,9,True,1.7584142684936523
unseen_text,31f6041bc18dd35477590f19,наращивание биопротеин,2309bf49b305b4f0,2,1,False,18.63450050354004
unseen_text,324d37d6e68ad8090a844a99,липолитики лицо,21e7c80c355afc79,2,3,True,0.13941694796085358
unseen_text,3268e03712451fe929769537,роль ставни ремонт,fc1dd2ae016a6c75,102,78,True,4.484524726867676
unseen_text,330dcfdb1bdd0ac17d84e268,ремонт мягкой кровли гаража,8b3e170b73827c8a,14,14,True,0.07479226589202881
unseen_text,33143b83626871dc8a46a428,трендовое наращивание ресниц,0f494f0de26db80a,1,1,True,0.5206631422042847
unseen_text,33a7f391cd8455df3617c4c7,психолог бесплатно,cd71360729e62a71,71,69,True,1.7865207195281982
unseen_text,33be86259c4166e7c8443b3f,коворкинг для визажиста,7f3714a1e1d3a76f,24,26,True,6.529575347900391
unseen_text,33f5a7942aa695f8605ce916,полуфабрикаты,beb73b44c50b03c6,2,1,True,4.994603157043457
unseen_text,341bed48d1c38e4547849632,септик из бетонных колец,974d2447f3983a1d,1,2,True,5.033402919769287
unseen_text,3488fb2998b4872bac083c5f,картина на холсте,374562c51389d318,1,2,True,6.138216122053564e-05
unseen_text,34a680f01383bfca73820022,симферополь-краснодар,16cd9c9489cbe7ea,1,1,True,1.2750349044799805
unseen_text,34abdecd77038ec7f7004b61,ремонт механизма дивана,883d18114db4742a,7,22,True,12.437507629394531
unseen_text,34bf66e88ae99444417e5c00,газель пассажирская,6d5eb66eb6127eac,1,1,True,2.64727520942688
unseen_text,34c0775fb084c7041a8b8a59,байер zara,122010a54f9757f1,10,18,False,1273.9891357421875
unseen_text,351e46b2da99611340accf9a,очистка вентиляции,f81f94094ef7308c,2,1,True,0.9569758176803589
unseen_text,354d64b1b4321d40d871542d,обшивка вагонкой,74119d668400794d,5,4,True,0.18125084042549133
unseen_text,364215e291c4370117655546,массаж в спб расслабляющий с релаксам,c07b05df1e68f948,111,124,True,13.731884002685547
unseen_text,3695a4bfa420cdd433031a56,поклейка и покраска обоев,fce1ed050d490bba,18,19,True,14.053479194641113
unseen_text,36c1914a76db7635e150941d,аренда бобкета,9b27c23abcdb09aa,1,1,True,7.05826473236084
unseen_text,3809a0e7d1d139e11ea922cc,автомастерская,08a1914fad029a33,2,2,True,4.552496910095215
unseen_text,3829db78767fa1ac71b5d4dc,аренда туры 15 метров,daf233fb132f769d,1,1,False,
unseen_text,38af83195e1c9ddc9708c0de,снять авто с учета,a6a1946250317cac,2,1,True,1.3247103691101074
unseen_text,38d005ef30f54c467bafc4cb,разрешение перевозчика такси,91087ee7d93658b1,1,1,True,1.7371602058410645
unseen_text,393319fcbe81e2eb4344f3d6,пылесос для химчистки,39ef9c29038671ae,3,4,True,6.419819355010986
unseen_text,39ccc73748db7cf3c2c68a18,копка сливных ям,7e155aee09801f96,25,27,True,6.897060871124268
unseen_text,3a735699d7e10e66486d6aa3,частный займ,0d752009e8edf98c,42,33,False,
unseen_text,3b6ff3fb2df553f403a3acec,монтаж систем водоснабжения в квартире,faab2cec3f8bff53,348,381,True,13.615302085876465
unseen_text,3b75415337cd02cdc526719b,управляющий арбитражный,75fa4324b01f156d,1,1,True,2.112335443496704
unseen_text,3b9a3c646357a115d88df3aa,ремонт телефонов iphone невидит симкарту упал и не включается,04e7eeede0bdf71a,11,11,True,4.770543575286865
unseen_text,3be16074b1909bba0080dcf3,перенос откатных ворот,f7c63c6719fd3ac7,1,1,True,0.02176845446228981
unseen_text,3bf11e7436f07462d3a10e00,ремонт скутеров с выездом,617d5beeeb2b8cb0,7,4,True,4.752464771270752
unseen_text,3c02c33503d10f9cf693d5c4,реставрация фотографий,03e50b784766f1cb,1,1,True,0.0001821306796045974
unseen_text,3c1e02771409f62d928dae92,фрезеровка бетона,17d5c8ae52fe36bb,1,1,True,9.85615062713623
unseen_text,3d0d1af92c016f63149f8ab5,ремонт ресиверов denon,cec037799d549a31,107,124,False,
unseen_text,3d3e5adae4b34546acef8371,массаж на дому для мужшин,1d39ded4ef21d612,160,118,True,2.5578224658966064
unseen_text,3d3f7f1538aa37bbea7b03c7,отделка балконов лоджий,e741127899a37273,1,1,True,0.26648205518722534
unseen_text,3da9fa2ff778b59770863c64,восстановление данных,c1e808b0cc960725,3,3,True,4.495980262756348
unseen_text,3dd13d4d30c2150a82283312,юрист по разводу,580fef7592fb72ee,3,2,True,5.178274631500244
unseen_text,3df8e4d10763bab1cfdb279c,постановка на учет квадроцикла,23934e64b8890e94,3,8,True,2.1719460487365723
unseen_text,3e22d0829475bbc84b5fa1cc,услуги разнорабочих,01f14170b1852fc9,6,4,True,1.9915034770965576
unseen_text,3e4253c6801ca5d6ee7a97ff,демонтировать ламинат,12eb0ed97b05715e,1,1,True,1.3158972263336182
unseen_text,3f091fff4e107a800229665f,мастер по увеличению губ,fdcd699ce98f3d87,14,13,True,5.937375068664551
unseen_text,3faf8b5f46b56b5700644aa3,английский для репетиторов,043988ef1343f626,15,5,True,0.9262566566467285
unseen_text,3fe8c5c53144e2facbf56f5a,внесение изменений в конструкцию автомобиля,88540531487463b6,5,4,True,14.807008743286133
unseen_text,3ff910dcb8fcf26810b634a3,монтаж скрытого плинтуса,5a9c69c694601350,3,2,True,1.4577598571777344
unseen_text,40385093824aa446bc9901ed,ремонт перемотка динамиков,d9e8fcc2c7c82c16,6,5,False,
unseen_text,403aa0f2e3737836b3148f66,швея портной,b5eba0e55d8accbf,1,1,True,3.5708603858947754
unseen_text,4093f64fcf9dd38be49562bd,вспашка культивация,fff0c0210482f817,1,2,True,0.812896728515625
unseen_text,40bd0ad156a3014a4cf2bd0e,установка музыки в автомобили,8f10c9a3bbf86cb5,1,1,True,6.839430332183838
unseen_text,41a8bfbf0e6cdcd7ef44987b,домофон мастер,58300ca933f040f5,1,2,True,7.41046142578125
unseen_text,4247d2c019373332a565eb26,репетитор математики,d7fac9abb2e67ffd,38,50,True,1.6485326290130615
unseen_text,4281087fd870cff4bae95700,вставить дверь,67f2be1f437466cb,1,1,True,1.7697830200195312
unseen_text,4325ee8b91b25e050577c98d,аренда фрезера по дереву,208057f25a3ccacc,2,2,True,2.6380510330200195
unseen_text,4357b4b7f2ce0778f88ff7da,вывоз мусора печатники,81ce830d4984ac92,75,40,True,13.621021270751953
unseen_text,43833ad9ed33ba8d3fe8b9a8,прием металолома,c7982c24f63c25c0,43,24,False,
unseen_text,439a537f5e27972bc6bd154b,замена раковины  в кухонном гарнитуре,f130be02e7dd1e34,1,1,True,5.287253379821777
unseen_text,439dc6683621985542bb30b2,автобус межгород,5e33b284ba2a0fdc,18,16,True,0.5751950740814209
unseen_text,439eb446fe871fcdc3bb0f5d,армянский ансамбль,9f69ed262f0a1c59,1,1,True,1.5385468006134033
unseen_text,43ab4c77a64adfaa8aec882b,скупка шин,59bd0a1e1adafbd6,3,2,True,7.338202476501465
unseen_text,440ab92d6bf7e403a6d03627,косметолог увеличение губ,0b98c0bb5d56fda5,5,5,True,4.003476142883301
unseen_text,440cab6baf5b1a6a7f4876c1,баня с мангалом,7d3086bf13a1c4e9,14,16,True,2.368062734603882
unseen_text,443624e998e5eba94e6d9fd9,заправка кондиционера машины,5b34237811c7bd67,1,1,True,8.038942337036133
unseen_text,443a1cb79df6c031d120926f,личный инструктор по фитнесу,7c1ad848f754f297,2,2,True,3.32576847076416
unseen_text,44517627bac4d26ff606c7e9,сваи фундамент,6c386f1157ebb689,3,2,True,0.08308813720941544
unseen_text,448eb91f6425c0fcb20ddd6b,удаление новообразований,7dcb904bf8cda87d,3,2,False,
unseen_text,44ca7551019cdf7bae9e7eba,сабельная пила аренда,9bdaa86245fb7a79,5,6,True,5.332997798919678
unseen_text,450c0d48627c34b5312b1c4a,авто из белоруссии,9cbf1b7772e2900e,2,2,True,0.12483643740415573
unseen_text,45904a50fcfb75fd10357a74,ремонт стеклоподъемников,caaed96e63f9737b,2,3,True,8.768397331237793
unseen_text,463db70b2dae4aa86877001d,прошить ps4,a18dc45781b489b4,9,10,True,1.4892334938049316
unseen_text,464bce404d16ed020b3ad4ae,замена кухонных столешниц,6b02cf20c68ffd76,33,39,True,1.0048367977142334
unseen_text,4652ed355793fae088f386d4,ростов донецк,b7f3d182e467c581,24,19,True,7.1574201583862305
unseen_text,46916144e715996e4513737f,монтажник зеркал,3916abfdbbdb14ef,1,2,False,33.34677505493164
unseen_text,47b476ed9ea26157eb14ffe9,сколы на лобовом,bf430fbfc607a0bc,1,1,False,
unseen_text,47cbd44e86d5685d0c7cdf3c,снять кабинет в аренду,2467f22d0aa0da1d,5,5,True,5.355566501617432
unseen_text,481059d98f37d8b45aae6b6e,скупка смарт часов,7473a25c034261b5,1,1,True,3.8344335556030273
unseen_text,48ac94bf6e474cd2a6e7f003,неоновая вывеска на заказ,12c105de3ed0553f,6,2,True,5.6429243087768555
unseen_text,4901a5af5d8ea6fa1d5e6b3d,чертежи в компасе,5b718608877ded8a,5,4,True,4.192300548311323e-05
unseen_text,4939a2ba3818ee97d9cb4234,ремонт литиевых аккумуляторов,4b6032c96acc059f,1,1,True,4.261818885803223
unseen_text,49910714bde0ca3f3c187db6,грузоперевозки 3 тонны,3655bd0408a33c54,7,7,True,0.47686973214149475
unseen_text,49a04b9c52bf6636cf2e17bd,окрашивание волос модель рыжый,a6e9922e3165605b,320,328,False,
unseen_text,4a951602e0768f2599d7fe1f,составить бизнес план,37f7fe55caecf885,2,2,True,2.0077624320983887
unseen_text,4c26733dec7650fa543c05a8,сценарист,f1d969b4777e1b44,2,1,False,
unseen_text,4c47dee6500b7b12af3a8b2a,первичная аккредитация,9448331cf9b5f5eb,4,3,False,
unseen_text,4cc8e5903068f4c39153e8ee,кафельщик работа,adffab5d3d42ea08,25,18,True,9.070126543520018e-05
unseen_text,4d68c0a412a7da4a16cd4e70,услуги переезда с грузчиками,e27a0c91b5989471,18,19,True,12.531606674194336
unseen_text,4e4b1c8b887613ea9540a060,pdr,de897ee22d599eaf,51,33,False,
unseen_text,4e575cc63561eeba689c92f8,поездка на мотоцикле,14a97e170cb542e5,1,2,True,0.9021602869033813
unseen_text,4e575cc63561eeba689c92f8,поездка на мотоцикле,f8cee8bc7da592e8,2,1,True,3.373729705810547
unseen_text,4e734d10df402739f03e2de1,септик из бетонных колец под ключ,f54b57e7ba72754a,4,3,False,
unseen_text,4eb3f1388115c2bf1075d32f,хорарный вопрос,37de9880844c68c0,1,1,True,0.07235630601644516
unseen_text,4ed2064143d07e50fbedf998,педикюр подолог,3ce300d59dd16a2c,28,21,True,0.6477547883987427
unseen_text,505d5f394da0edd1a88f12be,наращивание ресниц 2d,97acafbf2ead0b5b,6,5,False,
unseen_text,514e603f343b606557dc7062,свадебный образ,7af7960ce2f3a11b,27,19,True,1.5243022441864014
unseen_text,51b3bf9141044bdf6714904c,скупка моторов двс,f2df53cf2f6b90b2,16,6,True,1.2438491467037238e-05
unseen_text,51f6f9065808571d5d28107f,косметология,ad165dde6a59f0c5,5,5,True,7.243221282958984
unseen_text,51fff93362627c2f235b76f6,пескоструйка,dbe0e34de40c81b0,3,4,True,0.33849236369132996
unseen_text,5215bb2bbee27ebceab68ff6,скупка монет ссср,7f4a9990ba94c634,6,6,False,
unseen_text,52559ba2a7427b8616af63e6,регистрация по месту жительства,188f79b7ac4ea20e,22,18,True,4.734847545623779
unseen_text,52ad1e0308b92a5da999b834,реставрация керамогранита,ff69532f9593167b,37,28,False,28.338356018066406
unseen_text,52e573fd6dc661cab6569013,изготовление вывесок,838d3c2de5daa77c,2,1,True,2.673400402069092
unseen_text,531c090e1e93b0b136bd80a7,заправка кондера в авто,cfdfb24279bcaaa2,2,2,True,6.758324146270752
unseen_text,535c9bd2aecdc15f6aa51865,выкуп электроники,4059db0a6eae773f,3,2,True,3.79879093170166
unseen_text,535c9bd2aecdc15f6aa51865,выкуп электроники,453418e142d370c9,2,3,True,1.4298641681671143
unseen_text,5374f278afa574e9738ea749,скупка стекла,c98dd72b7d3b005d,1,1,False,
unseen_text,53b5faa4c276a71f2b0de6cf,ремонт откосов,2cf24633f4199216,3,3,True,0.0
unseen_text,54511deb3cf0c59d750c4502,аренда террасы,6c844da09479f1cf,400,297,True,6.908931255340576
unseen_text,548808be23a0ea698b532157,вскрытие замков дверей квартиры,4e68d772c5078545,2,1,True,0.6836642026901245
unseen_text,54f262fc637a1bbbea329d7b,газель по городу,c7048432313d7c8b,28,28,True,1.8969686031341553
unseen_text,5560a8624e63b9c050fdc60f,шелкография,e0f455180b6dcdca,1,1,True,14.68798828125
unseen_text,55b1b6bc11a2bcc32afc42fd,штроборез в аренду,3acfa3686dfce1c1,20,17,True,5.246262073516846
unseen_text,55ca0d0ad242a3e244f1d546,коррекция тату,234e5c4992ebc39e,6,5,True,9.997858047485352
unseen_text,55f60e0e3d3d6bf2dd1559f5,натяжные стены тихие,1be10f054b5a519f,1,1,False,
unseen_text,56097063ad0acb914e9b0365,замена шкворней,dbce93de3d408363,19,15,True,4.158856391906738
unseen_text,56522e00f757e318ef491ad7,скупка кислородных баллонов,3dc36b74442899df,2,1,True,7.744034767150879
unseen_text,56f329edf9dbbf278c36106c,вывоз старой плиты,3f61c7a8c23d741c,24,24,False,
unseen_text,57572e2e78551c5619f19613,ламинирование волос,e3369b99181e22e0,26,25,True,1.8291893005371094
unseen_text,57a5ab3564b709ff553f9539,услуги сваекрута,69c40c7640de7372,9,21,True,5.142019748687744
unseen_text,57c0f63c9907ac51e3dbe11d,аренда автобуса на свадьбу,a654fe555342ac80,1,2,False,
unseen_text,58339e79e5e4a6a948c5ec12,прокат посуды,628d48658e2a1fa8,6,5,True,5.063084602355957
unseen_text,58784b72c14e701238326af5,перевозка замороженных продуктов,47a796db34431eb3,3,9,False,
unseen_text,58fee2c24d1ea8005b9257bf,медведя федерико феллини,dc0a48efd8ae4d1e,4,5,True,1.1403915882110596
unseen_text,5915c00fcfb802535502db7f,записаться на ресницы,060ee8da73c3a45e,52,44,True,4.539277076721191
unseen_text,599e330ddcde06c8cd0906e2,ремонт мониторов,a85baed12dcffac7,20,26,True,2.3392155170440674
unseen_text,599e330ddcde06c8cd0906e2,ремонт мониторов,cf8b881b52188f2b,11,10,True,6.1705546379089355
unseen_text,5ae602dd3f11d7a6a46d6f61,рыбалка на белом море,485be15e157d029c,3,2,False,
unseen_text,5aed053fe64f26ba10ad8fb0,скупка айфонов на запчасти,b2b384e9fb391ed9,22,20,True,11.239115715026855
unseen_text,5b420f004bb22bf9a30ac5f7,реставрация мрамора,da94da6d3039ffa1,60,54,False,
unseen_text,5c67bbe91b4fcc3c2a5cb201,русификация китайских автомобилей,b2bbe519f8bea8e2,1,1,True,0.7329857349395752
unseen_text,5c7ae81cdc257202e436c79f,курсы обучение наращивание ресниц,c266e74c2caac9c1,11,6,True,11.497187614440918
unseen_text,5cadd5a3606b06a498c4959b,продать авто на разбор,67ac06eb0a0b5cd7,1,2,True,0.07860562205314636
unseen_text,5cbd59aa7c4f530befaf6e7f,ремонт мобильных телефонов,d7a4b71681dde693,1,6,True,8.21335220336914
unseen_text,5d33483590e75fefcf5d76be,автосервис ниссан,9c989a4d60f80534,1,1,True,11.435126304626465
unseen_text,5d4c13e46e9b889f9936d18e,шпаклевка стен под обои,0dbd703524b9d9b4,13,9,True,1.942167043685913
unseen_text,5d88d2e2c0257db2e854f619,кастрация крыс,755ef6a61fca4064,2,2,True,3.3839402198791504
unseen_text,5dc3662c682e3ed8330cf8b5,аренда автомобиля с водителем s class,dc4874ca502a0f67,8,10,True,0.49603256583213806
unseen_text,5dc698e7c0560409d59c5cfd,слесарь ремонт замков двери,ad86a4dfd1f1aa0e,4,3,True,11.525322914123535
unseen_text,5dd513a845e7e6c2654acab8,стирка ковров с вывозом,2e6bc1d9ab150d00,11,8,True,3.4057207107543945
unseen_text,5efb7cf46b32768618c6f097,волосковые брови,837eb5f84d2b09d3,3,7,True,9.033207893371582
unseen_text,5f0d5d9ea0e214e0734e4d5d,репетитор по флейте,fd250f8748520750,45,46,True,7.62261962890625
unseen_text,6081417e4111f0c8fdb4285c,экспертиза квартиры,066b782c3e6be096,1,1,True,0.7966738939285278
unseen_text,608237cda5c298eeb3cd223d,автоперевозки,f1f7c0e76f4ccc3a,26,27,True,0.2034277617931366
unseen_text,609be1e3e2125ac2fcacf9ea,лабораторное шоу аниматоры,7b5d555711eda13b,21,21,True,1.1333940029144287
unseen_text,61834e30f2a8b96acaa97669,дома из клееного бруса,9c9ef9b83610818e,4,4,True,9.514788627624512
unseen_text,619151dcaca7a98cf6f33375,восстановить телеграмм,d0f23e16ae9b455f,1,1,True,1.4894042015075684
unseen_text,619657b19bb59d3dc6968fef,вывоз грунта,61997d677044cdd2,12,13,True,8.923826217651367
unseen_text,619657b19bb59d3dc6968fef,вывоз грунта,685d7694447725f7,2,3,True,0.0
unseen_text,61d6608b58a626c9751c9a19,баня кумысная поляна,462a82304fd80c31,2,4,True,9.146733283996582
unseen_text,61e0827eaf21e9cf4b7c9969,написание статьи вак,c21a1d8e1e1319d9,8,7,True,0.3737698197364807
unseen_text,61f7804bc7f8cc199dc01d5d,табличка из нержавейки на крест,6b3350b07fa31f22,1,1,True,1.7045624256134033
unseen_text,620178d42e2acf93daabb240,вывоз ненужной мебели бесплатно,95297ea5891c3c19,12,11,True,3.931119918823242
unseen_text,620178d42e2acf93daabb240,вывоз ненужной мебели бесплатно,d7617a260856df4e,16,16,True,5.471506118774414
unseen_text,621278a99d5f276e2c43eed2,отдых,d53d8681d5677978,2,1,False,
unseen_text,623cb6f957b656d9430fe690,липолиз,662bb3dbd45a079c,2,2,True,3.1883459091186523
unseen_text,6299af6f9a3fc5b3a0751635,заберу металлолома,d5dcd39e85ac22c3,8,8,True,9.653087615966797
unseen_text,62f909ec0df8654d9c6c1a87,учитель гитары,4a253091220bccd9,6,5,True,2.033034086227417
unseen_text,631d92a2acb02e1d4a141b7e,сантехнические перегородки,c5c466c5c692b086,0,0,False,
unseen_text,6396ef4510f51109e9394d9d,грузо такси,feb0273079ab7075,12,11,True,15.760246276855469
unseen_text,63b5865612c6704a469f571c,услуги электрика электромонтаж,cb6f7ad2206d6cb2,1,2,False,17.506792068481445
unseen_text,63f2d63ebba7001a1022f449,сборщик кухни,b164f00c40a01479,16,16,True,6.642044544219971
unseen_text,642371d95f9b8259c15444fa,услуги юриста бесплатная консультация,33804a3116377a2b,2,2,True,3.128251075744629
unseen_text,649f29f6cc3a546280d9c4d7,рефенансирование кредита,2270edb7ce0606d6,1,1,True,0.333389014005661
unseen_text,64a840ba6c2e625559d5b466,укладка волос прически,6aa703c955f86827,1,2,True,3.522350788116455
unseen_text,64bbafe552fc4acf296791f4,аренда стремянки,2ed43ce1ec590ad8,4,4,True,4.967053413391113
unseen_text,64ebaf2235b66837e19a3d26,1 с,098c32654b882687,6,5,True,2.7714383602142334
unseen_text,650237996935749da72af3c1,виза в китай,c176988f33280a4e,2,1,False,
unseen_text,6534edfe82166bfb712fda08,отделка бани,9e5bf3976333abb5,2,2,True,7.63340067351237e-05
unseen_text,655e3ab5c0d32ce2f5b76b0a,собеседник на час мужчина,ee971d363f681bc4,1,1,False,
unseen_text,6568a627be692fb735eedae9,установка системы очистки воды,c631ca503d6a9877,1,1,True,3.258819103240967
unseen_text,656dfbfc8d5387f224f409a1,снос домов,7d79e01c72ef638e,1,2,True,0.615864634513855
unseen_text,65bc3bac07fff193dfe6bbd0,трансфер маршрутка,f0f7965e9841a654,2,1,True,10.575352668762207
unseen_text,65e6d23bf2cd7c181d849f64,семейный адвокат,2bfa19cbbf2c1c9b,12,16,True,2.015254020690918
unseen_text,6692e56f32bdfeb3b6119945,мужской психолог,5030ee1734a2f715,3,3,True,3.204890727996826
unseen_text,66c5e742ec3151e18ca38ab0,услуги по переезду,beba81a4dc0dad52,2,2,True,0.5035524368286133
unseen_text,66c6371fe22a29045aaaa2ec,почасовая аренда массажного кабинета,a9c300289e1c7228,20,20,True,3.1903977394104004
unseen_text,66d4a051d0c2565d8ef1ce4e,шары цифры,93d749d62da43536,6,8,True,11.824079513549805
unseen_text,66f5403a2e51b6793bb81824,аренда оборудования,ed08406aa367f62a,96,71,True,9.043357849121094
unseen_text,6733e9e82fb089f9601eb7da,видеосъемка,9755751c97420360,1,1,True,7.2758378982543945
unseen_text,685adf7d3bd3fe45ca3c440c,изготовление статуэток,2fb3afdb0e29ed25,171,108,True,11.56730842590332
unseen_text,689a8a9d1df0bdb874708cc0,обучение массажу,5ec0d2620ed2078d,2,1,True,5.27716588973999
unseen_text,689efdec344c06a560dfde29,сварочные работы аргон,fe25a94baa53da71,6,3,True,7.419939041137695
unseen_text,689f78c985c83d50fa7ea975,прическа на выпускной в школу,b5ac17a8057798c3,17,16,True,4.831427097320557
unseen_text,697bd82ee7390e1ac3df9fb3,установка стеновых панелей,78ec46514bf12081,1,1,False,
unseen_text,69a3acb6759e74719ccd67ed,газонный каток в аренду,d2e8104d8e714b85,1,1,False,
unseen_text,69e552bc67b838c8ecd26ff5,услуги ямобура бурение,819fbcc0be9a0b24,7,6,True,5.555514335632324
unseen_text,6b435ba117274ddc3bd78f1d,снести стену,d0710a181e4fd140,9,7,True,2.642550230026245
unseen_text,6b86863dd7278e2c44fad8d9,скупка вывоз и утилизация бытовой техники,0d0d772e26e63e0a,2,1,True,5.969738960266113
unseen_text,6bb5c4364871bc0ab567809d,обучение педикюр,0f264e4b2151ea4d,14,12,True,4.444614887237549
unseen_text,6bf49773fd96aa37a70c31ae,доставка мебели по городу кемерово,2eec108ed71771b2,26,12,False,
unseen_text,6bff2e6ef63aa281199ded33,скупка мотоциклов,f3aed6ba289e54e1,31,69,False,1646.5394287109375
unseen_text,6c780c2b4d7cc89177d2a209,спутниковый интернет,ed4100e00e6e0431,2,2,True,0.7058688402175903
unseen_text,6ce15352c64f5edcd63b3688,аренда обжим,bc06cdf3336c1b7a,15,15,True,6.046327590942383
unseen_text,6cea5d9c7f0953949cf803af,вынос старой мебели из квартиры,84c2c968f5cc082c,10,9,False,
unseen_text,6d0fc8416389707aff63c53a,инструктор по вождению lada granta,39f92506cb463b6d,12,11,True,5.6141486167907715
unseen_text,6e097d102e428235a19ab40e,ретушь фотографий на памятник,be5798cf2fb7c96b,1,1,True,0.24477419257164001
unseen_text,6e1efc155a429b8b3cd739a3,просушка квартиры после затопления,da50d5a007a51d66,1,1,True,0.7421635389328003
unseen_text,6e6d601d78cceec19ded7d56,разблокировать iphone,e9d7780d11e006da,2,2,False,
unseen_text,6e925018b290d1124025216b,аренда салона красоты,84e12bf0bde7d7a2,5,2,True,3.848949432373047
unseen_text,6f3aeacf405ac634582f563e,мастер по напольным покрытиям,91d21b0b42988d6f,28,24,True,17.82892608642578
unseen_text,6f5b5185c9ed085c550d24c8,реанимация растений,77e8640a2127a1de,1,1,True,0.8895716667175293
unseen_text,6f92ae7f9e888718b341aa4a,удаление краш даты,ad4782979df560f8,5,6,False,
unseen_text,6fcffbef5e43c700600b7572,полиграфические услуги,d22ea9950e1f2bb0,1,1,True,5.517452716827393
unseen_text,6fddbfd3bbe1dc66c1b6f56e,технический проект планировки,954303438bc322af,2,1,True,4.922426700592041
unseen_text,7028e966c520fc23181282f1,дверные проемы,76ba1ceb053ddc38,2,2,True,3.5153183937072754
unseen_text,7034d4fcf30a3f739119c290,макаронс,daa962a83834fe64,18,15,False,
unseen_text,7077c015c694a714f97544d6,заправка фрионом,09db7cd3ca38a683,2,1,True,1.120774269104004
unseen_text,70a445f791d79a2b8f00c8ac,изготовление штампа,1b46d6e81c5b7bdb,1,1,True,1.8144347667694092
unseen_text,714cf445c1d327453f9aab2e,услуги педикюра,51b2bac0fccf09a5,3,5,True,0.325392484664917
unseen_text,71731a2f78f7541c6541ef88,промывка отопления,1153109aa25d66ff,3,1,True,0.9070698022842407
unseen_text,71731a2f78f7541c6541ef88,промывка отопления,62ec5854e27205e7,2,2,True,1.3234672546386719
unseen_text,721df29b330347c3a41171bf,открыть машину ло,8bd1e2fc072482dc,1,2,False,
unseen_text,721ef7d19fff33a48a0e403b,power query,23ff746599b9419c,2,3,False,
unseen_text,722aba67395afbd7c57e8cbb,банщик,a4e52585182a613f,1,1,True,0.8221337795257568
unseen_text,7255c291d8ddc3630922f261,ремонт тентов полуприцепов,55307b87db24bae2,2,2,True,11.114832878112793
unseen_text,729c0b77b5133868f5eca13f,монолитчики,96d1eaa3dbed6fa2,18,28,False,
unseen_text,72f9cd085cf811d2f77eaac6,доставка земли грунта,ad9ecf7bcf436436,1,1,True,0.0
unseen_text,737b454fd6ed696c7a5cb806,отсыпка участка выравнивание,9343f61ea6f7cc2a,3,3,True,8.733420372009277
unseen_text,73ba7455e5f5a9b1c4fa6c54,гальваника,6545292c18a213c5,3,7,False,
unseen_text,73c142e19f6e50d07d9909b8,замена счетчиков воды,51999ac02dd8e17e,1,1,True,0.0
unseen_text,73c24e07de36b21c69698251,сварка аргоном выезд,fe6266304dd8841f,6,9,True,15.061006546020508
unseen_text,753c9360b7d2d23cb4f7677c,3д печать на заказ,6f3e41f6c4bfeb65,7,6,True,5.276220321655273
unseen_text,7631ddec27e2ae261870326e,подготовка к школе 1 класс,a4480df601061706,1,1,True,0.6045706272125244
unseen_text,7642d75f03ef7b595d534700,татуаж,df8f7de9ef53f4de,4,4,True,2.9380040168762207
unseen_text,76e5e25c66700e93026dce19,курсы кройки и шитья,17a56aaaf4d7955b,5,8,False,
unseen_text,77645fb0b4eeb92cbb2bb9ec,принимаем катализаторы,751e2d3faa572cd4,2,3,False,
unseen_text,77a791379107bacda7fa15ba,кладка газоблока,71a0ae9e89966270,8,7,False,
unseen_text,78b232507d602b02d4ece50f,памятник из гранита,45fd751cc3f35c97,3,2,True,12.441346168518066
unseen_text,78c9f053621ceaa113360465,образ невесты,2b6f98f82ef26f6e,14,12,True,1.0657835006713867
unseen_text,78dd7bd221a90f0a5d185b9f,кровельные работы,a22c179117cf34aa,1,1,True,3.1294450759887695
unseen_text,78ee778cdf377e416936d8e1,груминг с выездом на дом,3169922d3ddfa0ec,5,4,True,0.24327757954597473
unseen_text,78eec6722fb8b5ee1b2edf7b,аренда kia k5 на свадьбу,09160b68f1490335,1,1,True,2.0465636253356934
unseen_text,796a17a24f13d025355793ac,платная рыбалка,5a89ae5b1bd735b4,214,377,False,
unseen_text,797c9b5fde9afd1747911c61,перетяжка кухонных фасадов пленкой,1e2c720a9b26a9d9,2,2,True,14.448830604553223
unseen_text,7a9ceb34bb7f749b26385108,установка напольных плинтусов,eca97991c2dcd4c6,3,1,True,9.239057540893555
unseen_text,7a9d31690fbcf59e96d23235,аренда тепловизор,44b9dc2d96cccb2d,1,1,True,0.0
unseen_text,7b092f3ab456670944b0c239,иглоукалывание,899587f385b239f1,1,1,True,0.2832738161087036
unseen_text,7b0d38bceff0880411a398d1,юрист по вопросам жкх,95933b7e263c2ffd,1,1,True,1.741706132888794
unseen_text,7b777105f038406e27e88b9b,отсыпка щебнем,6ce083b69e8a82e7,1,1,True,0.06637673079967499
unseen_text,7bf2f91b08046a4e51da11ae,аренда помещение для праздника,d7a82c5ded18b8db,1,2,True,4.848746299743652
unseen_text,7c2bb4e89ae957aa2dbd1cf4,аренда электровелосипеда u2,1409f2dec65c57fb,9,11,True,6.302414894104004
unseen_text,7c57a20250cb91edf97c6e8b,монтаж гипсокартона,de176eeaafcdd6ea,3,2,True,20.687597274780273
unseen_text,7c87081528b7409a8dab59aa,вывеска реклама,838d3c2de5daa77c,1,1,True,2.673400402069092
unseen_text,7ce390dafe2588a24a967813,вывоз мусора контейнером 20 м3,ada9ce31136e5ed2,12,12,True,1.0555357933044434
unseen_text,7e1ff72b9479ce772733d737,скупка катализатора,f5e8e8620701c40a,1,1,True,0.00015678485215175897
unseen_text,7e4e0b39e600913579ba5492,перевозка посылок из калининграда в россию,bee1ab3becb3ceba,1,2,False,
unseen_text,7e8c33701fabbe147be9dfc0,установка мдф панелей на двери,48e861b84cd051c1,1,1,True,3.851569175720215
unseen_text,7eaa3a8c182933078b79b825,поездки геленджик  с горячего,c10919ba1a628278,1,1,True,0.0
unseen_text,7f0bb2b6ddc04aa1b6cc933d,машинная вышивка на заказ на одежде,7d4ce0b45449151f,7,6,True,2.568618059158325
unseen_text,7f66f2612561159108efe013,электровелосипед,86c6ec6cfefb277c,2,2,True,3.200183391571045
unseen_text,7f853fd4ccc0f1cf2bcf8946,вспахать участок мини тракторои,e6fb934a0cd872a2,1,1,True,3.315530776977539
unseen_text,7ffb32c094ff42132a41d0fd,обустройство скважины,437264c4309935af,1,1,True,9.679641723632812
unseen_text,800eaa1642100a64b5bf1588,ремонт партативной электростанции,30c143cddaaa20e1,1,1,False,
unseen_text,80661859c374706d01d82c5d,промышленная безопасность,033226f7b2389fcc,9,9,True,5.9865593910217285
unseen_text,8068b343cfc703d9b056f0d6,такси из астаны,27615c020b3fd037,1,3,True,5.595994472503662
unseen_text,807bdd4ab2e51e4e976a916f,баня с чаном в аренду,6caf4d2af291f30c,4,4,True,10.174490928649902
unseen_text,809efb621093c30cf7702756,африканские косички,823133a824f937a0,1,1,True,3.7409915924072266
unseen_text,80fde39144702db46177edf9,мойка днища на подъемнике,a1be27af9fba9bac,3,3,True,6.3723978996276855
unseen_text,810c53415a82a9106b42562a,чистка подушек,3bb4d075cda286e4,1,1,True,6.033544063568115
unseen_text,810f009bea9a321c59534d31,ремонт холодильного оборудования,09db7cd3ca38a683,9,8,True,1.120774269104004
unseen_text,814c60dc28d0cd7a285a62e0,ремонт нинтендо свич,8e4f01f4be020d5d,1,1,True,1.222823143005371
unseen_text,814db22045d2690b53a99b3d,обучение прическам,06d64644d48c985c,31,36,True,2.864684581756592
unseen_text,814db22045d2690b53a99b3d,обучение прическам,f2273b0502bec44d,21,20,True,16.572633743286133
unseen_text,814eb8ebfd00974d89ecc5b2,заливка бетонного пола в гараже,2393d19273321299,3,3,False,
unseen_text,818e60e3fded3e3d40ff1b56,тренер по шахматам,104da90f582eb10b,3,3,True,5.451728343963623
unseen_text,820951fbd4225935e7e2d531,аренда дома с чаном и баней,dc8782713c848a24,2,3,True,5.991844177246094
unseen_text,82acb48fdb5cd846b8777b3a,ремонт велосипедов на дому,ddbeb71561ec5726,1,1,True,11.86030101776123
unseen_text,83525d2cedf6cbbb39abca2f,восстановить удаленные файлы,107c10c95b81059a,5,5,True,1.1304707527160645
unseen_text,8354c3ac0db922289136dea4,трансфер грузия,4494aa11cbdc2d65,28,32,True,4.20242977142334
unseen_text,836711f25e56c388d53dec83,замена катализатора киа рио 3,c6e8e52bff99bc86,3,3,False,
unseen_text,84ee33cfb7981b78b36a1f62,обучение excel,ab8555ca60e80a3f,17,17,True,0.3737698197364807
unseen_text,84ee33cfb7981b78b36a1f62,обучение excel,cf204bba0f132647,6,6,True,5.34811544418335
unseen_text,85a8d4e0b1909c4796287fa6,чистка ковров на дому,b29e0ba187ea1f6a,11,18,True,18.713396072387695
unseen_text,85fd755ec4146d3842275134,химчистка салона авто,36fc18b85678be80,1,1,True,13.112778663635254
unseen_text,86db694a8eff8f1448164057,услуги крана манипулятора,06600bdf196e7688,3,3,True,7.130051612854004
unseen_text,86e9eea1e9363f534350e6ca,ассенизация,45014126c2fbff83,165,146,False,
unseen_text,8789f7026239dac90beec09b,шатуш,eb98f277f6c8ee7a,8,7,True,7.002264022827148
unseen_text,8818a480a2f2d264f11f7e4b,починка iphone,4227180ff2ca330b,9,8,True,0.5068429708480835
unseen_text,888f70e45cac5a1a36f89f79,аренда мебели,aa6abd2b4756937f,177,80,True,3.4088053703308105
unseen_text,8893b6492252810e9ce9a9cd,пирсинг модель,0c3e18e57697d890,1,1,True,1.6243722438812256
unseen_text,889ba46ed8db70f0ed57acfd,фундамент под ключ,bdadbff11b32ab7a,1,2,True,1.3679554462432861
unseen_text,8a9e9162a798cc173c4e4150,сделать ключ от домофона,c5762075532c0e7e,1,1,True,0.4606950283050537
unseen_text,8affe98cd9a8aa7c35b904ab,преподаватель по вокалу,abfa2cb600c6c899,1,1,True,7.232670783996582
unseen_text,8b01d1a9f85a9d6dae786fbc,детали машин,931a512a18e4dc11,0,0,False,
unseen_text,8bec7f5f00adbabdf7390d6b,ремонт электро самокатов,ea404f6fb1944c33,1,1,True,0.9742962121963501
unseen_text,8c04d0d26a1f2c91ad050165,кудри,8139973486e3ece0,6,6,True,2.89149808883667
unseen_text,8c6a33158e8dc032b78aacf1,аренда porsche,425651af4ae31bfe,160,208,False,
unseen_text,8c857edcb18c3961b77d799e,наращивание цветных прядей,5fea3db5bc93a441,1,1,True,3.54061222076416
unseen_text,8c8cc167dbfe8518babf63b5,заточка,292647966ff8a4a1,14,6,True,6.8689703941345215
unseen_text,8cce1ab3adab73f89e00538a,грузоперевозки газель маленькая,c6daeb84b3c6598e,1,2,True,5.313197612762451
unseen_text,8cf3516a7d9d7c96b49bd7f8,оформление гбо на автомобиль,8c1601d5475ca8b7,11,12,False,
unseen_text,8d32af30a49db48d37573bc0,печать фотографий в стиле polaroid,75240e87a957dc37,1,1,False,
unseen_text,8d344d38942fa49ce4717f4b,печать журналов,f6220c012a41e5b5,2,1,True,0.0025591510348021984
unseen_text,8e19c5a5530ee11fec9dbdeb,сборка кухонного гарнитура,ab8e725aa4c563e4,1,1,True,0.33809590339660645
unseen_text,8e5c85ce266ae53229639d9b,семейный домик с баней,e8dac8ac6fe0a3a9,4,3,True,29.841564178466797
unseen_text,8eb88ca28f12b7a0489078eb,моющий пылесос для мебели в аренду,428940970910607e,3,4,True,0.29931727051734924
unseen_text,8ed2d4a018119a3687ffeae8,маникюр наращивание модель,80d9c1619eae00e0,24,25,True,2.4072117805480957
unseen_text,8f063eb9001f5c14d37fd3bd,аренда газонокосилки,596193bfaafd1186,1,1,True,7.997220039367676
unseen_text,8f0cb03ddcafcc56ca046d96,устаноака кондиционера,883ba2c8cc98e438,15,15,True,10.802009582519531
unseen_text,8f3a48e89d6e9b794476cbac,заказать мишку,1120408a6a4ada34,5,6,True,2.6095898151397705
unseen_text,8f4d958fe1282a4ca6422dc6,заливка бетона во дворе,b1389d0af0813312,1,1,True,3.304274082183838
unseen_text,8fa7df2f0e80b164dd2a0ed7,беседки для отдыха,23c19a0ef0c109ba,9,10,True,4.535643577575684
unseen_text,8fa7df2f0e80b164dd2a0ed7,беседки для отдыха,46b138db81480fe7,7,7,True,3.6032629013061523
unseen_text,8fb11330f50762320ab99f56,компьютерные мастера,cbd745b92c194124,217,214,False,
unseen_text,90105390b2baaeda09e61b34,стрижка кошек выезд на дом,fc98730335ebb51c,10,13,True,3.197661876678467
unseen_text,90bc4942f0a8dbee312d69b6,замена насоса стиральной машины,e361256d77b8a6de,5,4,True,4.599942684173584
unseen_text,90becf9edf9eeb4e64867011,разработка мобильных приложений,d43e23867224dae1,2,5,True,1.1404409408569336
unseen_text,90eb08e4ac4b9d5c9eb50165,передержка кошек на время отпуска,ce826138137e4505,1,1,True,8.000090599060059
unseen_text,912544c16811c09caf834521,рабочие по ремонту квартир,7f0cccb420a13a27,597,821,False,1224.4085693359375
unseen_text,91955adf1b103e5211cbd178,проектирование каркасных домов,55d1d0ab99386877,4,4,True,3.077518939971924
unseen_text,91d636ddc6dce440862e3230,покос травы трактором,ebb9452fb87bd514,1,1,True,0.00023203722957987338
unseen_text,922b1fbfd883a052bbe807de,учетная запись ps5,7f94668aafd67679,1,1,False,
unseen_text,923e4ec1a082773111319ebe,увлажнение губ,c4c6911e6b09c498,3,3,True,1.1216084957122803
unseen_text,928b446bda472ca156a233ee,переводчик английского,933bf72cae080b31,13,12,False,
unseen_text,92931d51d0c2ab0de724cbf7,установка печки в баню,1fe55c7dbc7bad06,3,4,True,0.9377721548080444
unseen_text,93068a37bc6cb9c490539875,пескоструй выезной,1fe7946745e824e3,1,1,True,0.04066881537437439
unseen_text,93dbc104b3ffc48e62a2e8ae,триколор тв,0f0ac74e2c42ecaf,2,2,True,12.661111831665039
unseen_text,942b5e01a1d3b585e01296bc,ава терапия,261919fb08ac108a,3,3,True,13.846174240112305
unseen_text,944ccd59eb9642270240cc72,кератин волос,e761e2341aa38bdc,16,9,True,6.105203151702881
unseen_text,944d057f68a780406337ee32,сухая стяжка,5c48715caf9b5d50,2,1,False,
unseen_text,9471a32bf8e853d8f03b3c4b,доставка по городу,228eaab5315ba763,11,10,True,1.3708937168121338
unseen_text,95d9102a27b8d3e18b355e49,уроки скрипки онлайн,038d08798685f7d5,16,13,False,
unseen_text,95efd271263f2a1625c57145,рисунок на стене,5833905b1d9b827e,19,41,False,218.50291442871094
unseen_text,95f4eb2a7e7caad97eca70ff,ведущий настольных игр,f2a9591eff067871,1,1,True,3.462186813354492
unseen_text,96129ab0ccf332a1bc0e67da,свой человек в сша,d9eaaa1822221924,36,42,False,107.39985656738281
unseen_text,96f01248ff315da94eab9174,эвакуатор 24 7 андрей,8e0a8fafa0710d82,4,2,False,
unseen_text,9714dda5e6549581b04d3da1,срочный выкуп квартир,0e1eb094bbc96eb9,1,1,True,1.2428293228149414
unseen_text,971a91ed49ea191a9f04710d,обслуживание сплит систем,2a73a0e37cc92363,6,6,True,8.423429489135742
unseen_text,973cbc8f1508d487180f5dfb,фронтальный погрузчик,06e9f8e449909e4b,1,1,True,0.00014344145893119276
unseen_text,973f835f512ca6c633b1c2e3,баня с бассейном на улице,119a6ebceae84904,3,2,True,2.971907138824463
unseen_text,973f835f512ca6c633b1c2e3,баня с бассейном на улице,2ce0479eb9106440,5,5,True,8.908317565917969
unseen_text,976caaecb5daf0c0e3e2f25f,промыть форсунки,08abc1950174f496,1,1,True,3.9507594108581543
unseen_text,97a1d4744ac6006e785dfe14,съемка рилс,dbf6f5529f0d8eab,22,22,False,
unseen_text,989a070c64cfbf4091ea449c,установить карниз для штор,cbd503986282092d,145,216,False,
unseen_text,98a0fb9bcf45f437451ec94f,выкуп товарных и складских остатков,3c21b930883b2b4a,7,6,False,
unseen_text,98f9eb6bcbff799871a32f9f,грузчики на час разнорабочие п��реезд вынос мусора,b948f3327405e1cf,1,1,True,5.284831523895264
unseen_text,98ff1f4a06c34215a9a1ae39,вспашка и культивация земли трактором,f6aec801305ef8bd,1,1,True,4.220080852508545
unseen_text,9935d124a5ee052345f3af77,разработка документов по охране труда,98a864d86c64721d,1,1,True,1.3657140731811523
unseen_text,994e242b6f62f80311e76305,аниматор голустян,5eb8bbff4c5fbefe,34,35,True,2.023106575012207
unseen_text,99bbdaaa242407efcb8018db,место для свадьбы,794f1411e1766b37,32,42,True,2.762244701385498
unseen_text,99e31e661b709a4ed9bfe450,проверка счетчиков воды,241d26fa5c2a4a6c,8,5,True,3.8865232467651367
unseen_text,99f8acb06acfab7c38f4aab8,автоключи,9234a5be62c1011e,1,1,True,4.926159858703613
unseen_text,9a048d2be3caf57e23fc69e5,ремонт пневматического оружия,a6e55c9326780f5a,22,19,False,
unseen_text,9a048d2be3caf57e23fc69e5,ремонт пневматического оружия,f9d3b416a25e49b1,1,1,False,
unseen_text,9a34463bcbb49217f638de44,аппаратный педикюр,3a8e702f64bef056,1,1,True,1.2295701503753662
unseen_text,9a5dc1ee782981b5f5d4158c,массаж мужчинам,cb67e6b7a40836f7,116,145,False,
unseen_text,9a62fbd10e978d7f8ca504a7,мастер холодильников,61e795558dbc3e36,5,5,True,6.529153347015381
unseen_text,9a6cc0645ce5dc48b0d2c932,модель брови,947b51cad26a3664,9,8,True,16.51221466064453
unseen_text,9b53e9d61fe4830308123329,электровелосипед аренда с выкупом,fb3c2eb315128640,1,1,True,2.1524758338928223
unseen_text,9ba26659d49dcd9fbe4a53b0,перевозки газель,fb2d710dc59b6ccc,6,4,True,0.24477419257164001
unseen_text,9c10ece37c8a7049e79edf7d,роблокс аниматор,614e11e6a2b86298,1,1,True,1.977156400680542
unseen_text,9c9860852bb191f77c9d05a3,курсы графического дизайна,d85029384488d414,1,1,False,
unseen_text,9ce6ebd2c58485dde3f032b6,ремонт выхлопной системы,c3a3452e8a707b8c,1,1,True,2.254068374633789
unseen_text,9d06de412a6d096271681955,лечение бруксизма,85b00c59257f5178,2,2,True,0.48481854796409607
unseen_text,9d7643fa07c7e9be232e5090,двойник,359192adbce8045f,12,12,False,1540.5831298828125
unseen_text,9db24e52cc2c077114a86510,абиссинская скважина бурение,68ee7e73bd1b84e3,4,4,True,2.0339391231536865
unseen_text,9dc6a0a54bb6543a03cdae57,спил деревьев обрезка веток,e284e5f9fd2f4e6e,8,9,True,20.144582748413086
unseen_text,9dd06590f9ea22239deb1deb,тяжелый дым,4236955cf3c56829,2,1,True,2.8527040481567383
unseen_text,9eb5a04261fa43b4884e36f5,маникюр алтуфьево,f32b940e96109c08,1,1,True,13.981029510498047
unseen_text,9f90415ce7c3a7b2bf79f24e,роспись стен,91e8e8b3713402b1,1,1,True,0.0
unseen_text,9fb4d93b7e3a324e00b8d3a1,ботокс в пятки,213b1586900fba7e,8,8,True,1.0265369415283203
unseen_text,a027ba923b45e56f81b9c11c,торт наполеон,74a2190c8dd84034,12,11,True,3.92891788482666
unseen_text,a04205d4262f63c45604ef42,выбить долги,8d4e5fc4c8d8d42a,2,10,True,0.8721672296524048
unseen_text,a062ffd0d6d37764fc9ba9b6,изготовление маскитных сеток,ab5c1ff6b1c8dfbf,46,38,True,4.688633441925049
unseen_text,a0a89f8fd472e9a3fa6ce967,вакцинация кошек,b8afe7c3613589e5,1,1,True,9.836479187011719
unseen_text,a0b1d6343a021c7eb5904c59,ремонт harman kardon go play,c758a13bf0cfc2cf,2,2,True,20.099843978881836
unseen_text,a0cc6251b36a4f6888755983,визитки по установке кондиционера,059db3a83c87a804,6,4,True,0.0
unseen_text,a0d937ac9c0f50b34e4f4b48,грузоперевозка,c89d17a5a64989ab,14,15,False,26.235164642333984
unseen_text,a1e69249adfdc5c0161022c8,трансфер гагра,d1fa4873e49c96c2,16,14,False,
unseen_text,a26aca6b5ae1673d8bbb7198,обучение наращиванию ресниц с трудоустройством,2b452ded0260b8c1,2,3,True,8.591656684875488
unseen_text,a27b0376df4be82fa7193668,музыканты на мероприятие,91e3c75777c93c71,6,6,True,1.9870765209197998
unseen_text,a290b8ab139d3b1077c6aee6,массажист на дом,b1aadb4bdb526758,20,14,True,2.680546998977661
unseen_text,a290d5c231c3d80dc5e029bc,выкуп битых авто,b9f8c48d820fdaed,1,1,True,1.4202418327331543
unseen_text,a2a92715337713f97fc7d10a,сборка шкафов,1eee3b0e6a2b509d,12,12,True,0.0002472051128279418
unseen_text,a32469d4b82d3cec4a1abfd4,услуги риэлтора,375468703d924b0a,4,2,True,5.12254524230957
unseen_text,a39fb852f36c799dc80181c2,собеседник друг на час,1beb8eadd8235e17,2,3,True,2.3643500804901123
unseen_text,a3db33fba143a7eef0331b3f,установка генератора для автозвука,2927924c9a3dfe64,1,1,False,
unseen_text,a3edc51369e0139ed4dc0a70,монтажный пистолет,4d30cb14e091a45e,7,4,True,1.2213146686553955
unseen_text,a4985c9326f08e94e8dd7ab9,монтаж антидроновой сетки,e375bc6d03376681,3,1,False,
unseen_text,a49fe68a47e26a9400c2f173,границы участка,a863757feb913159,1,1,True,3.312246799468994
unseen_text,a4d928588502467f9b8cc26b,трессы,f5d8ade07ed2db11,3,4,False,
unseen_text,a4e9df3c7bf364c72376630d,отмостка,5c0be2ce8810b0df,5,4,True,0.022402631118893623
unseen_text,a50f76439223176df97482a9,перевозки газель рефрижератор,7e1bb8630fc4d072,2,2,True,5.545748710632324
unseen_text,a5628321551195e8c7f68500,мтс домашний интернет,174105799169fdeb,1,1,True,3.7392001152038574
unseen_text,a5eaec3ec3b082f321bae97d,ремонт блоков управления стиральных машин,0a2a4b0d892dfe97,1,1,True,7.944965362548828
unseen_text,a5fff738a8a2018d2d70caf7,водородная раскоксовка двигателя,c93a002f5c02a804,1,1,True,6.04541015625
unseen_text,a76a1764045592333eab6734,скупка резины,fb140c357bf62764,1,1,True,6.859764099121094
unseen_text,a77d8fe6742619aad6d60fec,покошу траву каширский район,961d3bf7815bfb44,1,2,False,
unseen_text,a7fb8171335fe97cd0b133d0,эротичиский массаж,4c62cc2971024b19,94,86,True,2.726118564605713
unseen_text,a806b59cc20f3121fb8b3b33,обучение маникюр,bf2bfbe5b38ad4fb,4,4,True,1.7343156337738037
unseen_text,a80f3f1f8f8bf532e1f9fff0,грумер на дом,7a5cc8f69f43e8d2,4,4,True,11.665772438049316
unseen_text,a81de308b1f85eeef16ef5bb,ремонт стиралтных машин,dd79b2f1e4e4df40,3,1,True,3.560798168182373
unseen_text,a83d7c736f5bb22dc2d763d6,ремонот триколор,91b75ae67610fa32,3,3,True,0.00011124200682388619
unseen_text,a877fc854dc316e6c9cbe634,байер казахстан,b218eab7c54e3c7d,38,34,True,0.8498742580413818
unseen_text,a962470d7bfe748dfc20d2ed,codesys,3ea336568a0409dc,34,32,False,
unseen_text,a9be4e3fd4d50f84e5adf866,прогулки на лошадях,e1286f31660864de,1,1,True,18.874990463256836
unseen_text,a9be4e3fd4d50f84e5adf866,прогулки на лошадях,f18e31029b8248bd,5,5,True,1.140378475189209
unseen_text,a9cc0a8970aa58e400faa8af,регистрация авто в гибдд,8ef096be32385d70,6,6,True,0.262562096118927
unseen_text,a9d54667e5c6c4fa5b019157,аренда массажного кабинета,9951c8174e97683a,1,3,True,2.600820302963257
unseen_text,aa7c6a309a92e673fe3c458f,широкоформатная печать банер пленка,4f889d650955d860,1,1,True,4.480880260467529
unseen_text,ab81286a022c4b7f11a10525,переоборудование авто с категории д на в,51e9dc3dfd82623c,5,5,True,7.708600997924805
unseen_text,ab824a5aa3dee27017feb1db,ремонт автомобильных кондиционеров,d59e8d7e6e9db1c3,2,1,True,3.92641544342041
unseen_text,ab991e2849ec57ea27ba1f03,веломастер,5f0d4e7fc0e89218,4,7,False,13.083247184753418
unseen_text,ac6f616d23b4eb235e374ea3,настройка vr шлема,dcf3af9190021651,1,1,True,1.4892334938049316
unseen_text,ac7843b89530989572337952,надгробные памятники изготовление и установка,241a22120f765999,12,11,False,135.9056396484375
unseen_text,acada62e0496df036743a3b4,треугольный дом с чаном,0b25564215c3d66b,25,27,False,
unseen_text,ad1a9eb2326dac35ad0afac5,обработка участка от комаров,adc008df6f134050,1,1,True,0.41742682456970215
unseen_text,ad454bef7e44d6f33e250af8,изготовление печатей и штампов,10e86b46306f53a6,2,1,True,4.664621353149414
unseen_text,ad4a76594e4f64fa96e9e98c,выездное мороженое,fd94649398cb8380,1,1,True,0.8408377170562744
unseen_text,ad5738a85f91342f6028330e,укладка настил линолеума,7b82a6bc801457de,1,1,True,7.518617630004883
unseen_text,addd1e30a79d36db6275fff7,плетение кос с канекалоном,651eca9a81f1362e,1,1,True,8.911637306213379
unseen_text,ae6f1018a2eeef957ef401d7,передежка кошек,1f68e6558edc01ed,72,110,False,725.301025390625
unseen_text,aefb9e579513e3e0e980ff55,гудронатор,8e42a90e0b986b04,1,1,False,
unseen_text,af187830d4498ef21a0f0bd5,каркасный дом,57010f00982cbffa,1,1,True,1.2124640941619873
unseen_text,af2109df4324614436d7eb92,золочение серебра,bceb59f29339db22,1,3,True,4.45129919052124
unseen_text,af77c5261ca470f1b4d33220,еврозапил столешницы,0fc19a1423277d61,2,1,False,
unseen_text,afb44b0161fe7f085fe75981,ремонт шкафов,c38e4822e19c155c,3,4,True,0.26494795083999634
unseen_text,afb53e5ef167fcceda287fbc,ремонт автомобильных холодильников,bdc218c473c5678a,1,1,True,0.00014344145893119276
unseen_text,b02c6012569604952058f8ce,монтаж систем вентиляции,8e3eddf34397f055,1,2,True,2.8820066452026367
unseen_text,b0451abe3d93617198c145eb,курсы фотографа,99f9fff6e901953b,1,1,True,1.041353464126587
unseen_text,b0457aca9fe9702119c5a031,репетитор по рисованию,272e669304851e34,2,2,True,0.9197696447372437
unseen_text,b083157f320f077779468097,сауны,b8cd827fa3f8b486,9,10,True,8.480981826782227
unseen_text,b154069fad13575134aef555,снятие катализатора,e37148ed3802c14c,1,3,True,2.879997491836548
unseen_text,b1d67d50c7be1ad6dddf7762,рыбалка на сахалине,9962d6cf888db279,12,14,True,6.676523208618164
unseen_text,b2226162dea0ccbceeaba660,мишка,a9e90a3ab23a9ba1,1,1,True,3.359361171722412
unseen_text,b28e0e302a80b9f244303fef,прокладка канализации,9358e957ea6ef5ae,2,2,True,0.5416126251220703
unseen_text,b2cb5c7764ceaf3880e2e341,изготовление и установка ворот,4ab5d95e3dbd0660,6,7,True,0.1848016232252121
unseen_text,b2f11e04c47b1ce4a532c45f,демонтаж плитки,3dba352424e57a5f,4,5,True,4.0982561111450195
unseen_text,b41f20d5469480404e19be46,такси под выкуп,7540fe566a08ebcf,2,3,False,
unseen_text,b43893e27d14c6b7f52d081b,фасадный подъемник люлька купить бу,c252f23a871de1fb,1,1,True,0.2704097628593445
unseen_text,b44a55d9f0ee3bf7fb0d71cd,мебель на заказ,b037e7922cb75048,1,2,True,0.09028611332178116
unseen_text,b5033991799349bff8477f6e,гадание,0b142e7d1f5261a0,2,4,True,0.42704281210899353
unseen_text,b55807d387a017664f6dd319,установка пластиковых дверей,36d9ad80aac51b9e,22,21,False,
unseen_text,b5d9245217c5670de391ad82,наращивание ресниц за час,f5a84b4ef603a5f4,69,29,False,
unseen_text,b65c01e545e8a76cd7eb9527,уход для волос,089fbb3d18a581cb,43,50,True,8.407478332519531
unseen_text,b6bd2f2546bc52f4190f1762,отделка панелями,4abcf26d8289143b,37,33,False,62.119998931884766
unseen_text,b7467c72e0ef7153d80e452c,дрель алмазного сверления аренда,a14b8b8bb2ae30fc,5,4,True,17.35454559326172
unseen_text,b76af9b3a5cbc8e80dd75718,расточка центрального отверстия диска,fa131751808e1729,1,1,False,
unseen_text,b7b397d8074078416df0f850,аренда контейнера для мусора,b13156d54f609726,7,6,True,4.934885025024414
unseen_text,b7f2386af8523f0819eb8fcf,стрижка и окрашивание волос,54a35a1f632c1d5c,2,3,True,0.22742772102355957
unseen_text,b81a4f39c6363241c51a8617,перевозка ларгус,f6e55de301f2643f,2,2,True,10.217673301696777
unseen_text,b84e06049556d188667b87a4,приклеить обои,e2d9fde67412fb13,62,57,True,15.070880889892578
unseen_text,b8bfcdae6e3d160dfbd076d4,вывоз старых окон,011bc792464400f3,1,1,True,3.257413864135742
unseen_text,b8c6653a58f7e90fb25aa932,положить плитку,8829644d34e4f8f1,1,1,True,0.0001667923788772896
unseen_text,b8d2025f86e4e2a91fd45b06,трансфер межгород,d45c50ca398b3523,2,3,True,0.00011119493865408003
unseen_text,b9b7017974502ad05d9afeb1,грузоперевозки fiat,1ff1dfc17e7fa564,18,9,False,
unseen_text,b9f42151b945092b6821269a,землекопы разнорабочие,b49a016b1afc394a,6,6,True,0.00021517665300052613
unseen_text,ba761efccc086099206d1e8a,ремонт снегозадержателей,be6a602ca3b9d530,1,1,True,5.7979230880737305
unseen_text,babc656f41ecc394532a2575,автомеханик,061551d1e9573de0,6,5,True,2.3775036334991455
unseen_text,bb65502508203ef566a9e8e1,ремонт шаровых опор,0bb01da579b8379a,1,1,False,24.830615997314453
unseen_text,bb661b3bf8707ecd19dda61a,укладка деревянных полов,adef9093364d9fae,44,36,False,24.552698135375977
unseen_text,bb864ce5c715d05c2d951f7f,ремонт apple,f33e2d3cca0e3762,218,175,True,7.262078285217285
unseen_text,bbb2db4b5b98dbfdfef5e2df,скупка авто дорого,9f398fe27f02fa35,7,4,True,0.00030502810841426253
unseen_text,bbd3ca8a136bbd606b842cb9,вспашка земли в тюмени район лесобазы,199a766a860f77b3,6,7,True,4.6136298179626465
unseen_text,bbd9d1ea073d7b9f686e9582,парфюмерный мастер класс,456e190e06e56884,1,1,True,9.358487129211426
unseen_text,bbdcc04183792b515ff07208,ремонт стиральной машинки lg,ba2b42e7d605ed9b,7,9,True,7.716057777404785
unseen_text,bc05868eec0a36554029729b,ремонт рюкзаков,b34430fe6d51b875,5,5,True,3.9872193336486816
unseen_text,bc168a94f788811487858582,трансфер 12 мест,267edc7d8d9a92ba,5,1,True,6.040377140045166
unseen_text,bc3159ed1be21100c38253db,тяжелый дым на свадьбу,486bfa999aae6e73,4,4,True,0.2623969614505768
unseen_text,bc7a149fd00ddd432d009124,александритовый лазер,b8c4cb6b22512160,2,2,True,1.4771778583526611
unseen_text,bca6e9c6ccb626815f433fb7,обустройство скважин,229ea23ee193e6f2,3,4,True,28.95648765563965
unseen_text,bcbf6e45b5dab3020b3beeff,автоэлектрик на вызов,aa5ebce75f936637,1,1,False,11.192059516906738
unseen_text,bd4fad098a772b1e977e2961,оклейка винилом,5df4fe387412110c,13,12,True,6.537577152252197
unseen_text,bd50c3ec8dfe11ddb6c9aa9a,косметолог эстетист,e8a0fa21dbea8335,6,4,True,5.3233113288879395
unseen_text,bd718c3e788ff9def227c15c,прически локоны укладки,f21b49587b57f10a,15,11,True,2.3531229496002197
unseen_text,bdb0c89eaa8629e6eb6eec30,г батайск master окна рол ставни   ремонт  рольставней  на окна,1147a0f27a597a1b,1,1,True,2.1717991828918457
unseen_text,bdde61abe037f26697d41b76,исполнительное производство,14b6bfde7697692c,1,1,True,2.3907551765441895
unseen_text,be1e3c62837c278cbd113dc1,репетитор по русскому языку егэ,18c5d06ae432910b,2,1,True,0.0
unseen_text,be234599d476b685c2027ff1,объемные наклейки,f640e6feb3dde23f,426,373,False,634.1827392578125
unseen_text,be67383b8a346946fe8ee3ab,оклейка автозеркал пленкой,5df82fb354a80253,48,74,False,
unseen_text,becb68ba57476015ae8c5b8c,ремонт стеклокерамической плиты zanussi,fed6273b1e6be46d,3,2,False,
unseen_text,bf094bb2f84ab69e303fe2a4,секции для взрослых,018fc8375bd72383,1,1,True,3.6136860847473145
unseen_text,bf3a7cda73e2331d87c94619,песня ии,24cbe3cfada7c5fe,1,1,True,1.0165705680847168
unseen_text,c0239402bc5ea466bd7c7736,реклама на автомобиле,fc883f2784272da4,13,11,True,16.979270935058594
unseen_text,c09025304ed2d3daac742d50,копка земли,78c7e1d605b79be5,15,14,True,17.695858001708984
unseen_text,c13f737204765579abfe3593,джиси би услуги,492156fe6f486dba,18,18,True,18.710182189941406
unseen_text,c16d712b2e6e73bc9104174f,автовышка продажа,6ce4b716e745fbb6,1,2,True,0.6703590154647827
unseen_text,c1b1d2df78dd85212137e0e8,криолиполиз модель,5cb04eef055cbd3a,2,2,True,5.328379154205322
unseen_text,c1bff128f430e48489a8b6ea,рекультивация участка,7a735f01fcf82f7f,4,2,True,2.7611470222473145
unseen_text,c2207f41000d789c4564358d,монтаж винтовых свай,52b24edcb7a7214b,7,9,True,0.8580231666564941
unseen_text,c3332723f4497659381fa7d0,колл центр удаленно,1c6d2079e07f4497,5,4,True,0.14547373354434967
unseen_text,c377b99e1e4e9d2856e4f85b,бригада разнорабочих,557738b4731d71d3,32,43,True,0.19504740834236145
unseen_text,c38f6c2e403c7637dd6e9cfe,минитрактор,3d1c7be0e787efe2,1,1,True,5.014011383056641
unseen_text,c3b09166563bd1bfc24a67e0,ведение соц сетей,203537ea3dd7fbaf,1,1,True,1.1341922283172607
unseen_text,c3bca336f5f0b3fa050234b2,навесы из поликарбоната,02811a130ce3912e,1,1,True,0.0
unseen_text,c3d32dfdfa3f5932821818d8,массажистка релакс выезд,54eebca8cefba351,13,9,False,
unseen_text,c41cb0570d83f80e63017af5,татуировка с онлайн,c54ccad8c2a31618,4,5,True,9.112747192382812
unseen_text,c46551a78fbc427ab95a2b4f,hydrafacial,5966d594b89ce6f4,3,2,True,8.242692947387695
unseen_text,c520adc82d08f0229fc8abe5,поменять экран телефона,5185b57700a1a3f5,10,9,True,3.2750043869018555
unseen_text,c54ce0882aff260eea0293aa,ремонт hilti,6d39021c2983f3bb,1,1,False,
unseen_text,c5539f386cec9ba31711443a,радиодетали скупка,f5a9af5a27fbbd27,1,1,True,7.182926177978516
unseen_text,c585ef630b8b7660f365e362,курсы кройки и шитья бесплатно,10be42de7ab8acfa,9,10,True,3.0095319747924805
unseen_text,c5c6b42cf5c22c34972c736e,аренда плиткореза,cb82d263a4138425,1,1,True,2.7941641807556152
unseen_text,c5dd29c479df05f2d6a73c8d,строительство из сендвич панелей,736327c4a4bc097d,7,7,True,4.512304306030273
unseen_text,c6ff83d217b3932b6b06a871,замена экрана телевизора,cf8b881b52188f2b,8,5,True,6.1705546379089355
unseen_text,c760c08e8e47a36d7f63b14f,уход за лежачими больными,e1cb7bca2a509c02,8,9,True,0.5351383686065674
unseen_text,c76e53e21ddeb461567e2886,биопротеиновое наращивание,2588116263f6102f,2,3,True,3.1695914268493652
unseen_text,c7cbcefe73de14741e0b23b0,вождение с инструктором автомат,e613579ab8800dbf,4,4,True,1.1403915882110596
unseen_text,c8e71ca8dee55862159827c4,банкетный зал в аренду,c2fd0fc05768c164,5,5,True,0.8879284858703613
unseen_text,c8e81d9e6a9d5139652d7900,"создам gmail, google",1902177554a4019e,19,22,False,
unseen_text,c9308f7500bc539f01d6ec1c,печать этикеток на бутылки,4861cae440d7a631,10,9,True,4.740411758422852
unseen_text,c96eb8d8a869c374676511e9,заказ минивена,07938a89b1f4fc71,10,5,True,11.830926895141602
unseen_text,ca2b48371222997cdd9dc2ff,разблокировка iphone пин код,469d248d144e8c6f,7,6,True,16.80014991760254
unseen_text,ca3be428f8035d05ada24049,асфальторез аренда,461843821eb80e75,1,2,True,2.397944211959839
unseen_text,ca4200fa9beb31cf0a626ba1,вспашка огорода,57d50901edbf72b4,2,2,True,10.118528366088867
unseen_text,ca86331b6545f4a85d8986fe,доставка из китая,9d1524f5060a2ae3,1,1,True,0.07462270557880402
unseen_text,ca8bdc4bbcd698980ce5b7c3,капсулирование волос,1bb51c7d3de7dd10,11,6,True,2.001645565032959
unseen_text,cb7aa5c634106bb0a12fac99,от клопов,fd862944dd562398,13,13,True,4.902660846710205
unseen_text,cbedd8fd8d9ca82173d697bd,доставка с грузчиками обухово,565ac6409b4c0ff4,24,24,False,26.843528747558594
unseen_text,cc04dd44c8bae5b4ae53a36b,трансфер владикавказ тбилиси,33f8d361a92bdcde,16,16,True,6.138216122053564e-05
unseen_text,cc04dd44c8bae5b4ae53a36b,трансфер владикавказ тбилиси,603623b4bd9e8f6c,12,11,True,6.138216122053564e-05
unseen_text,cc04dd44c8bae5b4ae53a36b,трансфер владикавказ тбилиси,bee602308dd4d4b3,25,24,True,2.496145486831665
unseen_text,cca3193ec25c58617967bace,аренда бензопилы,4c16e1ceb40ab572,3,3,True,6.172878265380859
unseen_text,cd5c2ffeb7859a82359508ba,муж на час сантехник,4eb6ab96be9c7856,1,1,True,3.997929096221924
unseen_text,cd62f0107e6d3d8d378e5c77,продвижение яндекс карты,12caba63c94b9ded,23,23,True,0.20261669158935547
unseen_text,cea1febca2598b6941f02b81,пришить погоны,73eb10ef228877a5,7,8,False,
unseen_text,ceaa7d0d552ae4cc02233f08,свадебный танец,70f9e8b86cad6531,4,5,True,4.984041213989258
unseen_text,ceaa7d0d552ae4cc02233f08,свадебный танец,7f3c64b829a9d6f7,9,9,True,4.974826812744141
unseen_text,cfd669e18f3baea39326cb3d,плов,d39aaf2ec021bc9f,1,1,True,7.704926490783691
unseen_text,d09913b9579891d08c48bc22,репетитор по математике 7класс приволжский м-н самара,ad58eff68773dcfc,22,26,True,5.648006439208984
unseen_text,d0bdfd2c1baaaa9ee4a43309,акт вдпо на дымоход,56c8208e31b63f86,9,8,True,10.760197639465332
unseen_text,d17a9a39fcd1ce4cbdddcb90,"мастер по настройке телевизора, текстильщики",45bfc743360e1ae3,1,3,True,17.452470779418945
unseen_text,d18930aaad172f4dc85eface,изготовление номеров на автомобиль,5aab85ebb84aa582,5,4,True,1.7205398082733154
unseen_text,d2170089446e1c503baec2b3,вывоз мусора ломовозом,94042e4c4e90558b,1,1,True,6.836080074310303
unseen_text,d2924e800087062ffd4ec5a0,маникюр сормово,529c6358f382b99e,13,15,True,7.967815399169922
unseen_text,d2bd7dfd3da3448aa4362955,чистка компьютеров,6e4725f12878050f,0,0,False,
unseen_text,d2c6c36722ec64c94fb60029,осеменение коров,f5a8b843cb93e602,1,1,True,0.06324741989374161
unseen_text,d312a31f84ed0120159e817c,ручной траншеекопатель аренда,30a48f9afdfc712b,1,2,False,
unseen_text,d3153e64e601d6b6a659c59b,скупка приставок,f51b269eed39e761,5,5,True,0.0032100279349833727
unseen_text,d36ec3d412ec88e361802476,приемщик дома,d70d2cfd5924a181,13,12,True,1.4894042015075684
unseen_text,d45d31788688f9dcfa2c8fae,трансфер новороссийск геленджик,26914060efef3343,1,1,True,0.0
unseen_text,d4ae82c5377113c017bbdf7f,свадебный координатор,ef4dba3b5336c5da,3,4,True,0.16223344206809998
unseen_text,d522dc18ff0b2c414cb92700,место мастера маникюра,57493b7fcdb538ad,6,7,True,3.9479799270629883
unseen_text,d53a178d87dd623399fbaa64,выкуп шин резины дисков,1d610fe1bf5f4721,3,3,False,13.584969520568848
unseen_text,d5f388ec56a3bdafea1bd968,установка дверных замков,389e3e27cd87afbf,13,13,True,1.4939649105072021
unseen_text,d647827244578b8cea69e2a8,байер япония,97acb478ef4e6770,11,5,False,
unseen_text,d647827244578b8cea69e2a8,байер япония,fab5bf956436a174,1,1,False,
unseen_text,d66b6aed8e56e9cc597dbac6,ул российская,0ecc26d642a218f3,0,0,True,
unseen_text,d68fbff33e24cb65b0749d0f,бурение лунок под столбы,ba5be7a207a68bad,2,3,True,0.3607419431209564
unseen_text,d6a2284fa5f14517317747f6,услуги юриста по недвижимости,1770ff20bd1c3c55,5,5,True,3.5818328857421875
unseen_text,d6ca5487b960f7dd5bc83e80,тюнинг фар,87d68a4bac78f805,1,1,False,
unseen_text,d71fc9c9284c78eb61fefe98,свой человек в владивостоке,379cec7b0f8e22b8,7,2,True,0.0001523370447102934
unseen_text,d7c3077fc1db3fb24f2bd57f,ремонт водостоков крыши,6d1b97f55d075bac,6,6,True,3.448695182800293
unseen_text,d856971b914d9d6ee008aa30,услуги плиточника,d02ea9bb6c500e30,1,1,True,1.2425777912139893
unseen_text,d8b804dc8f1bd104011e90c4,ремонт туалета,3985611744301ae2,1,1,True,0.00024240494531113654
unseen_text,d93e15cddee3119b286b2547,постановка на учет авто,3806ac1e7d728502,7,6,True,6.417174816131592
unseen_text,d975aba8a72384f46274b71b,гараж сборный из сип панели,76b076ced38fa83f,0,0,False,
unseen_text,d989fb50dec34a84a3699cf4,мастер класс луна,dbbe5b58f9d1038f,2,2,True,2.832690954208374
unseen_text,d991b3136ef1f11a082198a4,зал в аренду,c370ab9020176a1d,30,27,True,2.024325370788574
unseen_text,d9dbf1769f969b801467eb4f,мастер по газовым колонкам,9621047974576417,2,3,True,6.147841930389404
unseen_text,d9dea73448ddaedc2e6859a9,тренер по велоспорту,ecc14888e20e668f,1,1,True,0.689913272857666
unseen_text,da0df07eadd25cfc4c83170b,плитка укладка санузел,6b92f9917d5ee0d7,8,6,True,1.0084278583526611
unseen_text,da351233a97d74fd574d288e,контейнер для мусора 8 м3,ea6830a7fd3b468d,3,2,True,1.6318097114562988
unseen_text,dab2b5436155a3d19c98ffcd,эвакуатор между городами,8cff4be94524ee2e,6,6,True,2.5634076595306396
unseen_text,daf1c0b01abe4ada78532fca,диагностика geely,b7610aa2a77141c2,1,1,True,2.5938611030578613
unseen_text,db00b766a7eb43fc09dee3ad,точить тормозные диски,b3305f2d2eafb521,3,3,True,7.1893510818481445
unseen_text,db1573bece9213e8e78c1d6d,экскаватор выкопать траншею,f2e3e71658fd95d5,2,2,True,5.285710334777832
unseen_text,db18d1da42b31dc938847d52,английский с носителем языка оноайн,ffe139c3abd47c40,8,5,True,9.816283226013184
unseen_text,db4c98641edf9911989263c9,мастер аккаунт geely,3f9b3d72e38dc4c1,11,12,True,0.19467495381832123
unseen_text,dc25fb3d1f594c864eabd750,ремонт авто генераторов,f4c3d9d0f4448dfd,7,6,False,
unseen_text,dce54bbe44e583ef5becd9ba,заказ такси микроавтобус,f9ea6745fe70c3a1,2,2,True,5.131502628326416
unseen_text,dcfb5704119f0ea137b45c1c,адвокат по трудовым спорам,782bee7a4c7a8bc4,1,1,True,1.8480784893035889
unseen_text,dd1ea1f919d11aba166d4c45,перепланировка квартиры согласование,5a00ff9224b907e4,4,4,True,0.420903742313385
unseen_text,ddd897fb405533bc0d067c31,смарт ключ,babc060a80f64f60,2,1,True,6.367130279541016
unseen_text,ddf0380afb5a6e73204a8c93,танец живота,6663632c8004e85f,4,3,True,0.0005164968315511942
unseen_text,de4d3589ac3cb2243519db3f,плету косы,cc908800e667c5da,1,1,True,0.8942931890487671
unseen_text,de81108e62681bde8d20ae3b,ботекс,2d8470f61b75713b,3,3,True,0.33809590339660645
unseen_text,df5e1703f6cc80f50f05ff1d,массаж для беременных,881f1896449c1e76,3,3,True,1.9161975383758545
unseen_text,df8caae3f5d2d93761cb2765,бирки печать для одежды,3eb87229f5cfa2b6,1,1,True,6.379863262176514
unseen_text,e017a03cd688241814c34f8f,регистрация изменений в конструкцию тс,fe8add129ebbd290,12,13,True,0.42396920919418335
unseen_text,e0485eaa49a5b96ffbe96685,моющий пылесос karcher,b2b4278577c6d724,2,1,True,5.782873153686523
unseen_text,e080133fbb93c06c3acdbc5b,дублирование ткани,f8519e7b05e9d1e3,1,1,False,
unseen_text,e0a17d34eae7a9bec9d4e54c,кузовной ремонт и покраска,72de72d5671fdca9,2,4,True,3.22161865234375
unseen_text,e0c8b1d2e7e29b8bd143f11e,снять домик у озера,ea13a1d1b199c419,11,10,True,1.0504481792449951
unseen_text,e0eb8606055fd0a826a93c65,прокат авто с водителем v class,983b451df459a618,2,2,True,1.9870765209197998
unseen_text,e0f9d910c52e12d998cf29ef,сорняки,a158995695a318e0,6,6,True,7.707122802734375
unseen_text,e147af46739e4dca835d0f26,разбор и вывоз мебели,649d2961a0089822,6,4,True,19.431989669799805
unseen_text,e1e70c27863bd022f5d3f0b5,модель на брови,a21fdc527a100642,29,23,True,5.379111289978027
unseen_text,e2146c47001d2b0e2314784a,костоправ,01b72d71422e2185,9,5,True,2.2094149589538574
unseen_text,e24374218398ce5c6498da98,кератиновое выпрямление,28e2c01d72b64a51,10,11,True,13.86386489868164
unseen_text,e2ce02fd0f6f8ae88eb7d754,ремонт автомобильных дверных замков,256ae81fcad4b01c,2,2,True,6.1920599937438965
unseen_text,e35c3d1c267ce3965e479809,двери купе на заказ,d06dfd7f339c6f62,2,2,True,1.0066187381744385
unseen_text,e38ad6fc9d25ec7395f23cd9,пирсинг левенцовка,b06b0d819e7a28fc,8,6,True,8.158086776733398
unseen_text,e3a47c2825d559dff1b0e01a,joy con ремонт,5fdd91c4e1a3488f,1,2,True,11.421575546264648
unseen_text,e3b6681104c742e96cd17027,вывоз мусора веток деревьев,b185be83d873b515,6,5,True,4.509160995483398
unseen_text,e406d851481169788c664048,груминг собак,97be88f37c33a2f9,6,4,True,13.985827445983887
unseen_text,e406d851481169788c664048,груминг собак,b9cceb9460e0069a,21,16,True,7.469843864440918
unseen_text,e4132f1c0e0250ad35aedae6,ремонт рамы газель,dbce93de3d408363,1,1,True,4.158856391906738
unseen_text,e42ddd63a7a4a740d7da642a,массаж на дому,eb1d0e7d16fd0e7b,4,3,False,
unseen_text,e4ab4e285319ac252fb3e8dd,родирование,a4bbc951a97a1116,1,1,True,1.094984769821167
unseen_text,e59ef51482155056b7fa14a9,переводчик документов с русского на английский,1cd2232a36602554,2,1,True,1.9341037273406982
unseen_text,e5ca685658909197d0c1f455,ремонт яндекс станции алиса,2e93cf410f8e7927,1,1,True,1.4537627696990967
unseen_text,e61f8bde9be407099cfb13b0,фотопрогулка,2f9364e71315b5db,13,10,True,1.680403709411621
unseen_text,e71c1edc1c9438f53da32fab,вечерняя укладка,7af7960ce2f3a11b,8,6,True,1.5243022441864014
unseen_text,e9570185e08d228e074db15b,пескоструй авто,ee002d08b59e747d,1,1,True,10.85289478302002
unseen_text,e9b27391f965f44fe7780327,бобкет,ea5730356f21d6cb,47,56,False,31.86083221435547
unseen_text,eaa0f4c163dfcd277412d019,депиляция для мужчин,ce89b773c9974431,1,1,True,0.06978881359100342
unseen_text,eab4cb38e96a0e2e79071087,йога,f4310a574a8537ff,143,148,False,
unseen_text,eb268ef437a49e8fa3696ecd,запись музыки на диск,b9856586c3af5772,2,1,False,
unseen_text,eb428c43fa76d535a6316222,привоз воды,f5d87008b9c7df79,25,25,True,1.3679554462432861
unseen_text,eb57e5dcbee5a9353c640b7c,бесплатная консультация юриста,95933b7e263c2ffd,26,20,False,110.52078247070312
unseen_text,ebed4b6588a055ad03839f66,скупка кинокамера,8715d34b8f19c091,1,1,True,8.30716609954834
unseen_text,ec11c81adeae2358ff8c58d9,лизинг для физических лиц,5a9903a345570cae,6,6,False,
unseen_text,ec2e5d68760f40c72cd707cc,услуги перевозки людей,d554b6744423509f,2,1,True,2.064016103744507
unseen_text,ec7b9db12966d68c3848886e,аниматоры тик ток вечеринка,9d7f8527bb5e7bd4,3,3,True,3.7003331184387207
unseen_text,ed0643c2649ab0436e7931d0,снять зал для танцев,6c667c7b14c3d861,1,1,True,0.4697597324848175
unseen_text,ed5f60291f529dc1b33ba86d,диджей,df803ba6b3b42287,2,2,True,7.1483306884765625
unseen_text,eda8d43cdc91ba69ca3c03d7,аренда грузовика с водителем,6576cfc9e3bedfec,6,6,True,9.847663879394531
unseen_text,eda9639460995eb898d97951,кератиновое выпрямление волос модель,22ba85187e3471bc,1,1,True,4.961108207702637
unseen_text,ee41e3863ee00e659627c396,грузотакси с грузчиками,44da9305a5ab280d,11,11,True,1.3235695362091064
unseen_text,ef33d70b2c5eaf90d3399cfd,резьба по дереву,e03a731d82bce183,0,0,False,
unseen_text,ef95be2746b5a2fa63e475fb,украшение шариками,ef328501528079a4,4,3,True,5.819750785827637
unseen_text,f002a82c48f15037cb3bc143,аренда бани с мангалом,4683f25ed6d2aad4,2,2,True,12.053229331970215
unseen_text,f02c5b9df701c596d948fbdf,ведущий мероприятий недорого,31c60676e6b04e08,111,115,True,10.484379768371582
unseen_text,f04745ddb79cb911d38adf23,мастер по стиральным машинам,2675be808ba4592e,1,1,True,1.5972416400909424
unseen_text,f0d4b6b92cc720ac7ca1f142,ремонт ходовой грузовых автомобилей,51cd897f98469537,1,1,True,1.5002293586730957
unseen_text,f1813c9d3ea28f8f46580da6,внешняя отделка балкона,1a7634582bb7f3ee,1,1,True,0.038125958293676376
unseen_text,f18537d1d306f75e18059135,"террасы, веранды под ключ",9892ffceac755926,54,50,False,47.167240142822266
unseen_text,f1f78745e88ddffcc541ca69,аренда сваекрута,af6fee455fcbcf5d,4,5,True,5.476861476898193
unseen_text,f2088fae06d96473dee0cb3a,полировка авто,f8b9094579b83739,1,1,True,0.8043991327285767
unseen_text,f2bb30d1c332954a98a22af3,парикмахер колорист,9553629fed97de72,1,1,True,2.4379026889801025
unseen_text,f30c6330f163bc8d2d3785dd,мягкие игрушки на заказ,223385a1ed672736,6,3,True,6.522857189178467
unseen_text,f3638a3b5ec99112f5a8d974,замена аккумулятора iphone 16 pro max,4bcfa1666f670316,1,1,True,8.472993850708008
unseen_text,f3835176fe0d44d8b5ed4c7b,ремонт кофемашин saeco,33b93b7ccee3c722,1,1,True,3.1075258255004883
unseen_text,f40d8a978be60563e5a0c556,ремонт автомобильных ключей,105b23986cdd9db8,1,1,True,4.65463924407959
unseen_text,f4b14c7c4900047a419748d5,кофе на песке на мероприятие,e46914067e04bc05,1,1,False,
unseen_text,f4c00e018431974ef7077745,липолитик,6731219bf1917f08,1,1,True,2.793853998184204
unseen_text,f50e2193ca89e244c10e44f4,катализатор,219191a59ea1df25,1,1,True,1.2362170219421387
unseen_text,f52352c0603cf33780c2e64c,брови коррекция,be0b00b743373590,4,3,True,4.927490711212158
unseen_text,f54f4d495c0966659fca144f,грузоперевозки днр,c968ba03297a0b9a,5,5,False,9.343854904174805
unseen_text,f5c44ef0407c267d9557a8ed,вывеска,3ef011c3ba5c6635,22,18,True,1.1404409408569336
unseen_text,f5e7d13e6eba2f40f7972aa5,ремонт насосных станций,6baca683b76408a9,2,1,True,3.288586139678955
unseen_text,f5ea9b88d6bcb0156b3980f7,оформление дверного проема,c2b4ed7a91fde0a5,2,2,True,2.951090097427368
unseen_text,f610614225b2b422860c14b7,вк тк,d9c100b5f8a7759c,3,4,True,1.9686009883880615
unseen_text,f61fad244e656bfb62235a0e,бурение лунок под забор,4b9639633a0bf8a7,4,4,True,3.9285082817077637
unseen_text,f62d5b6f6504caa4778cfa0f,поклейка обои,e016868e3103a004,4,3,True,0.8414762020111084
unseen_text,f67b16b7df355da85aa01318,очистка участков,4b0fca354c22d27c,1,1,True,6.535767555236816
unseen_text,f742eb57e342f0c17bd10f02,носослезная борозда,930b974124034f3a,26,28,True,8.082425117492676
unseen_text,f790b75ad494d9ce3c590d87,ремонт квартир под ключ без посредников,b38ee43c2b30f8eb,1,1,True,3.486117362976074
unseen_text,f7e8258f77d0c491d63d5cd3,анализ грунта,bdc6681287f3cfef,14,8,True,0.0
unseen_text,f8c2279bf1668f7dad8a64d8,гвоздетерапия,c4c71f54308bb50c,2,2,True,2.9087419509887695
unseen_text,f8cacf19ccd7222f8143565f,спил деревьев на участке,f871702006cfd016,2,1,True,6.849153995513916
unseen_text,f99110babb95d73c2cc1ffe5,шарики на день рождения,3bcb3236acb9dd1a,2,1,False,
unseen_text,f996f2912cbd8214777370a4,афронаращивание волос,14818b57b03dfacd,2,1,True,7.848762512207031
unseen_text,fa433117b4f2a581a4c1f2c9,скосить траву,3fd18566cbe60242,1,1,True,15.810482025146484
unseen_text,fa456f4dab3e42748706a170,видео монтажер,dbf6f5529f0d8eab,8,6,True,4.027165412902832
unseen_text,fa585529764ad6d739706cf6,модель барбершоп,f69a65d20dc5b86c,1,2,True,2.475013017654419
unseen_text,faa6ffa646c5f9a1e2e4430d,мытье фасадов,f042f8775490bc86,6,7,True,9.471790313720703
unseen_text,fad7636b4ae16bbcf33a6bbc,утепление стен пеной,aa8d1172684eca21,2,2,True,1.8999419212341309
unseen_text,fb03d8efd03df78d19270577,правка литых дисков,eecf683af3e3daa9,1,1,True,3.3420090675354004
unseen_text,fb9bcf25f3432bc22ed4fe91,"строители, бетонщики",f69c6f2b841ba5e7,1,1,True,0.0001523370447102934
unseen_text,fc8a0f8dafe8e9ed92133f1b,перевозка лежачих больных,b33c34b2d3f54fef,1,1,False,
unseen_text,fc9658c613870180c953d60d,ремонт квартир под ключ,f50b9595d9748df9,3,12,True,4.61138391494751
unseen_text,fd249d4d9407594c5290f088,автовоз из владивостока,4c1e821887b89a0a,1,1,True,0.8757439851760864
unseen_text,fd25426c5f97794698eac34a,холодное цинкование,f3c03cba1adfebaf,25,12,False,
unseen_text,fd5866bcfa2a05468be5564c,дреды,99a31d9e5bd6eda8,24,20,True,9.980385780334473
unseen_text,fd5866bcfa2a05468be5564c,дреды,ae37222dc3aaad1a,28,28,True,15.595579147338867
unseen_text,fddcf3e400279a2070242932,наращивание ногтей модель бесплатно,bffb8c0e1b5386fa,104,41,False,
unseen_text,fe5929e45e350c8775e0a7cf,master по окнам сао,b000fdae33b8455e,73,60,True,12.415730476379395
unseen_text,febf7a03269d112bac19c822,детский день рождения,e7335917bdb7473a,15,16,True,11.283201217651367
unseen_text,ff9a2aab6a8df594b46a9db7,авто аредна,45ea931e2164454b,4,15,True,4.166942596435547
unseen_text,ffa3be2476353322cd0e8fe6,тур база с баней,a5fc8dcac7a0dd6a,19,16,True,4.244927883148193
unseen_text,ffbbe94eb9fe6d33da74092a,перенос данных с iphone,1c998cbbf24b2726,1,1,True,2.3002264499664307
unseen_text,ffdd289c02b8d1a292cd4e50,вывоз компьютерной техники,428e231cea0f089e,17,19,True,24.334335327148438
held_context,00376f4ca2018fc1875844bb,откосы на входную дверь,9564b0a1bc8746f4,4,4,True,9.846363067626953
held_context,003d6201d9d495ea36cc8ec7,прием пленки,41596c6028ae884f,2,3,False,63.326148986816406
held_context,00c44b1f97ecb5ebb380d429,изготовление гос номеров на машину,1c0dbe7c0bb2878b,1,1,True,2.5191898345947266
held_context,00c605ed59d1de061adcb5f4,укладка фартука на кухне,f5daec3b1163a137,1,1,True,8.557015826227143e-05
held_context,00c92de694656fcb7d1c2840,старокорсунская,ce1f8693a21ca01c,0,0,True,
held_context,00ca778a7216554898efca9d,ремонт прокладки гбц,56ff2e1608583b55,1,1,False,
held_context,00eae68ad66d3b90b5b47dfd,ремонт блока абс mercedes,80d370400579e3f5,5,7,True,4.856252670288086
held_context,01092f27b81097a624a60fd1,стрижка кошек на дому с выездом,e756ffb51348eba7,15,12,True,3.271440029144287
held_context,014577bb57aa35332e7dd9dc,татуаж бровей,2075490214a238b2,5,1,True,9.688193321228027
held_context,014577bb57aa35332e7dd9dc,татуаж бровей,2a65ecc6f9970728,15,10,True,2.825234889984131
held_context,014577bb57aa35332e7dd9dc,татуаж бровей,82f2ea902ebe7a16,24,19,True,5.42032527923584
held_context,019ff9ac825ccebcf4467405,бара грунторез,1bd6b0e7aec43be1,40,81,True,0.05711193382740021
held_context,01a83ed72902035db6e734fa,укладка пола,1c418af3ab813a9e,1,3,True,0.20071172714233398
held_context,01b343aa59483237154b0101,подбор жилья с отчетными документами,c94de09e9873b7be,1,1,True,6.5890703201293945
held_context,01cf615ee14a337ad404a79f,выкуп стиральных машин,a7ecf70217b5ff00,4,2,True,6.373906135559082
held_context,01d458cdfc42bede28726e46,песня,7ae86c4a829068d2,3,2,True,0.13262340426445007
held_context,0225a716f39c5c7c702e3e39,ремонт брелков автосигнализаций,c74149ed10e117c9,11,9,True,1.6519436836242676
held_context,0231f77013fbf9807a8faf65,лифтинг,41eb48e967a99233,1,1,False,
held_context,026a3472fb882f368449c443,снять домик для двоих,5850fcfd4c39b414,5,5,True,5.9865593910217285
held_context,02b35167a999bac24b2f6525,покупка книг,37543b9817f785bc,2,2,True,0.0
held_context,02cc79fd455797ef699ad0e3,ремонт профессиональных кофемашин,55d15e92fb051738,2,1,True,2.1347694396972656
held_context,03034a6a2235d0d32615f80c,скупка телевизоров на запчасти,3810c54616fc9824,34,33,True,11.716486930847168
held_context,03611695fbc20b37cec7b566,мастер по ремонту квартир,5e9025e8df53c4ba,4,4,True,10.07196044921875
held_context,03c3f420018860efff352804,посредник в японии mercari,fab5bf956436a174,2,2,False,
held_context,03c7f467cedc0f3bc60a7c79,лфк для детей,b32a7393739d6d21,1,1,True,0.8754829168319702
held_context,03ce2ce51b795ee6fc6f73f0,аренда ручной лебедки,716f6c97ccbb3164,23,11,False,19.376264572143555
held_context,0406b12c3181e2ce4520667a,заточка инструмента,4be067eae7dd2ee3,2,2,True,4.8856706619262695
held_context,04081e269436e1657e38a6b8,ремонт и диагностика акпп,48493a512a7363a5,2,2,True,1.1205475330352783
held_context,04210ad5d6248234369c1904,артисты на праздник,85875cfefd60b775,1,1,True,0.0
held_context,042dfba0027d0cc27b80f4d0,тамада на юбилей,5069a3019a3f1646,3,2,True,1.6562488079071045
held_context,043f0f315d5cf497c177d0c5,услуги фрезеровщика,fb718a07b8d54ad6,2,1,True,0.0
held_context,04471b223a218d20424b0d4d,тула москва,65881b4e018100f5,38,38,True,1.5150706768035889
held_context,0458bdfbe1b315c7175c6404,укладка кафельной плитки,0659cf37ead02fdc,7,6,True,3.0905284881591797
held_context,045fdd2f02440f92390e3982,ремонт двигателей bmw,ecc1cc466e57f5f5,16,16,True,4.097650527954102
held_context,04660bfeb33e084339764410,виза шенген,7f4aa1f73df00297,9,11,False,
held_context,047124045f631c3a7ff92b3f,натяжной потолок от частника,e7411ddddeecd17f,43,45,False,18.320484161376953
held_context,0486f1ca67a20570795c8a9f,пескоструйная обработка,ec47093a8a8e656d,4,4,True,2.898334264755249
held_context,049415175b9cd377a8cf1058,наращивание волос,67809d3c38d083d6,19,21,True,4.9523797035217285
held_context,049415175b9cd377a8cf1058,наращивание волос,6c848488cd9be3a1,3,4,True,0.9825749397277832
held_context,0506bf6e09766529a5ce7217,гтд на двигатель,babf7d20309a1169,1,2,False,
held_context,054efd7312a2cb04808ba644,аренда фургона,992303680e61a7d5,8,5,False,
held_context,055bde24bb7487b881f0b7db,оценщик недвижимости,18b87f200f51bc4d,5,4,True,0.6497277021408081
held_context,0669097144a96c5708772f12,миграционный юрист,4872cb591d14949f,17,20,False,
held_context,06704e22de2366e9462e14f1,демонтаж фундамента,351401ae9a93b772,1,1,False,
held_context,06857de4edda5d1dd460e6c9,стиральная машина выкуп,cd3f7c9821e7d1f3,13,11,True,1.0009992122650146
held_context,0692ed90ef28d92a9c959916,диагностика акпп,5e7e92e752cd781d,1,1,True,6.192577838897705
held_context,06b7b41e40987534347f59d9,скупка ps4,5b4014283452b302,6,5,False,
held_context,071933760d82c5cd6deab75e,дом отдыха с бассейном,40367c5aa05d220a,6,5,True,18.678760528564453
held_context,071933760d82c5cd6deab75e,дом отдыха с бассейном,dc72b2a7b019206f,18,13,True,13.442336082458496
held_context,0729ea447b6556ed9897956c,надувной медведь,d04eb35ba585a019,9,8,True,3.4328994750976562
held_context,0746ce9c1d296c37e2738ce2,клейка обоев,6223707d3acf3c77,3,4,True,3.776165008544922
held_context,07aecbbacf6e71173e781517,развал схождение на куйбышева,87ceb240687421cb,3,1,False,
held_context,07ea1b8664b7cb6daa07d994,аренда авто,b1411f1ce70c7749,376,784,False,1008.3947143554688
held_context,07ea1b8664b7cb6daa07d994,аренда авто,b8e330b4086ce8c4,2,3,True,9.256900787353516
held_context,0800004ecaa4e9a7d90a0f4d,замена стекла фары,e308c60d7107e70c,1,1,False,
held_context,080bdb52be817309e6eac15b,массаж после кесарево,b20a94093928d1d4,3,3,False,19.93570899963379
held_context,080df04a88e1f29b7a6fc9db,поменять экран на iphone,bfb933b7d458eda4,3,2,True,2.4660282135009766
held_context,0880fec13f8af05bc5761ef1,наращивание ресниц модель,941d9207e957a733,8,7,True,0.9143511056900024
held_context,0890aaaa4d97560743b54620,мастер класс по керамике,ec2cef8174a83560,2,2,True,4.981815814971924
held_context,0891f59a16e270c5f3e59d21,дымоход,67f7577034270094,6,4,True,5.716883182525635
held_context,08ac7c045210a904a54cd21c,шенгенская виза италия,005da936603e4dcb,17,12,False,
held_context,08d36b4529f3d864799c0a02,кавитация,881177b7a434ef48,1,1,True,1.1272680759429932
held_context,09204bd67b36015f740e0a84,рыбалка с баней,07c6da3e7ecb99e1,1,1,True,0.8895716667175293
held_context,095f3202c9634b9ef23d616b,манипулятор 5 тонн аренда,4c09d65b6067aa78,1,1,True,0.8036249876022339
held_context,0974f335e957141ceddff728,передержка кошек,2a1954d219119525,2,2,True,0.03284135460853577
held_context,097a64735a6eccaac81725c7,биозавивка волос обучение,fca14fa60fac8433,4,5,True,0.6228783130645752
held_context,0a085f95c0ca29735cd546fe,уроки игры на виолончели,874c91623ec94fb8,5,2,False,
held_context,0a250195baa505d695bc44b8,обработка от плесени грибка,184dc8e6ef5ed8cc,17,16,True,0.44166919589042664
held_context,0a2e7f30d3130a43521e6400,таблички на дверь,f9a09c74384fdb05,4,6,True,8.039144515991211
held_context,0a31139460d4462d1360f24e,аренда автомобиля на месяц,ce3600987b07826f,3,3,True,7.654608726501465
held_context,0a7464ed836ea8a0d1ac6799,u2 под выкуп,767a029ef2cc93f1,12,11,False,
held_context,0a8aafc722e29a3c611586c5,аренда гуся,43be6d9437f61b7c,0,0,False,
held_context,0a95b36cb78358d2a4af147b,окраска крыш,76a5928aaf7fdc58,1,1,True,0.0
held_context,0aa892602fa5e9a177791447,фотосессия для беременных,3143ce0ce018273e,12,9,True,0.37379443645477295
held_context,0abbbadfafdfc01f2e080b64,снять домик в лесу,40367c5aa05d220a,7,14,True,18.678760528564453
held_context,0ae602171eb709432e264383,ремонт москитных сеток,4d55fca888e8c945,8,8,True,9.165440559387207
held_context,0b35515582754b9b0af37a20,трансфер кисловодск,25b548db9af1437c,9,6,True,0.00019595876801759005
held_context,0b79e884df46e5d6c52d9dfa,украшение помещений,24f280f42cbe61b6,47,47,True,0.0642373338341713
held_context,0bb0a11114fe21e4e91c499d,декоратор на свадьбу,01dce1506ec10513,11,11,True,13.162863731384277
held_context,0bb195aa9be481cca98fd026,изготовление заборов из профлиста,7cd8ce86b84060e7,8,8,True,3.7877554893493652
held_context,0bd852119a00c2ef0c2a334e,ремонт пластиковых окон и дверей регулировка,4fb9e20a647c5ec0,10,9,True,0.7671090364456177
held_context,0beacc475b1d07ebb2c5f586,ютуб адсенс,d9b409483f5d4d2f,1,1,True,4.192300548311323e-05
held_context,0bfb297a49beb2f559061eda,фотобудка в аренду,2f5d4d00b19a2e34,1,1,True,0.3737698197364807
held_context,0c1c6d889bf62f840a7f6ff2,сборка корпусной мебели,62002f42a192ae41,2,1,True,6.8012566566467285
held_context,0c271238c49f3a75872770db,грузоперевозки краснодар москва,52c8e95fd79758a4,15,20,True,9.299333572387695
held_context,0c36b2ad82023eff7572f55a,перевозка груза на пикапе,57f73e8219c21a27,1,1,True,1.1793153285980225
held_context,0c95588feff5073f2e1ef1bd,прошивка веста,3a9da12150d270ab,1,2,False,19.240772247314453
held_context,0d001123cf1da03532c70752,аренда полки в магазине,0118f4cc973c9662,1,1,True,11.367810249328613
held_context,0d0bfee7b0dac21f25af56ec,выкуп сломанных телевизоров,f99f2f94a5560492,1,2,True,1.646298885345459
held_context,0d106c02cc2665a996fa1767,эмалировка ванн,d3ba597883b0a575,3,7,False,
held_context,0d1beeb4f28b0e93e2f687ae,sony playstation 5 скупка,9ffaf53ca86b68fa,2,4,False,
held_context,0d27d85e106f068f059d55ab,бригада каменщиков,a3d8bd3c943622b3,11,11,True,3.5993385314941406
held_context,0e22b00c78312da9d6eebb65,мануальный терапевт,740a7ea17c9b1373,3,5,True,1.709643840789795
held_context,0e2d204d6a901e7f3b56d6a4,обучение на погрузчик,ac6ff6577d3c0e14,1,1,True,11.611950874328613
held_context,0e63d12c71e03a2fa7453321,стеклодув,0841c38b096df09e,2,2,False,14.675284385681152
held_context,0ec0c4ccf79a125d6bf74458,установка фаркопа,0dfef9b70387acfd,1,1,True,4.6114583015441895
held_context,0f06563cc5926e010a558cd6,заправка автомобильных кондиционеров,df8e656ec45d0b86,1,1,True,1.3293068408966064
held_context,0f368b56a82e46056fcd5d69,карта visa,bb326223a36851f1,14,12,True,0.20261669158935547
held_context,0f4ef95b7dd319e20cb9bdc9,вскрытие автомобиля,31cc625eb231042d,1,3,True,5.185969352722168
held_context,0f91880cb6b43a45e31df46f,реставрация кухонных фасадов,1bd59f34f14343e5,3,4,True,2.608424186706543
held_context,0f9f96940610de0cb639c58c,дизайн фотошоп,72f8ad1575859bf2,2,2,True,1.680403709411621
held_context,0ff7f26f63022d088da814be,замена аккумулятора iphone 12 mini,e34663ce17eb9480,1,1,True,11.978100776672363
held_context,104865140e49a654e346d99b,массаж расслабляющий,f5d35403e55e6d20,85,84,True,11.94202995300293
held_context,105b75a1fa435486e900d2d8,сиделка для лежачего,9ec30c0ec9e700fb,1,1,True,0.7009707689285278
held_context,1086f823873ed600e7156ff2,ремонт гребных валов,7c12ef7f479500c0,1,1,True,9.86610221862793
held_context,109344fde7ec623aeb306e55,скупка железа с выездом,96563f2a9c9c447c,4,4,True,0.0642373338341713
held_context,10d7ff2fd51bbac1cd0ad0b2,наращивание волос рассрочка,83ccb94bf05c0716,294,177,False,623.5502319335938
held_context,1145992e5eb38cf24210ce8f,аренда электросамоката,26c069c6e39c7032,1,1,True,4.1064558029174805
held_context,1146c5ef4f3bb5f496b5e7fe,бригада белорусов,3b2ee7c33203266b,140,118,True,9.25265884399414
held_context,11c94f57c1d8e1a8d4accbf5,хирург,d45db6b1e6e98efa,461,177,True,1.1023526191711426
held_context,1296fe0d35dbd757ab5f42ed,баня с бассейном,c250cfc3f7bf29ab,3,3,True,7.593040466308594
held_context,1298762dfa93a79528969966,ремонт электросамокатов,18295bb2e190dfb1,20,18,True,9.428925514221191
held_context,1298762dfa93a79528969966,ремонт электросамокатов,21acf04748c8a320,5,6,True,3.0578527450561523
held_context,1298762dfa93a79528969966,ремонт электросамокатов,434784f04bf5b78f,7,7,True,8.258718490600586
held_context,1298762dfa93a79528969966,ремонт электросамокатов,ca3440e162fc7e08,9,5,True,8.29656982421875
held_context,1298762dfa93a79528969966,ремонт электросамокатов,ca6b6a63d43b06fb,3,2,True,3.011840343475342
held_context,12a939bf4e87b41528a6e942,толщиномер аренда,9add7a2a98e64a62,29,14,True,14.611533164978027
held_context,130e21e5bb5cc942e42f58d7,вывоз мусора с дачного участка,6f2ad3e15bda47b3,1,2,True,0.9907300472259521
held_context,134cbe950e04f0d6c1add875,снять дом для праздника,87fb995181062125,6,4,True,34.60771179199219
held_context,1350ce40be67ba11d7efa71e,трактор беларусь с плугом,c8205cc73adbae95,29,32,True,9.133235931396484
held_context,138a97b930cbf72defc987c8,юрист по делам снт,7dcb89e903018d27,1,1,True,0.8847881555557251
held_context,13c4a965ac67ffab9c4eb4ba,пошив игрушек,2661ac17d619fab8,50,26,True,20.91929054260254
held_context,13c85e759eae8a80cd969a23,наращивание волос люберцы,359d2c8507ecb366,29,19,True,14.024285316467285
held_context,13d4231d48f98b4bfe21d59a,электроскутер,0ea318550eee75ca,12,9,True,1.3237371444702148
held_context,142a509aafc5a0659320f3e2,аренда автомобиля посуточно,08319e00e62069a5,1,1,True,0.23887018859386444
held_context,1486bb1657668fdf3a8b67f2,газель в аренду без водителя,8f12ab8082e225f8,5,5,False,
held_context,1487df5f5eb6eaea6591f00c,окрашивание седины,b26f87b838d5d23d,4,2,True,2.6827545166015625
held_context,14eecbbb1ca1ff4db9bf7692,лофт для вечеринки,212f0428d1a46b8b,39,17,True,4.3043694496154785
held_context,1535d5d56b7997fcbe0f3c85,подшить футболку,83e9c721b21dc069,8,8,True,6.10959005355835
held_context,1535f0969547414a6e77f679,монтажор видео,c4376052e2b37dd9,9,11,True,0.5741305351257324
held_context,154f7e0a78ca33f24ee496f3,вскрытие даери,3b9ced5a0772e85a,4,7,True,0.2318848967552185
held_context,157faf2ba1eda3beb811460f,плетение косичек детям девочке,eb7fb1ebe7d71b52,3,3,True,13.431248664855957
held_context,15a08696c90495a78e2b3b7f,автоюрист,cb127657960ffad4,27,41,True,2.0041446685791016
held_context,15bd1afef3a9a7629c334785,собеседник собутыльник,132742a8bba67364,1,1,True,1.5875234603881836
held_context,161947e94df1793d9296991e,адаптация изитроник,d829e224b0952c52,3,2,True,6.476382255554199
held_context,1620fa3e5d0fb57989c509cb,работа в 3д компасе,60daccfcfe21fb34,2,2,True,9.006789332488552e-05
held_context,1630e3259f577a7fc4e33ce4,мастер по ремонту домофонов,b0b191e24c0c1743,1,1,True,7.473406791687012
held_context,16b6ac48b97d9d41bb93fa57,ремонт резьбы гбц,c729db57f9c5e7f7,11,11,True,11.380918502807617
held_context,16c085864f7d75cbeaf205b8,монтаж гипсокартона на потолок,956cc4c78d417349,1,1,False,
held_context,16dea90c8f97905510a3bb76,готовые обеды суворовский,85b412bf6aba6f94,10,8,True,5.73231315612793
held_context,1759e152b98c810c9a861c5b,куплю антиквариат,65b5c93a5f2015ec,1,1,True,0.0025591510348021984
held_context,177b0a4996849177840fc08c,аренда бассейн,bc85da823d711caf,24,20,True,18.38687515258789
held_context,1789b63878e81310785d910b,аренда авто на свадьбу,19e97cb3a030a511,2,1,True,1.4894042015075684
held_context,17b0d94b625ec0152501e8be,воздушный шар с фото,13f9f0476d3f3393,6,2,True,6.6286845207214355
held_context,17b948fca9c7b5d034021b9e,ремонт электронных плат,fc89442bea802367,12,19,False,
held_context,17d0bc3a3c4b9b3725a9e00d,липоредукция живота,11fb247a5c6c0b3b,39,24,True,2.5679914951324463
held_context,18015fa869246fffcd2c13dd,вывоз мусора контейнером 27 м3,3e90a4cbbd3830cb,62,51,False,
held_context,183570df851103ceca78a3e1,услуги логопеда ребенку,5d0fb23947ef0b17,2,3,False,
held_context,1859bbc72554d69b884f13ba,аренда мотоциклов,7b3867f907629cb4,3,1,True,18.592330932617188
held_context,18671893b27a21ec22681e65,уборка и вывоз мусора,1db525bca29d2b32,7,5,True,0.0
held_context,1888088e0b69ce1078f4a1eb,ремонт автомобильных колонок,108cd695ea569f70,0,0,False,
held_context,18ba7221fc18b4693bd3cb20,аренда майбах,9b7e9087ae728063,9,11,True,0.14547373354434967
held_context,18f2188db488672bda78f1e7,наращивание ресниц пролетарский район,61604bb285cc09bd,1,1,True,2.9427859783172607
held_context,192c80e4d212e3b3596c68a8,грузоперевозки 24 часа,b62a44f441ab60a0,14,27,True,16.34149169921875
held_context,1999955d8f6169f9a8f90490,ремонт наушников marshall major 4,5df0178d554cf974,29,24,True,7.293466567993164
held_context,19bca34483c8f4e13259ecb1,авто электрик,c73858c82235c373,121,97,False,
held_context,1a2aece709bc6d4a9c4658cb,аренда ретро автомобиля,8e7522e33844cb15,1,1,True,5.616514205932617
held_context,1a6940515097644e2e79751a,рубанок электрический аренда,c5534e28769de862,6,5,True,11.154120445251465
held_context,1aa27c2fc5265827cfc9d464,перетяжка сиденья,26e76da886fd2f9e,1,1,True,3.1447091102600098
held_context,1ae5c5efbcdc1c8542e13e46,чистка канализации в частном доме,fcadca7a9fc54011,9,4,True,2.218081474304199
held_context,1aec0ce04489d190693c713e,поклейка пленки на окна,276f4910fcce2a1c,20,13,True,1.8480846881866455
held_context,1afb58a894f15311a87a083b,сборка электрического щита,85cac4f981a24697,1,1,False,
held_context,1b39631fc68a71c821fa72f2,курсы медсестер,63faa68284c2f3a7,1020,1035,False,1004.1900634765625
held_context,1b7dff5d92b11d7fdf956116,репетитор,5ffee9e7f161c56f,45,16,True,6.107268333435059
held_context,1b8e12a905201828b5b35d74,шпаклевка гипсокартон,3634fcfb87bdce6f,1,1,True,0.37379443645477295
held_context,1c51d091d599a39604f448af,чистка айфона,d479299148f4e52a,5,9,True,3.691798686981201
held_context,1c778e8ea0351c760debf67f,ремонт косметологического оборудования,199ebd478ca33a79,4,2,True,1.3479580879211426
held_context,1c778e8ea0351c760debf67f,ремонт косметологического оборудования,4c83261ca542ba4e,11,8,True,2.6706132888793945
held_context,1cf5ec1919caa1522a3adc71,прокат электровелосипедов,ffdff40fbc090d49,1,1,True,2.9419479370117188
held_context,1d4c267d7b36282d578077f6,обработка участка от клещей,b33595092e22514e,1,1,True,0.13010087609291077
held_context,1d73609702387ac8c16e28da,детский сад,81c2763e6cf7ec2a,4,3,True,4.437809467315674
held_context,1d82b0132ba3f2c586a76ca1,бармен,39811d641aa4120f,3,1,True,0.19178220629692078
held_context,1e0d72338e659cf4bfe32076,независимая экспертиза авто после дтп,aa7786bb6eec62a9,2,1,True,15.582633972167969
held_context,1e18471fecc20e5e399a563d,химчистка матраса,2045003398300ba2,11,3,True,17.184385299682617
held_context,1e409958495247e42872328d,ремонт чемоданов колес,96064550d3df556f,1,1,True,1.266042947769165
held_context,1e47c2e041ebb598c03fb09e,аренда кораблика,0af0b50b12dc07ca,1,1,True,5.228871822357178
held_context,1e84a8052434d8f72784df29,мастер стиральных машин,81ab342f24c49124,1,1,True,5.37391996383667
held_context,1edf8a2464372f0408c25092,услуги разнорабочих все виды работ,07f1a9df1df43003,64,87,False,
held_context,1ee1b5635310f51c6c0ad27f,прически укладки,14b65d537f5ff694,25,18,True,13.710908889770508
held_context,1f16ad7abd352ca84e87abe5,фрезеровка оргстекла,39ed7b12161ca44f,17,11,False,
held_context,1f5035fe18a91afc85aab5d8,сценарист youtube,80307961e8f40a72,4,4,True,4.261998653411865
held_context,1f58c5bf29fd66f5103b2ce7,аренда спортивного зала футбол,a7605176d81a902d,1,1,True,13.37292766571045
held_context,1f9536b9bdfd56914a35f351,покрасить бампер,7f1909a371d50b8a,3,3,True,11.691272735595703
held_context,202a354625e3fcf7f7207ff5,ремонт экрана телевизора,432f3840124d7a4c,17,16,True,5.046510696411133
held_context,2098e4d492d65d025770321e,баер эстония,db7f14de2f730df5,11,10,False,
held_context,20a7d7e93ef575e0b9b30d4c,смм,99cf612eb38d7ef9,66,70,False,
held_context,20be36e885fe5c1d9e8acad8,услуги компьютерщика,7d53e0a89ab7b481,3,3,True,2.213376998901367
held_context,20c6883d6978fa2520c97e58,трансфер из аэропорта стамбула,03bf82a802959508,1,1,True,0.7951806783676147
held_context,20d567bb117fc6982b88501b,площадка для свадьбы,68f508d078b05a9e,6,3,True,19.259601593017578
held_context,20e3e2d458ce49178b07b7fe,установка газовой колонки,2bb2e0473619b83a,5,3,True,3.3226938247680664
held_context,213a274e37968f506a92caf5,аренда v class,fe36e7247a784424,1,1,True,6.11728572845459
held_context,21551ec9a91ae834aa7416ea,очистка вин номера лазером,cad5904d690ea6f6,1,3,False,
held_context,21635371cc6785d8a0a3e387,чертежи в компасе на заказ,1ece67e0c2d9d830,4,4,True,7.351126670837402
held_context,2187b17d35396c4a4d4102f2,каравай,081f30b7117a549e,1,1,True,6.61061954498291
held_context,21fd874778d08be204bd940c,разрешение на перевозку негабарита,a71dd29a2f33a903,3,3,False,
held_context,221e81a367e9866ebcbbcc4f,резка мрамора,ab6d66555e88f94c,1,1,True,13.763222694396973
held_context,223014abe99478bb35198455,настройка ps4,8f48513dcabf5b08,1,1,True,1.4894042015075684
held_context,225ec449e9d20c9f63a60523,бронепленка,481b1e81a850ae19,1,1,True,5.335861682891846
held_context,227112cb0c5d3d8ee94d38bf,ремонт аудио техники,1a44807b50a25d5d,1,4,True,5.629572868347168
held_context,22787a503208087423af9275,выгребная яма,dfa914048f519d39,18,18,True,6.236570835113525
held_context,228819a5528213bd65864af5,ремонт экранов планшета,eba15b33f9dec922,13,13,True,1.1752104759216309
held_context,22afde571a43faa36a511260,няня для ребенка с рас,af7b7b197ec9b681,2,1,True,11.853814125061035
held_context,22b86055954cabc4505d8913,ультразвуковая чистка форсунок,342c4954f31b4ed6,1,1,False,
held_context,22c368df827dc6ac6a25d144,замена межкомнатных дверей,e7d81e634876ffba,1,1,False,
held_context,22dd168b25c8f6c331dcad59,покраска кафеля в ванной,2a785a3ad42c1e1e,2,1,False,
held_context,22ea56965e7568d6680e2671,ремонт стартеров,855c3984214b4bcf,86,116,False,
held_context,22f76d7b58edb35754869eeb,аренда электровелосипедов для курьеров,7d587426d2569076,2,2,False,
held_context,23055a2b5c8691595b5f89c3,чистка наушников airpods,c206e601d4afa4c8,21,19,False,38.81733322143555
held_context,2372ff678621f8273bc327de,вокал для души,7a96c566c5a6c2c0,11,9,True,0.3436489403247833
held_context,23adc011fe46147f86208748,скупка старых компьютеров,b22da07a87f22fea,1,1,True,11.42618179321289
held_context,23bb7963eb81655374419aaa,курсы кройки и шитья с нуля,afed68c8288d9a5e,1,2,True,16.97279930114746
held_context,23da0dbab65435d9f85ee479,разбор и вывоз старой мебели,02c6efa7a49a9199,4,4,True,3.027921676635742
held_context,23eccc660f2e44b807186861,новичок рилсмейкер на мероприятие,572e5b2386923666,20,19,True,9.006789332488552e-05
held_context,23ed1091b651120e33cbf9fa,бесплатная стрижка,b50d55b56c5ab465,1,2,True,10.34252643585205
held_context,23fadbc875b64ec20662f460,печать книги,7021ab3065313203,16,16,True,7.9343719482421875
held_context,23fadbc875b64ec20662f460,печать книги,e65db8910739652d,4,2,True,9.006789332488552e-05
held_context,24057a952de1aa495a431eaa,ремонт блютуз колонок,66aeb564ea4f31ef,8,7,True,5.4333577156066895
held_context,240d4331055e76ce075cc9da,плиточник частный мастер,de1566298e00dafb,7,8,True,8.833460807800293
held_context,241ff29cc6aded3e7512fbf7,кабинет мастера в аренду,54580bad84dcfd13,2,2,True,0.6435070037841797
held_context,24479958e6efc273fee6e4bb,лизинговый брокер,430bef5508127742,1,1,False,
held_context,24645994c30abd81a41b1df9,аренда бьюти кабинета,d5f1068ab5312740,2,7,True,4.2182841300964355
held_context,24a0c3634561d0dfa98838d3,сигнализация с автозапуском,2726b490e6eae011,2,2,True,5.627799987792969
held_context,24d493d0a1d78f61746e16db,услуги трактора,663d3a7622b627a0,3,3,True,0.009853722527623177
held_context,24db6e68b389938ef9e4cfc7,разблокировка android,a6a5c0e73b461b8a,1,4,True,2.5272576808929443
held_context,24ebadaa2225e23de8e5b11d,регистрация paypal,bb326223a36851f1,12,13,False,
held_context,2506d1a966cb7f52ef3067ce,диагностика volkswagen,26bdf1e08d690249,3,4,True,4.530378818511963
held_context,252d55addb1b521c96891898,ремонт мопедов,9b355bbe95fa5f28,6,9,True,8.001371383666992
held_context,25545df00e5a8c1780390031,доставка посылок в грузию,167237fda4318f24,17,15,True,12.975602149963379
held_context,259dce478f7a63cc3927195d,тепловизор,9add7a2a98e64a62,0,0,True,
held_context,25d5f1a2d74afac378a88310,таблички из пвх,b5037920a7b359c4,1,1,True,10.870484352111816
held_context,262fa3bb9f039875db0d68a0,услуги трактора с фрезой,78c7e1d605b79be5,1,1,True,17.695858001708984
held_context,26324ca4b6f7a531a9acfa09,токарные работы,139769c8c3b9fbb0,1,1,True,3.7083687782287598
held_context,266410410375ad77cc2471df,гидромолот,bb55e7ddeaf5acc0,62,64,False,
held_context,269b59b3073cd30b6264126b,аренда рохли,4e5f5f59d35554f1,5,3,True,2.3216490745544434
held_context,26eede4c4cfa707796f3ab3b,архыз,a6adb3d2f9f6a473,4,4,True,4.210151195526123
held_context,26fffdbd5e9dd080b40010b9,изготовление золотых изделий,c68fc627e4df43c8,1,2,False,186.0077667236328
held_context,272131031ebb42c8c159649f,поездка на квадроцикле,454d2fbf67574bb6,8,2,False,33.476837158203125
held_context,2721728be9e33ca17ed7cd8d,вода для кулера,abfdeb0dd4d802b8,1,1,True,0.0
held_context,273cbebf83143fdf6fad642f,автовоз москва минск,66860b3fd69e8056,2,1,True,20.715578079223633
held_context,275f9b28d72f92064cdbe6f8,резка бумаги,fde90aa885dbcdc6,37,30,True,0.44179943203926086
held_context,2789b97cae3fc0e64b8bb51b,печать деталей на 3d принтере,ebb214349a447190,1,2,True,8.02773666381836
held_context,27be4f144249ef180a666cc3,копка ям,c2e0dbf127fccd64,7,5,True,7.190494943642989e-05
held_context,27e2e65d5bcee7f29f8aff4f,углубление колодца,06e1898494fc3f74,1,1,True,1.2727117538452148
held_context,27e316a565954abf57f2668a,изготовление автоключей,8394f4476048aa61,2,2,True,5.220892429351807
held_context,27fe4d12a0ca2efd4f5f7268,ремонт приставок триколор тв,f18e2782c1792bd7,1,1,True,0.707160472869873
held_context,281e71339b2c5f64c228150a,хоккей секция,abbed3e9f3a88de2,1,1,False,
held_context,2841c014fda05b0e24880ac6,доставка домашней еды,a0f1170bbc33e0c9,3,1,True,2.226261854171753
held_context,284ddd063350e1dfa414a908,курсы дизайнера интерьера,e9a6340304efe297,1,1,False,
held_context,28ac88b837161cb056fbc264,контейнер под мусор,d69a3cb67f6524c4,5,6,True,2.102656126022339
held_context,290666b105cbd68cd05c070f,аренда волейбольного зала,52586ca5b74b2e03,45,58,True,4.010072231292725
held_context,2939f9a6e1a861829318e81a,куплю старую стиральную машину,7de32d4a1a9e6c99,50,35,False,
held_context,293fb69b17a4c3ab6847fa1c,алмазное сверление,02e2b217e177c6a0,1,1,False,2.782636880874634
held_context,297e9009db3eb6e642e7bd0b,бухгалтерия для ип,a933c4c5eca98665,63,69,True,9.006789332488552e-05
held_context,29874f24f8bff98dc1db2a82,создание презентаций и доклад,4f302d8d3c342962,5,5,True,4.801229953765869
held_context,298d5f24ec03317bdf0bb21f,подъемный кран,5bd42fd033ac23e5,1,1,True,0.0
held_context,2992381af77a9fb11938d5a5,независимая экспертиза после дтп,220dc0248ec8d6be,34,37,True,8.900605201721191
held_context,29bcf91d8595daa544076574,грузовой микроавтобус аренда без водителя,b4e65b28dd81043a,1,1,True,20.819622039794922
held_context,29d02d659391bfbbd0572ac2,начинающий фотограф,6187292844e24a60,14,15,False,
held_context,29da5b55950136c3c5e470d3,установка счетчиков воды,d8daebffa01418f6,1,1,True,7.674953460693359
held_context,29f4df9e4cc67ae4bae0e187,эвакуатор с манипулятором,f36f2439ea31557b,1,1,True,8.088388858595863e-05
held_context,2a03f56892af362104060d25,силиконовые молды на заказ,3abf61e5e9b970f7,1,1,True,14.143465042114258
held_context,2a6568b5cc7fab71a767b1f6,ремонт шуруповерта,7aea0f0c30de62b1,1,1,True,4.67495584487915
held_context,2ae190474631e00b88729ac3,оформление документов,8041f923576c66ec,31,28,True,1.8818235397338867
held_context,2b44911e8756e37d0d6fc8c8,кератиновое выпрямление волос с выездом на дом,f178b45e4fd51c3e,2,2,True,4.118541240692139
held_context,2b8cc4391402694a67e18c9b,dtf печать,0c54371d6ecbba07,1,1,True,3.972543239593506
held_context,2b8cc4391402694a67e18c9b,dtf печать,b51bd294c3363e5f,4,5,True,9.174994468688965
held_context,2bcbf8ad71ce099ccf49b283,ремонт духовки,542941d0eeb09542,6,5,True,4.237854957580566
held_context,2bcf4ef8a711efb89eb64325,обучение накс,e5c4b5a327d0875d,2,1,True,0.27055010199546814
held_context,2bde81eeaffc5234b135a9f9,пересвет приборной панели,733ba09512ebf65f,1,1,True,7.608560562133789
held_context,2c077d7430954158a55b79ce,перевезти диван,784159b854440e0b,71,84,False,196.90109252929688
held_context,2c5a769c58a35a50b01e64c9,картины на заказ,1593b506df8a44de,3,4,True,1.0787663459777832
held_context,2c5a769c58a35a50b01e64c9,картины на заказ,3e674369aa90988a,1,1,True,3.4652113914489746
held_context,2c666c10de5968a712b2dbfe,работы по даче,ae7c1332dfa56367,1,1,True,0.2981207072734833
held_context,2c769a047c1f25c7b44c753f,свадебный рилсмейкер,fa12835d5b4691ff,9,9,True,0.8897836208343506
held_context,2ca413f8c5ccfda5c05a07a3,модель на выход из черного,5affb73d2c980a8f,3,3,True,9.886184692382812
held_context,2cac84ba40abbcab988aa137,жилищный юрист,cb127657960ffad4,21,16,True,2.0041446685791016
held_context,2cb8b5445b98ff77e5cf7bb7,замена дисплея iphone 13 pro,37af3e3050aeb452,3,3,True,16.27926254272461
held_context,2cc72fcffcc300608d66d24b,замена дисплея samsung,d409884b7d1bb0df,2,1,False,
held_context,2cfebb95b27b81cd43ad11bc,микроавтобус переезд на дачу,cfacbe192e1ba6ce,12,11,True,9.56440258026123
held_context,2d4b48d95e010eb88f82052f,сварщик трубопроводов,770cfb8cc8d376fa,8,3,True,12.464343070983887
held_context,2da9e7bec8eae30a172e1049,помощь в постановке на учет авто,85281ad310f67f0b,3,4,False,
held_context,2dd6ee585c0291f39611947d,аренда балона с гелием,591a16baa5da985c,4,4,False,
held_context,2de328af809b3afe7b82a7cf,шатер,bbe146c3bb35abc4,1,1,False,
held_context,2e3a22747c7ea3501211273b,электрик подольск,653460af5e19963b,1,1,True,17.107868194580078
held_context,2eb0efea974b1465263ab483,сантехник метро раменки,ac09a9001a4f743c,144,124,True,11.566020011901855
held_context,2ec079fc043b3fb12e78479e,проверка дымоходов акт ф15,1a89ec99ebb6a0a6,6,6,True,1.6587843894958496
held_context,2f208f2eed90843fe20ec126,аккаунт paypal,d1ce233177741293,17,17,False,
held_context,2f5c83ff38ebb1cfcd0422f9,ремонт часов polar,0117322c7db40e01,27,26,False,
held_context,2fd0621527dcba97960425c9,замена радиатора кондиционера,63851dccb0bd5c36,1,1,True,17.005468368530273
held_context,2fe7ad7d5192c9f39daf5e69,настройка домашнего кинотеатра,f3ca24b0443f321f,1,1,True,0.0
held_context,2ffd913eb03c130ee748bfb7,прикорневой объем,7b5657fef07211fa,3,1,True,2.5011394023895264
held_context,3009020f0bd976265ca2fb22,школьный проект 9 класс,1891b48c1e2f89de,2,2,True,0.0
held_context,301dcff49ca3b3f738c84bce,монтаж видео,b1e1be7d6ea707c2,20,16,True,0.37379443645477295
held_context,306c623385bdf77e28c44e8e,аренда авто под такси на автомате,05161ec9c0749401,2,1,True,0.9233837127685547
held_context,30ab2d6f3c2a6f1b5ee443a9,переводчик с португальского,76e7886e6f5a72cc,1,1,False,15.926748275756836
held_context,314e9ff6d315211bb8b87466,скупка запчастей пк,9e6613c56abc6265,10,5,True,3.778177261352539
held_context,31b92437c1a4163b40c27882,прием радиаторов,eb5d3cff8e67c540,1,1,True,0.0003380325506441295
held_context,31c019c20e23c8c809000c5c,аренда прокат инструмента,baec387e0e222740,2,1,True,1.5427682399749756
held_context,31f3b7eac414ea508663fa08,ремонт пневмоподвески,f0fd6dc7a8b6139a,2,2,True,3.0485243797302246
held_context,31ff7c82645444e87b2d913b,приём пластика,319d1969a0ac772c,31,31,False,88.65699768066406
held_context,3255d7b3013d421748509b2f,ремонт квартир без посредников,2a69bea82fc53002,7,8,True,4.105161666870117
held_context,325ec933033698972ee2b8ad,трансфер от адлера до абхазии,af1aa5b23fcae8a5,21,17,False,
held_context,326834be9e88209b4b0486bb,настройка ноутбука,c0795829aca00b1f,3,4,True,0.30557772517204285
held_context,328e889eb71f09cdcb717d6a,аренда виброплиты,dd131241758639ac,1,3,True,2.3734641075134277
held_context,32b28f583a7e27c33ca46cc5,ремонт ворот дорхан,00bbbdad9d0ce4e3,1,1,True,17.891338348388672
held_context,33113340c748edc516da1a8d,выравнивание земли,8ccbe8977c7c0b3e,9,11,True,9.011823654174805
held_context,3345725f908ef64f92c6a3e4,полировка мрамора,169a07651578f08e,1,2,True,0.05399319529533386
held_context,33536a8f66d0400a3a39a1d4,нивелир в аренду,2655d51d601816e4,1,3,True,1.3724949359893799
held_context,335aeb8ca1854573cae0424f,ремонт аирподс,54233fdef5c60fa4,123,50,True,16.27926254272461
held_context,335eab1134ee177354d17cde,песок щебень доставка,fc7d80bf639d0f47,2,2,True,8.504410652676597e-05
held_context,338008e12f0c422764a90c4d,автосервис  по chevrolet,042dfabf872965df,2,1,True,3.673576831817627
held_context,33be13bd4e1fbc0a991b05e2,аниматор на детский праздник с выездом,02f447049cc21b04,8,2,True,3.602321147918701
held_context,33db3c69f0663a8a02196341,мангальная зона из кирпича,a2b30c0b44dcb9ed,13,13,True,3.123002052307129
held_context,33ee726bd30139c011c158b9,ремонт рвд,b359723a70b6bf9c,1,1,True,2.743673801422119
held_context,3427d62d5ae3494a1f18cc62,разблокировка телефона андроид xiaomi,af3b3cb3e58d15db,1,2,True,16.27926254272461
held_context,347082d4cd8183593e7625df,помещение для праздника,954273815e76ac9b,7,6,True,1.249478816986084
held_context,348ae028753a320e836c58c2,кортеж на свадьбу ранж ровер,e1d9ebb146ec3cd8,49,58,True,3.431792736053467
held_context,3535fb4ab4810713b4294568,водоснабжение,0e31d0192e122042,2,1,True,1.4894042015075684
held_context,35e87ce84c6263f9b8091cd0,восстановление стс,49966519b0451e35,2,2,True,0.7329857349395752
held_context,360a314066677a4e43b2ce7e,доборы железные,2c4656947bc1fc89,1,1,True,5.222585678100586
held_context,361d6a4ba543c640b84c4c90,психотерапевт,d420d0490e55b76a,3,3,True,0.8044620752334595
held_context,365749c290b4c2bac9475fe2,аренда домика с баней,05236950128e620c,42,39,False,
held_context,36c48c240020141fe3065f26,ветеринар на дом дешево,55f0a674e7a56ccf,14,9,True,15.273029327392578
held_context,36ee032d098cdded3465eb43,чистка газовых колонок,ee35dc80c01897bb,1,1,True,0.003010470885783434
held_context,36f1710b2f0dd9ec76188c3a,утилизация холодильник,558ca46387f6d3d7,11,6,True,0.9015012979507446
held_context,37333d2286bb16d07bfaa026,болгарка на прокат,0a92cdea8df3845a,4,2,True,2.7025558948516846
held_context,3738b10260dff059da02ca61,аренда автобуса,2f5b21be1454e35e,3,3,False,20.59090805053711
held_context,378c17f3567975e2b44e43c9,шлифовка лица,eef32634186447e8,7,3,False,
held_context,37aec504bd0c6c1083d88534,курсы ювелира,3d9266801abc60c5,3,3,False,
held_context,37b314be6b369e8e11ccd945,ремонт стиральной машины,1afdd5b9136255c4,38,8,False,
held_context,37f5ffef4ddd5042fcffc043,прикурить авто,1c4414ed0f281d51,8,6,True,24.937915802001953
held_context,3809afbac6713d834af4a242,чистка кондиционера авто,7cd6573216a4f187,1,1,True,4.119460105895996
held_context,3821dd99b76d7e2b3cba2d3c,модель на увеличение губ,33beaebd61554122,6,7,True,3.087228775024414
held_context,385f9ce105899df0f59e75c4,прокат велосипедов беговая,7603058a6442346e,38,36,False,
held_context,389bd0fdc8bf5af5074e5017,прием стеклопакета,c98dd72b7d3b005d,1,1,True,13.000741958618164
held_context,392d4f3abf632d80b12d9d7d,слив воды с натяжного потолка,74e88038b0a791bb,7,3,True,8.943540573120117
held_context,39d18e65655caf26e669b621,коммерческие торги,1dc106bc7685e06f,1,1,False,
held_context,3a29c843c6c3bd463b3cecd8,юрист,990ad151d2cf4b71,8,6,True,6.555477619171143
held_context,3a2f34e75bdc0996546a5583,удаление папилломы,0081cce3e841bb8c,5,1,True,8.681796073913574
held_context,3a4d96d77a7c13b6838209cc,аренда утюга для труб,cccef1e736e157a6,3,2,True,12.632814407348633
held_context,3acd08ed65c742c7fa609df8,шиномонтаж с виброконтролем hunter,d3f123fdbb1e50cd,1,1,True,3.679838180541992
held_context,3ae2fc2d962556fa4c282050,распространение листовок по почтовым ящикам,084be563703bfb77,1,1,True,0.6119544506072998
held_context,3b157712f569631e59c940a4,оклейка пленкой мебели,cbba763cf0c019b6,6,7,True,0.37379443645477295
held_context,3b161d7f0da02d03d7539bb6,перевозка в ереван,a4fb1fc05743e013,1,1,True,5.987907886505127
held_context,3b38eaa91c6a9561ae7754ba,реставрация,7c72c2eaf28b92b6,33,33,True,3.264653205871582
held_context,3b38eaa91c6a9561ae7754ba,реставрация,e93759a73f96cce6,13,10,True,18.058870315551758
held_context,3b69b9acac11af8c417c832f,автоэлектрик установка автозвука,812bedf93b519bdd,16,17,True,7.254572868347168
held_context,3c12f5d33a6a7c0915cad6ed,ремонт гибочного станка,b8ceab59810d511b,3,5,False,19.653650283813477
held_context,3c15a825011ecbfb2e99cd24,замена гнезда зарядки,86f607696a6ce14a,3,3,True,1.6378600597381592
held_context,3c1fd926e0c4de9e007a62d9,землекопы траншей ямы,fe559cc2aada8156,1,1,True,4.548912525177002
held_context,3c253c317d8283d41ef95ee3,эндоскоп,bd306fe4981362b3,0,0,True,
held_context,3c89dae3a890317d293481c7,услуги эвакуатора круглосуточно,b1d2c070094645cd,12,13,True,7.438005447387695
held_context,3c9a5eb5e96f37d9180a32a0,ремонт айфонов,9511042820a6e5d2,1,1,True,0.09889673441648483
held_context,3ca0cb2bcf2db89b7444bbfc,перевозка мототехники,69f4175dc219949c,4,4,False,
held_context,3cb2e0f87103a705df8cbab3,куплю отходы пластика акрил,174ba4b189f04192,1,1,True,8.297711372375488
held_context,3cbaece35b27f06e87c062fc,муж на час сборщик мебели,3aa7786cbd816162,10,9,True,0.015122085809707642
held_context,3ce5362d844cf0d68b45013d,замена масла в двигателе,66c7d1d590c3ee7b,1,2,True,2.417387008666992
held_context,3cea7357ccdc157667afd50b,сброс ошибок авто,5a83334bc94547fc,2,2,True,8.262079238891602
held_context,3d1511526398c1eeea380a50,восстановление замка зажигания,19ceef66d314846c,3,7,True,5.684497356414795
held_context,3d2d912ed7434d5ac971f982,срочный выкуп земельных участков,759583ab49dd4a86,5,4,True,2.289644718170166
held_context,3d2d912ed7434d5ac971f982,срочный выкуп земельных участков,8d74b9c1755657be,1,1,True,11.12440299987793
held_context,3d30ce5725e65544ac8d0088,стилист по подбору одежды,243e5d6a0ba1a2af,6,6,True,1.4824936389923096
held_context,3e2ffd5bfad1ca2b3f4b19e1,трансфер тверь шереметьево,0b2cc2bf386146bd,7,7,True,4.996609210968018
held_context,3e2ffd5bfad1ca2b3f4b19e1,трансфер тверь шереметьево,10d7c174248206a8,35,33,True,1.6708221435546875
held_context,3e2ffd5bfad1ca2b3f4b19e1,трансфер тверь шереметьево,fc77fecd11a82a7d,1,1,True,0.33809590339660645
held_context,3eac9dcc9eb4305a227563a0,ремонт будки газель,0754d57dd2296bb9,8,8,True,11.32530689239502
held_context,3eb5521583a6720804406ed3,грузчики свао,6fb1a17f9bcdc6f1,57,50,True,10.980849266052246
held_context,3eee808b7b77633c53cd519d,порошковая покраска ворот,4f13dcffd35d2f37,67,71,False,
held_context,3f09f4a99aaa8a84a7d1daaa,установка заборов,7cbdc1411be44898,1,2,True,4.912473678588867
held_context,3f26e3a2a4330bed9253de4e,грузоперевозки с аппарелью,8f02a530ef536433,1,1,True,0.733080267906189
held_context,3f285d51e33d788b71e587e6,демонтаж радиатора отопления,559e9288ad6eafa5,1,1,True,0.22075365483760834
held_context,3f6cc32a5db159d3b0f01ea6,программист,e74277648f65fcd0,4,4,True,2.941265821456909
held_context,3f71b86795d89b41c25a2c0f,курсовая работа,009743fc07898f33,5,4,True,3.093681812286377
held_context,3f7c8def0f4e85639dc9f222,наращивание ресниц суворовский,15e775f55f1ca8fc,2,2,True,11.333099365234375
held_context,3fdcf9eff6448a01c9b85760,ищу музыкантов,033a8eca4792bb8b,28,24,True,4.188757884548977e-05
held_context,3fe5c1176aa49c6a4ea7156b,услуги грузчиков и разнорабочих,4075bc1048abe0ac,4,1,True,0.8766958713531494
held_context,4005839d3fc8f4dd3c053b3a,замена картриджей фильтров для воды,43b74b56f02f08d2,2,2,True,8.331811904907227
held_context,400e4ae25e3ded0015f5b6ff,подолог на дом,f778479f4ddd585a,1,1,True,0.690831184387207
held_context,40de4a94b43e3bbe43c5bcd5,электрорубанок аренда,d72ca70fe71bed9b,2,1,True,5.184009075164795
held_context,40df6ef6f0e565438a519350,турецкая карта,6dec3c5d56637609,1,1,True,1.1304104328155518
held_context,4116e7362653682ae4d8c486,кровля,e8f19ecd241fe94b,0,0,False,
held_context,4159d3b25f46fb8d704ddfa5,авто с выкупом без банка,831371df85af557f,1,1,True,6.073248863220215
held_context,41e84e804c0b9ebbc0dc68fd,3d моделирование для 3d печати,f65ac8db3e481766,1,1,True,4.182676315307617
held_context,41fa5bfe6a6681893356f8be,грузоперевозка межгород,cb9569483741069a,2,1,True,5.915772914886475
held_context,4214afc11db793d1fa9e76b5,вывоз чугунных ванн бесплатно,f75d0179aecbf297,4,4,True,1.9604265689849854
held_context,425e52422491581ee5f343ca,реставрация плитки керамогранита,1604c4ddedbd6e48,25,25,False,560.580810546875
held_context,425ff02c6e4d91071c19eb50,грузоперевозки ларгус,6d730a1a08723171,4,5,True,3.3734230995178223
held_context,42bdb486da205bbce360e613,автоюрист по осаго,797e8f2124d8b21f,10,14,True,2.5355429649353027
held_context,433779bac13090c15816800c,возведение ангаров,3f0b77661ba25fe4,1,1,False,
held_context,435fa9b7e938693abb391898,замена личинки замка,02571ac53d8ed79e,1,2,True,13.647817611694336
held_context,43689bd2e5cc9e6a5b7ffbff,уроки игры на трубе,9f3631f6209ef1cf,1,1,True,3.1863484382629395
held_context,43f31186c25748080db3b273,выкарчевывание деревьев,7303d8e52dcbdc96,2,2,False,
held_context,443789b04cd42567a88c4076,массаж с онлайн записью,1f521f0b24608d3d,1,1,True,4.550917148590088
held_context,44724363c1e03b1ad69fa235,руссификация gac s7,ed0cdf16f1d4ef23,11,9,True,2.7938222885131836
held_context,447514ea1a1bc43e0f1ae24c,электроинструмент  аренда,6245e4376db88d3c,36,34,False,5.2237653732299805
held_context,44c79773ad8f9e7f48cec2ff,чип тюнинг ford,ae7a8ec78fe51149,1,1,True,5.899234294891357
held_context,44f0ee8a90ff01b8e82252fb,куплю металлолом самовывоз,8d63cfae53414089,1,1,True,7.8094024658203125
held_context,45700e41ce3c73d4dd35eb57,прокладка трассы для кондиционера,37519a25489bda9c,4,4,True,12.687884330749512
held_context,459646e408681c590b9f560d,грузоперевозки по городу 5 тонн,78a048bda05be167,20,19,True,2.0052876472473145
held_context,45978b343b260ded90241083,бригада строителей чехов,60013061b253636e,3,2,False,
held_context,45b77ada711bddce62e12f67,ремонт форсунок в зао,995fed8577ba78e7,41,36,True,11.164223670959473
held_context,45c157c7a228dbcf1ac838b2,подтяжка груди,c32051f5272cd2d0,17,19,True,0.1537938266992569
held_context,45c642fd76ba5f054b941370,экспресс линька кошке,4f1b642eda74392e,11,12,True,0.9344520568847656
held_context,4610274b15c353ce32f10984,свадебный торт и капкейки на заказ,007ebfe9cb0ae463,2,2,True,5.52599573135376
held_context,468207aba018be6292090e2e,прически на дому,12b156d5b9fd8277,2,2,False,139.9748077392578
held_context,4682aca147d3fe71a0d4ada9,перевозка вещей по городу,9b5068ca2d9afeae,2,3,True,0.0001523370447102934
held_context,471fe307b148f2bc8e2e58e5,боксерские косички,c45ead25357bec89,18,14,True,3.246580123901367
held_context,47452171073e54149eded09e,тренер по футболу,6f07a10996b9a452,1,2,True,7.39492130279541
held_context,475ae14d9d4b29f21e619900,самопогрузчик,c46d1111d7b4b6c5,1,2,True,6.56740140914917
held_context,476b9b655211a368273a088d,локация для свадьбы,0117fc4ea372d6be,46,33,True,1.9528193473815918
held_context,4776f01b3438c9779c50d8d3,вывоз металлолома,60debca75b038ba5,4,2,True,0.1260068565607071
held_context,47858d7553e09c4c5a97d3c6,курсовая по экономике,f977bfbd8551ce9a,7,8,True,0.3737698197364807
held_context,47a8c530d023eb71d8467db5,пирсинг в студии,8072ef4104567be1,7,6,True,3.230712413787842
held_context,47e35c746be0651e40f8a63b,прием электроники,384c22c6d505d5b3,67,88,False,89.17544555664062
held_context,47e3e7825e704548bdf877c4,мастер сантехник,06635c02140854ab,11,12,True,0.0
held_context,480372e6a01f22267e5c8ec6,замена замков,f5d8b1d8c6309c5a,3,1,True,0.4502662718296051
held_context,48199835a1c172f187ff36b3,водоснабжение на участке,f431e57793cd0f14,4,2,True,6.598073482513428
held_context,481d52e8e14b69338a2a1395,баня аренда,4ee3b4fd08d3c316,0,0,False,
held_context,483382adeb29296380ec6dad,наращивание ресниц led,9f95f39e03a25ffe,8,11,True,15.087718963623047
held_context,48441c42357b26374ad6c74c,ремонт будок и фургонов,af3140b9bdda8f78,3,1,False,11.460708618164062
held_context,486ebbf9dcba152d44b47c7c,прием аккумуляторов,e5a7215183ad2cb9,1,1,True,5.707788467407227
held_context,48cfb278b753e04fa1c42cce,грузчики,4d2c7629fba498da,2,1,True,5.513636589050293
held_context,496a15b485ff28face27653f,снятие защиты компонентов vag,1aa8f238685c540f,3,2,False,
held_context,49d20f603634e9ea1a9acc9b,прическа на свадьбу,360eacaf59e59055,12,13,True,1.680403709411621
held_context,49d8726504d7b2d78376ffe3,шлифовка покраска сруба,3b156a75fb987546,5,6,True,7.098743438720703
held_context,49efe5c7f1b95048fc883f8b,производство металлоконструкций,2cfc3727e2109210,4,2,True,8.946758270263672
held_context,4a50a0cf14f9ca8102e3ab83,конопатка срубов,8ab57f8cf950d8e0,4,2,False,
held_context,4a511da43b17cd0720c53a4e,футболка со своим принтом,c4a0c6356c60c4df,2,2,True,14.492081642150879
held_context,4a7ab7422ece96ca2dc777a1,муж на час сборка мебели,3ba8db7e7cc08711,10,11,True,4.237728118896484
held_context,4a987db3933f8dce05c6b14d,кран манипулятор,b29d5be0bc7387f9,1,1,True,1.2798314094543457
held_context,4ae85df40dd6b5498aa2013b,автоэлектрик выезд,a777c35913396791,1,1,True,9.070126543520018e-05
held_context,4afa4a31cbb3240c8f285ced,сдать iphone,5aeea66263f195d2,9,7,False,57.51622009277344
held_context,4b140254e2e687afcccd0061,креативное окрашивание,9dc316cb604f59a5,1,1,True,7.844276428222656
held_context,4b1c0eba7ef73df7ab4d83bd,репетитор по английскому языку,d4cdc38758e62889,5,4,True,1.012801170349121
held_context,4b23a3a04eec78f6ff79738e,кранборт вездеход,400ea2896b616c65,7,8,True,5.869004726409912
held_context,4bc55ba1dc034cf17091bb2d,газель услуги,601b56838214c988,1,1,True,0.0001571330794831738
held_context,4c1c284c3d3ce3bad492c3b3,разработка приложений iherb,1859240ed73320a1,135,200,False,
held_context,4c36bdc59c7fe77bda61e083,3d фигурки по фото,2fb3afdb0e29ed25,14,17,True,11.56730842590332
held_context,4cdea18f35e93ee48c9c48be,макияж и прическа,96e189a5ceb2380e,2,1,True,4.284327983856201
held_context,4d254816b0ddfbcaba140829,расточка блока,942efa6bf9831e3c,1,1,True,4.650341033935547
held_context,4d28c7ca889fbc63da8ed68a,установка выхлопа,1dcd0c4ab985d2c1,1,1,True,4.98166561126709
held_context,4d44b152f755771248c51ecc,чистка фотоаппарата,e095a133d1dc7e69,1,1,True,4.132579326629639
held_context,4d4b02dc4caa778e7994d782,готовый проект дома 130 кв,2b1813532d207ad6,1,1,True,0.24315635859966278
held_context,4dbf15a8b2b55488cdaf0767,аренда автомобиля от собственника,25efb9aae200ea73,25,16,True,16.341222763061523
held_context,4de2482a282aad81c9bb3a53,репетитор по сольфеджио,d9aa13741b3ac74a,3,3,False,13.702588081359863
held_context,4e046a218d9c6725c9712e91,изготовление номеров авто,fc4f789688968fa8,2,1,True,1.2588741779327393
held_context,4e34a0595c74ae296b4c4d85,удаление царапин,7fcb9caaa61a9a71,2,1,True,5.206287384033203
held_context,4e6561a1262b054a03a8721e,гидроизоляция стен,a2e7abbd1db7d817,1,1,False,
held_context,4e7274bc22ac361968bb0a02,вывоз мусора подмосковье,6fb1a17f9bcdc6f1,17,17,True,10.980849266052246
held_context,4e775a001181fcf81c5beebf,проектировщик мебели,7fe06011ace8082e,1,2,True,5.80946471018251e-06
held_context,4e7dc5e6032ef12850ee50c9,сдать катализатор,0b0eedfc7ff5b871,4,3,True,0.0
held_context,4e83d2bc22acc031f1e0a536,художник на стенах,64659b248c33b39f,1,1,True,4.093789577484131
held_context,4ea9dcfee7af15da0c5a2af4,отходы бамперов,fc983d4573e4388d,10,9,False,
held_context,4ee4550f91b6ae5143578d64,диагностика двигателя,30ed88dcfaebe68d,2,3,True,2.4626693725585938
held_context,4efb4e82d049d05c402cb508,танцы вальс,821a04cd652fbc57,79,60,False,
held_context,4f1ca844b3325f243031f15c,канеколон,58de4d255aae5880,14,11,True,7.459968566894531
held_context,4fc27913fe6033abc9e7304d,автоэлектрик audi,80d370400579e3f5,5,4,True,4.856252670288086
held_context,50661b681f4c5b1438155732,беседка красивая,dd36ff7afc2cc336,14,17,True,3.7217440605163574
held_context,506764b41877c70983efdb79,шпатлевка стен,ff21f400484330ee,2,3,True,9.987238883972168
held_context,5098d8e68ff8a5210c363e00,обшивка пластиком ванна туалет,780514a4b99494a3,1,2,True,3.537313938140869
held_context,50b0c1211ad7b1874f9c18f6,организация праздников,8117f0d5569f046a,1,1,True,2.1475231647491455
held_context,50df9c5d308c59f2a9929e48,омск натяжные потолки установка,77c1dd0a53d50e7f,23,17,False,
held_context,511a02eef51c674de9cf94ad,постоянная прописка в москве собственник,e891f8579d1e7cd8,25,12,False,36.356502532958984
held_context,51615ae6124f8247ed73bb9c,медицинский массаж,83e2b43f1bc1699f,24,56,True,23.287519454956055
held_context,518b453e0eca284aa25f30a7,скупка продажа мониторов,b22da07a87f22fea,13,10,True,11.42618179321289
held_context,518c1f4fd1f3d24ca1f9c976,арендп автомобиля с водителем на свадьбу,cd786557e2b6cae4,2,3,True,2.0029447078704834
held_context,5196afe66fd9a60d78a7d49a,саксофонист на мероприятие,142b177b58452a91,2,1,True,3.096177577972412
held_context,519af067c98c69113e08b5c1,перевезти вещи,aa10b01c53d0c048,2,2,True,2.8475637435913086
held_context,51c805d92d0f08cd1db2965e,сантехник полотенцесушитель,f949ac73ec22f9d8,15,12,False,
held_context,51e101e4410aa74dfac568c4,поиск воды на участке новгородская область,e2804567fe3e9d05,1,1,False,
held_context,51e68e83d26086157fce2009,печать виниловых наклеек на двери,49cad2faebf29b11,4,2,True,2.1792919635772705
held_context,51f6cbcf30f74b154970e199,оценщик,06249db9faf40b7e,1,1,True,0.0
held_context,521db01c641a838dccdd34d3,генерация видео ии,95a1192c9152ac12,3,3,True,4.192300548311323e-05
held_context,52498c01d34f57b7d9d84b6b,корректировка пробега kia,6f8e423f843ad2ac,1,1,False,
held_context,5269ccd4145741297087df2e,монтаж рилс,c5363188670b6904,1,1,False,
held_context,5273ab49aa7c4ebc7ef8dbab,парковка аэропорт курумоч,e11ba268f6276e7e,1,1,False,
held_context,5287d7fdaeb2da96da4fb6f8,покраска потолка в квартире,b2f5fe8a8ad7f3ab,3,4,True,0.0004427067469805479
held_context,52e3c3a925b94ab32ea9b491,замена платы кондиционера,4e7cd67f21addb05,14,9,False,
held_context,52e47cc3668c489b4d945d5b,настройка яндекс директ,661a63dbf9372af2,1,1,True,1.1404409408569336
held_context,52fe29f2b147c251a1043b67,мотоблоком,c74efe238a69b25f,1,1,True,0.09834165126085281
held_context,530a25770ac97203dc42665a,армавир,b9cf98f7e8c8bfaf,28,21,True,2.949347734451294
held_context,530d344069a60d44a943d0a0,скупаю компьютеры,9e6613c56abc6265,16,12,False,
held_context,532f7881281ae858e23037a9,яхта в аренду,c2e655f2ef27a03b,8,8,True,9.238600730895996
held_context,536caf1700542d84fceb9735,смас лифтинг,f477f2fd29f192c3,2,1,True,0.5738015174865723
held_context,53b5f3e12a5beb3b97675392,костюм ростовой куклы аренда,17b76395ff400382,5,4,True,2.8795113563537598
held_context,53ef47aa4ec5eff8f230801c,обслуживание лодок пвх,0c503846decb60ee,4,4,True,14.480074882507324
held_context,53fa484efa4a768a47b27554,доставка животных,7da11711a690d52a,5,3,True,3.5230512619018555
held_context,540bded921601d59f7463874,манипулятор старокарасунская,eb79c4ec65029551,16,14,True,6.146662712097168
held_context,5427e0dd187c3b3782a4f8b2,ночные квесты 18,6bb566713f62e7ac,1,1,True,7.013324737548828
held_context,5446d05a70c81a62590710ae,реставрация брендовых сумок,000882aa137c1565,4,5,True,3.7028937339782715
held_context,544b2868678506f9598f0645,ремонт  амортизаторов,b9bdf70fb4de6dc1,1,1,True,3.4134159088134766
held_context,54649d09b7382840c400b3ee,микроавтобус 8 мест на свадьбу,492152186018d6f0,3,2,True,0.06404828280210495
held_context,547a5d9898c34395c75bded5,обучение на права тракториста,63b6973d05bcbcc6,1,1,False,
held_context,54d31860fdd1f02b87ab60a3,байер германия,378c956ec1742919,10,15,False,
held_context,54e2c2725f568fec8ab3f4f5,обучение сварке аргоном,e3fb58605bc45f35,5,4,False,
held_context,54ea9121a8916333961a8406,реставрация оружия,a3a35d5b45368c94,1,1,True,2.2855546474456787
held_context,551fba20db5624fa7db0cd4c,ремонт ford f-150,cd8cac8ce3b89444,5,4,True,5.4812726974487305
held_context,552fa57cba7b78b99b1129f2,химчистка колясок детских,36b1900155a926e5,1,1,True,1.9870710372924805
held_context,558713c9b25af47172228d7d,подсветка в салон,c9980f14cb4d1eef,1,1,True,0.0
held_context,55cfc61b4a80328c7d20bf4f,установка розеток,7da609613b4892e8,14,13,True,1.8150146007537842
held_context,562883edb6827f4994aab69d,замена газового котла,95e9de79d019db6e,5,5,True,8.687829971313477
held_context,568051252a2581bc00991e45,выкачка септика,760deb8c58b4e2db,2,1,True,2.1761739253997803
held_context,568569d6fe67f1b7189aec70,наращивание кудрей,5360295fbd39699b,1,1,True,5.428822040557861
held_context,568a2d9739e32d16a2b9bb72,ремонт газонокосилок,385b372c8d41d282,2,2,True,0.6558144092559814
held_context,572ee6ba19bf6f20e37d8206,биоревитализация модель,e97807c8acdacbf7,10,9,True,12.47065258026123
held_context,57ac8746d77b00e7cc3589cf,утилизация стиральных машин бесплатно,8e02f664264ed66c,1,1,True,1.4583101272583008
held_context,5851d36d21a130d2c5680a4c,архитектор проектировщик,c84077e878339111,13,14,False,
held_context,585eef012e1dd5b1ff1b08c0,печать на 3d принтере из смолы,c5c0041f71ffadb4,6,6,True,7.21163272857666
held_context,58b327353da5630ee0c06cbb,от сглаза,118caa72abe1ae76,2,4,True,0.5415135622024536
held_context,59611d2edd4e02f446486d83,межевание земельного участка,e8041380f4fe1305,2,3,True,1.8550786972045898
held_context,597949e9153ad806dd3deb81,подключение теплых полов,d8400dc8f5414576,1,1,True,2.2700955867767334
held_context,599a1937d2434086a928f4e5,грузоперевозки в ереван,e289cd35cb30f3c5,3,2,True,11.38117790222168
held_context,59b2be2ae329aa0de1e381cf,инструктор по вождению мкпп lada vesta,7b3203158da5d95f,34,39,False,
held_context,5a1009054199eaf63396b1af,перевозки largus,66ea8cd7bcdcbff3,2,5,False,9.77510929107666
held_context,5a170860a5005529825f90ad,караоке,cc28baa170faa74e,16,15,True,3.1068100929260254
held_context,5a4fede2be18cab7409d9ec3,покраска 3d моделей,895da845e7d76d11,6,5,True,20.919191360473633
held_context,5a502991497c20008630abca,покраска мотоцикла,d93d23b9a9e08e77,1,3,False,
held_context,5a532af0274eeed49302dcf4,фото видео съемка на свадьбу,9755751c97420360,11,14,False,59.495277404785156
held_context,5ab7692cfba557cd5c3624c4,манипулятор 12 метров,9886cfa3f4e2620d,1,1,False,
held_context,5b2e4ba021a94088185c0360,аренда игровых приставок,57e6baca53037119,1,1,True,1.8308675289154053
held_context,5b3aabc076447459cafdcba4,растяжка обуви,217c53a6e20b651d,8,3,True,2.9115219116210938
held_context,5b6dab32e3ea3b02664ec1ef,грузоперевозки межгород,6aa3164ae65cfa92,15,14,True,3.4064979553222656
held_context,5b8b7df97b44864fb2c41abf,перекатка процессора samsung,ac01fcc00e0f4e43,10,7,True,16.80014991760254
held_context,5c2d9ba47b93fa45adcb9412,кузовной ремонт и покраска авто,3ef87feb5a4facbb,1,1,True,1.3287770748138428
held_context,5c9f2f85f4e9808141f0e2ed,программа ofis на macbook,9e2451b5b9effb93,25,33,True,0.05384242907166481
held_context,5d1cf751390da81b54c999ef,реставрация сидений автомобили,814ae33a0156fbd6,1,1,True,17.368284225463867
held_context,5d39c1175997e474759431cf,визажист стилист,78713bfdbbc73416,18,17,True,0.3890080153942108
held_context,5d537b9949dbe5ba86fd429f,парная фотосессия,1389f7b25b134c86,4,6,True,0.6836642026901245
held_context,5d5752c330f6fc04a10425f7,выкорчевывание деревьев калужская область бабынинский район,a785074bca4db4ce,2,1,False,
held_context,5e29cf28b020af9ea193bda3,неоновая вывеска бу,d069c80e4a221eac,3,3,False,
held_context,5e413661051f2396ac3c2c0d,ремонт карбона,7cf8987cb9fea0c7,1,1,True,4.8101935386657715
held_context,5e8385e1341e482a7ab8e31b,распечатать визитки,065cb6ead4e2c01a,1,1,True,1.3428974151611328
held_context,5ec6670a01f0a0853f60daed,сауна на час,eba06cf0d9be677c,6,7,True,5.521508693695068
held_context,5f07110d64e20ebe0702221d,посылка в германию,13472f26521b995b,9,11,False,
held_context,5f55c660ac3dfb03d8d0128e,видеовизитка,0afc98540aa27b30,11,15,True,12.42074966430664
held_context,5f70c11e03fc8964744104fe,кабинет психолога в аренду,16b4097eb74eb2eb,6,5,True,0.7538827657699585
held_context,5f79cb1d74733c86b0778f95,ремонт электро газонокосилок,104d09659111e686,1,1,True,1.4013895988464355
held_context,5f9a693b92c9086b2b837850,разнорабочий на день на дачу,8132bb924cc8c0dd,7,9,True,0.2720145881175995
held_context,5f9df43a57829bbbce19f0ed,типография,f81af88bc03dd71b,8,8,True,4.269056797027588
held_context,60029cc7c8b1897ee730a30f,ремонт холодильников атлант,6e3590a2f144b845,1,1,True,4.726784706115723
held_context,60216ca9aee998da3a061237,забор из штакетника,7cd8ce86b84060e7,1,1,True,3.7877554893493652
held_context,603957c29d0676b55a759515,плата ключа форд фокус,3a9da12150d270ab,4,3,True,9.952325490303338e-05
held_context,6041732812b45741a55fd210,лазерная обработка металла,01d2e12c0a0864ed,1,1,False,
held_context,605d2d67072d9e71ac2209f1,ремонт вентиляции,26411995e9f13fdd,5,12,True,0.0
held_context,605ec3a44f187bf82086aafa,изготовление вывески,63f24321a24f371b,4,4,True,1.4625585079193115
held_context,6067d06462c3e6e8dbb2c0b5,косметолог домашний уход,a36a996666df5804,1,1,True,3.43228816986084
held_context,6075fe7cf4f4ed35f6289554,кабинет для мастер классов,5ff97f844185dcf4,1,1,True,1.2605876922607422
held_context,608b964a774d50f9fb8dcc0c,дизайнер принтов для одежды,c34a2c0e7d11663e,1,1,True,7.39907169342041
held_context,60a70cf67926bf903e0fb90a,самогруз 10 тонн,a0078537077492b2,1,2,True,2.5191898345947266
held_context,60ad2938d30d26f11b2b84d1,приборная панель ремонт,3fd2758c76ff5035,7,6,False,
held_context,60b1ed63216bf36a0561e011,заказ еды на мероприятие,f67c3b491f7e264c,1,1,True,5.193855285644531
held_context,60c0a1fe16e6ced93fb9535a,удлинить газель,c3e38a7b181c7fcf,1,1,True,14.961503028869629
held_context,60d445f6b3c81bd7be80a72f,лазерная резка фанеры услуга,eca3441a5ef68f78,6,7,False,
held_context,612252f3d25c4d965c88bfaf,пескоструй обработка ворот дверей,13b27e5c52c67559,10,6,True,6.0315022468566895
held_context,614bdbdc077fe3c564a79ed9,чистка зубов,3f5a8725f7923436,1,1,True,1.1240389347076416
held_context,614fd1e27fddd7c0a1be5b3c,классическое наращивание ресниц,99700a1fc1f660bf,1,1,True,6.873600482940674
held_context,61603d1ef4e1da9229667fbb,фотограф бесплатно,116ea524d844528b,14,11,True,17.28863525390625
held_context,616cc50f093626e8fba13868,чистка номера двигателя,c966e3f8ca8c48a3,1,1,True,1.7527523040771484
held_context,61e54fb13d3e60edc085064a,бьюти коворкинг аренда кабинета,189724f959bf9471,39,29,True,3.6731066703796387
held_context,61e62d783f54633b406ee468,повесить зеркало в ванной яхромская,deabe49ac313d2f5,11,9,True,9.443309783935547
held_context,62300d3cb3a0e9838e25016b,изготовление дубликатов грз,c74953162f72c7d5,1,1,True,0.5496498346328735
held_context,6239d3d1a328f6e62bf8d64e,ремонт светильников,05b076730c916a22,11,11,True,5.555240154266357
held_context,6292cf3f808290df4e5cee98,смывка для волос,f6b3103b61061177,16,13,True,4.629545211791992
held_context,629f969e367de043cbbb3213,такси 7 мест,c1fcdf446fc69d2d,20,19,True,7.276958465576172
held_context,62ae2db94b0d6c22011a7cf5,сайт tilda,970546bd9ae3eb00,36,32,False,
held_context,62c9b891b0014eef085cbea1,интим девочка,5eacd68d2ef68a5f,134,93,False,7.379639625549316
held_context,62f7042535a264b83d17f1cb,аниматор трансформеры,65a15c18056cc39d,4,3,True,0.6571574211120605
held_context,6349172f24f9e0b545f57ce0,покрас волос,ca815ae5427671f5,1,2,True,1.4774773120880127
held_context,635735ea3ba51f12fb2266a5,наращивание ногти,1b80824929e0582a,9,10,True,1.4970576763153076
held_context,63a8b3b096d7a03e63de13eb,ремонт одежды,975e0413745d5a67,1,1,True,3.2543959617614746
held_context,63d4e4a250f07ba0c664f5f0,прокат кабриолета без водителя,9a6bab05b4a3cd05,3,4,True,0.20261669158935547
held_context,640eaeb6e4431a78ac65a688,багетная мастерская,335e814ca466b4c8,1,1,True,5.125846862792969
held_context,641f51dd064101dcc54fc12b,вывоз мусора солнечногорск,23c8dd9658e5ec92,9,11,True,4.017913341522217
held_context,644dd6fd7dedf70668707f57,проект каркасного дома,bcdfad51d9e15bc4,2,2,True,4.580813884735107
held_context,65163a496d6b73de23da9bfc,бросковая зона,c0de09b8e130b691,1,1,True,2.2924859523773193
held_context,652d8be6bfa4bfa986543a6c,услуги токаря фрезеровщика,e63b5cf35cc76a37,4,6,True,4.538429260253906
held_context,6533df985b62b19d71650f77,репетитор по математике 1 4 класс,56d4864ac9d6849b,5,2,False,
held_context,6547c49b6f206410e14dbd04,расточка цилиндров иж,2d6da1aada1cc52f,1,1,False,
held_context,65749be687dd243e8b214e73,сварка по ржавчине,3a3c729a9c660580,1,1,True,17.25709342956543
held_context,65b1cb903c881298982a979e,базы отдыха на озере,4de51e981c5c4d55,10,10,True,20.335159301757812
held_context,65e02e913d6b3c45bac94e42,утепление стен пеноплексом,4d48ec0f0466ccf7,1,1,True,5.280463695526123
held_context,65f01ca1134c64acddef5116,попутный груз,ed44424ad78fb297,21,20,True,0.6835339069366455
held_context,667fd3c5d415e3efe5112e22,газель перевозки,92adb1b569b8638d,123,125,False,
held_context,668688449fdd2b591ee84f16,печать на джерси,8f02bd1d8a896039,190,199,True,4.436830520629883
held_context,669b35b8b4484b9a2c6eb034,байер финляндия,64039bff2bf4f5e3,92,76,False,
held_context,66a3214ca58dfbaf7d63c045,ремонт авто ходовка,f2d69dd487c22505,1,1,True,2.029613733291626
held_context,672f0123ab953dbc64a87031,мастер класс для взрослых,78192917f234678a,135,128,False,
held_context,673092ce8e03541252fd024f,грузоперевозки 6 метров,6391e19b55a5ebcf,82,31,False,
held_context,675b3d052a0e266f2a62cee0,база отдыха на волге,2207c5ef708605c5,49,38,False,
held_context,6773210691629e95a0522ce1,тула бобкет,53d5504461ada15a,1,1,False,
held_context,6777d261c9442016aa1be546,памятник стальной,f0325ea09d025901,2,2,True,0.5442477464675903
held_context,67b102b38b9bb8a93c8a5739,вросший ноготь,253195da6f344bdf,1,1,True,1.1768062114715576
held_context,680713a9dd2402cfcc23b86e,рекламные наклейки банеры,b78c38a85ef554cb,61,53,False,
held_context,680caca02e9ed0fb2c024e67,открыть машину без ключа,975c0544579670d7,10,11,True,5.339678764343262
held_context,6834f2f47d0469efb443d465,развлечения,0fb473453b314ffd,28,63,False,84.53714752197266
held_context,6866d464f464a90033cf3a0f,тренер по мма,01fcafd734d85187,53,41,True,9.168128967285156
held_context,687638c72935617e1c88105e,афрокудри,fe02a66336b02385,23,29,True,5.445159435272217
held_context,68a53f801cf795a7053a110a,моделирование в simintech,80d78a8d1aad5d1e,1,1,True,6.429744720458984
held_context,6912e6131c58247f72ede795,мойка окон в квартире,8984ed48e74dd66b,37,34,False,24.792301177978516
held_context,695801f64159d813d36e028e,выкуп недвижимости,ab8ca12b255f8d89,2,1,True,0.006113697774708271
held_context,69bfff411b2323564dd14e17,оградки,c5e355a02e6dbcca,8,3,True,1.1596458534768317e-05
held_context,69d0a93144e1508d81a8d8fa,брейды мужские,90eabbecbfe4737b,26,31,True,14.030136108398438
held_context,6a25791f3a33ad629f63b7df,снос демонтаж домов,d646621f41a4a922,5,5,True,10.429939270019531
held_context,6a2bd7e7200d78e44356c590,аренда строительного пылесоса,f1879714313913b4,2,1,True,1.1987905502319336
held_context,6a7e6e343467d49654e37a29,ремонтные и отделочные работы,33430263b3f9733a,38,27,True,6.5052361488342285
held_context,6a7f8ae6230ce6f038148efc,ремонт ванной под ключ,930d9c4ad963b5c8,10,12,True,1.802743911743164
held_context,6a9f3739f3280fe72b2efd81,диджей на юбилей,001b7f9425234872,2,2,True,0.5490666627883911
held_context,6afb03a2d19ea8751eeab320,строительство гаражей,c7600ce0629aced6,1,1,True,0.33819130063056946
held_context,6b044dfedc76ae07b118e687,прозрачные наклейки в рулоне,d662afe26d8f95ca,4,5,True,9.74370002746582
held_context,6b12fa524c57567771d402c5,промывка форсунок,647c035dbca7a649,1,1,False,
held_context,6b3a8e458bc209c6975ebb42,пластиковые визитки,998ede500b30a8ce,8,5,True,10.968393325805664
held_context,6b8723b933881a5b8939c5a9,бурение канализации,5d24d65e85bbec00,1,1,True,8.162747383117676
held_context,6ba9484ffe49ecc39e870e8a,покраска мебели,91a4327c78eddc76,1,1,True,0.7037322521209717
held_context,6bd667ded13f19dae299757e,корпоратив на природе,bb82e86bc2fcb84f,15,10,True,2.8516135215759277
held_context,6becc04eac84518b835f576f,аренда ушм,16d378e768c70e7f,6,6,True,4.168426990509033
held_context,6c06fb6cb333ee74ae049eb7,ремонт головки гбц,3ed8ed32fa0ea747,1,1,True,4.027341365814209
held_context,6c1875056148c8709523d2fb,настройка честного знака,eea5f87067509b90,28,24,False,26.90816879272461
held_context,6c1cf4be4a07b2e2037728d4,ремонт духовых шкафов neff,1ae8cfbc1549ae47,1,1,True,9.203653335571289
held_context,6c2326274411c7aa856fe6cd,дезинфекция от клопов,2bf36ffc77b299d5,18,14,True,13.966449737548828
held_context,6c3bc40657d62a40ee5edac3,логопед онлайн,a6e11dd56a7f05ba,36,22,False,
held_context,6c4c9db1ae4c166f0b347d2d,губы,1164d2ecd184a726,1,1,True,4.694827556610107
held_context,6c6642fca7bd1f776cb920d2,ремонт боковых порезов шин,0bfb96ab8ab60fbb,4,3,True,7.97537899017334
held_context,6c7e082b51683ac3a90d3e32,установка парктроников,d65e09a63fd80c7c,9,10,True,17.20916175842285
held_context,6cbfb5fbfad83e37de90b01c,прием боя стекла,77ffdf75719b656b,2,2,True,10.84975814819336
held_context,6cc5557c79bbd7b3eb4be241,хим чистка дивана,a68deec34e74dab2,1,1,True,5.725488185882568
held_context,6cc5a2959502baff8c0c33af,karcher на прокат,d3726b64ff0324c0,38,31,True,13.753761291503906
held_context,6ce697c0514af24cfa13c019,репетитор по патологической анатомии,f81d3e4909e4c51e,4,5,False,
held_context,6d0d50305dfc7fdfc522b5ea,выкуп ссср,ffeddaaf2db34124,1,1,True,1.2926514148712158
held_context,6da4a9c41556532ba0badf5a,ремонт стартеров bmw,5a4784907d682565,2,2,True,11.951889038085938
held_context,6ddee009ccad565d6eff1911,изготовление табличек с вин номером,b4fd15e43dc307d1,3,3,True,0.5743402242660522
held_context,6decf0e09bed8db4db520568,восстановление стёкол авто,27ba35203e037bb2,2,2,True,8.3349609375
held_context,6e1aaa178b01b7496bbeb9fe,прокат самокатов,35398d2eb1af82bd,4,5,True,0.1848016232252121
held_context,6e7f3867bbf767be29921ccd,лидогенерация,cacca72b31f50e71,2,2,True,9.006789332488552e-05
held_context,6ea1c9f67e8840f5bb3b1716,услуги культиватора,a9c4b9dd7bb29dbd,1,1,True,10.963603019714355
held_context,6eadb67561c03afa20e54eeb,тренировки по боксу,fcce17c6f1c95a03,2,3,True,2.932434320449829
held_context,6ec8908650bd5f0efacdc98e,аренда бетономешалки,ddacf0f6c8c3084c,7,9,True,17.355531692504883
held_context,6eceffe2a0f9c7091fe0840c,изготовление автомобильных номеров,43a2c6a24327285f,5,6,False,
held_context,6ecf5f819a8de5137ca66005,вывоз деревьев с грузчиками,75e41637d53ba9ed,141,169,False,24.965795516967773
held_context,6ee7a494eae8fd29ed41f411,металлические визитки,955183727cca7754,1,1,True,5.331309795379639
held_context,6f1713e412cc3b6d03e922c5,минивен аренда,091d3feea34be864,3,2,True,2.2019166946411133
held_context,6f24abc5e83c630a0a33648b,загранпаспорт,e11446d41589b2f4,1,1,True,3.9635887145996094
held_context,6f35f8af04c83c8479bb8d0f,вывоз газовой плиты бесплатно,f75d0179aecbf297,9,8,True,1.9604265689849854
held_context,6f786e806b8b23aef27dc82c,акт проверки дымоходов и вентканалов щапово,c589c61315e97cdf,46,41,False,
held_context,6fa9655e6d34d2480a4597ba,кровля  услуги ремонт,f3169e17f04d906b,2,2,False,
held_context,6fe6a311aad93e8daec0687a,манипулятор 7т,230855cfa651066d,2,2,True,3.8954033851623535
held_context,6fed25725c43801296b0a854,переезд москва калининград,bf1c08ddd7c7248b,1,1,True,9.006789332488552e-05
held_context,6ff2b550103af0dee73ff915,начинающий ландшафтный дизайнер,0cbf88de2bc035c1,2,3,False,
held_context,6ffa64d5b7d806c4c5fe6d64,установка кондиционера в авто,a32e974ddb61579f,1,1,False,7.390260696411133
held_context,7013cab09ec5044fb2de76af,скупка золота,2276d8fd22cebcf3,27,26,True,8.791208267211914
held_context,701dc0a2be81ebe688b3175d,ремонт стоматологических наконечников,3204b5b47d75e374,1,1,True,9.920244216918945
held_context,702a9753f717f4f16ad0fab7,токарь фрезеровщик,e63b5cf35cc76a37,8,7,True,4.538429260253906
held_context,7042ea87705dd0c72b5574e3,ремонт питбайков,f73508c52324ca58,2,1,True,1.7982726097106934
held_context,704dea41b5c5fccc7a36c8fa,аренда авто под выкуп,e5f33ac0e578b0b2,2,6,False,
held_context,706e405c7d0afb377b8c4f1b,фотоомоложение lumecca,0ac207ba0294dc8a,11,8,True,2.2641313076019287
held_context,70c32a8042b38d55f16107b8,спицовка колес мотоцикла,d29454430a606ffc,42,37,True,6.256601810455322
held_context,70d6e45f40887f4736d791fe,мастер по ремонту косметологического оборудования,b3f2067f768324ae,1,1,True,1.7367620468139648
held_context,714a3adfb111e2d726ff2f12,изготовление перегородок интерьерных,6ea54fa7a0d9ef5b,4,3,True,7.928215980529785
held_context,716067b71ad715b76958af8e,снять студия для фотосессия,8088e093fec26453,31,19,False,
held_context,71ae4aba92c2e77c77de3545,тиснение бумаги,d5de0fb84c1c446f,34,22,False,1417.487060546875
held_context,71d867bd354ac3d7c16e1a21,дтф печать,3c2f5691b60a2f44,5,5,True,4.698123931884766
held_context,71e2f32a5e4e43ef3c77af6a,ремонт коробки робот,31b38831ac069d81,2,1,True,4.222205638885498
held_context,7246a6a8b9f73d59334aad93,срочное печать банеров,15c97de37ddb32fd,5,5,True,4.9381866455078125
held_context,727db7610fa893865a156b44,шугаринг для мужчин,727401f73247446a,4,8,False,
held_context,72ea493f8202a7cdcd631fc1,алмазное бурение стен под вентиляцию,8950d33fbce04c6e,1,1,True,0.0004417202726472169
held_context,7314af4337dc5f149b9b3ff3,спортивный массаж,ccc7c465c05fe92f,2,4,True,5.659509181976318
held_context,745355ec6c81c9c0d792786a,беседка отдыха снять,23262c848d8149ac,24,27,True,1.4868085384368896
held_context,747baacd82ea1fb79a77ce6c,ремонт пневматики,727bf54d84d38f24,1,1,True,0.9975264072418213
held_context,7486302d87330310cd0b996c,курьер,0b0549a1599007e2,1,1,True,2.124593734741211
held_context,74af65aace8cb3be84427a39,замена заднего стекла iphone,1b1b7be8553fcffa,38,37,False,
held_context,74b522210b1cf3bc9b648bed,заливка ванны акрилом,b3bccf460d891a9e,10,9,True,0.0
held_context,74f9e38e4affe808ae83b650,граффити на стенах,0df0b089f53275d3,16,12,False,
held_context,75372e0c98e09fae14fa5a15,виза во францию,431bcf70e0afd1a7,11,12,True,9.22276782989502
held_context,75ad481d42b2c0f3c1db3110,фундамент под баню,1b02d519a84bbea5,1,1,True,5.577099323272705
held_context,75e39387355695d59ae78271,ремонт nespresso,05d63f73cf7f218a,1,1,True,12.97289752960205
held_context,75f374fba688c5a3e9cb5296,фрезеровка почвы,aa69527ff67a56d6,3,2,True,15.942930221557617
held_context,75f47b5a4b65a2921b15e0aa,ремонт ресторанного оборудования,cdfec4a3d3389a13,1,1,True,1.3979613780975342
held_context,760e9ebb595da2aa57edb3a2,чистка впускного коллектора,13c7cb2b8a569c2a,1,1,True,5.524333477020264
held_context,7664bbc931a8d3eecddadfe2,егаис,f5d3c08ae350017c,1,1,True,0.35779109597206116
held_context,768d64c16346ecd3bf9ce58b,репетитор начальных классов по чтение,f7eb5783adaa13e7,3,1,True,3.099414348602295
held_context,76fb6eb96a0e351ee859dfbb,blender 3d,43479f18f4b38f62,1,2,True,4.192300548311323e-05
held_context,7709d1cbba6e5d1441f3b1fb,аренда авто под такси премьер,ff8c83488b07936e,1,1,True,5.998752117156982
held_context,77211a599ea9ffcfc67cb337,демонтаж вывески,c50e59d65de5f394,1,1,True,3.267184257507324
held_context,772e32903a71a7ac8e58f3af,сварка пнд,7492e30860d14812,3,6,False,
held_context,7737054799e7fe9eaf0b2514,замена ключа на авто,1deb3010759342f2,3,1,True,0.4728849530220032
held_context,77696358e2ae6a7370d8957b,заправка баллонов,0dfe804b8dd971c3,1,1,True,4.788951396942139
held_context,77838252cd2df793d265655f,курсы наращивания ресниц с трудоустройством,a58794ce7f4a79fe,5,8,True,0.9826905727386475
held_context,77a72dda9a9f49eb843d6183,бобкет гидромолот,8356d40f9621ae81,2,5,False,
held_context,77f9e20562477357c53463d6,модели на окрашивание,117816fdf83315c8,3,2,False,
held_context,781587790d53fcc7e56746ef,скупка смартфонов,0a8001094acf3b09,1,1,True,0.9257175922393799
held_context,781587790d53fcc7e56746ef,скупка смартфонов,5f6346999c3d5cc6,2,2,True,1.9613151550292969
held_context,78491f9ac3f8f649fc1129a2,мангал,d62b414259e85826,1,1,True,4.465181827545166
held_context,785306fa43bba91f772a3348,установка гбо,c923c73b152c209f,1,1,True,2.0339457988739014
held_context,78556c06492e3b3c34613147,рыбалка морская,da0c03cd61086d0d,26,25,True,0.0
held_context,7870b322a0ff296681697e09,обслуживание станков,a23c770eab4d0c8e,7,7,True,1.7310247421264648
held_context,7890ee2c6d759041ec5dbf5f,комплексные обеды с доставкой,85b412bf6aba6f94,7,8,True,5.73231315612793
held_context,789f3adbf2781756c2f01449,ремонт квадроциклов выезд,f598f4e212deb63c,1,1,True,5.986854076385498
held_context,789fc5fa0fd65bcfee804236,бурение скважин под ручной качок без электричества,33fc63590d3684aa,8,7,True,12.464346885681152
held_context,78b29db38e6f2e5df35a5282,замена экрана iphone 11,a05ec28cf96fa75a,3,2,True,2.692601203918457
held_context,79003f9e1ba00e4ea40eb8ce,экскаватор погрузчик,c58c0c83435db0c5,10,10,True,0.2613227963447571
held_context,791c21414c7c39b5209afd77,бенто сникерс,8a9ba9697006acd7,3,1,True,5.949171543121338
held_context,79442aebc4e65b346fa75713,установка противотуманных фар,e2a3a2b7d773c6cc,6,6,False,
held_context,796d17301129c72b9bbc6f9b,романтическое свидание,269593fa19c514cc,1,1,False,
held_context,797c796a03ab4e41b019cb75,перевозка больных,85a3a9fadc953208,1,1,False,
held_context,799f31fe68db381fa0a27752,приемка шин на переработку,3136905d3a19b827,99,113,False,
held_context,79ba6fa67b768ac695401811,маникюр онлайн запись,181a070eb5e70d83,20,19,True,1.1378684043884277
held_context,79c2f506467d310e5869c7a0,аренда mercedes v класс,666ba3fa7293cd52,77,59,True,1.1367309093475342
held_context,79c2f506467d310e5869c7a0,аренда mercedes v класс,fe36e7247a784424,3,2,True,6.11728572845459
held_context,7a064cea2aa7661c1aa56031,ремонт турбин,4c1b3b1ced7994cd,1,1,True,4.233901500701904
held_context,7a0ac4f8d24aaf36a8d26503,ремонт бампера,7d47ba5431ddf9a0,1,1,True,5.220706462860107
held_context,7a9f849bd37f317290ecedc8,монтаж дымохода для газового котла и вентиляции,f20a9be272c97fc9,1,1,True,5.485385894775391
held_context,7abc8a7a4c17d32485626003,коррекция наращивания ногтей,5d3597e69f680a30,69,72,True,11.638589859008789
held_context,7ac07e4943c1c13466481dfe,вывоз мусора металловозом,e971255705602bb8,24,27,True,1.2408838272094727
held_context,7af5e15eab37bb1f6cf9061d,ванна акриловая,cf586e8558d526ae,16,9,True,15.742042541503906
held_context,7b05578f1c20e703dfd438b6,ремонт брелков сигнализации starline,94512c454081b96e,1,1,True,2.7113454341888428
held_context,7b0b091962612b248b7119bd,тренер на дому,9fbac46b92b90c40,8,3,True,14.63815689086914
held_context,7b0eeee9222d4a1b9cd7503e,снять банкетный зал,d3afc8bbda96499f,1,1,True,7.048494338989258
held_context,7b1f2c40b0e04d837a0a7f1d,аренда бункера для мусора,007ff762f82a1fa4,5,2,True,1.1754717826843262
held_context,7b58ef0b3c765337e63f331d,репетитор по биологии огэ,d3812a9893a58f24,7,7,True,0.0
held_context,7b59374362de4a06e73d2a5a,скупка домашней мебели,b119b4a3d598ecbf,45,74,False,66.81426239013672
held_context,7b831ff4681333ef9bc17a68,неотрайбл тату,2c8e35fedd9fd944,456,490,False,
held_context,7b83abcd4102c161e652a569,френч маникюр,a068d578d1f68cdb,3,2,True,16.574443817138672
held_context,7bf983bf2a36df0d0102e633,памятник,6880e2bbeba7a469,3,3,True,8.343338966369629
held_context,7c07e34ad3325b341c881104,аренда вибротрамбовки,c7c7e3e317658bf6,7,8,True,10.343505859375
held_context,7c09f468fb7471f332f8fe83,bybit аккаунт,e16b347eeb97763a,7,7,False,
held_context,7c45152cfdf6cb6b514ef87d,аккумулятор ryobi для газонокосилки,b63d671ee6156e23,1,2,True,5.499249458312988
held_context,7ca401fbab23e0136e3773bb,заправка фреона в авто,dbb0de16e88dea8a,3,3,True,8.389117240905762
held_context,7cc35dc714a0782f78e6cff4,чистка форсунок на стенде,342c4954f31b4ed6,1,1,True,1.7409367561340332
held_context,7d052d2eae7809850d8c1083,регистрация apple id,9946f9f4629bcd22,2,2,True,0.26353973150253296
held_context,7d164025ab162b49cb3b5f44,профессиональный свет на свадьбу,e53231c0f46e05d2,1,1,True,5.9865593910217285
held_context,7d5a60a08bbd2ccd19727775,резка бетона,07938f48e74e0d40,1,2,True,3.2877774238586426
held_context,7daf8b19e83e676da3d98eab,аренде на час для массажа,5a48e7214d43072f,22,23,True,11.9835205078125
held_context,7e3850347d7a0787bc4ae097,осаго,0a559534bf77b549,1,1,True,0.9168119430541992
held_context,7e458ffe8ac486bf7af9eb4d,швея портной услуги,0a0338e875830e55,15,15,True,2.0451765060424805
held_context,7e7a9ad5dde208c4b2f59e4e,газель самосвал,a0ef2faf0574354f,2,4,True,2.3077282905578613
held_context,7e8713f90e7ad86322004f36,аренда скутера с выкупом,0b8760f285540baa,16,19,False,66.82225036621094
held_context,7eaea268154879527bd3fc2b,юрист по составлению договоров,375ab1d058a9c7f0,2,2,True,9.552616119384766
held_context,7ebe8fe3685b4659ffb9d0fd,сантехник круглосуточно,cafb06389992d785,13,4,True,10.002235412597656
held_context,7ebfd27a476ee521d8a1ea9f,копка земли на даче,73fc8ad9c4acdb3e,1,1,True,17.462324142456055
held_context,7ecc40d4d63ae6811dab69f4,инн казахстан,59b32c3923ef9cd1,3,3,False,
held_context,7f034ea2e6802a31f3845940,прокол ушей детям,c7b10fecff6fee86,1,1,True,1.8144347667694092
held_context,7f062cc175d807da06265796,фотосессии на кабриолетах,04cbd9b9f69fca98,1,1,True,26.59728240966797
held_context,7f21231adc5b422b51f526f9,мастер по потолкам,0d8f22ecf4564689,7,7,True,10.025230407714844
held_context,7f6744598bc61f7bf7a38fe2,взлом телеграмм аккаунта,cd496bfbf77c6c6f,2,1,False,
held_context,8036b16d0e53fe0d91081593,прокладка водопровода проколом,df74ea5c862c5aba,1,1,True,4.571041107177734
held_context,804e108e2ae737fb70b3724e,стрижка котов,faf0dac2b5e78560,106,107,False,
held_context,80d7a79c97f981ffe4d29dd3,аренда sprinter,ddfee9040d677ce5,10,8,True,1.680403709411621
held_context,80e6d8234bc56d8bda45f11b,хим чистка салона на авто,9473020340e75ce2,6,3,True,3.18320894241333
held_context,810002911b1a452966cdaf2c,тонировка стекол автомобиля,24c72e4bde3caeb8,1,1,True,1.5486278533935547
held_context,812916bca0598309ab847a1c,свадьба под ключ,b96cce5ffd126cca,21,18,True,0.7040654420852661
held_context,813028d5ad1132e406dabbd2,дом под ключ,13de7263b041d781,4,2,True,0.21444983780384064
held_context,813cab3fbca6c5025b5ec61a,выгул собак,dbad46826e4c61ac,57,56,False,15.767120361328125
held_context,81b3c6fdf5fb166f4f9ba31e,модель на перманентный макияж,56e84838080db620,1,1,True,1.4320859909057617
held_context,81cb08a261a501ec4dfa077c,услуги грузчика,14a3552924500d0d,19,15,True,6.6715192794799805
held_context,81d36018c810856f04eb73af,утилизация старой мебели,7147c0db40df03a0,9,9,True,18.3895320892334
held_context,81ffb78ec62dfc6346a263d8,аниматоры на день рождения,fb3135546ed560cb,1,1,True,0.6595914363861084
held_context,8201d460a8eb4d5b6f53238b,пространство для праздника,33a105d02cd62fd1,4,4,True,6.490713119506836
held_context,82050cd63bbd2133079944a9,обучение плаванию детей,aa4fd53be75cb262,2,2,True,2.143306016921997
held_context,825a3646363535a42ee75d87,логопед дефектолог поселок новый тукаевский район,73cee166e43d0c20,2,2,True,8.020689964294434
held_context,826f1559891da81706957b34,липофилинг ягодиц,68e3274588035917,1,1,True,0.8897836208343506
held_context,8276968572c74d437ea201c8,выкуп битых автомобилей,608735e42d9e8a65,2,2,False,28.236562728881836
held_context,8276968572c74d437ea201c8,выкуп битых автомобилей,d8b1981ed6e55190,7,7,False,81.69879150390625
held_context,829097fe43b77e3f0ba1bbf0,реабилитолог,38a07d8e6014ebef,4,1,True,4.192300548311323e-05
held_context,82bacb53aae1b5e9a33d9eba,медсестра на дом,cafb97258131e645,2,1,True,8.770430564880371
held_context,82bb3772b60a5a08c29c3df6,перевозка инвалидов,4068d7ff5b06e861,1,1,True,0.29311397671699524
held_context,82bfd8965c4397c60c3649bb,ремонт акпп,50d73eaa650a3a15,5,5,True,4.359941005706787
held_context,82c68e8ea5a49e0f078641be,лодка на прокат с мотором,033ae2d4f02bbd57,7,9,True,10.079658508300781
held_context,82de0576c20101cee42a6e96,ремонт стартеров и генераторов,5a4784907d682565,2,2,True,11.951889038085938
held_context,8341a21339082071133b4147,ремонт одежды джинсы,bed6737d071fda0a,3,2,True,1.7774553298950195
held_context,845b0164b51b8547ffb46892,наружная реклама на прицепах,31905da268de305c,4,5,True,10.144662857055664
held_context,845f44e09d1d0484b4818fd9,распилочный цех лдсп,bf161a5a0d7fa28f,11,9,True,14.08873176574707
held_context,84785fa2e0a0aafc370dc03c,ремонт верхней одежды,d621c61a0397c3c1,3,3,True,7.178777694702148
held_context,84c1b6923248c974d07d9fe7,таблички вывески,7dda649111d5a804,2,2,True,5.4140472412109375
held_context,84c594b6b813d49c50e502c4,штукатурная станция,19cd6925974c4862,2,1,False,
held_context,84cfcd9ada4397f67112a7f8,ремонт магнитол,1a44807b50a25d5d,1,1,True,5.629572868347168
held_context,84d711fec9cd2265641e1421,откачка туалетов,40fd2b1a681e732e,1,1,True,13.848776817321777
held_context,84df4567cde06c16ba8cb093,покраска кожи,6432e07b7488bc1b,1,1,True,14.56955623626709
held_context,85213079e26405278b7b5de5,циркулярная пила аренда,4c80f04c867efa1c,1,1,True,2.3601467609405518
held_context,852a31526f3b4e9cf6aeb0b2,ремонт металлических дверей,577a7c4837afa554,3,1,True,9.714058876037598
held_context,85471b2b3424da20660c95ab,вывоз мусора ленинский район,8b288f9d49186617,3,2,False,
held_context,8580ad181ce86885aae41db6,глэмпинг с чаном аренда,8bf3b545afebb45f,3,4,True,0.1264701634645462
held_context,85a68c1f7c908b596224d174,кабинет косметолога аренда,7d9034778e5ed550,48,42,True,6.260611534118652
held_context,85aef88252e5a50f2b6cbe3e,техосмотр для постановки на учет,e40d62268fa3e7ef,1,1,True,3.3190908432006836
held_context,85d91a7e28b619cda107861a,кастрация поросят,4647303e528b5dc6,1,1,True,0.16854751110076904
held_context,85f1b4afb1c8019e2f9d4aa4,обшивка сайдингом,5d20ab58606be1f6,1,1,True,0.0
held_context,860d7f9af82d76ebb8cbbd16,выкуп товарных остатков,1361f3f5a54ad1b6,4,4,True,10.78369140625
held_context,863b73c153d52569c48bb2e4,прошивка контроллера электромотоцикла,ab1548db6dbcd0c8,1,1,True,5.364823818206787
held_context,867277e9f23fb52feee26f4d,ремонт айфона,7edc079ad86f448a,174,167,True,16.27926254272461
held_context,86a3cafaa7c5e0ab161f8c1c,чертежи от руки,492bdc5fd774ef93,1,1,True,7.245959281921387
held_context,86ec5f7e6f4c7e57b6fcf67a,разработка 3d модели для печати,f737ba4cbcb30e4f,3,1,False,
held_context,8724758389c69296c3325003,укладка напольной плитки,de3efe4dae92cf80,1,1,True,0.4348476529121399
held_context,8727b5dde621bded175e9c5e,бригада строителей,dba5b73f1a86cf6c,2,2,True,0.23023253679275513
held_context,87958dbd2b3c4dadcd4f3b0e,обучение на колориста,609cccc5d4054c4b,2,2,False,
held_context,87c96c49c6fc868c4b12b068,сиделка в больницу,aaca5d6e78bd1c32,7,4,True,11.60682201385498
held_context,87f98e7b119ad67b5ed0a124,ремонт входных дверей,33557d6d2ffc2a9b,25,31,True,8.549468040466309
held_context,8896d9ba114c9b60cbdd79d6,плазморез аренда,c7c7e3e317658bf6,21,23,True,10.343505859375
held_context,889800e20a6e8d0e623deb11,глажка белья,8ff30e81f08cdf57,6,6,True,3.554553508758545
held_context,88be9ffc8d8e9445fb74bcfe,монтаж наклеек,0343f2a6a336beee,7,6,True,4.755178451538086
held_context,890a943f2aa970ac6bf20b4b,обучение capcut,b138a8e1e154cc5c,1,1,True,4.739333152770996
held_context,8932c105cfcc52734bc44fa9,трансфер адлер пицунда,98692468a4845ef7,1,1,False,
held_context,89500784dcd5e46d64aa06b7,риллсмейкер,86a0f703fde2aa97,22,13,True,0.0001575733331264928
held_context,8958039ff7718b68314d0b7f,массаж тантрический,be72c6dd48e759b4,4,3,False,
held_context,8961976035040bddacaad402,настройка роутера,acc614a992cc7881,3,2,True,2.9595417976379395
held_context,897b3256007c33ef10f37bd4,сварщик обучение,81b3b4f2fce530e8,1,1,True,5.371654987335205
held_context,89a834416a1aee59ab88b8ae,замена фасадов на кухне,3e3745c0543e52c9,3,3,True,10.150426864624023
held_context,89b0b2e5ed937ea8340b989f,изготовление дубликатов номеров,d3b37037a9a3ba71,27,17,True,12.648616790771484
held_context,89c60c323c221768365d9fd8,выездная мойка автомобиля,a3b6eedb543ce6b0,1,1,False,
held_context,89d6c5b8aab5214da9e3e5e6,уборка участка от мусора,0b230d26151bd0f1,1,1,True,0.056316059082746506
held_context,89e1760cf6a05427d6a41a9b,рулевая рейка на f30,d6540234b1d8f9e2,16,12,False,
held_context,89eba62d62e2db71483aff2e,коррекция носослезной борозды,89457cffb0afbf76,34,32,True,2.968811273574829
held_context,8a6964ef3a6f861160273e00,тренер по бегу,5c4d2ca5255b63b5,2,1,True,4.710997581481934
held_context,8b06d45e95f7787e46c0722d,афрокосы девочке,0db1c8d3219d9d09,114,98,True,16.403060913085938
held_context,8b4e3c8efa2ed6dbbeeb655f,вспашка земли  проф.мотоблоком,27841a02e38895c5,1,1,True,1.493560552597046
held_context,8c7026ea321b05cf88287aab,отбойный молоток,ecef83f3d1fc69da,12,11,True,3.156935691833496
held_context,8cef9a5d0202aa432b170056,русификация geely,ed0cdf16f1d4ef23,3,1,True,2.7938222885131836
held_context,8cf6c94047c61c8ae1df671a,трансфер мин воды домбай,332667b8c8c85bea,3,3,False,
held_context,8d3b6430e2c5fb2b958d9c7c,таролог,0fc35edaea0816f4,4,4,True,0.009853722527623177
held_context,8dccdbb208b567f0f6540617,наращивание ресниц голливуд,fde454725f7ae8bb,35,49,True,12.45920467376709
held_context,8e25adc8a1832ae34a5df99d,наращивание  led,b0667a59270c65f7,2,2,True,0.7418520450592041
held_context,8e3006bbc54eac6a8bdc828c,курсы excel,cf204bba0f132647,10,10,False,
held_context,8e459b9d81a63afb4282733f,реставрация стульев,f9223086df8d8634,15,15,True,11.065625190734863
held_context,8e625c03c5ce1743833e568d,аренда инструмента,2db597fe96f02e8e,40,36,True,11.691239356994629
held_context,8e625c03c5ce1743833e568d,аренда инструмента,c5534e28769de862,9,7,True,11.154120445251465
held_context,8e625c03c5ce1743833e568d,аренда инструмента,ecef83f3d1fc69da,24,12,True,3.156935691833496
held_context,8ecd1eae581d484179eafc34,бетонный насос,89fcc91bb6418097,5,5,True,1.1403915882110596
held_context,8ee882ad4413aa8e36ae2ba2,косы боксерские,e17213d58c08488a,6,6,True,1.9271459579467773
held_context,8f0e94c45f19eecdc29fb704,разблокировка iphone,2b6445e1be415f2a,5,3,False,
held_context,8f15dcab5fe9dc89373cb406,ремонт балкона,a0e604fc1da6d95b,2,1,True,4.372191905975342
held_context,8f2a3ecd635bd423936148f9,установка бойлера водонагревателя,1d51685df131d428,9,9,True,14.136985778808594
held_context,8f310b1ab4184c704cdce7ef,подбор мотоцикла,042603ef1a85abdf,2,2,True,10.989882469177246
held_context,8f4c46735a6ff9d292461bd7,фотосессия бесплатно,33985fa30d3df235,8,13,False,
held_context,8f6482b2cf17a0e1a28b2683,фуршет боксы,cc4ede639c14c969,7,7,False,
held_context,8f7892e3236155ac5a840a8b,реставрация камня,850cee03b5919d69,40,41,True,9.006789332488552e-05
held_context,8f85b19cc90618e2fe047eab,татуировки на дому,5cff3a7649c17f1f,5,5,True,2.1378133296966553
held_context,8f874aabe519f7aba2268e8f,плиточные работы,49eaac436ff806aa,6,4,True,7.231424331665039
held_context,8fc1dc43c44aeb47dd024e82,чистка ремонт газовых котлов,95e9de79d019db6e,1,1,True,8.687829971313477
held_context,90023a17ac318cf292c3443f,банкетное меню,67ceec4f8de0bcc2,4,4,True,1.3866510391235352
held_context,9031ae2477d03d57db73a3eb,гружу вожу,499a645be768e834,1,1,True,5.528693675994873
held_context,90393b66fdb563c236396e07,скупка игровых компьютеров,82f926548c7954ca,22,17,True,5.974184036254883
held_context,907a95c49db7dd4152ada8f8,передержка щенков,0c1696da3eaed832,1,1,True,4.569944381713867
held_context,908309b7f00afdcd89a58362,трансфер горно алтайск манжерок,0d9259763fdd8279,32,33,False,
held_context,9093e6ef71975187ff0f2344,ремонт пола спб,217c14378def78c8,54,53,False,
held_context,90a4e62035afdd217cfff5dc,ремонт дизельной топливной аппаратуры,923afcd8a62c4311,4,3,True,13.221479415893555
held_context,912f8c9a1bb525a1b69c520d,вывоз макулатуры,8781aee352fb4712,25,28,True,9.690878868103027
held_context,912f8c9a1bb525a1b69c520d,вывоз макулатуры,9b04b5373c76018c,5,9,True,15.242387771606445
held_context,912f8c9a1bb525a1b69c520d,вывоз макулатуры,d05a20520e89adb0,22,19,True,13.021613121032715
held_context,913384fdd9ce83e343b310ee,замена аккумулятора ноутбука,644f123374f18ce2,1,1,True,6.501706600189209
held_context,913b849814074a62f4b83c32,аренда лебедки электрическая,e5308dbf83af63ef,1,1,True,20.519304275512695
held_context,91468e889899e7e1b79fc4d2,сварка металла,df31b0ebe36ccfe1,2,2,True,6.21320104598999
held_context,9166368e22fe2fec14c85a0b,уборка квартиры,fa869eb91a35a007,9,6,True,0.07462270557880402
held_context,91abfcc05e6bc665a77d14ff,аренда дома с чаном,a96476f81e51ad2c,6,6,True,5.8674116134643555
held_context,920f3ce3578b21a03681b2ca,скупка литых дисков,59bec5f1d792f6dc,1,1,True,14.929044723510742
held_context,922c40273e5efe59d057163a,беседка у воды,7acf3f96b952b954,6,4,True,5.278143882751465
held_context,9234fe2072787148813a067a,чпу по дереву,380ba2fb9a36689e,1,1,True,8.626082420349121
held_context,924290fef6568249b6e2bca5,аренда лимузина на свадьбу,8cd6e1c869918141,4,3,False,
held_context,924e7cc8ae9eed09c399dd8b,укладка плитки в ванной,54483c6261f64b7d,8,10,True,1.0398199558258057
held_context,92577962f0074ddbd77f5624,3d стикеры,e9c7b2b0d44205a4,23,25,False,
held_context,925a079ab851a9cd626514e9,изготовление офисных табличек,b5037920a7b359c4,4,3,True,10.870484352111816
held_context,92d23046d574f7ed580439e9,ремонт бензиновых генераторов,487550fd361a2175,1,1,True,1.897601842880249
held_context,9321a5f9c0a5378e2cb3858c,изготовление бирок на одежду,4bc1a5ca5e3f5680,47,35,True,6.531505584716797
held_context,938f87236f23a9afd6dd2709,надуть шары гелием,0fde99c20cd69e8f,2,1,True,1.2278459072113037
held_context,939480ca25f427c1af7e42c0,ремонт лобовых стекол,3fdae0436b57b0f3,2,3,True,12.183780670166016
held_context,93a015e1a5cc10c30cf41113,сплит система,2122196bf16ba6d0,3,4,True,1.7540216445922852
held_context,93c46783cc031b4e3b8cb342,доставка из ikea,1953ce86f7eca340,2,2,False,32.444637298583984
held_context,93c9b54616efffc65bfe558e,мончегорск ремонт сантехники,7c7942099ddd4c00,2,4,False,
held_context,948d5ab155df6748c87c32f2,гитара обучение игре,bf03abf2b2e3f439,1,1,True,0.07860562205314636
held_context,94bfa87056112b4cec3dc722,бурение под столбы,6653c98953f2aa6a,1,1,True,0.00018441758584231138
held_context,94dcbf8eb4dc9f369ea19c94,барбекю,610a7f51cdd675c3,3,3,True,0.04692821577191353
held_context,94de54903499d7001b9650a4,манипулятор перевозка бытовки,690ede9f01360e50,1,1,True,0.021837709471583366
held_context,94eefcc37712aa91dd52908f,аренда шлифовальной машины,0798814d63c51ebd,29,26,True,10.297029495239258
held_context,94eefcc37712aa91dd52908f,аренда шлифовальной машины,4aecf74bd25c2e1f,3,4,True,2.62689208984375
held_context,952a4d7172200bf5d04f04e3,грузовой эвакуатор 24 часа,4b110db2bf125669,14,17,False,
held_context,952aae5ae9db8a7a61f14812,дом у ели,5850fcfd4c39b414,19,13,True,5.9865593910217285
held_context,9579891169c382aae6ae010c,открытие замков,e69c3d8dae502470,11,9,True,3.8477721214294434
held_context,957d387c3ffc788afbc5306c,монтаж канализации,34fde16cecdf2607,15,16,True,1.6688024997711182
held_context,959da5d648fa873316caebad,чистка засоров насосах,c46838d51d445f29,2,2,True,6.395771026611328
held_context,95a615fa6377134dcb746008,перевозка морских контейнеров,d24b4871c2aa064b,2,2,True,14.918349266052246
held_context,95cb75491f128d182f1bc9c2,стас михайлов,8f76f74caf4b06d6,1,1,True,0.0001700582361081615
held_context,95daca036bcd061a89144622,рассылка в телеграм по чатам,12df6e80be4aaa2e,14,16,False,
held_context,95fa57b91526e9c4fbe84f72,фото зона для свадьбы,946fb56f647e2432,1,1,True,1.3679285049438477
held_context,9649d90c089662999954de13,резка плитки и керамогранита под 45 градусов,15c8e3f25b27f5e7,20,20,True,2.9510810375213623
held_context,964ce3cd0ebc8abc59a102e5,подключение стиральной машины,1fde340cc534850f,47,26,True,12.110589981079102
held_context,96877eaa145eded2a7a85222,обслуживание электросамокатов,397fc76e5b661558,1,1,True,0.4098812937736511
held_context,9794666914a7a1e5c1bb2778,куплю старую технику,9359175289be81f3,99,45,False,17.819747924804688
held_context,97ba914c7fccba69f0a9c00a,копер в аренду,3873f52135fb75be,2,2,True,2.4911208152770996
held_context,9816876255b467720548ce09,шпаклевка финишная,122e34715acbca67,3,4,False,
held_context,982084fbe38ef3c3010fae6f,замена разъема зарядки,54ca8e5f9a42693b,3,1,True,2.621098756790161
held_context,9825b5e6329cc5951e19d75b,ремонт двигатель,567d0ab32ddee216,4,4,True,7.837876319885254
held_context,98270adc2d7ae293a8a4e196,подтяжка лица,a0be0ae657c4ccc1,1,1,True,0.9090337753295898
held_context,983757b5b72e02f0bbd215c8,садик,4e75b729dc9400f3,21,20,True,8.245267868041992
held_context,9853fc3fd2787e9ef8ab4b5e,грузоперевозки пикап,ba0f0ee7cfa6e124,9,4,True,3.8815221786499023
held_context,986f83f9bb823f4e811686a1,перенос газовой трубы,607c8b15b0f78ccc,1,1,True,2.8644795417785645
held_context,98db7743ba7b0c6d933063bc,ответственное хранение,4d2a53617c1b1760,1,1,True,0.3737698197364807
held_context,990f5ecde2aeb55419b187ff,парикмахер на дому мужские стрижки,b427ee1fa1a61a9e,11,9,True,5.118275165557861
held_context,995ffab44f69ba6e13d4eb96,лазерная резка оргстекла,e0597e2ab69c2516,7,7,True,6.107419013977051
held_context,9a0c34cccc63210c2e40d745,балкон под ключ,cf0a5b474927a61e,9,8,True,11.737135887145996
held_context,9a2536a40e57c983d36dc732,настройка ютуб,d4231bb59425d2be,33,42,False,
held_context,9a2d3b0fb45139da92f277ed,перевод видео ии,4f4959134a502831,5,5,True,1.758439540863037
held_context,9a5bfcfd29d1130cd473ad33,антихимия,ce9c55913bc1bd9d,3,3,True,7.231596946716309
held_context,9ade62aa9f87bf5ad213be50,сборка и установка уличных спортивных комплексов,1edb07e97259594f,15,5,True,1.680403709411621
held_context,9ae064a46c0d20a2d8977cb6,теплые беседки,119a6ebceae84904,27,18,True,2.971907138824463
held_context,9b28846cfcf4aa38beebf97c,обьгэс педикюр,55f8c5decd583f22,12,13,False,
held_context,9b598bc680cac45a725cba72,фотограф индивидуальный,67a5378ee5b45fbf,92,91,True,0.05384242907166481
held_context,9b748de1c0de5ea7494e0d08,диагностика авто с выездом,a3a4c7935210a09b,1,1,True,4.593400478363037
held_context,9b9933774dedf25a74de21b3,тренировки по тайскому боксу,e3356487aebf24f1,5,3,True,7.896610260009766
held_context,9bd2a65ec3796b1334c248c1,выкуп электроинструмента,2013e2ebac7eb572,1,1,True,1.1005373001098633
held_context,9bd7367a42ad34c8e11b87ee,нивелир,81b68bbbd4676863,6,3,True,4.880803108215332
held_context,9c010411ceb85e4c75997db0,куплю старые холодильников,a2ce8c1e97dd70a8,8,6,True,11.718955993652344
held_context,9c02dab0b5bb23e97eb9a45b,репетитор по речи и дикции,37fd22c8fe8c865d,5,16,True,1.9770729541778564
held_context,9c444e86bf1e918616ff3f76,честный знак маркировка,77b9184d403aeb5d,1,3,True,9.006789332488552e-05
held_context,9c4fd463d574ac6c64a37647,ремонт бензотриммеров,c97fd3f71e1e3c16,1,1,True,4.036268711090088
held_context,9c720476b83b6d5fc2e04fc2,газель перевозка,cea00fe5bbbb6c90,14,10,True,14.890259742736816
held_context,9c7e23a991a9c899e9d7ab76,удаление жучков,db70e608d6edbaac,1,1,True,12.267562866210938
held_context,9d36659549befe1a909ce9c0,поклейка плинтусов,a10bd37ee16e472e,4,3,True,3.8761038780212402
held_context,9d6b701403a1ed02cc05ba0c,криополиз,d45db6b1e6e98efa,2,2,True,1.1023526191711426
held_context,9d83a84fe7e2c46ca8b5b23a,медсестра,32b129167222c2c4,7,6,True,10.541060447692871
held_context,9d9b697ddfe3d948425cdbb4,копать под кольцо,d4b4ca1c2b1465ed,14,12,True,0.2980283200740814
held_context,9dc7a2ad6ce15b49ee984e78,колорист аиртач,8e4ec233a03e6060,2,1,True,5.390599727630615
held_context,9de0eb58a6de9bf6d5eaa53b,продать ноутбук,180d21b0583a5bef,4,5,False,
held_context,9dff80509b11e1fb0695861a,ремонт котла,66ea29bb4a5dcb8e,16,15,True,2.0077624320983887
held_context,9e0a2a0953ce0b9a87704d3a,ремонт плат buderus,f8d9cb857bcf5b8f,1,1,True,14.568976402282715
held_context,9e1b93105b0b6977325317cf,каток газонный,116d137c05f2a120,1,1,True,0.2596147060394287
held_context,9e6b25c6b4aa89b479c13ddd,химическая завивка волос женская,ac713b901133bd12,3,3,True,2.0912511348724365
held_context,9e754c8b04932d6004ce87bf,обучение ремонту телефонов,27b547b4fb963996,5,4,True,15.749839782714844
held_context,9ed2f9a88951400d995e8fe3,бухгалтерские услуги для ип на патенте,792d43b3e3a4c97f,3,5,True,4.192300548311323e-05
held_context,9f6db41a7863722dc3e5b95c,торт,8055334bcf258c79,36,8,True,12.756693840026855
held_context,9fb2cf15f8e2698969bfca31,трансфер владикавказ ереван,deb58d7ad8c27d06,15,15,True,5.857263565063477
held_context,a0243434b71ce54b56b655f5,вывоз книг,7f91c72367d42a4a,12,12,True,10.273994445800781
held_context,a031ec280186287cbea69248,автокран 50 тонн,9342436fdf71cf62,1,1,True,8.113813400268555
held_context,a03fdc3cb8569190cf5faa65,технологическое присоединение к электрическим сетям,8bff48486867280f,3,3,True,4.161452770233154
held_context,a0449ce85bf6e39693452283,бухгалтерские услуги,e70727d9d773a2f4,1,2,True,4.4543843269348145
held_context,a08812cbd2e2f592fe930209,психолог онлайн,55eec4d68c72564f,14,4,True,1.1402595043182373
held_context,a0b75790075a151cdd1b3a1b,ремонт авд,d8c5b01c957b2790,1,1,True,15.115747451782227
held_context,a0ce346e6533af49c2fa9e4c,аренда костюмов,ef249ad321e4c685,20,18,True,0.00019014334247913212
held_context,a1326f8c14bc51e9e4822953,авто на выписку из роддома,b7d4e6692cad71c1,2,2,True,1.9386203289031982
held_context,a14222ed58bfa22c20eff305,москва казань 10 тонн,f3ecef3832b3242d,14,14,True,9.293105125427246
held_context,a179b1371a7b484bd7892b9b,бизнес план для соцконтракта,964594ddf9c5cca9,2,2,True,0.5491470098495483
held_context,a17e44efbc32cb8978a4d95b,снять домик с теплым бассейном титоровская,fc5116472affe2ba,13,13,True,10.656514167785645
held_context,a1891bd445e59280d66238cd,аренда cadillac escalade,616c34fc03d1d33b,1,1,True,1.6590986251831055
held_context,a1a90ac259b715f5f9890c98,чистка ноутбуков,a247f95a88b73b93,1,1,True,5.221060752868652
held_context,a1c6dab5d84665d59be6dfb6,обучение макияжу,bed911c31ff8fcc4,7,9,True,10.25144100189209
held_context,a1fcb3458fa8d9b8230c3a67,зона отдыха,b0dce8c75761fec9,1,1,True,8.315398216247559
held_context,a1fcd4272bbbcd670d8f7007,дипломная работа медицина,796c276a47802757,1,1,True,0.43697500228881836
held_context,a2775c5c7702fadc27c3a0ee,выкуп автосервисного оборудования,eebd1a9723b3b31e,2,1,True,3.1396217346191406
held_context,a2af9fef942859f44840b8ed,домики для отдыха,03308d48d0b35ae8,35,30,True,0.5125997066497803
held_context,a31d6e449b66fe143e534f06,уничтожение плесени,172090bbf6e24bf4,5,6,True,0.32062190771102905
held_context,a326f119fd10e55c0b77fede,расчитска участка,ee1e136252895972,11,7,True,9.37021541595459
held_context,a35cd9a93539517c7daca836,аренда лофта с кальяном,ceb1dfd6d9df55ee,5,5,False,
held_context,a3ff0ac741ae844f30c5671f,выкуп техники apple,312410da1859460a,1,1,True,4.117969036102295
held_context,a402e9d89849bbb91531f95a,можель на стрижку,e2dc61a89c50982c,11,8,True,3.2537741661071777
held_context,a44b590ce40f434c4a585ef3,дизель центр,c766adf1a4a87b59,2,2,False,
held_context,a46f8e59f8cafce6fb8f28d1,автовоз усурийск,9ab838c8e1810c1d,32,28,True,10.861760139465332
held_context,a499ae1f6124cb8af5b4f293,сброс айклауда,2ebcae946ffd6de5,1,1,True,1.1304707527160645
held_context,a4f0affeef86b061677bbc12,демонтаж теплицы,137cdf84921a28e0,2,3,True,0.0001667923788772896
held_context,a5248905b281e00a4c8138db,ремонт зеркальных фотоаппаратов,cfd81108582d0876,1,1,True,0.3351239860057831
held_context,a542c6279abd4673de642c29,бенто-торт,5ae48abb336b5150,2,1,True,5.131375312805176
held_context,a579d1a5543ab5fd9152a2b3,помощь в одобрении ипотеки,f4e8eaf32d293d3d,1,1,True,9.006789332488552e-05
held_context,a5ddda41ac61619dfc098ace,аренда лобзика,d18ca65b576fdfa7,7,8,True,2.11405873298645
held_context,a6a262ffe6141046a6800fb0,покраска,d373b0666c3a530a,14,10,True,2.9335734844207764
held_context,a6abb1a52609ce7088b5447a,ремонт тормозных систем,6bea2bad21a00527,6,5,True,14.592851638793945
held_context,a6daa534dbc6eb41fddc5f7d,услуги мастера ростелеком,3cb0e025ce1d6bf2,1,1,True,0.23034177720546722
held_context,a6e8e7e8220ebfd2624c1b39,ремонт швейных машин,837d3fce3d10f04e,2,3,True,4.833041667938232
held_context,a7022b5ca5411be6f3fa9a86,станция для заправки автокондиционеров,8499f1e5d5cdde3f,1,1,True,2.9572975635528564
held_context,a725742c31c6c3cdd99622ef,авторемонт,8f922ae42b457c6f,4,5,True,3.5098772048950195
held_context,a73d549ca12c6ecfc57537ca,горячее цинкование,e00adec51ca1389b,5,5,True,9.006789332488552e-05
held_context,a7407de5057661ec44bdee4e,вскрытие замков авто востанавит ключи,2d06be00758bbcd0,2,3,True,8.72980785369873
held_context,a870d37597787339859e936c,печать ростовых фигур,bd1e805a69773628,8,9,True,5.232169151306152
held_context,a8c63d55fb6e21dddd335df2,вывоз мебели,a858d8dffc39a4c9,16,3,True,3.0802488327026367
held_context,a8dad4fac2dee5ebf5e5b54a,локоны,eaf8f430035dd25d,1,1,True,3.3235201835632324
held_context,a951bd1a43c42aab52cbcf2d,обзвон по базе,1344796085e92421,9,9,False,
held_context,a95d11ac510b3103f996a17d,перевозка эндуро,ce8287c60ea371d6,5,6,True,2.5669682025909424
held_context,a9758772e820a993ee31ca08,линолеум,1f29f77ee6513910,3,2,True,0.6837022304534912
held_context,a988c73cc03ded46b3cdad79,косы,3f8ebc6cc98da978,4,4,True,3.1492695808410645
held_context,a9acb0a428f02646748d7a11,ремонт iphone x,c3f34aaa360fb569,26,23,True,2.750744104385376
held_context,a9ad12f757d38a7b657d3c83,скупка газовых плит,97f7773e89839316,1,1,False,
held_context,a9f7137ae274f2311fff950f,оценка для суда,b84ac35bd45894ce,19,14,False,
held_context,a9ff8149ddb5d709ac40d566,ремонт двигателя honda,72b9439e52a64896,1,2,True,3.6711602210998535
held_context,aa01110b6ccfbf10a6ec509a,кремация животных,63c51104693e9b57,3,2,True,9.45464038848877
held_context,aa6ac63792a02147573493a9,шары на заказ гелиевые,f34d42d836299f12,18,17,True,4.177555561065674
held_context,aa8d0d095b83200f50288357,переоборудование автомобиля,6e9c07c12248daed,2,4,True,0.33819130063056946
held_context,aad9b9d80e5dd645441a7e8b,аренда инструмента каток,2655d51d601816e4,14,15,True,1.3724949359893799
held_context,ab199a6f6ab5838c722f7bc5,сбрщик мебели,57cbf4c3125e5297,10,6,True,1.0082619190216064
held_context,abaf892edc36ae22be6d97d9,наращивание ногтей френч,b4b62c2b0ecc3a7d,21,14,True,2.7275094985961914
held_context,ac50e88f414d308887a1b96e,ремонт погружных насосов,1f7c2b23cd8b24f5,3,4,True,10.304773330688477
held_context,ace004816ed18b88cf26d29f,фотосессия под ключ,075176f21dc5e1e0,7,3,True,2.8253564834594727
held_context,ace9d6ae49f3b5cee05e04d8,ремонт проигрывателей винила,c433597d7cdf669d,4,6,True,3.40358829498291
held_context,ad7b5e966704b1a4aae992ed,клининг дивана,f465e44f48510225,1,1,True,4.177277565002441
held_context,ad8aaf099fa1291e796e160a,беседка аренда,4c2d1e6ea359a5fc,6,7,True,7.499120712280273
held_context,ad90ee9ab2cc9d32c94d5861,снять баню с бассейном,a983521bbfbe51e6,8,8,True,4.2790703773498535
held_context,ad98821b35ccf17cc651f789,аренда шлифмашины,1d255aac73cb5174,23,27,False,18.678787231445312
held_context,adce51f8098a23fb569515f0,дам таблетку от сбера,453fe98b8443f5b9,1,1,True,1.3722329139709473
held_context,ae037b91de21b27929bb7256,изготовление шевронов нашивок позывные,95f459591c38a546,11,6,False,
held_context,ae2c25dabdf957c9fddeb99a,ищу парня,ceb2ff1255a13a0f,627,371,True,14.545130729675293
held_context,ae2d2eba6b6343a31e7f7f68,замена акб айфон,297b7cdde1fd3fe2,7,4,True,1.1444671154022217
held_context,aea85270bcb1496fc86c5e75,плетение афрокосичек,99a31d9e5bd6eda8,10,12,True,9.980385780334473
held_context,aed84d3e4064032873d8c193,mercedes v класс с водителем,9317781abf7a1955,8,6,True,11.820857048034668
held_context,af1ec467b2708b7af9f1aec1,установка приложений на макбук,6b695a4dcdbc534c,12,9,False,
held_context,af2086a23724c73440dbe3bd,трансфер автобус,ec072521df67c3a8,4,5,True,0.045081138610839844
held_context,af7dbfe89744008682283977,отбеливание интимной зоны,1f9d1245ac61c15f,1,1,True,1.3178935050964355
held_context,af7ef2e8a131f4e060f9c0cf,визитки на заказ,a0061913f09027e0,1,1,True,0.6060748100280762
held_context,af8e3e21002f451d3974f644,русификация toyota sienta,097208c5f3deb5f8,48,34,False,460.5688171386719
held_context,afaceae45155bfd6bb0ea715,снятие блокировки iphone,d34f92f516fdcb3c,75,70,False,28.124588012695312
held_context,aff454d609285dee6b40d2ed,покраска фигурок и миниатюр,bbcab6559eb4d5cf,8,11,True,11.875090599060059
held_context,b03f7ce69557062580950bd3,прием резины,2bc9750b08a79179,1,1,True,3.4280076026916504
held_context,b06ac58f63c0b85d5daa2e43,оформление кп и презентаций,a13c5f1841d7884a,2,2,True,0.6454616785049438
held_context,b0750b38a5dadc23177acea6,перешивка офисных кресел,9499bfea251fb07a,7,6,True,1.3415710926055908
held_context,b08abc575baeef15d565a603,установка межкомнатных дверей москва,7b25e60bb7513365,2,5,False,
held_context,b08e282e2ba5ee4f51e628bb,перевес номеров,7f1127b98c918bc0,1,1,False,
held_context,b0a187f84ac449cb04be4f79,портная,c8fc67904c809db7,7,4,False,
held_context,b0b795226c44e980f978e434,ремонт электроплит на дому,35f1dc558898266b,8,8,True,0.7426894903182983
held_context,b0ba829363cb464fd1d3c351,запись на брови,c4529c2c8766f8fa,2,1,True,1.6692395210266113
held_context,b10b7542da2f0bb00d006c6b,домики в архызе отдых,8c4ae74abd1310bb,24,37,True,15.741498947143555
held_context,b125e7c0af429ebbcd1aa199,реставрация плитки,80208a40d5c96997,4,7,False,
held_context,b133c9ec7b2283e79ab3e0d3,модель для фотосессии,0496f81b6271971f,2,2,True,5.389189720153809
held_context,b15edff5877e2d82cce3b6fd,массаж простаты,4b404a189f9a3f5a,4,6,True,5.476773738861084
held_context,b16a2ec10ad435e08eed3f99,аренда машина автомат,d9e7918fb3b53f39,5,2,True,2.5526185035705566
held_context,b183bba15dfeac0081adbcd5,ремонт тв на дому,dc6ee1f616ce65ec,2,1,True,2.996997117996216
held_context,b1ae7653c14812f1f87dee8d,услуги байера из сша,378c956ec1742919,6,9,False,
held_context,b1c470d93a5b82e634167b10,услуги видеомонтаж,58e3548b3d477f00,2,2,True,0.06404828280210495
held_context,b1c5a79bc8172f6339406f4d,сухая стяжка пола кнауф,b9ae309567f0a2d5,1,2,True,12.53580093383789
held_context,b1da85d4f3e13f4e0353930e,сезонное хранение шин и дисков,347b1524afe0a7eb,6,7,True,8.827008247375488
held_context,b1f540ca5e7641d01d3a08a2,виброплита услуга,958293845dd709af,2,2,True,3.785956382751465
held_context,b21cc5e89dc22dc7264ccb37,отделка балконов наружняя,57e280dff7bece11,1,1,True,1.1646714210510254
held_context,b233610865074ca9a855b5be,создание видеороликов,dbf6f5529f0d8eab,8,9,True,4.027165412902832
held_context,b2536ac08c00450571736a9f,ремонт офисов,c50607ba36f1bb77,1,1,True,0.8014242649078369
held_context,b290365a45b0238627cd9529,хай хилс танцы,8e2d6d67f2264fc6,8,3,True,2.8195316791534424
held_context,b2cfe1be0f573e5ea1861810,наращивание ресницы,94d689f99943b10d,2,2,True,2.999945640563965
held_context,b32195866dae7d04dbd0cf56,ремонт электрических плит на дому,cb9c4411ff06d77b,4,4,True,6.878232479095459
held_context,b3433cee1075cc1266b86b3b,репетитор по рисованию procreate,fac0b24cb6bcf7b4,22,24,False,33.5123176574707
held_context,b37c6413c7a8e6dfd535d696,автовоз калининград,290ab1a4eaeed455,1,1,True,4.192300548311323e-05
held_context,b39543e671f579c279827b02,изготовление капп,1585aa77ba209c70,1,1,True,5.923599720001221
held_context,b39fafcd478243f5beea7e34,ремонт компрессоров авто,5b34237811c7bd67,1,1,True,8.038942337036133
held_context,b3a7e1b9ba24c5060bfcc65f,прошивка китайских  android,6fc0295c616becd5,21,20,True,14.553557395935059
held_context,b40ed0cb1f975e847235e8e2,ремонт ноутбуков удаленно,ebd8e3f64ca7bd18,84,85,False,
held_context,b447efb1719aa122fbe0b4d7,снять площадку на воздухе в аренду,bc5b45d3653e2000,106,104,True,3.8972153663635254
held_context,b47da3cc962f81e309cf5701,обед,952ee71429d29d50,3,2,True,5.288272380828857
held_context,b487aca5bf5769ef1ea05444,прикорневой объем обучение,60ba0c99b77d22f2,1,1,True,10.138287544250488
held_context,b4dc2b974a2ede8197ed4712,каменщик,625b68582b1c402c,1,1,True,9.271008491516113
held_context,b50285c6fcd0cdc763b086cf,предпродажная подготовка,29c1e020a48be436,2,1,True,5.335861682891846
held_context,b5391746beeb354c1f3453db,печать на пищевой бумаге,f02ba76a1732f3d9,6,3,True,12.121869087219238
held_context,b5830d2439d26a07776358ab,каппа ретенционная изготовление,1585aa77ba209c70,2,1,False,
held_context,b5a8feedaaa0ae0b0fd0a78d,трансфер аэропорт сочи пицунда,af1aa5b23fcae8a5,3,5,False,
held_context,b5e3fd14ee275bb3f5b21f49,откачка септиков и выгребных ям,3dff935d65424938,83,102,False,
held_context,b5e503c8e773a97c182e4f89,монтаж промышленных полов,94180c12f1518002,1,1,True,8.485668182373047
held_context,b615ae3750e40738b1489fae,еда на заказ,cc4ede639c14c969,8,9,True,10.65701675415039
held_context,b6a504dfe7625dea39a3916a,обивка входных дверей,92036d5ac4d1b234,9,9,True,1.3752548694610596
held_context,b6ae38e02b190bf476a2ec6f,караоке круглосуточно,8daa7a21e830ccd1,1,1,True,4.121745586395264
held_context,b6ba675d44f86e65c1d45060,электро эпиляция,622cdf9ed2390392,2,2,True,2.068000078201294
held_context,b6e36110c03e0e86a02ddf09,детские пособия,7e686455674f3444,8,8,True,13.253105163574219
held_context,b7646fdba8e8d13cfa643aeb,аренда газели,7f9e754f7361f6b6,10,6,False,24.881498336791992
held_context,b779453fbeef8ddc4fc50436,ремонт электросамокатов kugoo xiaomi ninebot,ca6b6a63d43b06fb,1,1,True,3.011840343475342
held_context,b78bd44a0e0357cb974d3fc3,пригоню автомобили,eb5513b8265bc7f6,14,13,True,7.298520088195801
held_context,b7bd22432442deb053703424,реставрация часов ссср,dc5fccd092881ec7,4,5,True,9.443300247192383
held_context,b82606df9c7513966e806740,ямочный ремонт,763d078f897f6f7f,1,1,True,3.8553433418273926
held_context,b8379aaa0ba47241992c037a,реставрация ванн,9b44ddbfb3131e71,1,1,True,0.1448204666376114
held_context,b83b1d62e32b0a503acb0deb,химчистка сумок,966c569452a238ff,11,7,False,
held_context,b874b69d90077fa35a776a5c,покрасить волосы на дому,73dad9b3bf8cf60d,18,15,True,3.40972900390625
held_context,b875af7724817663b3340efc,антенна триколор,ba8e7900d1d1cccc,1,1,True,0.9888174533843994
held_context,b8968db800eba3d0c985510e,прием стрейч пленки,20859753b81f7691,1,1,True,11.908554077148438
held_context,b8b1e3a8bc2d848d727c50bc,дизайн кухни,51d5e48b12d69737,5,8,True,0.37379443645477295
held_context,b8d86fa26f5afafcdd0ff942,привет,d85912bbb5e11f30,29,21,False,
held_context,b91d3b734624de23144bd0ab,займ от частного инвестора,f2c0bee7190fc939,1,1,False,
held_context,b95becc8ed4bcaf141d55363,ремонт коляски bugaboo,322302607ee5d822,3,3,True,14.699943542480469
held_context,b9650f8d8cb1129a736a897d,замена emmc,42f73da824fa1bea,1,1,True,4.3655781745910645
held_context,b9ce32b5404903160ef38615,замена стартера с выездом,2ad0de8920c29276,13,12,False,
held_context,ba0cb60fbff54b8d82b867d5,поздравление мишки,583ac15a5eb82bb5,3,4,True,3.6314473152160645
held_context,ba90cb96dff62050d6c486f6,перетянуть диван,7859b7edc12c3d99,61,73,True,6.279568195343018
held_context,baa41e19fd4fde0ea4a0ea48,поклеить обои,92d3f7a127c585d4,9,8,True,0.6002252101898193
held_context,bad455f69f80c659c4f053ad,катание на яхте,b22f114f99a1cd83,3,3,False,16.647010803222656
held_context,bb58a2af0e9cb4576ca1e318,ремни безопасности замена,b1c3edd2aacec8d9,2,1,True,6.5943284034729
held_context,bba2477b16fb7512b7d4f6be,замена задней крышки iphone 16 pro max,ca5a0baec807562c,1,1,False,
held_context,bba83736e47a5d10c5153c1d,танцы,d5e312e0cd65f3ba,1,1,True,2.5075478553771973
held_context,bbae424e3c39832697215267,визажист одинцово,843936c7d40c16e4,7,7,False,23.49362564086914
held_context,bbdd0ec5528a68bfd860e404,ремонт приборной панели шкода,c6815994720a0a48,1,1,True,12.070138931274414
held_context,bc35aa6ee2e609d0d4fad35e,виза италия,0d8fa242315af651,5,5,False,
held_context,bc5c2817889316b21413cbc9,химическая завивка мужская,c11ce04aae0c7697,3,3,True,6.557819843292236
held_context,bc90b87284ccffe5af03a833,ведущий адель,d652a3865b621c06,1,1,True,0.20641258358955383
held_context,bca46e41c05a37cd9caf3641,дагестан гид с автомобилем,52dc2533ab9162df,10,10,False,
held_context,bceeb96220a6336daea3a3cd,столярные работы,5ad8e8f4d020ff3e,3,2,True,5.170197010040283
held_context,bd2d0a340e7de82cb94fd30f,газель москва казань,143811fd3377d6bb,1,1,True,4.101276874542236
held_context,bd533a14d734180e3a3ad984,ремонт медицинского оборудования,0128d1dcd57ae32e,3,4,True,4.910165786743164
held_context,bd7e0536a587a72f8c737deb,оклейка авто пленкой,bbfa3349f6b4ccad,8,4,True,0.7225656509399414
held_context,bd84a2d50bd17afa75c32f0e,кладка кирпича,53d4304ffae53be0,1,1,True,12.932133674621582
held_context,bda6a1c14b0d455f798f258a,оценка антиквариата,73d70c5b338fafdb,140,146,False,
held_context,bdf8b8e6c53b5b3bb8f99c09,мастер по бровям,2384abb658e5e11a,2,1,True,4.581681251525879
held_context,be5d70ec40447bd4182f278f,ремонт стекла в межкомнатной двери,3299e7a87391430a,1,1,True,12.364213943481445
held_context,be7036b2e7014575510c5af2,полировка фар,25c4cbd282dd0811,2,2,True,5.239736557006836
held_context,bea0ef416c6d5399baae8fac,"вывоз мусора,контейнер 8/3",5890a145ce6acb29,1,1,True,0.7295323610305786
held_context,bea73f2be437d14698c976de,баня на берегу,346b27f33880dfd8,1,2,False,27.20220184326172
held_context,bec41b727be4208f74ab87ff,заливка ванны,febee63f8065dd5c,4,2,True,3.013540267944336
held_context,bf127120d5ac15ef0bd9e200,обшивка стен панелями,d3254e282fb2f128,3,6,True,9.683171272277832
held_context,bf3b8acbf338e537d2178437,репетитор по английскому языку носитель оффлайн,69cb0a028ec0314d,3,4,True,3.14178466796875
held_context,bf6e5304b0bb974fe820657d,настройка айфона,5ac184fe6c92e7e4,8,10,True,11.404197692871094
held_context,bf71164f3f658d7214017597,доставки услуги грузовика,ff6c34440f338834,2,2,True,2.326296806335449
held_context,bfa20ee24bcc13b63c501777,наклейки с вин номером,b4fd15e43dc307d1,5,4,True,0.5743402242660522
held_context,bfa5cd8dd7156b7282d50748,инструмент в аренду перфоратор,e686ada85bf35469,1,1,True,1.6613705158233643
held_context,bfaf751125c730dd39bf9c5a,настройка спутниковой антенны,d238141fcfd91f8a,1,1,True,3.8300461769104004
held_context,bfb535b9b1ee5224bb50a905,скупка колес,05bcba532a4d0f41,1,1,True,13.710659980773926
held_context,c04331e820cb3f20616a71eb,алмазное пиление бетона,98b8d5300fb1c569,1,2,True,7.883960723876953
held_context,c058738f64a1729d195e630f,уроки вождения автомат,00d98110dfa26d3e,9,6,True,13.096824645996094
held_context,c07dab1d9a24dce4c7035072,аренда кресла для кератина,b6993e2f855d462e,1,1,True,5.213173866271973
held_context,c08c3e631e1cc95aacfc71a4,баня с подогреваемым бассейном,e940ead19c48c254,4,4,False,
held_context,c0b83b64c3db15571bfa3381,перфоратор в аренду,4647e2daf59d0077,3,4,True,2.6590893268585205
held_context,c0c15f9596d5d53c50810ccf,ремонт мебели,52f68deece82dd79,1,1,True,0.07982352375984192
held_context,c13e9e0780519ccb4ca418e9,художник иллюстратор,f3bcd3f29bfbcabf,7,9,False,
held_context,c1b0c99cc75809dc6216c958,замена стекла дисплея iphone,ad9d9d16edeaf505,31,32,True,2.3486194610595703
held_context,c1c6c04cf79d1f4a4751d1cf,наращивание ресниц и ногтей,65cf2dc34b21b3cd,1,1,True,9.82618522644043
held_context,c2220fcc26b3dc8fd0dbfb8a,видеодиагностика труб,071f09e124068584,5,5,True,12.265442848205566
held_context,c251c3f9d64ad4ee723802ec,зоопсихолог,8fae4d08d4acbf2c,1,1,True,5.986668586730957
held_context,c279e67802f47ba7bbb30326,ремонт мотоциклов honda,0f6371624b5613b4,3,2,False,
held_context,c29c6070d305f0e2c617d0c4,гидроизоляция балконов,513686d92fc20f4a,1,1,True,1.3393003940582275
held_context,c2b02cc18a57ab4315b9faa1,резка камня,ab6d66555e88f94c,1,1,True,13.763222694396973
held_context,c2dc2451b20e126dd8314272,мастер газовых плит,2e17ef09bf7a9a48,9,7,True,3.190014362335205
held_context,c305bec6de4da532372981f0,продам натуральные волосы,f5fdb4ff8acce43f,5,7,True,0.805392861366272
held_context,c31331e1ce733f49bab86946,подшив одежды,d5f7fab48c52c3af,3,3,True,1.0636637210845947
held_context,c33732a4a55eb1047832c7ce,мастер пирсинга,fa5ea0b5e6c44d4a,1,1,True,3.1270012855529785
held_context,c36b79bd60b8f0f45407f552,модель на ногти бесплатно,2d3267edb01bdb87,6,7,True,16.547542572021484
held_context,c37c9e8063a28535da13471b,обслуживание кондиционеров авто,8ae34e88c985279f,1,2,True,10.5794095993042
held_context,c3b19c04e8755d8a208982c0,поклейка стеклообоев,157d4054bd6a9c29,5,5,True,3.5920472145080566
held_context,c3c21ca4b1cadeaf209debb9,парикмахер мужской мастер,e097b6e23fa46d22,194,281,False,1846.556640625
held_context,c3c4f35120bbde635514cfeb,романтическое spa свидание для двоих,2daaf77e831dd967,27,26,True,0.3737698197364807
held_context,c3c4f35120bbde635514cfeb,романтическое spa свидание для двоих,9bccc0985844e4d6,6,5,True,2.2784011363983154
held_context,c4140dc1d1c278b7e95ca75f,развал схождение,53f221920d306bac,1,1,True,2.0523760318756104
held_context,c45567df55524acba04ad7f6,зарубежная карта,6dec3c5d56637609,2,1,True,1.1304104328155518
held_context,c4e44c80844df4feb599a2ac,ремонт эбу,f2a6f490e97cf58e,1,1,False,
held_context,c507cde0593f55259852bd03,передержка птиц,e4982366a51f0f55,4,3,True,14.258736610412598
held_context,c529973b33b41552e7423f21,химический анализ воды,43c7067a47df583b,1,1,True,3.3685264587402344
held_context,c52aa3a37c1d70f61636b926,пороги mazda rx8,e55ed69116c569b8,2,3,True,5.2706522941589355
held_context,c54309a4d4a46468c756dc5c,клининг,e4b91a6d73a5ff54,9,8,True,1.335916519165039
held_context,c559adba06f42d6cd774662d,гос номер 330 165,c74953162f72c7d5,1,1,True,0.5496498346328735
held_context,c55a6f2dc742e1ab934fd44b,хаусбот,9d490e9d91174447,4,5,True,8.197834968566895
held_context,c56660331e82d0cfc837b14b,фотограф мобильный,f16b3307eb26da4e,3,3,True,0.7697913646697998
held_context,c5d10c231db820e276ca1bc4,проверка авто перед покупкой,92e1b0446f827b59,5,4,True,6.507227897644043
held_context,c5eac9e7f143bfab5f858195,бурение фундамента,4a8346f4e1e69446,22,22,True,3.2878575325012207
held_context,c5fbda33912c45092eebd2d4,ладожские шхеры катер,f06c264f6189e984,23,40,False,
held_context,c69b3290de01a44f2f063bee,скупка apple watch,c676a254d6b7cbea,1,1,True,6.384881019592285
held_context,c6bd9cb38a4a48a73567485e,взвешивание автомобилей,5bcfd15c2afe5685,1,1,True,15.933622360229492
held_context,c6d369dc37067ec99bde475a,скупка оргтехники,73b16cf21683dd53,2,1,True,4.244765758514404
held_context,c6d369dc37067ec99bde475a,скупка оргтехники,772211844bd896d8,10,12,True,0.20261669158935547
held_context,c6d369dc37067ec99bde475a,скупка оргтехники,f402b66c3add582b,1,3,True,8.620935440063477
held_context,c6dbd19d07fa97ea3a72272d,вывоз металлолома прием и скупка металла лома,03a38a3007c2f478,1,1,True,5.921586990356445
held_context,c6e2bd9b1606d7244845515f,замена москитной сетки,6929219356fa19aa,7,6,True,0.9951983690261841
held_context,c6e2bd9b1606d7244845515f,замена москитной сетки,8e011f284527a5f5,4,4,True,4.486595630645752
held_context,c74d1600f07ba9f923d4234b,ремонт газовых колонок,596eb0fbbe029817,1,1,True,8.359472274780273
held_context,c78a8cad40457dc69a2cfe2f,заточка садового инструмента,526969c2f12db146,56,49,True,9.942378997802734
held_context,c7bc5e41c41173c62cfe71f4,рабочий на участок,be57fc56c86b4da8,59,73,False,
held_context,c7d81e3f378ebfd984aa5824,обработка от клопов паром,2ab28239018ed2e8,1,1,True,4.107693195343018
held_context,c7ea6c4abe9f491c1b303aac,скупка старых видеокарт,317df3cc1b8444b4,1,1,True,3.072721481323242
held_context,c8168a13815b5c89481a0af0,аренда миксера,4aecf74bd25c2e1f,3,3,True,2.62689208984375
held_context,c8b66830f6c954aed9b57fc6,фотосессия для двоих,0621373ae60b495c,44,43,True,1.0459620952606201
held_context,c92d900743324acd12e5c478,шлифовка гбц,35be9c0a3a274170,1,1,True,1.8557913303375244
held_context,c9cd85e2ed08829a4c0b2495,обучение верховой езде,da1f31d604814358,4,2,True,5.146416187286377
held_context,ca00ad60b89971dda10b1f96,такси  от тулы до шереметьево,f3628d1a7f4b459e,3,4,True,1.8215441741631366e-05
held_context,ca05632f832fc652495adef3,мобильная баня в аренду,e31b1d3cafc91ae2,3,2,True,4.808128356933594
held_context,ca283f1948c1593ba0197751,ремонт очков ray ban,9dad82a818f0671e,1,2,True,7.311832427978516
held_context,ca7dae833f615107484b80cd,фигурки на заказ,bcfbb033048cf7be,18,19,True,8.23639965057373
held_context,caed98c1662e415bda476dbf,замена маслосъемных колпачков,7697443dcdc72a85,1,1,True,10.418123245239258
held_context,cb168511c4ef587046b1b89b,трактор с плугом,78c7e1d605b79be5,1,1,True,17.695858001708984
held_context,cb18f8921ee7814ccfb0f50c,сопромат задачи,f95e9d037a86b36e,4,4,True,10.373595237731934
held_context,cb1d77c51eccb1f6c1baaac6,рилсмейкер на свадьбу,9ce9d448b95be614,1,1,True,1.1304104328155518
held_context,cb3093b7e2775c9cba82f814,аварийное вскрытие замков двери 24/7,d86a5c4ef8197e64,1,2,True,18.624021530151367
held_context,cb885c8af9cc357eff6b1e6e,ремонт наушников airpods 3,d31988afd654ff07,10,4,True,5.891183853149414
held_context,cbc51ac45eea541fec4ae7a0,эндоскопия двигателя на выезд,ed2b252b53868513,23,20,True,14.292352676391602
held_context,cbc96661c31c8dedaa3561b4,скупка техники самара,6b1f2895c3fff999,4,1,True,1.1335442066192627
held_context,cc0728c586a7bc48fce6a7a2,косметический ремонт квартир,0b54991d2f1c297f,8,7,True,11.426187515258789
held_context,cc0cb68312d72f9f4832a9ea,покупка шин,5bd0c8970a4345f4,1,1,True,4.401312828063965
held_context,cc48992bb055ab723e120b08,поиск кабелей под землей трассировка,5efd9fd62d7a6fb6,1,1,True,3.860124111175537
held_context,cc621f161e8ece1d715e63e5,удаление шрамов,b068fe7c7892b94b,4,4,True,6.713364124298096
held_context,cc76ef32ffddaa54b1f6c020,ламинирование ресниц,656f7ebb7ba9ec8e,4,4,True,14.531342506408691
held_context,cc7b3e6863ab916dae7f3189,аренда ps4,0074588cb512a409,1,1,True,2.519772529602051
held_context,cc8c5e1f987451e7d903f46c,тренер по кс 2,3dd3ea9cf3212ff6,313,227,False,2235.37841796875
held_context,cc949ee8169299c28bf2d516,коррекция носогубных складок,f1743396edada12d,3,3,True,8.676193237304688
held_context,cc9870b2bd897796b6d1abc8,воровайка аренда,24eb9ece82c253b6,6,6,True,0.6840583086013794
held_context,cd516cf9a1678334f48cda30,кафе для свадьбы,9d04b7b3bdb11c63,59,50,True,4.839920520782471
held_context,cd524c82d9ff6479feb8f95e,столяр,b789aedb607eea55,2,3,False,15.84543228149414
held_context,cd981f80b4dab63c86985b82,прочистка канализации устранение засоров в трубах,787e4d1e42135f8c,3,10,True,3.2316575050354004
held_context,cd981f80b4dab63c86985b82,прочистка канализации устранение засоров в трубах,974ea0db59e719dd,1,3,True,6.067254543304443
held_context,cd981f80b4dab63c86985b82,прочистка канализации устранение засоров в трубах,add1b0f6f72dcd75,4,1,True,2.671290397644043
held_context,cdb9c905c1c6aa2ea3cfd7ce,хромирование пластика,d2fbc9d987893b7b,10,10,False,
held_context,cdf71a866ce910775a987f9a,воровайка 5 тонн,e6bf42749b850270,2,2,True,8.442251205444336
held_context,ce1cb93b349d8975e242a8ab,ремонт рольставни,8882acc013a03501,2,2,True,3.3104758262634277
held_context,ce303c92c651ed2698f90782,маникюр и педикюр,0bcf2878d5234950,4,3,True,0.7783448696136475
held_context,ce9b075382c349d1b2308e38,пылесос аренда,d2b71c23456aefe4,2,4,False,
held_context,cee7a47d782c5a09880ea6cb,кастрация кота,cc0bc1024e8c53f6,1,1,True,7.920760154724121
held_context,ceeb5b7a8300cf157f728dd2,замена радиаторов отопления,13eecfa3a75a2f71,5,7,True,9.006789332488552e-05
held_context,ceeb5b7a8300cf157f728dd2,замена радиаторов отопления,9c46da2e5f33d475,7,6,True,0.4958350658416748
held_context,cf9df410bd513706e883063d,прокат кабриолета,39208777bdf930ad,5,3,True,1.1350016593933105
held_context,cfba2c08a064c1294fdbd956,рыболовная база,29229ed895ae7e01,3,2,True,2.354712724685669
held_context,d00ebc2054e07cf6ac26ca5f,парикмахерская,5b91e994eb609b4b,2,2,True,6.423290729522705
held_context,d018d8ca62a59023d957ebd6,точные стрижки,88bdbbe2febad054,4,3,True,3.352416515350342
held_context,d0b2d653133f14bc70d74409,ламинат,eb3956f64d9aee86,3,1,True,0.42088958621025085
held_context,d11869edb25516157165bedb,моляр,33430263b3f9733a,10,8,True,6.5052361488342285
held_context,d1210c298fd1db918fed7308,химчистка мягкой мебели,001581e2fff37e38,13,13,True,12.694181442260742
held_context,d12968ffdf171174ad3dc954,перетяжка компьютерного кресла,3f752e67ca0b575b,11,8,True,7.619266510009766
held_context,d1307c1e57d453eb676ad401,ремонт секционных ворот,7d919c9198c37f4a,10,10,True,4.259261608123779
held_context,d15048360d925f6137f805ac,аренда детектора скрытой проводки,1f1b0c8a484bfb27,2,2,False,
held_context,d154fb0131d2c3ba64a5bb67,настройка аудиосистемы,de0eb9506edbdbeb,1,2,True,1.3533029556274414
held_context,d1777c2b2f421807c77bff2b,сантехник услуги сантехника,530477ab98e5292e,1,1,True,0.3804382085800171
held_context,d1a1b4c14d08c06054a7ac0b,осинизатор откачка канализации,570e47bee08f15bd,6,7,True,0.00011733049905160442
held_context,d1e786699c8775b2b12c1bdf,ремонт дверей,b581776de2e6f6f6,11,10,True,2.1105520725250244
held_context,d1eef6c640adea1b90e13c44,натяжные потолки частный мастер,22c41b4db5745cb7,1,1,True,0.5386413335800171
held_context,d224634bf860d8c4ac0eb3b4,снять бассейн,8034a284515b1bfc,1,1,True,6.329101085662842
held_context,d23e57cb8009f91ff4da750f,посредник на ebay,9261a808433bfb32,6,5,False,
held_context,d2505054195ed230159a3e01,фотограф на выпускной,77505ce4c7e3b639,4,4,True,1.9870765209197998
held_context,d2691a83b97a7cbf2d5eb27e,психолог сексолог,3e0b1686e5c145b5,3,1,True,2.730102062225342
held_context,d2aaf3b29d2c562f6d084d52,откачка септиков услуги ассенизатора,b5bb36f05441869b,1,1,True,7.549799919128418
held_context,d2fe287f5dabf239c043be59,ремонт газовых плит,5c3c4e033ecf22c8,1,1,True,9.975378036499023
held_context,d345e8674e70924d8128308d,замена аккумулятора iphone 13,03f4758aabc54004,1,1,True,2.111144542694092
held_context,d3562ccc6feeb2d3f8514c1a,таролог бесплатно,7a43f195cf0ade4f,1,2,True,0.3737698197364807
held_context,d3605e1781a4b60b23bc25bf,выкуп телевизоров под ремонт,f795580b7e25e949,1,3,True,1.998957872390747
held_context,d43188909005938f37016a42,ремонт спецтехники,0a32a8fe8e226357,4,5,True,8.771302223205566
held_context,d4496e35de0712c0e8fe9b42,кератин модель,4861e4029bf6028d,1,1,True,16.360475540161133
held_context,d481eccdb819608f03e11393,ремонт бус и бижутерии,00a73a6a3652119f,1,1,True,1.8144347667694092
held_context,d49c1c57de547731acafadf8,установка генератора,b689ba9c81d065ac,9,8,True,7.225261688232422
held_context,d4af6be88e3e0b17b1c7e502,аренда вертолета,3ba6f91b12e80ad3,1,2,False,
held_context,d4e95fac738362795f902e08,adsense,a091ba6600489937,2,1,True,9.006789332488552e-05
held_context,d552a3a382010d3a67457fd7,ремонт бензокосы,111c9f49084b68b3,6,5,True,2.7977943420410156
held_context,d5e0aa4059e8918c2d637a80,индивидуальные экскурсии на куршскую косу,6cd35978b77a58e2,3,3,True,1.1076223850250244
held_context,d5f17edce4a9e0301d34bb50,услуги каменщика кладка кирпича,ab60f1def7f86739,1,1,True,2.428317070007324
held_context,d5f2bb96a767eaa6dccbeece,передержка домашних животных,5607eb006b95d271,1,2,True,2.594250440597534
held_context,d5f42aa4220f6884ed30730c,сложное окрашивание волос,063d8ffd32f1a9fd,4,5,True,5.291065216064453
held_context,d60ca94bc36d7d881c8a1ee7,аренда домика на двоих,e9f027efef9f238a,2,1,True,25.362470626831055
held_context,d6161020075b5929692c657a,свадьба на двоих,fe059535ccaeed07,5,4,True,0.3737698197364807
held_context,d626aaa0f67acb8327a3fd3d,бортовая машина,f4e64308c5c8813e,1,1,True,1.2907516956329346
held_context,d664cbbc93beef2b934d1056,дробилка веток аренда,ca1d54f79690d4bd,3,3,False,
held_context,d704f81b21e234591d7db5c3,дом с теплым бассейном,e793bb8ac0a54ae5,2,1,True,9.836207389831543
held_context,d71806c5128a58c513961c9f,нянч для ребенка,1f07119a35102a88,1,1,True,0.4805663824081421
held_context,d7c449864ff17547206af811,ремонт подъездов,dcaf106dfb778d4a,1,1,True,5.0950517654418945
held_context,d7f9a61a9afa4df2bb2548f4,в пахать землю,bcef5a3a85c4be26,1,1,True,0.0001950839359778911
held_context,d8876f2c4eba67177f43a322,монтажнтк двери,c78cce75e156d5bc,3,3,True,0.02472729980945587
held_context,d89f39adad906201497e4501,отопление,03e08eb8f11a3a5d,3,4,False,238.10516357421875
held_context,d8c9603c26dad296c93c0bf2,мотошиномонтаж,7f83a2f9257c3d84,1,1,True,9.020037651062012
held_context,d93391ddbc21e0e852cd9a1b,аренда авто под доставку,ce3600987b07826f,30,31,True,7.654608726501465
held_context,d94b194a98ee3636e13f27d2,скупка и вывоз холодильников,3c2cfa21a9d1162b,1,1,True,6.064405918121338
held_context,d9592e52e05639c81ffc3f8c,подбор гибридных,e2b81ef7139f2f6c,1,1,True,6.288566589355469
held_context,d98154604c5e566afa471fb8,покрас фигурок,d64734f89c11a49f,14,15,False,
held_context,d9a1cd04ea5128d6729c1b8d,монтаж окон,7ca77ff8a65b40a5,34,31,True,11.66252613067627
held_context,d9d3bb6fa8ed5e4eff84a527,мойка двигателя,ef1dc358ccca9ff6,3,1,False,
held_context,d9d72d3e65248381f7c5df2d,гелий,e338e4e48216209b,9,6,True,7.697941780090332
held_context,da31a94a66b28ed8bb28c4cb,прием пнд труб,d97de07675452bbc,2,2,False,
held_context,da48720636d7f1c148b362bd,грузоперевозки газель 4 метра,6b52939e72d28736,5,8,True,12.754899978637695
held_context,da48720636d7f1c148b362bd,грузоперевозки газель 4 метра,ec704d0ece51d9ff,10,5,True,3.21152400970459
held_context,da4ea4ce12fcd377eba7b028,проточка гбц,3b2676c7b6393ea6,2,1,True,3.1459641456604004
held_context,da72c2d681fcecc8521cd844,3d модель на заказ,d64b9182382ce4e2,66,66,True,0.3154752850532532
held_context,daac3fa3fa4ddd4b73d1cf0a,аренда авто свадьба,19e97cb3a030a511,1,1,False,
held_context,dac9ff6fd25f1e13e1d2b0ba,перекрыть крышу,8750ec75e8671980,1,1,True,9.747323036193848
held_context,dad72ebfdf1a289b1e6b2d44,перекопка огорода,3c3f5c8fc5f3c783,1,1,False,
held_context,dafa1ebd5980bc9289a96f2a,циклевка и ремонт паркета,0aedf872ce3e17c6,7,4,False,
held_context,db34c5b9420f9b7e6973016a,прошивка nintendo switch,e18a3ccaa4908ae9,3,3,True,6.971258640289307
held_context,db91daed329482b9ed25de4e,костюм японской школьницы,ea4a27187ab0d331,38,34,True,10.95665168762207
held_context,db99b1bd30e5bf9e040123b3,печать альбомов,4b7b036ae4213c56,41,48,True,0.173807755112648
held_context,dbcf58aab95265375f7b15cd,дрессировка щенков,01ed0b120b9251d3,1,1,True,0.013002432882785797
held_context,dbe4ddef383afedf1027782a,аренда мотоблока,276e0d27c8def01a,2,1,True,1.4634921550750732
held_context,dc2cccd63b5d1638614b1587,вывески на заказ с разрешением,eeef2aaff22d52ed,39,34,True,5.230443477630615
held_context,dc4989d07e7b8d5dfae8167f,помощник по хозяйству,7f857c3ab1c4da27,14,13,True,0.23421357572078705
held_context,dc7270dc331c52461dc30b70,написание рефераты,ce76c381f7b8ab26,2,1,True,0.13430781662464142
held_context,dc80bcd725b61cd46ba0362d,массаж живота,4f74c0859d7b578a,1,1,True,1.770972728729248
held_context,dc8d4e9a25035497b0110c01,проектирование вентиляции,f613b7e6de562d0b,4,3,True,5.366154670715332
held_context,dce71bbafd0ae58ba01e1100,ремонт  и чистка водостоков крыши,e653077b8017395b,1,1,False,
held_context,dce9ea233e34ec83c4b2ad15,домик на берегу,1ded8d0ffe0e3309,0,0,False,
held_context,dd5dbab64023c6b1173ffa44,аренда места мастера маникюра,ff8b0141a5eeca6c,19,23,True,1.506561517715454
held_context,dd8f5d10f31c0a1da147ca06,фотосессия с машиной,9ad51d4db8bc72d0,78,56,True,3.3052544593811035
held_context,ddbdf16d1f0476df40ce8b38,скупка iphone дорого,6948c7b05580e8b4,2,2,True,5.884366989135742
held_context,ddc6ec8ad269fc127bff5491,алмазная резка проемов,506b342f4ca8154f,1,1,True,2.134718418121338
held_context,dddc24cd5367a53cc23fab86,монтаж скуд,09e6a540307ed15a,11,12,True,0.2987840175628662
held_context,dddc24cd5367a53cc23fab86,монтаж скуд,a7c41fcb12d45fcd,12,13,True,9.398530960083008
held_context,de12d8629219f70502a13dad,реставратор мебели,3d6c6a67333fad1b,2,4,True,13.097366333007812
held_context,ded6ac54ac2aabaf515cabf9,водолаз,f15ff96599c4f2a8,1,1,False,5.745081424713135
held_context,dee5eb425b3b3b4543200cad,тонировка артемальной пленкой,821c267819f9834c,2,2,True,8.222650527954102
held_context,df4e05967bea6c5b341fa4bd,техосмотр,e3e3f87ded074195,2,2,True,7.676645278930664
held_context,dfe0179e66c4168a24ae0511,авто на прокат,9f2046626e09f451,6,5,True,1.2824609279632568
held_context,e00c01c82979555e3e6ddc00,мастер по изготовлению мебели,ba451e6d0f3f3e19,242,162,False,
held_context,e00fece4d5a129fdb70cfd00,сборка мебели на дому,ce3b138a957d39f8,2,2,True,4.777756214141846
held_context,e034897f7fcb3b5cad4bc057,пошив обуви на заказ,217c53a6e20b651d,1,1,True,2.9115219116210938
held_context,e044725ca28f400680941cbc,вышивка на одежде,06dc3a7118c7f4ec,5,1,True,10.350247383117676
held_context,e05087958b321d64ab2ca399,диагностика range rover,d01b98683ce43eac,1,1,True,8.284674644470215
held_context,e05a4ebb34846a45c8b6894a,алмазное бурение,ef468dd8aa1d2933,1,1,True,2.8995885848999023
held_context,e0638b5c59152ca73df23bce,ремонт аккумуляторов iphone,fe242010f74d7573,396,503,True,5.247739315032959
held_context,e09c2e92d0b395c799542ddf,аренда танцевального зала,c272b687c38c6bb2,17,17,True,2.6973459720611572
held_context,e0bde14e22c8b83c0d0b1c49,манипулятор длинномер,9886cfa3f4e2620d,1,1,True,19.66469955444336
held_context,e0dbafeabf7df1108fe9e189,лом цветных металлов,e9b6d493db1f44ac,2,1,True,10.926392555236816
held_context,e0f94f87094614633eb09cac,тихие стены,0d8f22ecf4564689,2,2,True,10.025230407714844
held_context,e16478d468fa1b2a26d70f72,аренда закрытой беседки,40c8d78ff1ea2ab4,1,1,True,15.310873031616211
held_context,e165beb172954dfa4d1adc71,пневматическое оружие,f9d3b416a25e49b1,2,1,False,
held_context,e1b3efbe80102e1f8ee01b34,гибка металла,300bb81165130c8a,3,2,False,
held_context,e1cf23559a8463a6580f017a,обучение по ламинированию ресниц,8871be5331955ea0,1,8,True,3.1438188552856445
held_context,e1d89d4be0d6c4d4e331d049,поверка нивелира,45b630607f7b47be,2,2,False,
held_context,e1feee3f248e83918f258713,байер италия,3919278ec90a357b,3,3,False,10.74273681640625
held_context,e23edbc7cf939c7fa16709c0,установка кондиционера,39b3f562e263ec55,2,2,True,6.455780029296875
held_context,e27d8a758f4bec7398b6330e,печать для ип,69aaa445dba72c4a,3,1,True,3.6699090003967285
held_context,e285b1042de2b3cf2780cade,оформлении карты казахстан,e220acd7df81a59e,2,2,False,
held_context,e2a02f04fa908e3b96f4b487,свадебная машина,8e7522e33844cb15,11,9,True,5.616514205932617
held_context,e2c1c2bf4068ff93030c78af,автошкола,871c938b834ead39,2,6,True,0.013002432882785797
held_context,e2d3861d91ef46eae28af1ea,печать баннеров дешево,0bfacfa3728abf1d,16,13,True,5.0195088386535645
held_context,e3132e5b13222588794c992c,найти работника,a07b8239b21d3490,2,1,True,2.7974393367767334
held_context,e35fd2ef6c8fa8547ba44c13,ремонт яндекс станции,4ea73bc5de3525a2,2,2,True,11.29946231842041
held_context,e3f5fcf5f756e3959cb99fc5,покос участка,a73f042cc641cc49,11,7,True,14.730719566345215
held_context,e4226346b994fa157e85c8b2,кабельщик,d3096c69694bf765,7,3,True,3.6006579399108887
held_context,e480bc035520244f6122020c,вскрывать авто,cfeb29d52d1825d6,3,1,True,7.685346603393555
held_context,e4b5e018accf7829aadd0288,автосервис,996b741d5be8b380,6,7,True,5.7746148109436035
held_context,e5311e2de7335425ebcd3a45,гигиенический маникюр,582b6b0776115c37,3,2,True,1.3646821975708008
held_context,e54256cc90b5c32e75b05de7,дезинсекция,4f125597e566741c,8,5,True,6.208420753479004
held_context,e57ae167fa3b91cddd007325,короткая женская стрижка,ffef637ca4978f59,10,11,True,4.1910929679870605
held_context,e5a55f10a366b11f49998320,скупка фарфора ссср,5a4a21dfd905b71e,4,4,True,2.7003095149993896
held_context,e5fd7e4f42d55e2305058249,дипломная работа синергия,71a504631a7bd81b,1,3,False,
held_context,e683c5a173e5c5f7c7fac702,обработка от насекомых,4e288e1a4bddaad6,1,1,True,2.707911491394043
held_context,e68ad82f577438addb0d4d23,вышибала,12af378139b15bd7,0,0,False,
held_context,e6a95c9610468a45c2b3f68e,репетитор по литературе егэ,29bd8ea2b312f8ee,2,3,True,1.93458890914917
held_context,e6dbfdfc93088cd7aed2bb51,из турции,7ad66a83aeb25523,1,2,True,0.4779694378376007
held_context,e71233cc7c0384bdcfd9a332,ремонт мотоблоков,cf782711797507b1,2,2,True,6.299721717834473
held_context,e71f85c2287d87de80c5d02f,установка окон,fc91d0bf1a9d9935,7,5,False,
held_context,e726ea428a4dd241a8525d4a,манипулятор 7 тонн,e6c371b6744bc45b,4,4,True,6.222997188568115
held_context,e78f506ef8097b5192b019ee,медведь с днем рождения,9931555d15670d11,5,4,True,5.4044508934021
held_context,e80b9015053b839ee0782a56,домик отдыха лес,eee360de62b7e4d3,5,5,True,11.244462013244629
held_context,e8603438aaf5266bbcf4800a,выездное караоке,a12aeca34f8391c4,2,2,True,2.9456183910369873
held_context,e86abf6b8d8d240f3203cc23,камуфляж шрамов,66f623dbf3f9c74d,1,1,True,2.9125730991363525
held_context,e8a4bfbb02ffd1e442dd195b,дубликаты номеров жирный шрифт,9b1b1d5828988467,20,20,True,3.4693732261657715
held_context,e8aa2a7ae2c7e66cbb5def45,грузоперевоки армения,e289cd35cb30f3c5,4,2,False,
held_context,e913c8762cadad1292610217,укладка брусчатки шабан,972361ed71a2a1bc,1,2,True,5.851058006286621
held_context,e92b4a637514dbb856d6dcb0,ремонт бензореза,f256950284b5f557,15,13,False,
held_context,e92cff8de8ee5d242495dae4,москитные сетки на окна,67edec6be13c956a,1,2,True,0.0014770608395338058
held_context,e944e2c9fa2f1a1e7370a231,курсы ламинирования ресниц,f477861a14a99f91,19,17,True,8.952451705932617
held_context,e9db46f868dbe3d2237d5220,уф дтф наклейки,75b37e4dd547c00e,1,1,True,5.345600605010986
held_context,ea1619418807cfe705df1a09,ремонт окон,625bb7f085e6134b,14,4,True,13.449864387512207
held_context,ea24f7f8e4a06964eb86d159,вспашка плугом,af880e1f5b0c3fa1,2,2,False,
held_context,ea57a10e1e94fb472263b414,vip трансфер,ff279cde91e84006,1,1,True,0.020122436806559563
held_context,ea61018a62bde95d4dba5afc,оклейка бренд яндекс такси,a0cc0e30132f705d,1,1,True,0.8223751783370972
held_context,eadbcb7e74778c7b0ccf2776,росреестр помощь ресурс,0790da6d249e8679,2,2,False,
held_context,eaf59761374f3ffb3832477d,ремонт бойлеров на дому чеховский район московская область,43e4a62389c22ce8,5,5,False,
held_context,eb85d288e712d653399c5f9d,с ндс,00a1ffc8f896168c,62,63,True,2.982217311859131
held_context,eb86711898ba79100a964569,скупка старины,40bca95a1fb879a9,2,2,True,0.7048642635345459
held_context,eb8ac2ad08c9e59eb4aee442,педикюр от 1000,da2e6461965d91aa,1,1,False,
held_context,eba88a470f2746549000e937,перетяжка потолка автомобиля,2aeb7ce269fd7312,1,1,False,6.62772798538208
held_context,ebbab244cacf1b3bf9e09fd7,реструктуризация,2247f286eeac1cce,10,16,False,
held_context,ebc615dde87827defdc14dd1,липосакция,c5d21c0e8c1cdb2d,35,37,False,
held_context,ebcf05cd2712ed4e26377190,частный детский сад,caec3c65226ca2c6,1,1,True,6.848581314086914
held_context,ebf351ccc8ce3691159a2224,стяжка пола за 1 день,9c158fd675037f7a,6,5,True,0.0
held_context,ec3282ae66e5fdaae3338d4f,автосервис опель,ba14d187c8d037c1,53,32,False,25.880245208740234
held_context,ec47999c63b3d92222986d1a,замена фар,d57dca23e604c46e,1,1,True,2.9079396724700928
held_context,eca731ece16681994923ff65,экскурсия,f5fcc789ca8dff66,37,30,True,1.6821401119232178
held_context,eca731ece16681994923ff65,экскурсия,fab566df72da94f7,32,28,True,1.8880212306976318
held_context,ecb9ed60a710c54ee537dc1d,аренда шлифовальной машины по бетону,bf2496e6ac80a827,3,3,False,36.038795471191406
held_context,ecf1a74fe3d9d35ed58ede59,ремонт автоматики для откатных ворот,cc15dbba3d4e8034,2,2,True,0.0001478892663726583
held_context,ed10b323b66808f02a8d4af6,пароочиститель karcher,d3b845b501412beb,1,1,True,5.337356560630724e-05
held_context,ed1bb99f181cadf4da87c07f,прополка,ba84ab483967b302,3,3,True,2.10722279548645
held_context,ed255c466618cc6f941feb4d,муж на час,46c7cef8f077ffe4,5,4,True,3.8778672218322754
held_context,ed441e0b7e78e7b28c5d2122,каменный ковер,6b71a9abe91782e0,2,1,False,
held_context,eda6d8eb5669fc56fdfc2c6e,прикурить автомобиль,15f8a3b0edd58256,95,75,False,28.500396728515625
held_context,edf821d9818f9f6d12fc2725,аренда палатки,8d70ceb711b05439,17,17,True,12.431896209716797
held_context,eefa5e81bbe01d1956b08bfd,установка подоконников,6d764923fc5a81b7,1,1,True,10.014605522155762
held_context,ef29e3fb0c3f11632fce1be6,наращивание волос капсулы,68582a51503a4932,2,1,True,4.35905122756958
held_context,efadd80b12aa9ee3257724cf,укладка газоблока,80a9f5fbc04204fe,14,20,True,4.086668014526367
held_context,efb5d0a3ab5adf899d9793ab,мастер по окнам,cd3170930525e27a,6,1,True,2.9079182147979736
held_context,f0b2a15ff358d18ec8f80b1c,lkp,fc0d42abe2d5993c,5,2,True,2.8368687629699707
held_context,f0b478ddadf46c51cfbf061c,краскопульт,2537fe6d524cf962,0,0,True,
held_context,f0d34342f6dad37b1ec54553,нужен работник,94be7608c4d7cf5e,30,25,True,3.750162124633789
held_context,f0d79fc84aa943cf68c1354f,поставить машину на учет в гибдд,9a0364633c26153b,1,1,True,0.4669925570487976
held_context,f0f5a9ceb37f1150b895140f,ремонт электрических плит,06376be60db9e755,15,14,False,14.126115798950195
held_context,f100e1a517f2a5fe002788eb,покраска забора,10d365978bdb7cc6,7,7,True,6.763255596160889
held_context,f14238a3a33a99f04da68a85,эндоскопия катализатора,7ba16e0b26181c93,1,1,True,3.0435709953308105
held_context,f14ab752815c292ffa675ea8,репетитор на лето,6d7bc62f621c16c1,20,20,True,5.6282172203063965
held_context,f1a68923fd267d5ffa34e702,сиделка с мед.образованием,49f4ee0441d449f8,1,1,True,0.6505864858627319
held_context,f1af71ed372ad6e43f04374b,рефрижератор 5 тонн,e47a5b6610c7c85d,3,1,True,0.6679301261901855
held_context,f1c3b33d795e0d9594e4803e,подшив одежды на дому,93f606256a625ebb,1,1,True,4.401375770568848
held_context,f25d44e4ae1f32b3988c5643,услуги программиста пк,d84bfb2fce39b18c,1,1,True,0.24315635859966278
held_context,f29cd4299bf954f0324fbe87,торт ламбет,92a2c30fb2c655bf,1,1,True,0.758499264717102
held_context,f29d5c9bcd308e8e9c24b796,печник кладка печей,6462ddb24474d16f,2,1,True,4.5926337242126465
held_context,f2a3c9d1607339f7082e59f2,инструктор по вождению бутово,421ce5231a3da9ad,7,4,True,25.26837730407715
held_context,f2afc6c1d17dc3a0eae45aea,3d принтер,de068bbdaf44201d,1,1,True,24.05997657775879
held_context,f2dad77839f6e9ce3b852018,аренда помещения для девичника,3359c3b36966a5ce,25,14,True,5.667251110076904
held_context,f2fe1f10844f5b3ddd8c6857,малярные работы,60e9b11b1124dd0c,1,1,True,0.0
held_context,f386f5d2afd3b983c345d94d,вывоз бытового мусора,1177d2c48946e743,2,3,True,2.5191898345947266
held_context,f39748c268d4bdcd3d1b0bd0,пилатес зеленогорск,5e153032fc8734f2,0,0,True,
held_context,f39cd2f3202e31b06b8f7063,перешив ручки кпп,af5e59780226d2a0,1,1,True,3.12774658203125
held_context,f39f3eeb84caa6607adcc0e9,выкуп авто ваз,8a4ecb76b80c8b98,23,23,True,4.192300548311323e-05
held_context,f3b3a6a66b3120a49d1df186,ремонт ауди,70072edc2b52bfd1,8,9,True,5.216710090637207
held_context,f459bf0515b2ad307744ad74,установка умного замка,5e022dc2df48d6ee,1,1,True,1.1361157894134521
held_context,f55020745a6adb22c2c893fb,спутниковое тв мтс ремонт спутниковое,5a75ac4ad03a5acc,1,1,True,2.847097158432007
held_context,f5b1207a107762e9eb94efe4,воровайка 10 тонн,4889e51ed602ba6a,3,3,True,1.8150146007537842
held_context,f5f54d10ef321ce47e3d7c0e,ремонт холодильника,315d90607112e0c9,4,4,True,0.0001864468795247376
held_context,f5fa7641fa463e44ad2069c7,караоке зал аренда,ee9aeae9b39e4ffa,7,4,True,6.802478790283203
held_context,f651742baedd4eaf1daa7d9c,аниматор лабубу,a24db16790fc159d,1,1,True,1.8364064693450928
held_context,f754741086be294920b7ba20,прошивка vag,ee2ded86cab596c0,6,8,False,616.064453125
held_context,f777989ffd87bd3beaa7f34f,аренда автомобиля с водителем,c24f4f428315d948,12,12,True,0.4960273802280426
held_context,f77f39ee40350064e2ae2ab8,прием твердосплава р6. м5,33b3b660fb30f925,15,10,False,
held_context,f7af78727f9667190e766224,репетитор по информатике огэ,f20d3e741d604345,22,30,False,
held_context,f82bbc4b7c4010962d2c971f,замочник,474677581af257e4,1,1,True,10.294875144958496
held_context,f82cf1eb234758c0e899059c,вытягивание вмятин,57f842edda024617,1,1,True,1.5603513717651367
held_context,f82d370ab20765617e875725,перепахать участок,95b3647ab54bb480,6,7,True,0.0
held_context,f88db28aa8466788ff5edefa,система автополива,bc4348a423798d0d,1,1,True,11.444032669067383
held_context,f8bb09ed36eac111d856f35e,аренда кабинета парадайс плейс,ef548bb9fd5878d7,5,4,True,1.000976324081421
held_context,f8d24ae50ab5904c6045a368,полимерная покраска,c3d9fb017e6df522,2,2,True,1.0763647556304932
held_context,f8d24ae50ab5904c6045a368,полимерная покраска,ff47c75608b6c53e,1,1,True,5.402973651885986
held_context,f92624068f5397b6deb07b02,ремонт электроинструмента,6f99d207776217e1,1,1,False,
held_context,f954c3c47a7bb2ba2fa6b77c,вспахать огород,d64f88ccd9bae396,7,13,False,
held_context,f96e09bd0edb0c366c0cc4d1,ремонт лифтов,faa4c889bd5ec786,4,3,False,
held_context,f97729436f93ad46d65b4cca,укоротить джинсы,2ae5d90cb7d9931a,25,25,True,11.18526554107666
held_context,f97729436f93ad46d65b4cca,укоротить джинсы,cc8a45d64d789306,6,5,True,9.70971965789795
held_context,f9ab33ce8c5177fceb43336f,ведущий на корпоратив,466757592c9ce191,2,2,True,2.335200786590576
held_context,f9adf4b0dd93c67e66cdfc99,сборка компьютера,db168e52548e939f,16,10,True,12.490621566772461
held_context,f9b854af4e0ea79752d5f908,землекопы ручная копка,98de7146a18e70bb,2,1,True,0.037772223353385925
held_context,f9f97610e2a8b645b7676a08,сиделка на дому,32b129167222c2c4,29,26,True,10.541060447692871
held_context,fa27836692eb9aa96253980b,такси омск петропавловск,366c1acdd1257040,4,6,True,5.528430461883545
held_context,fa2f06dca04ac6da40adc654,шоу с животными,df0070a0f3146745,1,1,True,1.3640706539154053
held_context,fa7b5d5541f82cfc5d77e23c,расчистка участка,ec38ef3f93c8cec9,3,2,True,0.1426054835319519
held_context,fab208c050625995463f6e23,блонд,67f5f54a5157c5f5,3,3,True,1.1733691692352295
held_context,fab72b84cafd5fa6a966db7a,прокат вибратора для бетона,e815040be0e1d73a,5,6,True,4.901765823364258
held_context,fb27dceda948c64f7584185f,научу заказывать с китая,8db5554f65254d0c,1,1,True,0.37379443645477295
held_context,fb43ac3cca5371785629aba1,ремонт+обуви,2c5400caa9d58de6,18,12,True,10.668313980102539
held_context,fbafb6b55c9d3686cd7913e8,гид спб центр,bdce1fdcc3656b83,25,26,False,
held_context,fbee2fcc17a0d2269e929703,каршеринг авто,d4757b19dbfc72a2,1,2,True,1.2857763767242432
held_context,fc05d9d025bbe62224bfbd88,экскурсия на английском языке,12140521cf72661e,6,5,True,0.32921817898750305
held_context,fc0cbebc953d9de15123a764,скупка стиральных машин на запчасти,e500eda159526b1a,1,1,True,11.74458122253418
held_context,fc229edf8ee1239862ff1756,ремонт коленвалов мотоциклов,f598f4e212deb63c,3,3,False,
held_context,fc282a77d8c0803e3dde1139,ломбард техники,5b4014283452b302,3,3,True,4.418105602264404
held_context,fc7b48747515751ac5f10fc2,копаем ямы,63e008ee8629ca6b,232,63,True,8.066923141479492
held_context,fc8a2509467be05b055e4369,прокат оборудования мотоблока,3309ba8dd4ff176a,7,7,True,8.260533332824707
held_context,fcb9a1417517f79368895039,кран 40 метров,3e3149c51ba649b4,2,3,True,0.33809590339660645
held_context,fccaf306000775c158437e6a,демонтаж батарей радиаторов отопления,b90cddc959d2b86b,7,6,True,13.055824279785156
held_context,fccb2941a9081abf97d6de65,цветное наращивание ресниц,9f95f39e03a25ffe,22,12,True,15.087718963623047
held_context,fceae7c2e994f42c5af6d7e0,русская баня на дровах,939fc3c30e900244,22,20,True,8.507662773132324
held_context,fd14c975b9f7a1cd173d0af2,прицеп кемпер аренда,78b6457e9c9783c9,1,1,True,6.118446350097656
held_context,fd170f8ff60b95aae62c55ee,временная регистрация спб,179379a7761f5f6e,67,38,True,5.576195240020752
held_context,fd49d0e98a6e6bced3bbed22,афрохвост,b1798c0f3792fde6,1,2,True,11.396271705627441
held_context,fd5699fa81fa23d4acda288f,русификация китайских авто,c6fd159899f59094,1,1,True,0.06404828280210495
held_context,fd6f62566d17466b6c9dca3e,дренаж участка истра,7b2ecdfea2ccac56,2,4,True,0.00016089703422039747
held_context,fd959d09bc176ad1eb25c77b,прокладка труб водопровода,4db043bfe6ca784f,1,1,True,0.8964083194732666
held_context,fd971203fa615af71f7eb57b,изготовление ключей на авто,d04371587d81eff2,55,68,False,
held_context,fd987a9295da897f7174f4d3,частное такси,0c85395b4ed9cffa,1,1,True,2.7177586555480957
held_context,fdce1de787a438ac67739282,укладка тратуарной плитки,c81dc4b16cb3ac96,14,10,True,5.65074348449707
held_context,fe4b7621f899b6f7dde1173b,номера на машину,671d827cf5843282,4,2,True,0.0
held_context,fe7b7aabf3c00faaffc95131,заказ минивэна,8471debbbfefc643,0,0,True,
held_context,fef710f572f249496905ee0f,садовые работы,4f3ffece8ef27d6d,1,3,True,1.5338151454925537
held_context,fef8515ac92def0f9e96d7dd,мужской шугаринг,b736413d5ea1f040,1,1,True,5.9494218826293945
held_context,ff141c9ec96e24d60d0d595c,помощь с шумными соседями,c4fd20facbf9ac92,1,1,False,
held_context,ff20bc515d0ad4f251cf183c,шар с фамилией,8f5fdd777156dd7e,1,1,True,9.023468971252441
held_context,ffa982a605601b7628b25598,ремонт объективов,7f91ba6c311d292f,17,19,True,3.141669750213623
held_context,ffce940a6f098af32bbefada,сауна снять,0b0260fd4ffed083,2,2,True,9.151398658752441
held_context,01764508fd45a5aa9bd36766,печать фото на холсте,6486502788f76a13,1,2,True,0.42558562755584717
held_context,019297e36b2258c2a0dabf9e,аренда помещения,dc8233104125ad92,70,67,False,
held_context,0268728d2d03301b93ebb805,ремонт пылесосов,4a220eda1dace957,2,1,True,5.753885746002197
held_context,03360eb9ad8a7e2de1689acd,вывоз хлама,7a146cb8d7483629,1,1,True,5.401815891265869
held_context,03bb510d12041e794e8d0f2c,услуги парикмахера на дому,595fb4f5508d2504,44,33,True,9.790824890136719
held_context,056c1c0345f98585c7981c4b,батайск торты на заказ,88e32de3f3a42838,1,1,True,0.0
held_context,05b4a6f8e2cd7ba110702304,сварные работы,c1f4a83bbf648d03,1,1,True,5.496772289276123
held_context,05e545132f6d0add44c5a15b,ремонт спутниковых антенн,4324dc813ea0b320,1,1,True,2.9019522666931152
held_context,06044377f611c61a742e1948,услуги эндоскопа на дизельные двигателя,65c2836d3573c09e,2,2,True,18.550060272216797
held_context,062e322ab7d66b79651fdade,написание конспектов,1cc6eee11d2f5761,2,2,True,1.202460765838623
held_context,06c097e526bae0e05e45e0cf,ремонт старинных часов ссср,c6dce84bfdc2017c,4,1,True,1.3345973491668701
held_context,077ac6cd92c7b8ec71bb0883,педикюр для мужчин,a4ff37d0b473233e,7,7,True,10.257140159606934
held_context,078f234573995593042e25a1,предметная съемка для маркетплейсов,9985dcfbd0d38124,5,5,True,8.051881790161133
held_context,07b29bf407f45d4dac6f759a,скупка инструмента,c347571bf6feabce,10,4,True,15.17896842956543
held_context,08f7ed091899e9927773db60,распил фанеры,d3f03c5afcf8d2f8,6,6,True,6.312376499176025
held_context,0958b9af8187ac3ef1e46208,удаление тату,efc604e6539ec3e5,10,10,False,
held_context,096b4722eadcd412d72651fb,настройка гбо,9174556c6573e861,5,2,True,4.126527786254883
held_context,09b7fb4b8343690d4a0b93c2,замена лобового стекла,759d12aeb458a0bf,14,6,False,
held_context,09d4d19c2b8809d65f37c94b,скупка и вывоз мебели,22a2ff24429f4d37,1,1,True,3.2288427352905273
held_context,0a27b866fd944108ff2389a9,контемпорари танцы,a2a87e1d3d771215,1,1,True,1.1198713779449463
held_context,0a65239d6a1afa3ddce6210b,вольная борьба,706a7da9befff978,1,1,True,2.25081729888916
held_context,0aa60b3d1f13d85e1548351b,ремонт бензопил,c16cafec2c983581,1,1,True,0.49245861172676086
held_context,0aff1bd5c1f3285c169d3270,загран срочно,808bb45e946c9250,1,1,True,1.5274362564086914
held_context,0b103130cc8344fab2878d7b,гид,3231270b01661219,31,33,True,0.6648778915405273
held_context,0b69f9b02c558030d15a6326,нашивки на заказ,06dc3a7118c7f4ec,27,30,True,10.350247383117676
held_context,0be5f019edb7f605789d38f1,стрижка растений,3bedb108722844cd,1,1,True,2.2895947040524334e-06
held_context,0beba82b4922d569202506d0,гибка нержавейки,839d161aa4dabb11,10,10,False,
held_context,0c40060f9eefaf08ecd33b35,скупаем пк,969be86c0c4650f1,2,1,True,3.8229165077209473
held_context,0c9394bc4509f6424b106a50,удаление тату бесплатно,cf37a8deff3525cb,3,3,True,4.220993518829346
held_context,0d30f94bd1dd2231a0f5f2c8,скупка ковров,2ea3a17eb63acde1,41,34,True,3.412984848022461
held_context,0de81e0bcda1b858792cd286,разблокировка телефона,788ea18ec56f49d1,9,9,True,12.489480018615723
held_context,0e724b8de80a8a1261de61eb,мойка форсунок бензиновых,95a3f8a480024d9e,1,1,True,5.793163299560547
held_context,0ed434d89906e21d7b593bf1,вывоз холодильников,691fe84057d921f0,4,5,True,3.0953660011291504
held_context,0ed434d89906e21d7b593bf1,вывоз холодильников,dd0394a9fb620d6e,12,13,True,1.1627495288848877
held_context,0ee6f18029e0e7d3d62f0879,лазерная резка фанеры,2f54c99639f1ec29,1,2,True,5.96786642074585
held_context,0f532af4e679074d4d481a64,ателье по ремонту одежды,1adc1ec0e8516fc1,68,61,True,13.408926010131836
held_context,0f82430a0b726be5c1e109be,тонировка фар пленкой,bc2644ec9862fc35,1,1,True,5.064990043640137
held_context,0fa90eb84a2ffc2ea7601e00,груминг,271c631699ad2708,1,1,True,4.4693450927734375
held_context,0fa90eb84a2ffc2ea7601e00,груминг,97d349cf32b3dc53,2,2,True,4.084845066070557
held_context,0fae99fbc1b5825d40d8a0fa,реклама на заднем стекле,14bb165b405e798c,8,5,True,1.8366520404815674
held_context,0ff0dacb2e3e204aa0c53cf9,макулатура,eab885544a989799,1,1,True,0.3642580509185791
held_context,0fff0103b36ac4e181bcd93f,коттедж на свадьбу,3d46a74675eb3835,1,2,True,1.3679285049438477
held_context,1011ab44fa3e040af501b4fa,установка опалубки,ad3495a9cbc4d5c5,0,0,False,
held_context,11a6e7df2ec7942d65a8f5a2,плазмалифтинг,05fe0035cc7fb556,17,18,True,1.2260441780090332
held_context,11b12444623381daa38128f1,таможенный брокер,b3d19ea26d790ac9,2,2,True,0.4013483226299286
held_context,1273c56e63934261cbb38858,восстановление мастер аккаунта lixiang,68f1bcb58b657dac,2,2,False,
held_context,129c17928a6848690411c4aa,изготовление помолвочных колец,6460f69b03ab24c7,3,1,True,6.1660637855529785
held_context,12ed82ef8670eda941025629,ремонт телевизоров toshiba в мосикве,e1256ef8a6452a58,17,13,True,18.624021530151367
held_context,12fc3f8bb6766dff34df4579,интернет оптоволокно,6dd0387d8e935cff,1,1,True,0.0009746587602421641
held_context,139efa20433f069afec130df,ремонт алисы,ece2f7b5aa810b68,5,5,False,
held_context,13a4d6dfa198a473b1bb2938,вскопка огорода,5acf691622b5b1fa,18,15,True,0.49075987935066223
held_context,15395e8986d8cbc947be611b,мастер по ремонту телефонов,8f32698b399bc06a,31,24,True,5.273507595062256
held_context,1565f6663f10cd22eb1bfe4d,аренда авто сутки,d395d94427c56c4c,3,3,True,7.159832000732422
held_context,15a91ec612941968a78b305e,утилизация бытовой техники,dd0394a9fb620d6e,7,7,True,1.1627495288848877
held_context,15ac5282d288785008f16d69,передержка котов,a173385d23e30557,14,11,True,14.015472412109375
held_context,1630f575ab1ebc5c0f1eb8ca,экскурсия на мотоцикле,2b680326127fc32f,1,1,True,2.8566081523895264
held_context,177d59a78f45627083c63428,проводы в аэропорт минивэн,ee69fa5417b914fb,2,2,True,0.420903742313385
held_context,1783839c27c0e527c90001dc,роспись на одежде,de8f6c65d1fab382,1,1,True,4.999334812164307
held_context,17ce0675842af3c5f88c9ca9,временная прописка,c5bb7f2922db0fc9,279,164,False,
held_context,17ce43f44cd1f550b68baf16,скупка кофемашин,2240ebe311927884,1,1,True,1.3243517875671387
held_context,18016f6d9406db9127f8761d,отказное письмо для озон,087ae9868a9e5a18,4,3,False,
held_context,1812aef540f12ef40b6cd303,номера на лодку,05a1ae349dddac65,1,1,True,6.3658294677734375
held_context,18ddcdf3699b1d9f3164ee12,аренда моющего пылесоса для мебели,e37b53f15484d01e,3,3,True,9.252199172973633
held_context,1a68b2c073e7549246a22806,ремонт радиаторов,330f3c3d598597bc,2,2,False,
held_context,1aaef75ff66a54ee45992cb9,таргетолог инстаграм,13aad4d3927e0b06,2,1,False,
held_context,1ad3b25c2eedee40c4163b62,астрахань рыбалка,aaf55035a32d26aa,115,124,False,1324.7510986328125
held_context,1ad503621134dfe961e0c2ed,обслуживание котлов,fab8a3ad6fd5bb2f,7,9,False,
held_context,1bcb799d6602a5133638f952,пошив штор,f5edb5a1dd503eb1,1,1,True,6.487682819366455
held_context,1c49b15013b24a7f6441619d,аренда виброноги,e99ea993e54fafce,33,41,True,11.40273380279541
held_context,1c56a24a1bcacc5b9cbce5ed,ремонт вакууматоров,89d7ecc05ad0939e,2,2,True,1.4022083282470703
held_context,1c87f63889537d00516a682f,копка фундамента,b90f5c64c9a657aa,1,1,True,5.707639694213867
held_context,1cca01c5d217293ad59ec84f,стрижка собак,2b234b28f65b3d72,7,9,True,5.134584426879883
held_context,1dad31f02db628da4a965591,аренда пароочистителя керхера,e37b53f15484d01e,2,1,True,9.252199172973633
held_context,1dcfd451e60c91ec08073577,очистка водоемов,96aa0c7ecc051531,1,1,True,0.14965370297431946
held_context,1e480ccf164cd77d9fd40804,доставка газовых баллонов,20ab152d844c3b11,1,1,True,1.1403915882110596
held_context,1e564bb2707ca23f4423a226,база отдыха с чаном,3da9ea31e86779a7,2,2,False,
held_context,1ea3b55061563b50b5a3be58,стрижка кошки,e575ecd1a13efbd2,2,1,True,2.649242639541626
held_context,1eccc5c39585dab45ac3852b,расточка дисков,46d3d0532cb676fe,2,1,True,4.040546417236328
held_context,1ed07a2676b888f99b509a48,сигнализация с автозапуском ремонт,fc97b39d1ad106f6,7,3,False,
held_context,1ee3fa7d3632c068f0336be1,заправить кондиционер авто,8a246a197a293319,1,1,True,1.7168715000152588
held_context,1f211ba4a7f98c78c6b2acdf,тату бесплатно,bfe7d9f811c9053d,1,1,True,3.620093411882408e-05
held_context,1f458a7e9efcf1a8ffc9de48,очистка форсунок,40ba6d780a68ccda,1,1,True,1.6119608879089355
held_context,1f78b6e954e41c5961f0ecfd,утилизация холодильников,707f78a4cee901fe,1,1,True,0.0001864468795247376
held_context,1fc52d873d78e965691b399e,конструктор мебели,d8383fdc63ad8b92,47,37,True,4.403319835662842
held_context,1fe3958a13072e63a12b3bb7,расточка блока цилиндров,ed38bcc8f0effbe1,2,2,True,15.401481628417969
held_context,1ff6e56cb47ea96e57e4ee85,мастер по окрашиванию волос,52adb89b6d01b2a9,4,6,True,4.225526332855225
held_context,1ffa5649960c0a196fa767f1,скупка разъемов,85835b1184c839a0,5,4,True,1.9870710372924805
held_context,2030c3b7d6d1a32de0c7dd3e,установка сантехники,05cf99d7a58bfea0,1,1,True,2.3392999172210693
held_context,204350d772d892f4e87c3ead,спортивный стилист,4cb0042043328696,6,7,False,
held_context,20e707925bda1308a6b8902f,манипулятор 10 тонн,434e71b0109ae002,3,1,True,5.867735862731934
held_context,2244e2057932317152ad01a1,разровнять участок,8564470311930fb8,12,10,True,6.229403018951416
held_context,22905bbc2b087cd803cfbc8a,ремонт брелков starline,fd10ecadd1695781,809,757,False,
held_context,22b48b9e0250ab834d851a07,доставка  таобао,ef09029a43405dd3,23,22,False,
held_context,2305b7139282964e36ba234d,гальваническое золочение,03f164c5d80bb057,3,3,True,8.258745193481445
held_context,2374179e01b23260afd0c222,каркас забора,1c720d4f51a10acb,1,1,True,8.557015826227143e-05
held_context,2378e4ced0f928d472862edc,компьютерный  мастер,b66f4e913a3a31a2,1,1,True,0.1507408618927002
held_context,23a88528bf3e11aab6a9ebf3,диагностика двигателя с выездом,8ef7b66f4087d303,1,1,True,0.8384326696395874
held_context,245cb945c7046dceae34d0bc,iphone заблокированный,7aa720c9cdb6c8d3,4,6,True,0.37379443645477295
held_context,246fc0ec710f1f3293d20cd4,озонирование помещения после пожара,1f7ae84b9f95f639,1,1,False,
held_context,24b64e4c864f8e0972ddb55e,покраска ворот,d730344daa561b25,1,6,True,6.4819440841674805
held_context,259895fa9c9fb7dc8cffba79,тонировка авто стекла,a1814055c21054c5,3,4,True,2.46573805809021
held_context,25ddfb42aa43c24e5e44119b,ремонт дверных замков,b5e7c3018b92603f,9,5,True,4.690248012542725
held_context,274dbd17d7ca55ea3bb3c4ef,актер,e10ac87f506d128c,1,1,True,0.8250552415847778
held_context,27589b1d03833623bbcf8c22,дубликаты номеров,4a7eacc566dcb1d9,21,21,True,3.328737735748291
held_context,27a96e1aee85288ac319cb00,такси екатеринбург,428dc5b68cba0235,2,2,True,1.133624792098999
held_context,286479301cda3a26d7e4016e,корректировка пробега,cf04923f845788ac,1,1,True,2.260885715484619
held_context,287c31f901e4904ef306c9bd,косметолог лечение акне,addd4acc9a28d220,19,19,True,2.2106051445007324
held_context,28c7c782297a74febf20c94c,пилинг головы,f2f2651a164a4073,45,40,False,
held_context,28de0caba5711ba5c500ef03,вспашка земли кременкуль,2be4560926555e7c,2,1,True,5.388614177703857
held_context,2ac64881437668e7e55f8768,склад в китае,97faea61d752ae4c,1,1,False,268.5129089355469
held_context,2ad575d8ecd303359dd1b4c3,укладка ламината елочкой,1b7ab57f32aa7574,17,16,True,8.858966827392578
held_context,2ad8bc072fb75592b81b64f1,стилист имиджмейкер,0fb986487e605940,1,1,True,0.279049277305603
held_context,2b03449837b309da4db549c2,отбеливание зубов,a919421b698dd02e,2,2,True,18.171178817749023
held_context,2b28905427326522b4e49e47,публикация приложения,a2723dd97fc1e6df,1,1,True,0.5625859498977661
held_context,2c2b36da0e3a2e4faba7c357,расточка наплавка восстановление отверстий,01665f66952ab8a5,1,1,False,
held_context,2c2ec8fef59141a734cbaa6c,перевезти металлолом,7f628d273ba22e0c,27,29,True,1.8215441741631366e-05
held_context,2c4939f103792b05036036f2,капельницы на дому собаке,b45bc56163ce13bf,1,1,True,0.4723188877105713
held_context,2c580ec2760f1dd3c85ddb10,скупка офисных кресел,1bea591e91693a11,7,8,True,7.487381935119629
held_context,2c617598e770b298261bd84c,пошив постельного белья,1b13cf48ab0911f3,1,1,False,
held_context,2d56e5acb7cf00739ef3e32d,модель на макияж,84ff5146f187ce39,34,34,False,8.995969772338867
held_context,2dea31ed516f62c765dd641b,обучение на мастера по реконструкции волос,4201b9224a50d251,2,1,True,5.550856113433838
held_context,2e29943a618ca4960fd8402e,омск астана,07a201e5eef632e4,8,7,False,
held_context,2e30e9dd745b6245a143fd6c,диагностика авто перед покупкой,da45a2a601899d45,3,4,True,0.9895533323287964
held_context,2ea977576370308a9985e038,сход развал,a641b18bc6cd5126,1,1,True,6.5776777267456055
held_context,2ee360fee1f01ac6995b19a7,фулфилмент,a99eb4fe9cfee400,1,1,True,12.383090019226074
held_context,2fd1f920d0cdb635effa0467,установка водяных счетчиковгород,1006fb8aa8044798,2,3,True,0.0
held_context,2ff8f1a1ba354598365dce35,ремонт apple magic keyboard,f54ba73b8058b3f2,7,3,False,
held_context,31db3d61db431e8b63aa611e,прогулка на карете,994d6b5af856b7d9,8,7,False,
held_context,3204bdaeb351abcd6c1de36d,эмаль для ванны,a50ddb65cf4c70ce,1,1,True,2.781860828399658
held_context,3236ff90717ec3ff0285bcd8,кладка пеноблока,f783198e87d7b02b,1,1,False,
held_context,323ff85c8a4b3b6be27d448f,выкуп шин резины,7ae695888df7bea3,20,18,True,15.188436508178711
held_context,335eb38836228b8871ab84bd,хип хоп танцы,82f8325669b69042,5,6,True,1.2977123260498047
held_context,3390ac419c4f5dded77d7d76,стирка паласов,2e6bc1d9ab150d00,13,14,True,3.4057207107543945
held_context,34b3a02701287c555f996d29,прошивка магнитолы haval м6,34fc0b94656cf5a5,4,4,True,6.018898963928223
held_context,34b82cfc48648e99ba93c4c7,выравнивание участка вручную,92f4882889266997,5,3,True,4.644457817077637
held_context,34e43a12fb1bf113002be15a,сварка из нержавейки,b3763158bacc58ca,1,1,True,5.221027374267578
held_context,365a1470699d53e736edc7d2,аренда парикмахерского кресла,bd3eab623a3d4856,2,2,True,1.3416557312011719
held_context,369e88656d08b6af650f3e3d,сладкая вата на праздник,9c1f620a54d56111,1,1,True,7.076088905334473
held_context,36d8fb00f71b827215d22e98,кастрация,8ea5aee382a8f473,8,4,False,
held_context,36e83e204ddede447c407a08,снять авто,9740a5119c7a212a,3,1,True,9.992977142333984
held_context,37028f2d9bb24a3d08d6bab4,ремонт водонагревателей,ae195fdadc1a7885,2,1,True,6.290360927581787
held_context,3731c2e95cbd90f1a5eb8fe3,часовой мастер,ffc1700740de2d00,14,16,False,44.55400085449219
held_context,3749294ed4b04daf9a47a406,шарик на девичник с фамилией,82c68a69edfe22fd,1,1,False,
held_context,375327083c0d65bf2300330d,автоинструктор по вождению мкпп,530ea9be35ba1cf8,1,1,True,1.1253623962402344
held_context,3771ad890da1545f3562f862,снос дома,5b3c95c477181f2e,3,3,True,2.4555015563964844
held_context,37f4200c33835e5fb5ea8975,выкуп бу шин и дисков,956d358d71b2857b,18,18,True,14.462409973144531
held_context,37fcf2b683e456b1f83559d8,ремонт личинки замка зажигания,bfb1e8040bea32d9,5,2,False,25.304250717163086
held_context,39b35daf8d51a11158aa853d,заливка бетона под оборудование,56247f8d5bb017c8,2,1,True,0.10266666114330292
held_context,3a63b8ecfa0462675211335c,такси на дачу недорого,11de87424a04d853,119,68,False,
held_context,3a9213e09f7e366e5f960900,репетитор по испанскому языку,7aa1095376c8b6af,47,47,False,2986.264404296875
held_context,3b09ab69f967cb4e592f9820,печать флагов на заказ,78f064682d01f630,1,1,False,16.670717239379883
held_context,3ba2797aa9955b5ece9de22e,сборщики мебели,0566db886e4f5070,2,1,True,4.785854339599609
held_context,3bb839879964a8becac1e1e7,водяной теплый пол,199a60f72faf8508,15,13,True,3.8532986640930176
held_context,3d09958e2d695a8cadc2f799,ремонт компрессоров,76bfeb3f5a99c536,1,1,True,3.4759578704833984
held_context,3d70d3bac8f663f3ba9c83fc,лицензия такси,e4d9982ccce9a4d9,1,2,False,
held_context,3e4013a62d04554a2d48de4a,таро,464869870565cf98,44,11,False,
held_context,3ea2e8f025974287cf4af2a0,аренда автомобиля и прокат без водителя,7e29831e9916edfe,1,1,True,25.881141662597656
held_context,3eca0a453677a15987629687,репетитор математика,2c5136397b9d475f,1,2,True,0.8097282648086548
held_context,3f1bcca2d4d636ad04acf98e,курсы,302920cce3c3a433,122,114,False,
held_context,3f4ca6031dd3dab9a61c78f4,прогулка на мотоцикле,2b680326127fc32f,7,6,True,2.8566081523895264
held_context,402518682c163c230b594896,циклевка доски,a2a39ba7ec265f7e,11,11,False,
held_context,40781d46caf884c3d8198de7,ремонт электровелосипедов,e51049cdfd285ad9,1,1,True,1.642106533050537
held_context,407a8576374093f011efffb7,страховка осаго,ab467c844d0004ca,1,1,True,0.9693738222122192
held_context,412b5245d29661443fd8f730,газосварка,4061953c04581d3e,5,5,True,10.264593124389648
held_context,41d771f7677bc3eb0d9e1bee,светотехнический расчет квартиры,3633d9e2c0e6d313,14,7,False,723.8327026367188
held_context,4215fc5c714d590c7a210fe5,ремонт компрессора автокондиционера,c0ebe0b93909104f,2,2,True,8.138340950012207
held_context,425f74227b726c2560bfe08a,ремонт стартеров генераторов,6c1d7366dcfadb0d,2,3,False,9.429174423217773
held_context,42f85a455987ec5ae61bf35a,акб для электровелосипеда,fb824ea210eaf813,28,25,True,11.186776161193848
held_context,438e8f5ba5fe51a01f2dd182,аывоз строительного мусора,24bb7ad001c5ce8a,1,1,True,0.0
held_context,44b0ea9895489610f8e8068d,монтаж поликарбоната,c3e7cf1574c7976a,38,33,True,17.631004333496094
held_context,44dcf6e562df479ffd3eecc1,ремонт задней крышки iphone,caa6d927722f6955,2,2,True,3.7901930809020996
held_context,44e88000957fb79b1fb00f92,услуги мебель на заказ,050fe7878f370cd7,3,8,True,4.188276290893555
held_context,44ef974d3f43a3bb395b4a8f,трансфер из шереметьево автобус,6be4cc1876aaf223,6,11,True,3.5549845695495605
held_context,451787b2c25aec79cd36efa0,ремонт ворот,1523567875d97cbe,2,4,True,14.88834285736084
held_context,456ce51597bce1d92f3fd8ac,педикюр щербинки,364d33d2ae71f434,1,1,True,9.502226829528809
held_context,4575fc96183e07b610e1c21e,макет визиток,83339d7e0b5b4807,3,7,True,4.455702304840088
held_context,459d1e1eb830b94eb4e270ed,виртуальная карта иностранного банка,7cb6a006015dca9c,1,1,True,1.7864770889282227
held_context,466ec303b349a097dca9d3d3,депиляция воском мужской,a3412cd71b356744,2,1,True,12.335165023803711
held_context,46c3d447ded091bb0c50105a,мастер классы по рисованию сегодня,ead93271c4b06df7,15,17,True,2.076090097427368
held_context,47c2c4abe380a691a67bbb26,муж на час москва метро скобелевская,4e6bb2cdf3302e08,23,13,True,23.435251235961914
held_context,47da184a07cb6f59c58ac7dc,дом для отдыха,ce8a97e65edca379,1,1,True,10.256614685058594
held_context,48225da7a21b61231b0c031a,установка уличных дверей,5c960fddc81fb5c3,1,1,True,1.3734912872314453
held_context,4852907be2df3fb35dd507b2,свидание в гончарной мастерской,629df12ef17b85bd,1,2,False,
held_context,487a2eae1bf207dc4f44bcac,разбор сборка и перевозка мебели,5dbd76b532f254de,4,4,True,8.371228218078613
held_context,48ca1e77f386f2a8934ba183,строительство домов семейная ипотека,6904e0c0a806225d,0,0,False,
held_context,48e564f898faf29381788ecb,ремонт samsung,db6210b7d1b50ddd,3,9,True,14.927517890930176
held_context,48e5ff15b258f01b150c0ed4,репетитор по физике 8 класс,d43f44c25c2423db,1,1,True,0.0
held_context,4905315e0792187c18eca463,накрутка лайков,b7d508807d5b4bbd,27,25,False,
held_context,4950b66efa79b9639f899017,сантехник замена труб,e6e6469c0cfe3a68,8,8,True,0.39900097250938416
held_context,4984c69511c33220b514b620,поездки в казахстан,85ac3b00e0f31880,648,796,True,0.9983283281326294
held_context,49abc6ada389679547dd7f6c,хоста,314b4fbe3e2478d6,14,13,False,
held_context,49adbe04820f25f5d3561c05,посуточная аренда авто,c5fdc2abe581bb12,2,3,True,6.640226364135742
held_context,49f17e95d92effd0593d511a,изготовление госномера,e6925e8406ec073b,12,7,True,10.692235946655273
held_context,49f17e95d92effd0593d511a,изготовление госномера,ea0e281ae003d61b,5,3,True,4.533827781677246
held_context,4ac9157592b3fa8c472dc17b,услуги экстрасенса,8149ddcc372c4249,65,62,False,
held_context,4afd6d00b30ee206f4b1ba5b,репититор математика огэ,e0807e20d588820e,1,1,True,9.006789332488552e-05
held_context,4b1382af128f5b893f33562a,микроавтобус,e3f8b230903752aa,1,1,True,6.419622898101807
held_context,4b247b27acc810cad1950804,мастер не час,b56081b98b8c5d3e,3,1,True,0.4371173083782196
held_context,4b7b6b9e7ecab65e5ac6ca5f,взлом замков,05ddfc777b3b7942,1,2,True,3.0952515602111816
held_context,4ba2fbca04d69517997da583,вахта перевозка сотрудников,96acb066a5d0f7d6,1,1,True,1.3685333728790283
held_context,4bb9cdf6910825be832fb532,снятие обоев,2bc3d9c8a675ea50,1,1,True,12.464363098144531
held_context,4c077460efb409c0a23a25e3,услуги бухгалтера,b8e7349986c10cc7,3,2,True,0.8188273906707764
held_context,4c78864bd53c1ce4828c896b,сварка кпп,340af528e8ca97fe,25,25,False,
held_context,4cc95cb17dbd115decd4075e,замена капота,63f2e940efe3f5ac,1,1,True,0.0
held_context,4f3b2cf297d11354ef3e9647,низкорамный манипулятор,e29523642e43e781,2,2,True,6.9308390617370605
held_context,4fc8b592ac8462cf3515667a,беседки с басейном,a4339e92b6cc9085,6,5,False,
held_context,507b40cdfabc0ea91344524b,юрист в сфере образования,3c2717876c49513e,1,1,True,5.237875938415527
held_context,518327877392154c87cf05b1,изготовление печати ип,66ccc7c49ba98057,1,1,True,1.7398946285247803
held_context,51a5a2695cd060adad11c136,прокат аренда катера без капитана,92900ef443cae65d,2,2,True,7.540342330932617
held_context,51b00e38e84e68ec279da45c,массаж лица,f39df5f417e7ade8,36,50,True,7.958130836486816
held_context,51f05742405ca57753451ef3,авто электрик бмв,fe7b53ea505efd8f,18,16,True,16.62972640991211
held_context,5266c4167d9610282cfee5b6,вывоз мусора услуги предложение,e34c7a810d8d26e8,33,31,True,6.321393966674805
held_context,52b6b7dd2660167c43a9d2f9,ремонт google pixel,9ba651107da45799,67,82,True,12.550799369812012
held_context,52eb70bdc3dc9b7af9a4d5ca,откосы дверей,5f44efb1fb839315,1,1,True,1.1551904678344727
held_context,530ac104e828263d363cb09c,благоустройство участка,ba8e3586fbf40f6b,8,8,True,3.366110324859619
held_context,530ac104e828263d363cb09c,благоустройство участка,d8774b1cc135eadf,46,52,True,0.05012135207653046
held_context,530fd7d44f05385c12ca8475,промывка топливных форсунок,152644daba935275,1,1,True,2.9127068519592285
held_context,535a7841a1457dd7382b9623,ремонт скважинных насосов,00d0d5a816d402ed,1,1,True,5.623808860778809
held_context,53e02cf4246b7e86405c5e86,кодирование mercedes,dd1a04cb5e913daa,4,4,False,
held_context,545f5a391f13b584e2b37678,переоборудование тс,103edf0acf3013f1,1,1,True,0.6383054256439209
held_context,5487fe6a9f05ba13e38dbb3d,чистка участка,82386a7faa1afd28,2,3,True,0.5830724239349365
held_context,55cf7e24e7513d5a1074e7fc,написание статей экономика промышленности,64f3ab7e22e3a410,453,356,False,
held_context,5608f094d09f4e2d4e9edb45,микроавтобус грузовой,35e615cb87a1b1a7,10,10,True,0.22013753652572632
held_context,561b8527c3b5d24a42407bee,свайно винтовой фундамент,46613c02f5153aa1,1,1,True,6.7692341804504395
held_context,57a1867ab91fcd5b2b144a2a,перевозка негабаритных грузов,a23a8eb5037d731a,3,1,True,3.9089765548706055
held_context,57b5adaa2dc3ac658c725c4f,снятие порчи,e9f75b98d2f227e9,7,6,True,9.611163139343262
held_context,58694a7b6a4353b5d13ff2c0,индиба,17a3b3eda6676f6d,8,3,True,1.198965072631836
held_context,58a11b128290774cf6c84618,снять беседку теплую,57061ae933e57651,16,14,True,5.716364860534668
held_context,58ac3d9fb20bb4ba3430705d,плетение кос можель,5549afd5df3c68ce,32,29,True,13.317083358764648
held_context,58dc1089a91b598b37867fd0,капельницы на дому животным,40eebd71648d389a,14,12,True,15.486227035522461
held_context,596dd9736f535dc9e416e07f,гараж под ключ,7514a36365ee5a7d,1,1,False,
held_context,5980b33b75206b8e36153cab,покрыть паркет воском,5bb889254179fd06,21,19,False,
held_context,5a0bc08ccd4b4d50d35d0775,обшивка имитацией бруса,ce9947533842cbc6,2,2,True,15.837257385253906
held_context,5a5087d01b9abcdbac144ba4,чистка дивана от кошачьей мочи,936f2f17d9fe8018,5,4,False,21.47555923461914
held_context,5ac564a9e2de162c15f82f42,доставка небольших грузов на каблуке,534bf051e16ce183,6,5,True,2.00785231590271
held_context,5cc385574063175df45e0f2f,скважина вымывная,77c09db3b24e8517,1,1,False,
held_context,5cd0c3e9f94923a6fb2891b8,dtg печать на одежде,735c24b242a68362,4,4,True,2.5117383003234863
held_context,5d15f4923ead3ae8062d4bf1,скупка электроники,ab1f06ef415186cb,1,1,True,6.9341654777526855
held_context,5d187109df23398508338ea5,ночная няня,871226e92f2e623d,3,2,True,2.300139904022217
held_context,5d6919cfc1971f9eb2e5e8fc,аренда рояль,6b45a1be113cd94b,4,4,True,3.0908141136169434
held_context,5d6919cfc1971f9eb2e5e8fc,аренда рояль,cc087f97fd3d2b35,1,1,True,4.552611827850342
held_context,5d9539327b7e783821d01796,ремонт наушников,304889261c1efad8,9,5,True,2.512220859527588
held_context,5ea3dedda62c253d069e9215,катер без капитана,aad45e2a41968022,10,6,True,7.545035362243652
held_context,61a3efac333000fd6714c711,висцеральный массаж по огулову,cd293d84d6c968bb,2,3,False,
held_context,6275339576a926d66396d263,прочистка канализации устранение засоров,a91271fa38554f64,1,1,True,8.716490992810577e-05
held_context,629b390eae9644726ceb1fc2,установка раций,6e5e03a4bdc23336,1,1,True,17.86998748779297
held_context,62b68dc807d749cadb71aaa8,аварийный комиссар оформление дтп,cfcb188e4423cd30,1,1,True,8.549468040466309
held_context,62c5ba015377383758a4645d,замена автомобильного стекла,b8a11b9df5d8512c,2,1,True,8.232148170471191
held_context,63103ed28cc5347e68c22ca7,фотограф и видеограф на свадьбу,87244c773f7271b2,4,5,True,0.7490637302398682
held_context,631267492184616d102cdde6,пригоню авто,e3b454c57e599d4d,89,89,False,
held_context,63cea03a29923f790aeb183b,охота на медведя,3322ad9168bc21ed,30,27,False,
held_context,64064313132a047098863e41,чистка дымохода,2d8865ed86e62d83,2,1,True,4.135840892791748
held_context,64a762f62dd533542bbcb1ef,перераспределение земли,b5f53a2ab9824e3b,1,1,True,2.1121456623077393
held_context,6531e1803b85ae0d2d4b659a,производство одежды,0064a868332de868,5,7,True,15.974184036254883
held_context,66d3d6b6d5eafde480a0a920,аренда длинномера,90419353a2ce2a15,1,1,True,9.259289741516113
held_context,66d5ca1c7701eaefa029030a,гравировка на клавиатуре,2afb2a7811b15da2,2,3,False,
held_context,66e31e9a8f8edb7e54bad8ab,снять дом в селе нижне озерное,f2ef42c0c2040e70,31,24,False,
held_context,671d03d50952645183107075,мобильный фотограф,dd15e6a7be4db689,3,4,True,0.16226448118686676
held_context,674b68bdb82b713be1c32675,окна,93652e62abdca6fa,1,1,True,0.6476007699966431
held_context,67cc1bece4defaedbfb37b2e,монтаж пвх мембраны,e243db89eba28213,28,26,False,
held_context,68911d317794ff2b4d51999e,сауна на двоих,3459572f2b71f6ec,14,17,True,10.696513175964355
held_context,68d320f697c9f4dcde9b908d,сварка сварщик,246afac3715140f7,5,11,False,18.872554779052734
held_context,6961f01be57b9c9e470b98c8,баржа,eead4ee5027df41d,1,1,False,
held_context,69d484eb2540a89619a8859d,лофт аренда,6ff656087f937963,20,41,True,2.435316801071167
held_context,6a72df965f7107c61d988eff,вызов металлолома из дома,ba15417d9d0151c1,9,5,True,8.970972061157227
held_context,6b06f65a0ea04be66907bc0a,пункты приема,95f71a93c54ef4c9,9,10,True,0.07348271459341049
held_context,6bf84aba1b9185eda3829a80,компьютерная помощь,644f52a57e3f6af9,1,1,True,7.78871908551082e-05
held_context,6c8ef840a0fecb0864ef8ba1,грузоперевозки краснодар,bcf5a497821fd654,5,6,True,1.1304707527160645
held_context,6caf85701648dea5a8f90f91,перекупская покраска,12ffe3ed09329da8,3,3,True,7.161589622497559
held_context,6d1d4139dfd133dd8bdb49a0,электроэпиляция,2dc90fded6249aa8,4,3,True,4.537093162536621
held_context,6d4b3592beddfb24836cb15e,работы на кладбище,5b21ef0fc606c3d3,1,1,True,3.9303717613220215
held_context,6dd2edefff5f97a95eea3f98,резка рулонных материалов,903d322f02f1097f,1,1,True,4.295858383178711
held_context,6de4fa49997c946201428c02,ремонт мягкой мебели на дому,9fa2ae674a9e903f,1,1,True,5.554996490478516
held_context,6f35f2d86e60e109668c44a3,ремонт автоусилителей,87bacef5aa153a57,1,1,True,4.691521167755127
held_context,6f44f885c415868aace64ade,джампинг занятия,beebaac2bae6cb50,2,2,False,
held_context,6fdf4cfa32492a53f65208b7,газель удлиненная,f1edf3caedd06f10,3,6,False,
held_context,7008a88c9da86d75dd24a77a,отправка авто паромом из калининграда,290ab1a4eaeed455,1,1,True,4.192300548311323e-05
held_context,701d8d1efe009f1ae157debe,скупка фотоаппаратов,1381e4897b407260,186,183,False,853.7733764648438
held_context,70877efedd46d326d87de6fd,фитнес для беременных,4e8a352682ba6882,1,1,True,4.101983547210693
held_context,70987a197fef97ea563fad4b,массажист после инсульта,18cb696c06629148,4,4,True,5.263604164123535
held_context,70b60dd46c27a3e228d2d3f6,снять баню,101f980c4eb87b0f,4,3,True,4.112696647644043
held_context,7164b8b030653c2746028fdc,варка глушителя,5481311ff5a2551c,3,2,True,5.94848108291626
held_context,720c6a529c05962a2df91ae4,продать мукулатуру картон цена 1 кг,05ac4461c804bc5c,15,20,False,
held_context,72dffc7ad910ae1b22fd674f,помощь студентам экономика,13523c6531e3be5b,4,5,False,
held_context,72ea834afd605bcc19ee43d3,удаление филлера,69c13fc77d08486a,2,4,False,13.154417991638184
held_context,7377b56e0a71ba3a461cbba1,выкуп айфона,2c10106b045062c9,2,4,False,
held_context,73a2b68439b0aff7aa995346,смывка краски,97bf270a56a3af9c,17,15,True,4.272437572479248
held_context,742d266127467f6d5b1d5b02,парикмахер на дому женский,040458d72e402be1,3,4,True,7.983107566833496
held_context,74a2844a3b78820d6ff7054d,аренда зала для тренинга,c54fd9177cf01791,44,43,True,2.388136863708496
held_context,75ed5628991af5d46d3d6f5b,юрист по недвижимости,e9c48f771f084dde,1,1,True,0.11154640465974808
held_context,7725579b5e6d74aff2a1081b,аренда для визажиста,1e834f7d426881ac,1,1,True,0.8997898101806641
held_context,77a5f3ca532f7c0d6034c964,аренда на час массажного кабинета,3dcc4b731804a5a3,5,5,True,9.319047927856445
held_context,781306b17695672ad928cc46,изготовление ключей авто клбчей,5f5d6d8733ec6a29,3,2,True,3.956125259399414
held_context,787d24f527d297c10f6fc9f1,распечатать листовки,e8601703a33632c8,2,1,True,4.03306245803833
held_context,78c5bff3041d4e4f4db5bb89,модель на окрашивание бесплатно,cb8b303882f52a06,3,4,False,12.490994453430176
held_context,78d63a85e7081c755fef8d77,резка металла,c04570aace8c64b8,9,13,True,11.976872444152832
held_context,7903dd2c7a35f4ea6437cb41,стилист по подбору одежды мужской,f9fc64c4288b0681,1,1,True,0.18220208585262299
held_context,799171517b8476a6b0ea5878,табличка на заказ,2348167b8cd7c0fd,1,1,True,0.07484272867441177
held_context,79fc4cbbc4ff22cc1c34146e,еврозапил,62af166e5412ecad,2,2,True,7.164606094360352
held_context,7a15bf02f6ba7e1b264c6ad1,неоновые вывески,ab0e97a3a0a5a503,4,2,True,0.3737698197364807
held_context,7b22e9c240d3a03e8c15a324,ремонт телевизора,2cdb579b69dad0c9,51,39,True,22.604633331298828
held_context,7b73f3942d9607b86235a700,наращивание волос биопротеин,bc2912eb1235865d,1,1,True,2.7950363159179688
held_context,7ba5f0369dc147b8d4ee6792,обработка от клещей на участке,cf16f1c358298bd3,1,1,True,11.320993423461914
held_context,7ba93bc25e4fe979871ec788,сбока мебели,e41aa92b8638674e,20,14,True,11.098230361938477
held_context,7bb72566cf3c53dfbe1588cd,турбаза отдых,06a9f8964d713480,12,10,True,12.482595443725586
held_context,7bb72566cf3c53dfbe1588cd,турбаза отдых,87fb995181062125,5,4,True,34.60771179199219
held_context,7c34086e19b15e57ac1687f8,установка кронштейнов,e5d011ef9d84b2af,1,1,True,5.494934558868408
held_context,7cfe066eeffa2ab60a9fd001,гидроизоляция,f00e3e763775fb37,2,1,True,0.6835339069366455
held_context,7d31e8ca3976e5a547e4288b,прием аккумуляторов дорого,ef8f2ed6aefccf86,1,1,True,5.402563095092773
held_context,7d4b521e2ac627569cea3499,покраска металлических дверей,b7af16f135594f9f,1,1,False,
held_context,7d591ef269b68b444db07a20,прошивка xbox 360,7c11130ee82c6531,3,3,True,4.504763603210449
held_context,7daa87a85b8d067f52bea016,радиусная полировка металла,5fe9106b02d139f8,2,2,False,
held_context,7df9a62d5783a89d81ea54d9,аниматоры на выпускной детский сад,cc9ea36ed53ebe42,1,2,True,1.3804244995117188
held_context,7e1901e279b8f3b9ef5fcd33,справка о судимости,ab2e67bf2b833cc7,1,1,False,
held_context,7e7c056a0c2d470e9524b7ad,установка кондиционеров монтаж,c961be5e391f26f5,88,65,False,
held_context,7ebbf0b08c173474496537d9,ремонт кровати,9ab28ec236aca808,37,41,True,11.080480575561523
held_context,7edc5309cf0b699f8c4b8d74,мастер час,f84fac7e8e2b48fb,1,8,False,
held_context,7ffd3584e04db934c54e51f6,редактирование фото,31d238db4064d4f1,1,1,False,7.6425628662109375
held_context,80a7e2c5844bcf9527a97bf9,учитель по гитаре,cdc0623c9a079890,9,8,True,2.062455177307129
held_context,80d523bb93bfa7b501487644,уничтожение крыс,4a1a1471ded4621a,1,1,True,0.4449683427810669
held_context,81c3f2f13b6582a265f1ca73,изготовление мебели для балкона,7795e0f34663a399,9,4,True,1.180314064025879
held_context,8224975af9ee43df86876ee5,дезинфекция тараканов,8bc474ead33d250b,11,11,True,0.6835339069366455
held_context,82759d85a04c24bed33b6e4c,замена стекла на межкомнатной двери,58e22206617bc003,1,1,True,0.6281400918960571
held_context,82e0e21b3863c7ef2df69774,маникюр некрасовка,bf02cdfb7bb05b14,14,12,False,19.974872589111328
held_context,834078a5f5749d389117bb43,маркировка,daec26675e034744,4,3,True,1.1035370826721191
held_context,83e85e8a5ddda1d4a2ad723a,скупка холодильного оборудования,235998c1b1906de6,3,3,False,
held_context,841bdffe64240703919bab09,аренда дозиметра,6471b2beb9215ca0,3,3,True,6.561094760894775
held_context,845e3b2beee20a379b1937db,распил раскрой лдсп мдф,be1e9104ca77441a,4,3,False,
held_context,86316d0af26c5514376e5506,мастер класс свидание,39377810eaa45d3d,5,7,True,1.7775981426239014
held_context,8653af9f7ed80840bfee228c,лофт с мангалом,9858a70c2be54928,3,3,False,
held_context,871d8ce83ec2b2af57ac2cbf,аренда авто бизнес,4edaa8a566dda754,3,3,True,1.1404409408569336
held_context,87a2633445f78431f58517cf,шале,dd5d334c00f8790c,3,1,True,14.185853958129883
held_context,87a2633445f78431f58517cf,шале,f15862daf95f2258,7,7,True,23.9541072845459
held_context,87b67be4143f960bd4b77db3,филлеры,4bf4326f8fbc133d,2,2,True,10.3836030960083
held_context,88d66271f7a7fddec534f036,регулировка алюминиевых окон,fa751e2e59e9cc34,2,3,False,
held_context,89ed317f108ae6aa0609f49f,сиделка для пожилого человека,67ea3cf0ef5c85f7,6,6,True,0.5702962875366211
held_context,8ab063a9c9bcf1c3ff2818fc,мелирование,d24b6633a37bbe51,4,2,True,0.43447038531303406
held_context,8bf16f722ca164e8b30fdf57,ремонт тнвд японских,f4c0e54e989b3548,1,2,True,7.56424617767334
held_context,8c6ee5fc01663a54d6897e5c,откачка сливных ям,e8dfe637a99c11db,1,1,True,0.0
held_context,8d35c5823405077e9f012e68,белый мишка поздравление,29bac69afae52153,75,83,False,364.35479736328125
held_context,8ddfb6445b2cce182d5ad353,аренда манипулятора вездеход,aecc40201a510c1d,1,1,True,13.75053596496582
held_context,8e6e11ab483d8c7ef83a278f,заберу старый диван,8f1714a690dbf38d,5,7,True,6.488986492156982
held_context,8ed6e2ace4562c84ca88d1af,ремонт джойстиков ps5,1793f795770186b7,1,4,True,5.753300189971924
held_context,8f79117237fad54807b67014,укладка плинтуса,90b09dbe9c96b0d1,4,3,True,2.6021249294281006
held_context,90195234b46dfdae04586515,выпрямление волос,162a7886a719c162,5,5,True,1.5284218788146973
held_context,9027ba7fd7918d9c6c6352a5,откачка ям,626b7f35e38c20e4,1,1,True,2.0537798404693604
held_context,908cff12aa9755ce3d2c5e95,фура москва,eea7d509bddbd9cd,1,1,True,0.00019374153634998947
held_context,913298ef4738ff5e0952eb9b,заливка фундамента,7588a3d867b8516f,1,1,True,0.0
held_context,926cbd4734609110085f167e,купирование ушей собаке,f89f80ca7bc26b7e,50,45,True,7.380444526672363
held_context,92b4282cc04c950b2e144d47,вскрытие замков автомобили,326b2a0ad18c1e2e,8,9,False,
held_context,92faf45da10cdaf347200c85,ремонт форсунок,95a3f8a480024d9e,1,1,True,5.793163299560547
held_context,93b62364cc4aadd7336a9725,выкачка ям,43ee4f6a5098595f,1,2,True,8.834616661071777
held_context,9474d6ac9f7cc21ea868ee70,аренда пылесоса,920696ba7a00a08d,2,2,False,
held_context,9553cb442506a8b79af3ae27,ремонт усилителей,c3c55d15014d71c5,4,4,False,30.537870407104492
held_context,95974c89a2bb662ec2510cfe,вывоз мусора всеволожск,a858d8dffc39a4c9,5,1,False,
held_context,98eb99c430c2dfa8637364ad,модель пампинг,998e3093084f38b1,22,24,True,2.8327457904815674
held_context,990193111c4215249dbde32d,семейный психолог,fadfcb01bb8805d2,41,69,False,
held_context,996aaf584e18753e08a83377,трансфер шереметьево,939d201e9be8590c,6,7,True,0.33809590339660645
held_context,997d214aa4d7b80f3759e9c1,ремонт скутеров yamaha,72913dc3bab6a587,3,3,True,3.547110080718994
held_context,99faf6c7639b7ff1d4347071,заполнение декларации 3 ндфл,04731a24282e6f4e,3,1,True,7.473505020141602
held_context,9a07f4a1aa0f535e2828a2a9,ремонт натяжных потолков,a5b37434385fdc70,18,18,True,6.3713836669921875
held_context,9a13b4827e5318d3f4fc4dc5,утечка фреона,da676db2957bbcf9,3,2,True,3.2873420423129573e-05
held_context,9a183e55b3b68cc84175ba58,предложение руки и сердца,75b6f697157ecd97,3,2,True,0.9634649753570557
held_context,9a3d5a53b0a5323bb94a7a5a,настройка антенн,a4632d007716798d,2,2,True,9.702768325805664
held_context,9a86b45a595d444c6d361ce1,сборка велосипеда,b974bcc90a853e63,5,6,True,7.145542144775391
held_context,9a976f0d84371ebce67753ab,оживление фото,71288d4f7c650ebf,2,2,False,44.94102478027344
held_context,9b2a43deab30e94445f964e2,канекалон плетение,27005223c7cec89e,27,25,True,10.532654762268066
held_context,9b9fa0361a512061071051a5,торт заказать,f0fc53e1053cfec4,1,1,True,0.15062083303928375
held_context,9c72d7aa080126d8a71d2099,тротуарная плитка,bad1d10aecb05bca,11,14,True,4.894599914550781
held_context,9c9f9e7d8938a8f7ca569ea9,можель на педикюр,e1f14c0bd9a90560,26,21,False,
held_context,9cedea637d38b8ef1e82fa8d,прокат лампы от желтушки,1addcd9667de9cf5,1,1,True,3.1682567596435547
held_context,9d5654589d6ef9cf033c26f2,скупка старой техники,5033211ff779c622,19,20,True,3.564411163330078
held_context,9dc4ac7a212b35db9ca44e6e,прокол для водопровода,88ff2876ac0deabf,7,5,True,6.604929447174072
held_context,9e6d2ada0782a22ea7032aff,ремонт лодочных моторов,1ab529ba493f0e8f,1,1,True,1.6103246212005615
held_context,9f9a1f08fb7debd4d816af3f,поменять аккумулятор на iphone,46cfee263242d453,5,5,True,6.24263858795166
held_context,a0469c5837fe871b9e4b2b68,моторист,40015b67a538e4d5,7,6,True,4.26989221572876
held_context,a048d65465601cb05afd2feb,постановка свадебного танца,63b1a37b76f3e42e,1,2,False,
held_context,a069427bfa6cc662013d5b8d,доставка питьевой воды,d3bfdbe1a6649292,1,1,False,
held_context,a08ac85a84fa108481c7f69e,прокат авто,2d6f6fa7f64db4fc,2,1,True,2.0903520584106445
held_context,a0b62ce3d0a2213dfb420ada,психолог подростковый,6f6e8e8a26ca0e61,7,7,True,0.11717291176319122
held_context,a0c3e3b863e21b35d6e6e71f,курсовые работы,e27be57e799ad8f3,4,1,False,
held_context,a1a4ec0ad10f7f883d8cedd3,инструктор по роликам,75a8f843ad3b9920,1,1,True,2.2718491554260254
held_context,a268e6a88102b30ceb5a6023,грумминг собак,48872b1a81037f68,8,6,True,7.21646785736084
held_context,a2f80e55541f0915dadbe3db,прочистка дымохода печи,630e63b30b886a0d,5,5,True,5.440318584442139
held_context,a308d00e379ca86ff221dc98,укладка плитки туалет,c91f9f4edcee292e,1,1,True,0.0
held_context,a3231fbc60e127061d75010d,девичник,e2da090bb7e97377,3,3,True,4.844736099243164
held_context,a3231fbc60e127061d75010d,девичник,ecc1007b754b99df,16,21,True,1.2807285785675049
held_context,a39864e3cea42b355c2c9dd2,виброрейка,b5ba514c5ee6da73,1,1,True,4.949023723602295
held_context,a3cc8d466d1f89de80b6456f,обои отделка ремонт,33b6c7caf970338c,2,6,True,3.0608301162719727
held_context,a4baaa03aa6f960bf21f1880,ремонт алмазных коронок,3fb75ace5299dbba,1,1,True,5.238701343536377
held_context,a4e198cf3b7e82e36d882615,установить забор из профлиста,841964da26ca18a9,21,24,True,3.153621196746826
held_context,a5b1629ba0165c1a5ce0f4ae,установщик дверных замков,c09044d63d4cb0b5,2,5,True,6.71539831161499
held_context,a6a7628e04086f689440ba98,запись голоса на гендер пати,174df4245ea27014,2,1,False,118.19539642333984
held_context,a6b7943907195c5add4261e7,обучение окрашивание сложное окрашивание,ac2cd5a3d199b834,1,1,True,0.6527808904647827
held_context,a6e7048ef14679cb8a4a620d,шары с днем рождения,3c47580490bd2bed,6,5,True,6.86670446395874
held_context,a75f3e353dac3a9a661df6c2,ремонт подогрева сидений,8a95339b01056bb1,1,1,False,
held_context,a84237d1605706f79d39fcff,баня на воде,9927281444251d0b,1,1,True,7.836804389953613
held_context,a91be5abfa649bb04c9bb263,реформер пилатес,53fc74c342b8aaac,2,2,False,
held_context,a9e0cfd0f98efb0067f25538,ремонт macbook,54b6df203c46e098,4,2,True,0.2446243315935135
held_context,aa7522790fe287e3808af96e,а фрейм,e11549d67077e892,0,0,True,
held_context,aaefe1c98365dd134cac19f6,карвинг волос,96ab85951690e778,18,18,False,18.84427833557129
held_context,abe1f9a09335f2af44f20796,антикор,05c6d0c40428f994,1,2,True,4.468595504760742
held_context,ac1b1a875c1d23305c82a3fd,куплю отходы пластмасс,a03209b65cf7d761,4,5,True,13.179594993591309
held_context,ac266c2732ec31f1c51bc345,шенгенская виза,95f65f145ce50520,12,12,True,0.006066583096981049
held_context,acbfe58b3c69776b0be0774f,видеонаблюдение,0867a69344c36e2f,3,3,True,0.3495698571205139
held_context,ad0450299e7e57d5bf9dbc6c,штукатуры,fc18fd90b7f003ea,3,2,True,6.187806129455566
held_context,ae0fc9c1f3fe953f6175a750,английский язык репетитор,f0e70cdef715bec1,255,274,False,
held_context,af15efdca93915ff7088f4c9,гипсокартонщик,5da078ff2c600561,1,1,True,3.1870412826538086
held_context,afdf37a81715965a7e8a3bf5,нанопластика волос,b392694092f1f93d,13,6,True,0.6172250509262085
held_context,afe6673736498c21f8ba4854,теплая беседка,de9b5a617b8450d0,5,6,True,5.289363861083984
held_context,b04fabcc9b54c2c403a371e7,поздравление от мишки,65d1b5e671b18390,25,20,True,14.990504264831543
held_context,b176f38a68724e5561ea194b,скупка балонов с фреоном,343564d3a80f0f25,1,1,True,11.995768547058105
held_context,b2d4d02d9582a719f3d79fde,свой человек в городе,97d8582ade241ed6,2,2,True,2.2219786643981934
held_context,b2f004a6b13385dda416bfe9,ремонт компьютеров,0ac68d34d2350a64,4,4,True,3.0454654693603516
held_context,b36f3bec3d392cb468023c19,goofish,7336a7a898c4127c,1,1,True,0.07462270557880402
held_context,b3e1059fa2d1f9c754c4e8d9,диагностика газового оборудования на автомобиль,800d936465dc7f5f,7,6,True,3.566311836242676
held_context,b3f45534670327f5e88d02b8,фотограф гагры,b09977c68720b699,1,1,True,4.2724103927612305
held_context,b3fa9c1261a0af7ef16bf8a8,набор текста,d522ba8bcfbf4386,1,1,True,5.8132500648498535
held_context,b401b31ff86a26b815e57e35,реставрация столешницы из дсп,9bfb7d563e54a38d,1,1,True,0.7579542398452759
held_context,b4e601fbf68ede7aefac84f6,озонирование,17f23d48b4bd6540,1,1,True,0.13262340426445007
held_context,b55a1b9df80c92902287a9fa,коррекция заикания,2754c78d11d68a63,1,1,True,4.290008068084717
held_context,b5bcfb2cb179fb3274a2b9a7,установка замка,5a099e0dc928275a,2,1,True,12.489020347595215
held_context,b5ea9107b02362ce15c76c7c,сурдопедагог,f4bcaa7adc19e33c,24,20,False,
held_context,b636c402b17285e0db1b405d,спа отдых для двоих все включено,e4f25d6d28e3f8f7,20,17,False,
held_context,b64cef45829e54129d6e1c2b,точка на яндекс картах,b2b270d22e5963a7,7,6,True,9.196731567382812
held_context,b6d2c4ce97352fdddab2ce12,банкетный зал,46207614874358b1,3,1,True,3.7146596908569336
held_context,b7921840f9beea4610f75918,реставрация мебели дуб,deedf9e18c3f72f4,3,1,True,6.6732916831970215
held_context,b7ab719d2317c569daa8a5a6,баня,6ee354de94bc8510,10,10,False,
held_context,b81c0fd20cc8dd23194b3abc,ремонт водонасосной станции,35be39d0cb6526f0,1,1,True,12.293282508850098
held_context,b8f8e1ca5308ea8e9f709f48,аренда автомобилей,21c266fd62b92d95,1,1,True,18.207984924316406
held_context,b94f0c64f818a027373eba47,восстановление автоключей,87165255c830a972,2,2,True,0.75596022605896
held_context,b9810063cd155f7b1674bc8b,немецкий язык,94baaecf0157f93b,79,93,False,
held_context,b9e3ce876148d2c5abbcd72d,ремонт инструмента,a04d62bfff062e5d,2,2,True,3.3560099601745605
held_context,baa9e8e642891cb25caf96ac,ремонт стеклопакетов,12ba1873af45f09d,1,1,True,11.34516429901123
held_context,baefaad3e2ebb3a0aaf79e06,трактор вспашка,a7b75ab70088481d,8,6,True,0.0
held_context,bb3c105f7cc1921a0cc80465,скупка комплектующих пк,72b2f0caceed5495,11,9,False,
held_context,bbb57f0eaf5acaff50a0d2d5,стирка ковров,c3c1726995e6463e,24,24,True,0.8220256567001343
held_context,bdc9bedf36d10200bd03ba02,косплей швея,b3449ef4f9c9dfed,12,8,True,5.999485015869141
held_context,bee3d8c3c9e8f5e87aaa461e,гриль домик аренда,d6e3040f8f8781c6,5,5,True,5.681789398193359
held_context,bf1f859b83514eba6f377afe,мастер по мебели,0ac7fb6c25f6a582,20,18,True,1.340852975845337
held_context,bfcf3203e8b98506f1f869e4,сварка аргоном чугуна,271df7f65512777d,12,12,True,11.257041931152344
held_context,c07610636835599df5466141,трансфер новосибирск горно алтайск,9e4f5903da4e9c71,6,6,False,
held_context,c09baef4e47fe4b56377ffbf,подсобники разноробочие,55439c17428050be,41,62,False,
held_context,c1439565b0473c532856e719,изготовление изделий из резины,a04464420f67a4e7,1,1,True,2.1080381870269775
held_context,c1e59184117a802281eb90ef,экскаватор мини,4deaff082d21ec4f,1,1,True,1.4622316360473633
held_context,c1f44dbc7f0022ace0e74838,бензиновый копер аренда,3f187b7c9dc6eaf2,22,12,False,
held_context,c1fc36becc5b8dd4d0828e97,репетитор начальных классов бабушкинская,7c62006dfeaa6705,78,48,True,13.350119590759277
held_context,c20e984f2dc80f6dff77ae1b,шью на заказ,53e54ba8f99f7d73,1,1,False,
held_context,c272e69b812dabfc4686352d,ремонт компрессоров кондиционера,9f7ffefe19a67cf0,2,1,True,10.450326919555664
held_context,c3218405b2dfa586869374e2,печать наклеек на авто,f61bdd891a77ad4a,4,8,True,14.204442977905273
held_context,c337e81f6834c94ece1c1c2b,грузчики на час,41f8f0a20d5a1230,3,3,True,2.338587999343872
held_context,c3c16d40a04009037bb314e9,проект квартиры по свету,568e1df90175cef6,1,1,True,2.4290390014648438
held_context,c40bfc538602a1573e69ceee,компании по внедрение ка,7f80077092cac4fb,3,3,True,0.0
held_context,c534f957e563d824a455ff5b,установить плинтуса,1396172f38ca8461,5,6,True,13.388177871704102
held_context,c558fcfbed392e6663eca744,шлифовка бетона вертолетом,ae0dca0aa660d8a2,3,1,True,12.579842567443848
held_context,c59a4651762a7672a467ab1d,ремонт и установка сплит системы,d1555faeb6baf5fc,44,30,True,1.9642205238342285
held_context,c61b7b6f65d4faca5a7ce321,настройка роутера keenetic,eea33fc4f8dab54a,1,1,True,1.142611026763916
held_context,c6730b17daf33674ef288ca9,аренда питбайка,9346439ce86f6835,78,53,True,1.3679285049438477
held_context,c680827f60576dcac6eb2b6d,разблокировка загрузчика xiaomi,f98be43db1ade805,11,11,False,
held_context,c707e64f4b821305cf7de8da,грузчики ялта,9c281b88ceebfd65,4,6,True,0.000151326967170462
held_context,c732eae9bc9ed47e389732a7,тонировке,67aa8898f2623b61,1,1,True,6.291086673736572
held_context,c7ddd6792d38cca948d8255e,аэрография на шлем,5ee131ec7272c2b8,1,1,False,
held_context,c85d6f6742cf4e0f29492f22,написание дипломных работ,ba53cb33265c6e6d,13,13,True,0.06404828280210495
held_context,c8ba1615c891b191bb820fc1,свадебный фотограф,8ef058838f406a11,5,4,False,19.767812728881836
held_context,c8c40505df3482d02717c09d,изготовление откатных ворот,1c6a757016c3a4eb,2,1,True,7.823488235473633
held_context,c8ca3b0bec164a80376401a0,аренда строительных лесов,d341b786ae9b8bd7,1,1,False,13.426907539367676
held_context,c94b387a1604d2554241fdc9,ремонт замков дверей,65bfafd980d31439,1,1,True,0.4184494912624359
held_context,ca837115bc1e0a92f7b4d4eb,сетки на окна,e7c7c9edff62d6e9,1,1,True,2.2762365341186523
held_context,ca98f22be0d5c840eabcccea,эндоскоп аренда,f5c4312792f7d2f7,2,2,True,5.5596466064453125
held_context,cac17f20e87d60272cf6e1d4,мастер по розеткам,516a28f7141aae3b,5,2,True,3.4690863685682416e-05
held_context,caf0740a9a57393bc354f767,тренер по конкуру,ecd9d28f6d6f910e,3,4,True,9.006789332488552e-05
held_context,caf35972f1f3d8850d6c0f39,копка траншей вручную,5149e7b7d5bf6997,1,1,True,1.7896654605865479
held_context,cbe98f9005e8b111405f2854,массаж на двоих,d39790912a40ab28,9,9,True,2.682581901550293
held_context,cc2174f201cadfea1ec24ee5,вывоз мусора и металлолома,408b575c50034bff,1,1,True,0.0
held_context,cc562323fcf466509d79ef2c,установка печей,1639349c74c826d8,1,2,True,7.122655868530273
held_context,cc69219a0137699e19576b8a,взлом замков авто,23c0ef78409ff312,2,2,True,5.760139465332031
held_context,cc8e0fc0c323be3060dad4e6,отделка стен,7f9d8b2d2c9c857c,7,9,True,3.6569132804870605
held_context,cce70fff35c67e22086a6cab,изделия из эпоксидной смолы,f99a5fb76727b86e,1,1,False,11.706583023071289
held_context,ccffbc01883e12a91e7724c3,повторная подписка на xbox.,d449033894199334,2,1,False,
held_context,cd23ec342b91402d822be4b9,свидание гостиница,1db923d1781aa647,3,3,True,7.0877485275268555
held_context,cdd081eb1ff9b450f73532cf,аренда помещение для стриптиза,bb6fdb5d094f5bfe,75,57,True,3.559680461883545
held_context,ce0b582a04667435deedef92,срочная типография,1e31dd3e84afdf95,1,1,True,8.538022994995117
held_context,ce1bb4a30782aed7c19ee479,автоинструктор,7983ce87ca2f1406,1,1,True,3.843137264251709
held_context,ce6d1e0d993058062eead387,3d max,f40de909e4ab1b65,1,1,True,0.3737698197364807
held_context,cedd51c8dbcae05f32618e16,доставка из финляндии,76c5fca0db25eb43,3,3,False,
held_context,cf0fb2e6e8aca6a50d417e74,раслабляющий массаж для мужичина,e9efd87c7880772b,10,9,False,
held_context,cf5d6ac68562456ac7cd7205,косметолог,c4485c8d09abc014,59,99,False,
held_context,cff182a30494f314bcffbaca,междугородние пассажирские перевозки недорого,5d211ab2adea4d5b,7,4,False,
held_context,d0f9855f291de64971de90fc,ремонт душевых поддонов,27d3067080814540,8,6,True,0.8059602975845337
held_context,d1b0c62749fc0a4bbb8d7806,готовые обеды доставка готовой еды,6f63f66ced6a6fa1,3,6,True,0.495967835187912
held_context,d2f4be41b7eacd0717deb7a5,ланшафтный дизайн участка,83edc1693e35c65a,4,4,False,68.15863800048828
held_context,d3020a9cf1ebaa0092acd7ae,ремонт китайских входных дверей,b27cd53c200014b3,37,38,True,4.571041107177734
held_context,d383c107da51e0f37f353eaa,реабилитация после перелома на дому,4b163417815e89fb,1,2,True,8.994715690612793
held_context,d387a2e2936c34a839d956f1,катер на соловки,2c2a8f6557825105,1,1,True,9.530704498291016
held_context,d3abe8f012a896a187ec9882,куплю стиральные машины на запчасти,d8fc9aa53ec5b0fc,8,5,False,
held_context,d3bb6a81a3e92a0b81a8456e,фотосессия на годик,540af7761a31ada9,4,5,True,7.0074920654296875
held_context,d3d4a5c5e05c4ecf03d2fac4,удаление растяжек,0544a619fecc760d,31,32,True,3.382988452911377
held_context,d3dc24a93bfe146647bb5b9e,конная прогулка,af62d95bceca5634,1,1,True,17.323244094848633
held_context,d406d9108d605591d914a897,подъем домов,12372fbbab1effb0,1,1,True,4.192300548311323e-05
held_context,d49a2f0f62c1ca99642061b8,трансфер из аэропорта,60eb95e391922dc4,49,51,True,2.6412079334259033
held_context,d4cf9813d7bbcad4ced3b7bd,видеограф на свадьбу,ecfb7ead298a4e3d,1,1,True,1.0529131889343262
held_context,d4d455c731c75866efd8806f,дизайнерский ремонт,27480bb57e57a891,3,3,True,4.138710021972656
held_context,d4e991615e27adedc00238f8,бурение колодцев машиной,fb40cede8956c189,1,1,False,
held_context,d5aed5975ebe46386d602ece,лифтинг лица,6fce025768d766a2,2,2,True,14.723115921020508
held_context,d5d395bbf3cc67b4736ecab0,балансировка турбин,cda793eeed4d4238,1,1,True,1.8215441741631366e-05
held_context,d5ee4116dd88e28663893033,замена матрицы телевизора,691b693587744a80,1,1,True,2.4831392765045166
held_context,d6301ac2b846fa1956c6bc68,автоэлектрик газель,85aa75b024a78593,1,1,True,11.128702163696289
held_context,d703c660ee9cd99e851a14ee,расконсервация бассейна,3964846baa5170a7,1,2,True,5.985631465911865
held_context,d7bf46985f29bfd910dfec59,логопед для подростка,cd0652ef7e0ba9d6,2,2,True,2.605895757675171
held_context,d7cd4a01c5ea9068a4234f7c,статуэтки на заказ по фото человека,5c38b94dca3ba1db,5,12,True,1.3685333728790283
held_context,d85039015297b516a121c995,брусчатка,26e682490e7d82e4,5,5,True,2.2675583362579346
held_context,d863b77ba788563f71879615,перевозка мебели с грузчиками,deda268233abd3d3,7,7,False,22.786130905151367
held_context,d98cd485998a04e20d495f7b,ремонт складных ножей,7bb0a39bdf8af8e7,1,1,True,10.853898048400879
held_context,d9ad62035649aadcacebb5bb,перевозка автомобилей автовозом,e65d6b23aad33002,1,1,True,0.1324988752603531
held_context,dac291a7f5af17bd010436ca,сборка кухни леруа мерлен,d27ed454399cf53f,4,3,True,23.011871337890625
held_context,dac3ce6dcc6ab4a2b376508c,стрижка каскад,909469ab1b1150ad,3,3,False,
held_context,db3e3a7396e1d8db2f3977fc,установка бризера,3d5adf1d8f40731e,2,2,True,4.531360149383545
held_context,dbb1fc84ac5061953e0a0cbc,завивка волос мужская,9162ebbdad7fed60,6,6,False,
held_context,dc02e3a787d3e8d8258010c8,велосипед на прокат,9f239caf50f431a6,2,1,True,8.178625106811523
held_context,dc8fd19634fc54421bd0f112,услуги плотника бурцево,635f06b0d53e7a60,24,14,True,13.159558296203613
held_context,dd26f012f8d3079565620736,крот для канализации,6702fc655f472f8e,1,1,False,
held_context,ddb664d2edcaa3bb9e2e019a,откосы на окна,5f44efb1fb839315,2,1,True,1.1551904678344727
held_context,ddd93bd67b092b318ab1c15f,фотограф беременных,cff075ddb5ecea8b,24,24,False,18.43209457397461
held_context,df84311bef1e0718e0e3ab2d,оцифровка видеокассет,177176cc220462eb,1,2,False,
held_context,dfa99ec1020019d0c4a11a89,ютуб премиум,c9a9edd69cd3c6e4,1,1,True,1.5538661479949951
held_context,dfe9b838f5e14ff0e7a78543,ремонт варочных поверхностей,d794010e60364411,1,1,True,3.6404733657836914
held_context,e06eafcf332955f002d8e281,такелажные работы,8cc05a1d0b153420,1,1,True,3.8923840522766113
held_context,e18b88336b58be1fb426aa38,ремонт кровли жидкой резиной,46ac9cf75950155c,1,1,True,2.2627785205841064
held_context,e2df8fae7971556a33cdf090,копка траншеи,e79a39e93aadb92e,1,1,False,
held_context,e3159eafb8788f913799b8af,строительство бункеров,9d2bb4bfc5043eb8,1,1,True,10.002201080322266
held_context,e3b41c1ec9ccfb2f4127edfd,пайка электроники,12e3829016c39086,2,2,True,0.7566511631011963
held_context,e3c6ddfd027b26d5257d11e1,ремонт видеокарт,18338d469bea6e16,1,1,True,8.768586158752441
held_context,e49bf4f131c15531e18bc6fb,услуги минитрактора,85bbdced4a8e52ab,2,2,False,
held_context,e4c1fcea13cd2b09c2aba4e9,трезвый водитель,8eec9e1b03ef33ed,1,1,False,14.715376853942871
held_context,e58ecf23860e6463d63536bc,репетитор математика 6 класс очно,4430565aedf59f1c,1,1,True,9.958134651184082
held_context,e5c07dde6a6f335150694887,инженер проектировщик,0a486c466dfda4e0,228,192,False,
held_context,e6118e0cb88436984c54d6b8,рекультивация земель,8564470311930fb8,74,59,True,6.229403018951416
held_context,e619bdecacab22c1baa6324d,расточка коленвала,41050b5cf9c809b5,1,1,True,1.8137919902801514
held_context,e6a1ebe5dbf2ca5df0844e6e,копщики земли,f11c1a777c0f42bf,3,3,True,0.1848016232252121
held_context,e6baea90fb96c96bf59447a7,газификация частного дома,c97bab90e08d3016,1,1,True,2.1582324504852295
held_context,e7033ddfaaf232a1b1f1b912,массаж сормово,00423cb942f32df2,1,1,True,10.240804672241211
held_context,e75d8d83121381115f49b88d,тренер по фитнесу в зале,d50bdec37a3b20e4,5,5,True,0.6835339069366455
held_context,e78b7a9b37c2e4b891aff2a5,помощь в оформлении визы,d9f8071dc8c47516,7,8,True,2.0504117012023926
held_context,e79507500a3501bae3a4b21a,монтаж камер видеонаблюдения,917bbeb3c06689c7,4,5,True,0.8895716667175293
held_context,e7b1307462c6053b5cee33e0,аренда столов,9dcb08f52ed12868,4,2,False,19.96805191040039
held_context,e7cca20e8311d385b9374902,гид экскурсовод экскурсии,83510b2d74a2519c,4,3,True,1.392637014389038
held_context,e85cf12a59937b00222ebd99,сайта под ключ,7116db08343e2d49,2,2,True,4.5268964767456055
held_context,e8b1cbb48bfd2aaa5c7b9e4a,заказать минивэн,8438d712d8a496af,4,4,True,1.4892334938049316
held_context,e9092d5641ed4d7099fb324b,русификация mazda,d2dc3208ead320aa,1,1,True,2.8295280933380127
held_context,e9a2e656efa7c73830cf30be,промывка кондиционера автомобиля,374375932de3dbf2,2,2,True,8.136823453241959e-05
held_context,e9f1435a49a8170a7798b686,баня на колесах,d8ee555f48e82af9,3,4,True,0.08590253442525864
held_context,e9f80d71d45f38b979e45001,шоу мыльных пузырей для детей,a7104a9b8d4e80b9,3,3,True,1.8215441741631366e-05
held_context,ea78c383d7c05042ad5b1259,водопроводчик,3e676642c3a40aff,6,8,True,8.585699081420898
held_context,eab38f11ae61c773131c0cc2,смм инстаграмм,13aad4d3927e0b06,4,5,True,0.3737698197364807
held_context,ead828fe98f2beebd865a9b8,мужская депиляция шугаринг,a3412cd71b356744,6,5,True,12.335165023803711
held_context,eb0c238b6fbced82bcd6f882,отдых для двоих,3b02cb88064659b6,70,71,True,19.74480628967285
held_context,eb10069257b9b1d827a59ccc,мастер дверей,ef16f6131072a5af,4,1,True,0.054335493594408035
held_context,ebd32c715d27403d14945992,модель на шугаринг,73ee80e7d3bab5c8,1,1,True,1.1532416343688965
held_context,ebe0e014f067a6ff03a016ea,баня бочка аренда,37a8e0fc1c9d5c3a,2,2,True,0.08590253442525864
held_context,ec2b298e79fd568fa20a5d74,фулфилмент для маркетплейсов,a99eb4fe9cfee400,1,1,True,12.383090019226074
held_context,ecee1c36b5a0fe756f11c079,акт проверки дымоходов и вентканалов,75b5de3805fa68d1,1,1,True,10.738683700561523
held_context,ecfba7b52e72e6d15120e755,выкуп playstation,d8d63879974e9a90,1,1,True,5.3963823318481445
held_context,edceb6b5e60cace01545db08,выкуп компьютеров,79826990b2c8dba5,4,6,True,3.558713436126709
held_context,ee5f322fa97b8a1f19d6ad7b,штроборез аренда,5f69d017a5ddc2c9,1,1,True,1.9070024490356445
held_context,eff5bd417a1476ce2d146a06,упаковка на заказ,bdb78f3b9b04b8a4,1,2,True,8.878801345825195
held_context,f0977ff2473534f2b35b7115,сушка натяжных потолков,56e26f448e62b4ae,3,2,True,1.824394702911377
held_context,f09ad418b5fa2c49f7c03798,шары на выписку,2ad5fb721071c344,1,1,True,3.7461748123168945
held_context,f1be6f85ec7264d02ab36f4d,печать постеров,3a33403377f2c620,2,2,True,1.8197555541992188
held_context,f1f37f99ca6897f2f42db44d,сублимационная печать,870f7ee6fa52b874,9,10,False,
held_context,f2e1547df1b5cbaab7db4ad1,создание чат ботов в telegram,8e59d09cda83c05e,31,32,True,0.00402893265709281
held_context,f392ad13d680282948d59f80,услуги погрузчика,e594252d4c116c48,2,2,True,2.9984443187713623
held_context,f3a411c853fa04afb1fb34ab,развозка сотрудников,cbfd86270435160c,1,1,True,11.046573638916016
held_context,f3c1a4844518cea4c535ef25,кисон для скважины,6c87d3e62cf60f63,1,1,True,0.01951276883482933
held_context,f3d309831f96c4ba8969b1eb,прическа и макияж на дому,805d3e81e37b49be,29,25,True,12.370721817016602
held_context,f464a0d187e583fb92dfac3d,ассенизатор,d8837dbd224521a1,102,105,False,
held_context,f50abd8095aaaa741f6069f8,переустановка windows на дому,8d63b89e2d0b3218,21,17,True,7.3629655838012695
held_context,f5245512e493de11920c7c48,масло отработка куплю,8a705199460647e9,1,1,True,0.9133375883102417
held_context,f59bd10781a62a7c814f555f,логотип на шариках,f5a1d9cc251b58ec,3,1,True,7.6681060791015625
held_context,f59e62a241f8381534d57134,установка магнитного замка на входную дверь,cdfe28a90c304de4,3,4,False,
held_context,f5a72f6a42429ae33a2cb6be,ремонт сколов,bebbb33d25354eb9,1,1,False,
held_context,f5ab10663e17a06c132592a3,ремонт монтажных пистолетов,85c088ad41669874,2,1,False,
held_context,f5f154fda63a4aac7d8fa697,укладка вечерняя,ec49b53cd39b031d,16,14,True,6.2212347984313965
held_context,f5f7e3635f66b3169fcc36c7,ремонт бензо техники,3a20a08c113c6a90,1,1,True,0.6675162315368652
held_context,f6f23be40f90d3db6ca14ae5,чистка playstation 5,8b41bd04e0160839,1,1,True,8.686485290527344
held_context,f843f91c79368b834fe6ce43,печь для обжига керамики,734a4d74d8db5f6f,1,1,True,8.535935401916504
held_context,f8cd1ec40960d18ea939cf22,тренер кс2,af6272ff421b3c61,2,1,True,0.37379443645477295
held_context,f95d5b0418babe5294c0636d,аренда миниэкскаватора,fcba90cb41c1b234,1,1,False,34.52921676635742
held_context,f99b639be0adcf095aac80a5,дизайнер интерьера,551b7309fdba83db,34,39,True,11.81401538848877
held_context,f99b639be0adcf095aac80a5,дизайнер интерьера,abd694bd98436d48,12,9,True,9.161149024963379
held_context,fa10ac517e6aaa9b2f9c8dad,фотомодель,2c81e397ff256dc6,33,32,False,454.93389892578125
held_context,fa50e97826865518d4f7c24d,вкладыш в ванну,2b565c08121ed94b,8,9,True,14.078163146972656
held_context,fa7b7183a06580c20ac93520,ремонт стиральных машин miele,48b78d43a3d778be,29,22,False,
held_context,faa2893eb568216756fb95dc,починка дивана,d46e23dba9cfdfac,2,3,True,12.077715873718262
held_context,fb39c3c120ec6311c6407132,полировка колец,cfede4862b839710,5,5,True,11.799065589904785
held_context,fb6193b1d6d0b391ee350706,юрист призывникам,7be2d318bbc5e0d9,4,5,True,1.1404409408569336
held_context,fb833527e3e085e7ae3cc4eb,сварочные работы сантехника и отопление,ecd001c94f1fff93,6,4,True,6.605602264404297
held_context,fb8d7ae00fe70fedd2c6cc81,мусорный контейнер химки,5f78d9bb8b4084ad,3,1,True,0.00014900120731908828
held_context,fb9648fba3310e96e7ab82a5,оформление участка от государства,b268ef4c580be5fa,1,1,True,6.2030930519104
held_context,fba15482fc60ca699ba2e1aa,разбор ветхих домов и построек,e788bf84a3a2644f,6,5,True,1.5778298377990723
held_context,fc1c27c6447c00a17d8dfc54,перетяжка руля автомобиля,86d6d95fa85dd9c2,1,1,False,
held_context,fc3deae4bba82e7d879ef7c7,боди массаж,e797d48196ebd312,3,5,False,7.610102653503418
held_context,fc591cd79ab34a1211b75926,пошив чехлов на диван,bb317ff46a0424be,5,3,True,3.843132495880127
held_context,fd1a904522280ccbadafa257,утепление кабины грузового авто,fc70f68c5f6a1039,1,1,True,5.66698694229126
held_context,fd41d70ebf7c59b0f6c0899e,аренда автобуса перевозка детей,fbe495f0e0d9f4e8,6,6,True,11.629156112670898
held_context,fe6729ed7e2a238d69765409,батут,ee30f3e3b4799044,1,1,True,0.6594741344451904
held_context,fe8b3da391331cd7ab9aba77,изделия из оргстекла,2276ccdbb2103f1f,4,3,True,2.1618850231170654
held_context,fead1da2b8c91b4bcbeaa4fc,кран манипулятор 10 тонн стрела,ac64850ab9f64daf,5,3,True,8.571946144104004
held_context,feebb7374ea4aa5d55c5851a,копка+вручную,e59bfc8d98cd42a6,3,3,True,0.8637251853942871
held_context,ff58c4f4273d5d59af3ea6d4,прокат лодок,b485d7f37e861e08,9,14,False,
held_context,0031277eb2b7e24cdf5bc369,мини самосвал,d532d4cfc7210cd2,1,1,True,0.002966683590784669
held_context,007e2a7c1350cc80e5953abd,поклейка обоев  линолеум,c2e99c77644dcf15,14,11,True,12.020834922790527
held_context,00fb4bbd911bbc51a650af07,аренда трактора,79b2589299f4e748,1,1,True,4.509114742279053
held_context,01a8f7eb36a10adb507839a0,копка земли культиватором,5da8d8060310dd3a,1,1,True,5.371802806854248
held_context,01ce3eebcd62548adbebcf4b,сахарная печать,5e9dc9f47228dafd,1,1,True,20.26681137084961
held_context,01d8dbdd36426c860cca66e6,аренда помещения для массажа,6de5518e77406ac5,2,1,False,
held_context,01f47e6c9805100109409cfc,оклейка обоев,856dc6f3ac6e1494,4,3,False,
held_context,03308d10ce8359cb9c7b8a3e,катер на валаам,7f3f0690fdab835d,1,2,True,0.00012342636182438582
held_context,03308d10ce8359cb9c7b8a3e,катер на валаам,f06c264f6189e984,7,7,True,0.563732385635376
held_context,033549c0482c42afc073db36,вывоз старой мебели,dd77748b68f0ef3c,7,4,True,0.5908361673355103
held_context,038c303045fd7685aa4f0d1f,услуги манипулятора,5f5cf253b9bf419b,10,8,False,38.87333679199219
held_context,03da1078d02ae50adde17b6d,стекло на дверь,4e045c9274972a0d,1,1,True,0.5416126251220703
held_context,046e9cb9a06fe3d873592bd2,аренда бани,0f5ae5c8a3ebe208,4,4,True,2.058671236038208
held_context,046e9cb9a06fe3d873592bd2,аренда бани,ef35b2167889f333,1,1,True,3.2461795806884766
held_context,047687aa12de4ca9d249f32b,сайдинг,b7227d3ef775de66,1,1,True,0.0
held_context,050dee446310e76e84c72b22,помощь 1с,95460e9c1b3ae7b3,5,5,False,
held_context,053ca49e57062b9fb10a151e,продвижение соц сетей,57d8106406bb7d3b,14,12,True,4.192300548311323e-05
held_context,0608089af5b82dd46f4180df,вечерние прически,bdecd43431015b93,43,36,True,12.380199432373047
held_context,07654cd7da64422caa4ba9c1,возьму попутный груз,c4f5ee324ce709d4,1,1,True,0.7047535181045532
held_context,07fbc4b4c8f809aa66967a80,ламинирование бровей,5a1b7b66b58e1dc9,98,108,False,
held_context,08340e14593d6b9e601a42bb,оформление загранпаспорта быстро,2b129745be5f0b7f,1,1,True,0.3906497061252594
held_context,0840144747f289d016422696,биозавивка волос,9a25f2669ab390ec,1,1,True,5.86111307144165
held_context,0878173b5482f00d22e1e1e0,организатор свадьбы,773947bb48e773b9,103,129,False,1165.5770263671875
held_context,08d0cb0dde3f229eb4657f00,грузоперевозки фура,3c266f24abf9564f,9,10,True,1.2425777912139893
held_context,08daf3a0b3e2413be5c65286,наружная реклама,e56872f8935e505e,2,2,True,0.13504831492900848
held_context,08fc317316f06ff9e1b984ce,инструктор по вождению марьино,4cb3f5c61ca822d3,6,7,False,
held_context,0992e89333c38dce7fc90622,вывоз старых дверей,a5c71962806a6694,9,6,True,8.256315231323242
held_context,09c66d04b07e8e3bff2b3188,покраска авто,2020511cc140be91,3,5,True,6.355359077453613
held_context,09c66d04b07e8e3bff2b3188,покраска авто,e3390fac9af84c05,5,3,True,2.6456551551818848
held_context,0a2e6fe090dd071da25e379e,поменять смеситель на кухне,a5b9f9a225e5b860,3,5,True,1.150773048400879
held_context,0aa14e699035fe521537148f,бокс для взрослых,8711d2d1369875f2,1,1,False,
held_context,0b7d9e6417debfa68759c380,замена люстры,6c1fa06dd5ac2c5c,1,1,True,0.0963234230875969
held_context,0c19dd0efc341cc6a8f91445,мастер по ремонту пластиковых окон,061fc094936cfc24,6,5,True,0.5415135622024536
held_context,0cf4a53115e8e79d28127b77,квартирные переезды,bf228268fe281d47,6,6,True,10.73293399810791
held_context,0d327ad78317ec393c99a948,аренла строительного оборудования,7de1cedcf76eea25,6,7,False,127.45570373535156
held_context,0d8555b56a47de110132b322,прополка травы уборка участка,22bd2d37b9868ecd,11,7,True,2.314573049545288
held_context,0dae01ab27182f194951f790,перетяжка мебели,175230764b8b42e6,2,1,False,
held_context,0e677dda6a2c51db61194eda,замок дверной,171fed189d57bb09,4,4,True,4.230411052703857
held_context,0e9a7c7156447e40391a6a26,планировочное решение,ee80f10b59253290,1,1,True,1.2374331951141357
held_context,0ea7732a438b8800d35f33ce,доставка казахстан,a7e233780d7980ec,6,3,True,0.33849236369132996
held_context,0fb1f51cfdcc97140f25fedb,обивка дверей,611c2c0aa1895322,1,1,False,
held_context,0fb5931800a61d8f21b3c12a,косить траву,24a5329bf1f3ae50,3,3,True,3.0676112174987793
held_context,10614be754727a0751028d00,ремонт айфона недорого,31fa9322e1690061,26,24,True,1.5818963050842285
held_context,10614be754727a0751028d00,ремонт айфона недорого,a1954228f2010a40,19,20,True,1.6496994495391846
held_context,111ba2437f62de53b8ca0b6c,доставка дивана,9a3dc564cb2a7bde,64,64,True,11.244997024536133
held_context,1126bdb4965876c8dbe8df99,литье из мельхиора,18c4de721f30b8d5,2,1,False,
held_context,119e8e5a524faa68bfb8e1dd,подшить одежду,8e002f7d3519908d,3,3,True,6.3582444190979
held_context,11e4831c9dfa5e0b33f2e410,устранить засор,f25ec3f4294d08b0,34,28,False,14.032407760620117
held_context,12b97ad16c8b0c75d6440735,услуги парикмахера плетение кос,97940bee2e7a830d,1,9,False,
held_context,1381384298f6dfb349e8b60d,установить входную дверь,8cd954f7e4175c3c,25,19,True,7.941647529602051
held_context,153e5110bf8e754769bc1ad3,ремонт гаража под ключ,7f0e8988e630aecb,2,2,False,18.047664642333984
held_context,15ad116956e19ea722cb5bb5,свадебный рилс мейкер,282a3506dd0e362b,1,1,True,4.6576642990112305
held_context,163f454f7f2a30104ca7cfca,ии мульт,ac322881d425785c,1,1,True,0.37379443645477295
held_context,16572144172a16d1daea1301,покраска волос,fb2481030c44e4d1,12,11,True,3.7365102767944336
held_context,166cfe641ccb69122a186022,установка котлов,0dff5797dd655634,14,16,True,0.0032100279349833727
held_context,16fc9886a058bb5724951fe3,поклейка обоев,a03fb4dfa7effe3c,8,9,True,2.1955020427703857
held_context,17edcf965bcc55ce2d928f16,монтаж забора,d6161215ffaba51b,4,4,False,21.608333587646484
held_context,18207f4a05abedbc6bce8369,бармен на свадьбу,d2981d92472c09f8,12,13,True,0.3737698197364807
held_context,18d04e36ccef6c191f685749,сборка шкафа купе,3c93adb422c4e6ac,115,129,False,
held_context,192e90a7c4d812cc4a70183d,теплый бассейн аренда,e595d17bc6edfe6a,44,38,True,2.9298741817474365
held_context,196344af794c3a46143f9a8e,перевозки межгород такси,84048871f5bc2acc,2,4,True,0.0002735705056693405
held_context,19b954aa8a7f0f203fb82cd3,монтаж межкомнатных дверей,672d9a19cee1ba3d,3,2,True,1.8020079135894775
held_context,1a0e2eb771da5bee98083e29,отдых в домике,e595d17bc6edfe6a,61,47,True,2.9298741817474365
held_context,1a623b477b171a26f4977086,покраска автомобиля,2020511cc140be91,7,4,False,
held_context,1a7ada21a598dc7a8b496ee3,приемка квартир по реновации,cd265e307940c33a,2,3,False,
held_context,1b3a40e79de26644e877c4d7,ремонт паркетной доски,2438ac9f2369f950,7,7,True,13.316994667053223
held_context,1b46e5a40ab4ccc508f67c89,замена стекла iphone 13,f5afe9a20940a4f3,1,4,True,1.3890161514282227
held_context,1b7092fc1c50a8caf01f67c7,дрель алмазная аренда,af7be3799e03ed4e,6,7,True,13.553661346435547
held_context,1b772eff974cbf08e33b9f7f,репетитор по английскому языку станкевич,e1d9d6eb2ff6b4ed,173,250,True,4.192300548311323e-05
held_context,1b7df87e82cda8ed236ff14b,печать фотополимерной смолой,090a11109f0c7641,28,19,False,
held_context,1ca3dca6c5afbe9739819d93,ремонт электроплит,6558645484ac4018,22,21,False,10.659576416015625
held_context,1d89e8968f03e5b15458b7cd,выкуп iphone,d6f1b950d6dda902,2,2,True,1.195188045501709
held_context,1de8fffbabb3c847b4619def,место под вендинг,356907011764cd79,0,0,False,
held_context,1e17e85406c69f64778ea42d,ремонт тепловизоров,f7f6f385ad156fb3,9,16,True,0.5125997066497803
held_context,1f4fb8e80d55fc191e7e0bdb,перепрошить андройд магнитолла,174a18298f665b63,1,1,True,2.937774896621704
held_context,1f92d125369d24fb990a6523,нейропсихолог,32ff1802b79cf453,2,2,True,7.094112396240234
held_context,1fe2d8716ebd77cdd67e8298,модель на маникюр,11a9248b9a39f736,3,2,True,5.31912088394165
held_context,204e9c4d8a995f8159c2080f,скупка катализаторов,86f11d8fffd562fd,2,2,False,82.2271499633789
held_context,208cf3bf92710c1d7bcaa73a,репетитор по истории,a7366164a0ef50ac,4,2,True,2.5403826236724854
held_context,21c93c59e3afd8bf4c2ee192,прием радиодеталей,44a910d6a4df07b3,4,3,True,6.209987640380859
held_context,21eb21fc7c299ccb62dbedc9,подключить саббуфер,798000d687564cda,39,41,True,3.278702735900879
held_context,2250aad8906662225d24177b,настилка крыш,8e13e53cc6c379b4,193,187,True,10.912251472473145
held_context,2256c2d6f8df30558c65a65b,изготовление очков по рецепту,b1aaa94cccbe9d2b,3,4,True,3.0248913764953613
held_context,22f56b4704c39e7b4f31cf8a,ремонт спутниковых антенна,1132c84e3abd2f68,3,2,False,
held_context,236f70eadb1446ee210c48d2,звукорежиссер,f43f6b33414e6320,1,1,True,5.563765048980713
held_context,24bc5ffae0438226aeaa4553,химчистка матрасов на дому,940e69340cd5fb58,2,2,True,0.09230431914329529
held_context,252b810b078dc0036e91d548,шаланда,bc604b5f867c52df,1,2,False,
held_context,25814d2f2898f3fe27855df5,саксофонист,fbc84deb59956c1f,2,2,True,1.0944747924804688
held_context,25b1cf80dfabaac83d21754e,минводы сантехник,1ecec0bf2ff50812,2,3,True,0.0
held_context,25f76b5d0eb7c482c6f19962,сауна с бассейном на сутки,4650c967e88d354d,2,1,False,
held_context,2661deb93eebbf87be654086,ремонт lg видеомагнитофонов,a5504d9922cd810e,1,3,True,8.066596984863281
held_context,2682ec5c3017294e58ad3506,страховка авто,90b3f8b06894c1b6,1,2,True,1.2425777912139893
held_context,275631698d10dc3def270562,механик по швейным машинкам,2c6874be57f55424,4,5,True,7.105948448181152
held_context,27ea5ad3f8f3110be91585f4,коворкинг для керамистов,13043503f9d58578,1,1,True,2.9790029525756836
held_context,2851084d5d3a428132d1adca,заказ тортов гендер пати,aca6ad11ada802d3,14,12,True,6.033484935760498
held_context,28ac2fb93b6dfcb2f0623e17,копать траншеи,1cd342a3ac1856b2,10,8,True,6.11290168762207
held_context,28fdf8be8b1ba717a8e5c808,массаж лингамма,a1fc5d26988d9f7e,47,53,True,7.641037940979004
held_context,29b3b749ce3ceeb20c871668,выравниваем участок,2fb4c286ad594245,2,3,True,0.01799500547349453
held_context,29b58513f39b463c0299d63b,регулировка фасадов мебели,185aa2eab8fd3b01,21,16,True,2.6144351959228516
held_context,2ae2b69a79b724f81197dae4,компрессор в аренду,478530879f33d05f,2,1,True,6.102105617523193
held_context,2b3cf7e2932e2f3eeb5683ed,кладка шлакоблока,c37a473797426fd0,1,1,False,
held_context,2b7c6ee08572e2e42612cf25,репетитор по физике,1176352d05c98f46,4,3,True,6.431193828582764
held_context,2b956c364302a5bbc019322a,каркасный гараж,c0a6bff41a71343e,3,1,True,10.341455459594727
held_context,2baff7bc08ceb739d0ddd319,репетитор по русскому языку,9ab62a5358f344c1,26,23,True,8.837306022644043
held_context,2c07e4e4cc4d95295e55b501,грузоперевозки  златоуст,9304b3610b64fdfe,2,2,True,0.00022991208243183792
held_context,2f0a44990bed79b6fa6fbdba,полеровка стекла,9302071f2587cc86,2,1,True,1.535325527191162
held_context,2f13427ece4c8452574eef8c,пирсинг укус ангела,b140891dcc2cbee2,1,1,False,
held_context,2f5b5cd6f6756b96e66cbf9f,шпаклевка стен под покраску,c0b877a99406f19b,2,1,True,14.45408821105957
held_context,301adad875c1622fb6630b29,крыша,25f5a442a62ef1c3,2,2,True,0.5183968544006348
held_context,314515771f749666f0c596d6,ремонт камеры айфон,0955f9e35c4abd33,15,11,True,1.5891668796539307
held_context,3238d77c607c3a1f92908929,почасовая аренда,a68158227ce5866c,35,31,True,3.633702278137207
held_context,323d960b25563d5ed896dc97,маникюр наращивание,efe2bd9e341eb431,2,4,True,5.284915447235107
held_context,3292f4e71bc9ed4ea7ee305b,скупка айфонов,6a31fb609b86dc60,1,2,True,0.6533153057098389
held_context,32b8c16ce570ae2d8dd6062a,ремонт мягкой кровли крыши гаража,7e956c56b3ce4074,3,3,False,383.6977233886719
held_context,32e40d3e4df4a2ef16c54f18,прокат отбойника,895e672d1fc45158,1,1,True,1.9414126873016357
held_context,340205e8d49b0e6a2e726ee2,штукатурные работы,6051fbb57ecc6506,13,13,True,5.716870307922363
held_context,34066d11adef7a656a16cacb,тренер по фигурному катанию,31898b59720a796e,4,4,True,5.706977367401123
held_context,34298390353e0dec83eb775f,выкуп товарных остатков одежды,fa697e607f73160e,26,26,False,1416.0855712890625
held_context,353f7d9b267b8c9b1333f44c,бетонная стяжка,89638a6920924f76,4,1,True,12.92829418182373
held_context,3542fa5b203897d8eefa5208,заброска на толбачик,ae664674261f9bf2,43,45,False,
held_context,354c685ccf949577758b69a1,уроки гитары,a6bf5faf4c8360da,1,1,True,1.2418849468231201
held_context,35e549ccc0c0d893f7e0d6c4,перенос газовой колонки,88b9188ed38dd6b0,1,2,True,2.0496222972869873
held_context,35e5fb6e90d37e3f28fcb80e,аренда контейнер 8 м3,d748553d0456a4ea,39,38,True,10.873576164245605
held_context,36401657f731a34db8f1f5b6,аренда машины 7 мест,6d652e4014897ce4,54,39,False,
held_context,3646f548fb036eae7b02197b,трансфер до москвы,51a5ebfc0e937704,1,1,True,0.00020459866209421307
held_context,37003b39d43794252b3a789c,охраняемая автостоянка,9fdf3824a9218fe8,1,1,True,3.110670566558838
held_context,37096c91b4545b3ed3ed2888,швейный цех,1b28791ee196ce17,10,11,True,16.980480194091797
held_context,372b97e2c893a728ba2e63ca,газель 6метров,4f19ffb1def34fae,6,4,True,1.4892334938049316
held_context,378222415a6d15b5d3a99272,увеличение губ корея,93ae1c71d8e6ae5e,1,2,True,1.047037124633789
held_context,378b2fc4b286b79042835cea,перекопка мотоблоком,136b5b451b89a626,1,1,True,3.335005760192871
held_context,37e1f3f9ae2784ff3b2de25e,кризисный психолог,4114792a267cc7a1,8,9,True,0.27463164925575256
held_context,3876a235e314d298ba17fc09,ландшафтный дизайнер,9682a800e9d94dad,11,13,False,
held_context,38d40808904ed019a44f53cd,разборка мебели,593e9fb4e5529400,2,1,True,13.261905670166016
held_context,390c49136878a3e28b2cd6b6,врезать замок на межкомнатную дверь,8ecc36aa20c47480,13,8,True,14.18149185180664
held_context,39da8922090dd847ab07ebab,аренда авто для поездки в крым,58c64070a917f292,21,28,True,1.4892334938049316
held_context,3a5efc985d357dfca9a6199e,ремонт боковых порезов,4a7ffd15a8d16502,1,1,True,6.435605049133301
held_context,3acfa3ff7900fdae08228c60,обучение на бровиста,3f74a3b042bf35f2,3,2,True,6.7371039390563965
held_context,3b313d152dba652de9e5ce5e,кудрявая стрижка,db5a8d8330e4a326,4,3,True,0.9876984357833862
held_context,3b44875add1dba2df9f6bccf,прочистка канализации кротом,71f280b8b36e693d,6,7,True,4.566890239715576
held_context,3c16dae5849ce732330bdf7d,грузоперевозки газель по городу,0bbd443b651fff83,10,10,True,5.7222723960876465
held_context,3c16dae5849ce732330bdf7d,грузоперевозки газель по городу,784159b854440e0b,15,15,True,2.318185329437256
held_context,3dc8e4343ed29f97ab8a0e9a,видовой лофт,230d8cd244ed2b79,2,2,True,6.741412162780762
held_context,3f22b72be262acd67ea41e7a,подсобный рабочий,5d2431b981e8b8bd,1,1,True,1.7102649211883545
held_context,3f5ef997427bc89f75baa6dc,психолог дпдг,af47306efbeb81a1,3,4,True,2.462512493133545
held_context,3f87f383e226d2c2eb8a7661,ремонт лоджии,3a46e09255f19bf9,2,2,True,2.27114200592041
held_context,40736289b6f2dc43a2eb138f,ремонт платы эгур opel,82e27a2a1d2f73e8,22,20,True,5.241072654724121
held_context,40787c9f4c60e52fe0f7742a,абесинская скважина,045e987dfcc61849,3,1,True,11.478475570678711
held_context,40be65aca1f69c83d8252364,свадебные бутылки,9a6f64b41bb4166d,1,1,False,
held_context,41fa41270e8a61399f44a27e,установка межкомнатной двери,e171a226c6fd45df,3,1,True,0.0
held_context,420d6ffef51aa5a733d6ce5a,мотоинструктор,5185d604c391cf99,1,1,True,4.757113933563232
held_context,4214561933330d2bce4e5a70,покрас дисков,e797e4f357244ba0,2,2,True,5.25867223739624
held_context,4257c4c305356302f71d6c3a,каменщик частник,4ab3b8728f6b1c88,6,9,False,31.318462371826172
held_context,428e1e6e21620d15d16d317e,геология,79e430db51556046,12,12,True,2.393941879272461
held_context,435f17b801b5e9fee888c36f,реставрация ручек колясок,93c96fb89cc60a32,8,8,False,
held_context,439cb3afeecb95964c01378e,ремонт советских магнитол,63bd53aee0ff400e,2,1,True,1.7095084190368652
held_context,43cd5ae2ee47fb6dd5bc6e35,аренда авто суточно,e620a8735a75023b,1,1,True,4.435033321380615
held_context,442c3650ff3082178e62cc78,аренда для парикмахера,51f653a18e95929a,1,1,True,1.906843662261963
held_context,452adee9b2bad06849601cff,аренда плазмореза,74d7d90fccbc54eb,20,21,True,9.26185131072998
held_context,4537135d415fb5d3229a8fa6,печать а3,316af7913edd7d0b,5,7,True,3.113956928253174
held_context,45c668e69ad42efc505cad2d,аренда катера без капитана,74b41deef69d03ba,39,41,True,12.658251762390137
held_context,45d21a7bddfefee75fc78bd4,лестница,a28bc3354f4cdcd5,1,1,True,11.882229804992676
held_context,45dbfc3d1bd4dd7ef630fb71,экскаватор,43388fa0946f2d32,4,2,True,30.419574737548828
held_context,46c1fe6c82fd8c15f5fadba3,ремонт гидроциклов,783d234978c6b917,3,2,True,4.208250045776367
held_context,47d9cccbd3e3cf82270ac6b4,репетитор по английскому языку на дому для ребенка,6e6597e8d14ced2f,3,2,True,0.23319052159786224
held_context,4810a8fe0b27743af5fe8d33,экскурсии на квадроциклах,e0a653eb71c63da1,1,1,True,0.31654804944992065
held_context,488cd2a61fd0a3eaa3f48f20,нанесение логотипа на одежду и спецодежду,80a845b47de284b0,10,7,False,
held_context,48a1364dd08c79286401a11d,шлифовальная машина,68462d89ad61dc72,1,1,True,12.48527717590332
held_context,48cc4e571032a67c6579c5c2,бенто торты,8a5da42f0c77a0f3,6,3,True,4.686697959899902
held_context,48e46af9e98879037b2e1197,выполнение студенческих работ,9bbb14abf99d107d,1,1,False,
held_context,49dc105e806f0c7d16d3edd5,откачка септика,19259d6059b1fba9,1,1,True,0.00018841482233256102
held_context,4a5d75b6828d425f8c028ec2,аренда домика в лесу,171ea214e669e468,10,11,True,10.864505767822266
held_context,4ab3d6b8e1e10981dd959374,специалист честный знак,82f6a3e13d98fcda,37,32,False,
held_context,4abd0e9367008a120057d4f7,аренда минивена,210816d22274caec,9,10,True,1.284531831741333
held_context,4afae65352550cfadfad6f4c,дробилка веток,ae6bec8e93641d0a,1,1,False,
held_context,4cc0b9d9f553825f510c16e7,татуировки,a344e15fcf5411b8,1,1,True,1.5946836471557617
held_context,4d1770d7a2487b010f6673c8,манипулятор москва,6f43cbc9e1d77fa1,45,42,True,13.659972190856934
held_context,4d8fb790e67d211d95670898,геология участка,2044722c527d8d54,1,1,True,3.9874134063720703
held_context,4d9eb2d0705f48efcc829591,проведение праздников,c41f4d5345afb43b,3,2,True,0.16437660157680511
held_context,4e44a959fbff8e6ea2fbf10b,ремонт лобового стекла,7aa3e2a92fdfeba6,1,1,True,1.4031884670257568
held_context,4ec2b05293a171552282b62d,домик с чаном,0b7e10dc0a1c18f4,2,2,True,10.598248481750488
held_context,4f1bee9b9d63c5eff8d23da6,дипломная работа оформление,0b39dc8108ca6ca3,476,509,False,
held_context,4f4cc87c5c118e6e8ebab2ee,лофт для свадьбы,41774d8bfaa8cfdb,83,77,False,
held_context,4f8a33bce5bd04016df0f119,дым машина,ac236d1b4bcbc157,2,1,False,
held_context,4fdf448ddff1e56a662d25bc,ремонт сушильных ремонт стиральных машин,dff25b18183772b4,4,3,False,
held_context,504d131fc4cc771a124a914a,ремонт алюминиевых окон,ae02cb5db20e37e7,1,9,True,9.772542953491211
held_context,5056ba30cee54054d63fff5c,ремонт обуви и одежды,4d33f75168046243,40,33,False,
held_context,507b1b46548515fb318540a4,заливка бетонных дорожек,68f07fb77c237cc3,21,24,True,1.3679285049438477
held_context,50b6c21268c2095abe7f7765,wenbox u5 аренда,bb774af226040363,3,3,True,4.499551296234131
held_context,512f26f0353967dd016d3e4e,пошив одежды на заказ,9e4044e3adf208b0,2,2,True,0.3039471209049225
held_context,51336034d942b8da81a103e1,автоэлектрик газели,600517edf5b73813,4,4,True,17.342748641967773
held_context,51ffea88e67ee4d605d18019,шпаклевка потолка,8573dda80d0f51c3,14,16,True,14.313356399536133
held_context,52cebcd5faf0b41266f23f81,электрики,eb399ce428322f33,12,13,True,2.5831785202026367
held_context,5395a6fa348093695e8e6500,аренда беседки с бассейном,72d9a003eb8398fc,1,1,True,7.260390281677246
held_context,5448140e1f355dca8087c242,организация гендер пати,caf5cc6253566034,1,1,True,4.228694915771484
held_context,5507aee9ebee257eca2b3930,аниматор для взрослых,ec43e2d6a7f08cd4,4,4,False,14.354686737060547
held_context,5840bcc763f3d831f59e524e,ремонт газовых колонок bosch,23a31e0a839c368e,2,1,True,0.32921817898750305
held_context,589c6a0cfe2d3188d421d3d1,установка кондиционеров монтаж сплит систем,5e54c593a1f5a193,14,14,True,1.3679554462432861
held_context,59562d0890903aa78e07d27e,поклейка обоев недорого,57302e87b84d21ea,1,1,True,9.66242504119873
held_context,597ac35e4d38b88377078d64,салон тайского массажа,d70e5caa0467e35c,1,1,True,15.951560974121094
held_context,5b004b8aa7dced20df0651b9,лофт комната,1e0a2c2914a2e33f,16,12,True,1.8337345123291016
held_context,5b7d45a2a1697d9f95ba0a10,чистка мебели и ковров,bb4c9f4626c7b9b0,44,45,True,24.981420516967773
held_context,5d368a0cdd43de96ca65b527,замена масла,e581a3b1375c5f3a,1,1,True,1.2475762367248535
held_context,5d92af324dbc4b00e539b8da,ремонт гидроциклов brp,25f1bf1818a9dba0,1,1,True,5.6180243492126465
held_context,5da52808656800f6c577acbe,листогиб,3bd7472d3463aa6b,3,3,True,6.261901378631592
held_context,5daf5cf8d294d4cf8fbf4762,помощница по огороду,98f6c10e2933496f,1,1,True,4.876005172729492
held_context,5de1c48b771669062d02cf21,юрист по земельным вопросам,e52a8f0b18af7302,2,2,True,1.6824636459350586
held_context,5e7054cd17f55a468bb4926c,поздравления ростовые куклы,03ca90c47692a836,7,4,True,1.2231271266937256
held_context,5ffe989266c59ee0ad93e13a,отменить проценты по кредитке,964aad7a45af8b3c,1,1,True,1.746901273727417
held_context,60dba8392c41a0800e3e4be3,ремонт кухни,1ba815df1e005b38,13,31,True,6.691257953643799
held_context,6123bf0e587c498bf3701ff9,джиппинг,9642c5382451fb62,5,4,True,49.206817626953125
held_context,61d0fe01e52f6992e4bc99f7,перезарядка огнетушителей,105712734e4873a6,1,1,True,1.5362935066223145
held_context,6220819008c4b9dfc33cb34d,газель аренда,18090644cbd15f73,2,2,True,1.3679285049438477
held_context,6293390d2ded600b469e6532,услуги айтишника,74cf2b646e550a51,1,1,True,0.0001363080518785864
held_context,63134a7453a9b3ed202abe11,скупка тсд,425b3e95936cfefb,1,2,True,12.964441299438477
held_context,63d4532a2830296bfaa01475,бригада плотников,d9ea10c88fdc5bd8,3,3,True,1.6048583984375
held_context,6419829c1ad058597462cb2c,монтаж водостоков,4615dba6e01a037f,4,4,True,0.6701428890228271
held_context,6432dc96446fd397987dbf7e,эвакуатор автомобиля,d905469b8d6e47c7,3,3,True,8.76761245727539
held_context,64ef4deb1903bcba1d25deed,биоревитализация лица,66ed0d2fd1ce8bcc,2,1,True,4.180734157562256
held_context,6521a5b20c0ee42cd665125f,услуги электрика выезд на дом,bdc13ce04d820734,2,2,True,13.870923042297363
held_context,65604959086c01407c36976e,ремонт техники,b419c7c846e29155,3,3,True,1.5547511577606201
held_context,659c2c6eede108c70e7e779d,аренда дом прицепа,83904530056bcc01,1,1,False,
held_context,65f4f862d5f2e8ab1b061951,аренда экскаватора с гидромолотом,f8c2d32e6c838732,1,1,True,0.3005583882331848
held_context,667ab39c4978385df322797c,ремонт электроскутеров,7986707534e0b4fd,18,13,True,0.5768487453460693
held_context,668d9c8bb347b70a521d04f6,внж киргизии,8d7311a286ae0923,48,51,True,4.192300548311323e-05
held_context,66a6596b7a1c16c700874136,ремонт ванной комнаты,bccb37f6eccbb661,1,1,True,0.11380456387996674
held_context,66b18dc8cfe6632d5c8e6c21,прием черного металла,96cb9902930679dd,5,4,True,5.890203952789307
held_context,66fd35f4bd05f9a46993667c,накрутка подписчиков в вк,71ab7dd824ea7d4b,36,27,False,
held_context,66fd35f4bd05f9a46993667c,накрутка подписчиков в вк,a05349c83bff991f,4,1,False,
held_context,6758d6f7394ccf8173e3b7bb,аренда инстументов,c5534e28769de862,21,14,True,11.154120445251465
held_context,681482b90f2427ffb0f61c06,фасадчики,bad1d10aecb05bca,4,3,True,4.894599914550781
held_context,68220541e8ca0fd12d25ba28,краскопульт в аренду,f61c1ddc58c85b9c,6,6,True,6.4936747550964355
held_context,6878e219ab9549962fdcd6d7,трансфер из владикавказа в тбилиси,6fc4db453f873556,12,8,True,2.8823843002319336
held_context,6888961316d8cf1ed97e615a,окрашивание волос выход из черного,94c1b560fb11f757,1,2,True,2.192267656326294
held_context,68899fc07682a6257739d7e5,покраска дома,f6ae8b3c8c2c72c8,629,151,True,6.793361080781324e-06
held_context,692e4d469c1bd3003e728b16,прием лома самовывоз,3d738d736ce1d103,1,1,True,4.7592387199401855
held_context,6a8fe2518253a85c51e64dcf,ремонт посудамоечной машины,3fd9d87a3c31d538,1,4,True,6.821543216705322
held_context,6b0ed75d74f6ca8fa9783d8d,строители,10025e6c5f56007a,3,1,True,0.05708303302526474
held_context,6b846a72925e7838dd8bee11,аренда манекенов,610f5f9851d33400,40,9,True,17.602638244628906
held_context,6b95fb0e1c8e87dc8de81733,арендовать canon g7x mark iii,c6bddb8500204a32,1,1,True,0.5416126251220703
held_context,6bbd408588661801bb3cfcad,трансфер анапа,05dd78ca30f31032,10,9,True,1.006420612335205
held_context,6bcb380f9a14882c1ee9721f,оплата зарубежных сервисов,ad84470608d042ff,38,35,False,7105.30859375
held_context,6d1337234c0e7aabd9c9b679,поверка счетчиков воды без снятия,a067814f3d89d9a8,1,1,True,3.638935089111328
held_context,6d3d6ba42059acd77fddde2a,аренда микроавтобуса без водителя,b1354d4bfa43be1c,1,1,True,4.236762523651123
held_context,6daca5d85535968c24cdad96,аренда автомобиля на свадьбу,25eae93ff95cb70b,2,1,True,2.781114339828491
held_context,6db167d65a1bcb7220373e08,такси парк,2faa4d20b2f25627,1,1,True,0.8823462724685669
held_context,6de661c154b1b6cd9c5d7749,скупка магнитофонов ссср,9b997b80a1ec5c44,2,2,True,5.888956546783447
held_context,6e810b5dd3075cff439da6cf,помощь в выборе авто,20b6849aa28b21fb,1,1,True,0.5523015260696411
held_context,6ec2bf72d36d8963ecef67a7,обтяжка салона автомобиля,4072825f540e12bf,1,1,True,2.9862074851989746
held_context,6edb665cf9438b5cdd4514dd,лекции от руки,6436a77d53cfd6f7,2,2,False,34.53253173828125
held_context,6f295518438f288e2f23733a,ростовые куклы в аренду,11e53bdaf7ba474f,2,2,True,1.1987359523773193
held_context,6f82c3894c62310561e9be5f,программист телефонов,12a919adb0ed896e,1,1,True,0.41784030199050903
held_context,6fb9750500b076ce57ae9741,ремонт nintendo switch,374817f2830c0436,2,2,True,6.334471225738525
held_context,6fdf356b7c1685d7908de642,обучение плаванию взрослых,2a66fc078f29b115,2,1,True,7.720057487487793
held_context,70296251b8cb9812f8c1e8f5,ремонт радиаторов автомобиля,7fd04e317e235c89,1,1,True,6.922680377960205
held_context,7045c1a39bd28212e3815ff9,выврз мусора,8c38e6632ccaa3cf,75,79,False,12.171889305114746
held_context,707f0677be75b820e194272a,грузотакси ларгус,b88fed4cab0767d9,6,6,True,4.617384910583496
held_context,708f5c9eb3724358158d21ea,домашние полуфабрикаты,bcf93b132878f55b,1,1,False,
held_context,70b0b36d24611ceb12e565f3,экскурсии,8f9e1a234b081528,98,77,False,
held_context,70fdadfb85187e928f14f7c6,собеседник на час,d35d01c0e1552f25,2,2,True,11.284217834472656
held_context,71fdbc3b6cfb66d0e2e1d6c1,оплата visa,ad84470608d042ff,6,5,False,
held_context,7223011a36a8206487bbe265,уроки скрипки,267dd29ee16dbb3c,1,1,True,2.7321510314941406
held_context,7249e6bf9c570ed84eb64238,печать фотографий,871a7d1bd509cf33,1,1,True,1.3835346698760986
held_context,728ff48bb1768c9cb54c42bf,стрижка собак кокер спаниель,0961b56fd8471782,33,31,True,16.831745147705078
held_context,73c188804a68fe41ffc26a06,печать самоклеющихся этикеток,d72dde44b3047221,12,13,True,5.727906703948975
held_context,73cc47a6ed89585f39021f9d,чистка вентиляции от жира,69be74179c7c2320,2,2,True,0.0
held_context,73d134c121ebdf261658bdd8,выжигание по дереву,ac03c31966e05f6f,2,2,True,15.45907211303711
held_context,7435d2b65cb0eb0467e95ef2,ботокс подмышки,c49e277e678b81ad,7,6,True,1.3611035346984863
held_context,74a3639ca0a4330f2454f9dd,ремонт кожаных курток,48060a7d93750c21,2,2,True,3.907261371612549
held_context,74b28eb1f5264e5b3b9445e4,кредит с просрочками,fe034079ac790c23,4,3,True,0.8895716667175293
held_context,750d00aca39100d1b9a4367f,эпиляция воском,0de385d905228800,1,1,True,3.325181484222412
held_context,7596d7279d4844fef3e3e1d6,такелажники,5152f88bae0a4c39,2,4,True,20.46582794189453
held_context,75cd27fd432f8a1de4948fbb,замена откосов и подоконников ремонт окон,bf3d899c5aa53501,3,3,True,2.2148022651672363
held_context,75df458bda7eef0b48fc962c,печать на акриле,fdc2a3edeac4b5e0,170,112,True,11.105273246765137
held_context,762f8394d1defc6ebe058d95,ремонт ванн,21e410daf8ebe9fc,2,2,True,0.0006246793200261891
held_context,7687b728ba6a80d678fdff6e,рыбалка с гидом,574dbcc2878706e9,7,7,True,0.7035998106002808
held_context,7687b728ba6a80d678fdff6e,рыбалка с гидом,6fab9d0b090a514c,2,2,True,5.31458854675293
held_context,76d4b898c7909231d454ebd8,электрик проводка,bacb0dc5a6412867,6,6,True,3.316826343536377
held_context,76db371b5c2990a6c20110d6,уроки кройки и шитья,68597e05b7d79291,5,4,True,16.6888427734375
held_context,77063dc3e613e4464f7a91e1,шпонирование мдф,95b7d29dfa55a0db,1,1,False,
held_context,77bc69554278c09ff5353c31,реставратор паркета,f53f2484d6ffc022,112,52,True,13.533310890197754
held_context,77c23cac78a337d183672864,мойка радиаторов авто,92ec70975674218a,1,1,True,4.509335517883301
held_context,798698804ac19fdae73b54c6,перепрошивка iphone,136a8889d590c423,59,49,True,9.80600643157959
held_context,79ca5de4a3cd7874f6a6b097,аренда майбах 223 с водителем,034dc4e6a0de12a7,7,4,True,1.1918916702270508
held_context,7a125cd14778785e36fa3836,смм специалист детейлинг,f3c565af0e097d97,7,9,True,4.192300548311323e-05
held_context,7a27b93f6c4f1127395104e1,барельеф,c9b262d341c3983e,1,1,True,0.00020409842545632273
held_context,7a3d2ad0875f4dbf035c1fc6,калитка,f8a5223e33009c2d,1,1,True,3.5417089462280273
held_context,7a7a573d82c260b1c5118dae,авто грузоперевозки,c79b9c1ff27377c5,1,1,True,1.1281065940856934
held_context,7c124502d90fdb3164d8d594,чпу металл,e6a1a03334922ce9,10,11,True,2.430474042892456
held_context,7c247fa45c43e1102771aa77,изготовление визиток,8f943b49b1422f4b,105,128,True,2.078383207321167
held_context,7cd32839a05448e6f8341b91,медитация,4aeff1e13e505eac,1,1,True,5.804876327514648
held_context,7d9c5b29600e43ce60bcc3d1,установка газовых котлов,8f518e2a36ad2a25,2,1,True,6.55272912979126
held_context,7da80875a3b9a579d11d47fc,скрипач на час,f3a6b854ccd4732a,4,4,True,4.255970001220703
held_context,7e6dc173071ac61bf051397e,столярные изделия на заказ,fc4be03841336b94,1,1,True,0.4520728886127472
held_context,7e7004937e5b421459aa33c9,компьютерная диагностика мерседес,ea961967e724e449,1,1,True,10.98582649230957
held_context,7ecd2361ff923e5a4716cead,вывоз мусора контейнером 8 м3,234a44a821243582,8,8,True,3.9347496032714844
held_context,7f6e2e9771987b43dd08f3f8,убрать плесень,8a42b37d6ee5c04d,8,5,True,9.021724700927734
held_context,7f7f971c61fbd20802718b0f,плиточник укладка плитки на кухне,6c1f63f1d22d6c74,1,1,True,0.11579950153827667
held_context,7fbd8a937689ebe86d84d144,фотостудия,f0fdca1ac898b60b,17,15,False,
held_context,7fef379c55938b574fc1cb0b,замена дисплея iphone 16 pro,3f163d85272b91fa,1,1,True,6.022586345672607
held_context,804842742ba5d58603e34c08,почасовая аренда кушетки,1c751494828fca05,1,1,True,0.5905479192733765
held_context,80eb034997e4e04f296bc09d,дренажный насос аренда,47749df836df6e15,1,1,False,
held_context,80f6690e6c74641275740aa5,выкуп складских остатков,3c21b930883b2b4a,20,12,False,23.071041107177734
held_context,80f6690e6c74641275740aa5,выкуп складских остатков,c4a6a8d9669bd0fb,2,4,True,0.24773286283016205
held_context,8163596fff988afc2ce74bea,ремонт кожаной мебели,b4145acb586b8e53,29,26,True,0.9132468700408936
held_context,81c2d40647100362bad53098,грузотакси,66b4ab8366d45775,10,11,False,
held_context,81e441a6dd59939aa4d5b43d,сброс apple id,d550ad1a6d051975,1,1,True,0.14109092950820923
held_context,8237cefba9565e531fd6da58,компьютерная диагностика vag audi volkswagen skoda,64234bdf9afb6057,1,1,True,4.1050801277160645
held_context,8250b98144bbb0ffbab361b1,скупка объективов,9b997b80a1ec5c44,2,4,True,5.888956546783447
held_context,82b12f0d5fee36c69b5d3a98,ремонт bmw,11aef494fbcddb3a,1,1,False,
held_context,833e9f3f59142596ded99b62,проточка тормозных дисков,be7756979fb882ab,2,1,True,8.25420093536377
held_context,83878034cbc3019c4bffe163,ростелеком подключение,624b3529358dddca,1,1,True,0.003246941603720188
held_context,83941acfe8ef5cad06bc132c,укладка ламината на балконе,c89603c02ff2ee35,1,1,True,6.437592506408691
held_context,83a076b490c0c8d9eab5e186,подшить джинсы,77f20a6b00a98b8b,1,2,True,3.5418787002563477
held_context,83f3ac4c15580e4d4000fb17,вспашка земли культиватором,5da8d8060310dd3a,1,1,True,5.371802806854248
held_context,845e622d721cb3b25ccd1c8e,выкуп мототехники,280ab199beaa3b22,1,1,True,4.029881954193115
held_context,84d8d3c98ddb54b4ac469362,лофт помещение,0b44068ebc97de4c,18,10,False,
held_context,8556a36d4cb185c7741cc607,натяжной потолок на балкон,2d308ae6e5669a1c,16,17,True,8.481840133666992
held_context,8589a502ed1f2e3d9dfc62f4,электрик нагаево,81fb0c3b56a38d45,2,2,True,3.108184337615967
held_context,8639401671faa8a0beb5258b,шумоизоляция,6e69f883432cb3e7,1,1,True,1.0487980842590332
held_context,866b8fd61ca7018a79fb9e40,прокат триммера,252da79e9846c3ca,1,1,True,4.106546401977539
held_context,86d599a84b0f74f1eec1ab3c,репатриация в израиль,471087c51be7fcf8,1,1,True,0.3737698197364807
held_context,87b7a8ce7706040314e9dab0,вывоз резины и утилизация шин,8c799d14e83743da,3,3,True,11.81185245513916
held_context,87eb125bb725fdca8a81a7bd,химическая завивка волос,69cdd75a6ce931c1,21,18,True,2.716036319732666
held_context,888d899b0fe3ec43d0da5d09,кузовной ремонт авто,2020511cc140be91,1,1,False,
held_context,89d0db28711573ae47be8e5f,ремонт роллетов,3396a8d49e1a9eea,1,1,True,1.4894042015075684
held_context,8a4a9c7e166463190402229c,определение границ участка,3532f617975c8dfe,1,1,True,3.920804500579834
held_context,8a6be56ec329cac155184a68,ремонт двигателя откатных ворот,1cfa94ded0f43910,3,3,False,19.161121368408203
held_context,8aad0cb4eab96f1d77286a23,мастер телевизор сзао,a2bbaff57f90a434,65,59,True,14.356550216674805
held_context,8ad18d1ceb4a53404855276a,риэлтор по аренде,c6b06b935d25d864,7,6,True,0.5795148611068726
held_context,8b1c2d5f072fba210edc9f5e,купить диплом о высшем образовании,71a6f654df2d6439,13,33,True,9.006789332488552e-05
held_context,8b93824b559f86d956108c5f,малогабаритные перевозки,1ce955dba32721ff,4,6,True,3.85605525970459
held_context,8c180be8c4868d025657e18e,градобойщик,5c4f5b6eeb02cdbb,1,1,False,19.237895965576172
held_context,8c19849cff6e08e20f73ad22,ремонт электроники светильники лед,1155f55662d41232,18,14,True,4.3266472816467285
held_context,8c9d3a892720605975416786,сиделка на час,ce5c403d5e05af87,16,15,True,2.3734490871429443
held_context,8caa87bd62a53f4c9f4dee8a,юрист раздел имущества,25c426420074a76f,111,72,False,
held_context,8d81d9daafe58b495c3cac29,трансфер по городу 8 мест,47a39ffca7b84ba7,13,15,True,0.9203968048095703
held_context,8de22697e9e3873770cb0b0f,родирование золота,f5a2550198b4b30d,4,4,True,3.0862603187561035
held_context,8dffba95cef947043b8a26da,розыгрыш,f2c0897f34cef225,4,3,True,0.43475422263145447
held_context,8e1d1b26224c4c4f59747a48,китайский с носителем,64ae2d700e542fb8,7,6,True,0.3737698197364807
held_context,8e579f4e252e56e3974c8ea2,учитель по скрипке,7b3d99c0102ef041,1,1,True,2.9032843112945557
held_context,8e6ee7bdbce4ba1bc134b6f1,ремонт тв приставок xiaomi,3b046779821b1c21,1,1,True,17.389225006103516
held_context,8ebadc2ed0c6212bf256edb3,обучение 3д печати,87f80e5a94f6651c,1,1,True,5.362475872039795
held_context,8ede7bd49d6ad0fbb085885f,услуги мини трактора по раскиду земле,6bb1fe126b477756,4,3,True,0.43420812487602234
held_context,91951f1ad14e5301b834d0d8,ростовые куклы на праздник,8bf388a141df7e7d,1,1,False,
held_context,92193465dbbdb7ce3f7c018c,а фрейм аренда,3e76acd5e8797946,3,1,True,8.10605239868164
held_context,922454c130dce555859d27cb,сборка тренажеров,983bbecde2dd544d,6,9,True,3.5683279037475586
held_context,9234c1a9010d1b3d84ac23a4,прокат багги,e23857dc31ede2fd,1,1,True,0.1841496229171753
held_context,926ef443931274e990ca8637,ремонт дизельных двигателей,c755364c2152387b,3,3,True,5.943752765655518
held_context,927c438474abf9b812c4da5a,замена струн на гитаре,618a12a08b1619d4,1,1,True,0.7739681005477905
held_context,936754854118ecccda4eed31,банкротство физ лиц,fb7ac0ac972ad7ff,2,2,True,1.5158586502075195
held_context,93ce1c30dcecc77d5e12cc61,активация скрытых функций renault,ff3cb5f296696d77,1,1,True,7.016437530517578
held_context,944a4d95f2d06bb2e9ed38d8,восстановление резьбы,84b70835e7946ff7,0,0,True,
held_context,955b263b7fb8a49a0bdd9689,перетяжка мебели октябрьский район,f029cca7ae65bfa7,2,2,True,4.666628837585449
held_context,95e4a2ea90b0b9281319d7cf,чертежи студентам,02347a522a528c7d,2,2,True,0.0
held_context,960e62dd43afb950e653f5b0,гараж посуточно,a25980b296239a1e,1,1,False,12.173157691955566
held_context,972562a617858bffbc4f336f,снять беседку,230d8cd244ed2b79,1,1,True,6.741412162780762
held_context,976bb3fbc8f928929e819f1d,ремонт автостекол,aa49220bfe66b084,2,2,True,5.243724346160889
held_context,97a80173d5ef433b40071527,отделка бань,ca501175d3061d60,4,4,True,1.8151977062225342
held_context,97c1797fff29d024c1c78c5c,дренаж,b540ce0388452a90,7,2,True,0.0
held_context,9914f25c0fff5d73dfd9680d,кинолог с выездом на дом,0449c10a0b3ee803,23,19,True,12.834296226501465
held_context,9a73cfbf9389cc9770d9895e,аренда автобуса с водителем 35 мест,81c550b11bbfcd57,1,2,True,4.532598972320557
held_context,9b2f00949e7c726d293752c2,вывоз веток с участка,fd0eaa94f9246212,1,1,True,6.801145076751709
held_context,9b34abfe7afd2d30b0158360,ремонт xiaomi,d01c4d8c8bb8186b,12,12,True,2.978632926940918
held_context,9b78dbba17dc36d523dcb01c,домик для отдыха,391d5097606e05f1,2,2,False,
held_context,9b95eac9ee0bbe7ad35a77d0,печать бирок сатин,cb8f8fc96f6f46ac,2,1,True,2.956456422805786
held_context,9c7a0ad5a26c4110a3fae1cf,ремонт peugeot citroen,42d4dcfac5cd861b,3,5,True,5.820132732391357
held_context,9d1c37b3e1d14a6469d4bb6a,реставрация деревянных дверей,96ab7ab131dcb191,2,1,True,7.506020545959473
held_context,9d506a383dcbb2606637f598,аренда отбойника,5e0027bc584e180b,12,10,True,5.090775012969971
held_context,9d6b81d907dbde5ddc7b69d6,перевозка людей,eefeb11e9103d8b7,3,2,True,1.4961316585540771
held_context,9db4643ea4cff64df08eb8e1,стрижка собак дзержинский,9e33e0af071cda60,36,38,False,
held_context,9e0d91914adb605645a358ce,ремонт роботов пылесосов xiaomi,413ff40366b53b18,3,2,True,12.023265838623047
held_context,9e45391ad0f3a1eb144ecbfd,скупка серверов,86490ebacf2d008c,3,3,True,9.06995964050293
held_context,9ec9361913e8349eca4aad60,триммер в аренду,c21d4c2ff51a6ac7,3,2,True,2.267347812652588
held_context,9ecd7f41ab045baf9fde3ac0,токарные работы чпу,8efccec0c0c35f84,116,118,False,
held_context,9f02e2ea0452d7fa4401deb0,массаж лечебный шеи,17d7defaec443d2c,2,2,True,1.348475694656372
held_context,9f4d5e21e79718d694b7a7d3,открытие дверей квартиры,5e015f1265c20706,2,2,True,5.649335861206055
held_context,9fb1f6b6eb70b4bf1f96f96e,модель на наращивание,0ac900a53d558119,13,9,True,12.249134063720703
held_context,9fc7d1d6d7c10ede4b585dab,торты на заказ на чапаева,6559b6da8a5dcbc3,29,30,True,2.3321938514709473
held_context,9fe863d54e43a371974354a5,надуть шары гелием на дому,946f39baadf31d89,11,7,False,14.538872718811035
held_context,a032bfe36152405dfe4c4c72,грузоперевозки москва-чечня,78460317786bf1dd,1,1,False,
held_context,a15a1c1c1ab0ddb3bcacf6d1,вскрытие замка,ff31ec7f3329664f,11,9,True,7.682777404785156
held_context,a2cb0961ac47b59c48972494,вынос границ участка,d9b4d5f5467354f4,1,1,True,0.0
held_context,a32913eadcf0576a47793492,прокат аренда велосипеда,24f5577ce0065b00,2,2,True,12.20433235168457
held_context,a3b06ac258151f16d0dcc16e,аренда кемпера,3be6c200303beffc,1,1,True,8.198182106018066
held_context,a4e4524efdd57a0f1f8b4a55,трамбовка грунта услуга,4e5a71611acc6c3f,3,2,True,4.949023723602295
held_context,a4f8c780b94603df4642e630,ремонт пластиковых окон и дверей,2cc4cfd14034a11b,4,4,True,6.687576770782471
held_context,a5fc710ba92856af419c3004,посредник в казахстане,cfcb7da1f3cd7359,4,3,True,1.6465389728546143
held_context,a64b0aef1694c1d53a33d9ac,обтяжка пуговиц,13ceef194b250c71,1,1,True,4.369986057281494
held_context,a6bbb8079c6443370e9f2de0,обследование дома перед покупкой,9e9ea6cc0d3b9535,36,24,True,14.120970726013184
held_context,a6cbc195743b57fc237e4154,козырек на гараж,3c73fe0539e0639b,5,2,True,0.3628425896167755
held_context,a73b87c4572a6ca332a9d24f,грумминг,e01de766fd52f15b,13,12,True,9.630095481872559
held_context,a779377b2805aeaffce258cf,миграционный юрист рвп внж,c55ccf2f121ec5c0,11,15,False,
held_context,a77ca4e12f06f3adf2572f7d,услуги листогиба,ac7cf564cf3ebb00,1,1,True,7.427490234375
held_context,a7cfece9548bb28975fd0047,фотограф на свадьбу,030b3bc61948252e,11,10,True,0.37379443645477295
held_context,a8f7d8ab5e089fb107ee5abd,ремонт микроволновок,9abfbffb6bf7b303,1,1,False,
held_context,a974ba0d572d76e0cf66a664,замена дисплея iphone 11,8be36d7429c59e28,1,1,False,
held_context,a97584b365380b501a2bc2d4,скупка картриджей,32e539627bb6383d,11,10,True,5.753310680389404
held_context,a9944c9bf1f4c8eeb824db31,скупка и утилизация стиральных машин,796d730bff213607,2,1,True,6.728180885314941
held_context,aa58d9905076c3a0982824b4,иньектирование стен,737c9d6c7e1f8a16,1,1,True,1.9870710372924805
held_context,aaa2f703d18ea0c92d74ac16,ремонт металлоискателя,3a9118499dd26b6d,9,7,True,0.7616169452667236
held_context,aaf9c6341dc2519f9377fef0,волосковый,ab3b2d7ab062d2f4,7,6,True,11.942375183105469
held_context,ac7f357ffcd2be8d3fd28091,предсказание будущего,5e9a9fd9a7104033,15,15,True,1.8632254600524902
held_context,ac9c47607b695f8aff00ab4a,дрова,500008177c442c6c,3,3,True,8.716490992810577e-05
held_context,aca4ab664e1e6d2936c90faf,портниха,98f06aede6a528de,0,0,True,
held_context,ace5e07783b733bf33293b39,ремонт электродвигателей,70139b66ef8989b7,1,1,False,45.07213592529297
held_context,ae730681cff69a6912ac98e2,онлайн тренер,20447325097c906e,4,2,True,0.17507563531398773
held_context,ae9f55f2d12d7c9b7b901bcf,приемщик квартир,3c4fa2791e43d08f,2,2,True,6.409173965454102
held_context,aead07d44491ca88acb3a961,саларьево,5b842c23ba216c92,0,0,True,
held_context,af603e0fed5e262c48761b9c,клоун на праздник,a0e4774833d023b1,117,144,True,6.509058952331543
held_context,afe77d6e6da2995e3feee56a,маляр,3616bd6a105870ab,1,1,True,7.382000923156738
held_context,b05d613010e3d1a4a9ffcb54,аренда электровелосипедов с выкупом,b49c30af2fc0065e,6,6,True,2.6145992279052734
held_context,b05eeaa34ddd5be33ced4cb7,подписчики инстаграм,89a7f277342f2056,2,2,True,9.006789332488552e-05
held_context,b0a2e7ea3596f37913e15840,поздравление от знаменитости,1de2ab3904f9e6ae,5,4,True,5.975242614746094
held_context,b1226cec4a3854421bcdab4d,доставка воды,1de8524b08460b04,1,1,True,5.271534442901611
held_context,b1876b1e1691809f1381c81f,гид в пекине,f83fedc485af5a3d,30,21,False,
held_context,b1911133c5d724dd5e8c6f92,лазерная очистка металла,9e0b4ec544985d8b,1,1,True,5.0623555183410645
held_context,b1baf479b20c3becc2d66211,диско лимузин,c1ff6c1718315245,10,7,True,15.731891632080078
held_context,b2e97502be080e714a8df2ff,гбо,a8f1d653e640eece,1,1,True,4.200195789337158
held_context,b30b944349fb94555a877981,полимолочная кислота,70c217c03761b975,11,11,True,1.5629122257232666
held_context,b32fd7fdc7d84d467c425ffe,скупка печатных плат,c767e644d3fb11d5,5,4,True,11.594576835632324
held_context,b356df3cb1fb1d6e5de291ea,дизайнерский ремонт под ключ,8fbd565602bcff11,6,2,True,0.4414710998535156
held_context,b42dcf41c61330803fe9ffde,замена экрана на iphone 11,1a3b69f5ef8b26a3,4,4,True,1.2233834266662598
held_context,b6007cd857716af804d331f1,аренда летней беседки,f8299dcbe1d65b23,1,1,True,7.427518844604492
held_context,b6d18209030df85c72ec5c31,замена накладки входной двери,806f035bf4e5c154,14,28,True,3.5614447593688965
held_context,b7254de2a908692409fcf609,грузоперевозки фургон,19bddd8de320eb4a,9,4,True,3.2527270317077637
held_context,b78d07c0311bf438c27883ab,выкуп пк,1fad049b969f036a,1,2,True,2.3270375728607178
held_context,b7e5590026e54c248229978c,замена стекла на телефоне,31fa9322e1690061,11,10,True,1.5818963050842285
held_context,b84329d72625b23f362fa585,замена аккумулятор,8309d9a79648a5cf,12,10,True,7.149982452392578
held_context,b86061d5c3a049e32aeb2dd8,вытянуть вмятину,716deb6ae0650a2f,2,2,True,15.940689086914062
held_context,b87e5abd9d5b2a6947b22706,муж на час очаковский район,bf6deea65f9a8c6b,9,10,True,12.419332504272461
held_context,b91b812ed5c4c7d7e07aa47b,репетитор по японскому,284a98149f0c8079,31,7,False,
held_context,bac52a5ee54ffeb3917ef109,ремонт динамиков,ac53e34a0ac83074,1,1,False,5.28141450881958
held_context,bad3b0f2a889bbd804726b06,ремонт станков чпу,657826114d99a5ec,1,1,True,5.9865593910217285
held_context,bb3e70be90f289ae51ca90a1,сборный груз в москву,1272dce1d38b47de,1,1,True,1.5799620151519775
held_context,bb60c3f4431b275476fb2b60,расчистка садового участка,2889cb4ea7ad71d5,1,2,True,5.4767069816589355
held_context,bb6ca35a06f0f95ffaf0a539,ремонт задника кроссовок,f6353354f1cd7896,26,57,True,1.1704683303833008
held_context,bba8357e0515120913d3de48,реставрация ванн акрилом,a12f485199ebd927,22,30,True,11.963940620422363
held_context,bbe16a5286da434e2a56e635,аренда гаража для химчистки,1214717ae6b1fa22,14,11,True,23.416336059570312
held_context,bc1b535a78fd1eb0d3542d18,ремонт теле радио аппаратуры,b3e69895c80683b0,45,63,True,10.095818519592285
held_context,bc8bbb37bf9667f90de23e88,установка ос удаленно,1b3031f1a47618a9,97,80,False,
held_context,bd5ef85d4c85ca65319fa97f,трактор в аренду,a933647ae5e5deb9,4,2,True,18.097415924072266
held_context,bd6badae758527bd75effe1f,замена замков дверей,1af766d03759c175,1,2,True,6.892558574676514
held_context,bda5c65011bfc90039c8bdfc,аренда контейнера,ef94f5e4244495a4,5,5,True,0.13653862476348877
held_context,bdf6310a69a320f4a96c39b8,промывка форсунок бмв,957cb89262e7b5eb,1,1,True,8.134184837341309
held_context,bf87459c7dc808017ec4d1c3,аренда тату места,1d0b57cb1e18a787,4,5,True,4.673324108123779
held_context,bf87f56c73863aad4516dab9,сварка авто,7914e6010d71633c,1,1,True,8.021651268005371
held_context,bfab9bf5d68e473309fa5c28,аренда теплохода,eed0b2dd6b5e22e5,4,4,True,1.2197256088256836
held_context,c13760bf310a83a3309e94fa,аренда прокат шлифовальная машина,c8f9df054a54fa0c,1,1,True,4.832231521606445
held_context,c15c724be71cff4a5c8165e6,аниматоры маша и медведь,d97dd464a0a26cba,2,2,True,0.27055010199546814
held_context,c20c6c6adb50fbd76f3b8807,скупка мониторов,14f173d99e355cab,7,6,True,4.62542200088501
held_context,c356f189d7a9295cd9b807e8,памятники из гранита,e9d04f39c979c9d1,5,6,True,7.147373199462891
held_context,c3cc03a7a9dc641042260118,изготовление штендеров,551eb827316f2ca4,4,4,True,8.07014274597168
held_context,c46a81156dc97d09cdcbeced,3д печать шильдиков,07acbfe998b698d4,768,657,False,
held_context,c46d0bee5bb4a859b3f2a23d,утепление дверей,f2a39d7e730d2043,3,3,True,0.9334383010864258
held_context,c48900c501690edffb2429e5,маникюр плесецкая,229d6fa8cbc01062,3,3,True,12.236276626586914
held_context,c6fec9ce1d0f9d1fdffae11d,восстановление амортизатора мотоцикла,24b4df7420b35a68,1,1,True,11.209603309631348
held_context,c7aa3c96e6d8dfa20fadc0c2,вынос мусора из квартиры,c3be2fb4150ce6e8,2,2,True,6.648816108703613
held_context,c7b24ade04aea2be36e48558,очистка матрасов,b11216f518d19c4f,1,1,True,0.9824471473693848
held_context,c7c5d66d2aaded68f324d7b2,алмазная резка,8546e0014c433061,5,4,True,2.6290736198425293
held_context,c8770d7c673de6fc16389dc8,иркутск обучение игре на гитаре онлайн,2c46dbca3605bdf9,1,1,False,68.06564331054688
held_context,c895fc8e3a3b32b74ced9ba4,химчистка диванов на дому,43903497ef6f00ff,12,6,True,8.040319442749023
held_context,c8da5b39a91bb2761740ac33,аренда свадебного декора,7e1369a92722c438,1,1,True,0.023331034928560257
held_context,c90527cac0251fd26bd2504d,аренда лодочного мотора,22a392f33735377b,1,1,False,
held_context,c93bc8a1fa29df044b6aa089,трубостойка,ab6badc31a216231,2,2,False,
held_context,c9a06d9e793f4b57afee9b6c,фотостудия аренда sex,5c05700a480b0d7f,3,2,True,0.8363516330718994
held_context,cb83a043e835867a8a7f037d,макияж,260ffaa6ea45b29d,11,9,True,7.680998802185059
held_context,cc6ab3f55dee47e1d7c33221,клининг мытье окон,a67c02f9bebf727c,8,4,True,5.488330364227295
held_context,cc8252a57222cbf7bdf0748c,сборка мебели ремонт,d5f7bf92cc61640f,79,111,False,
held_context,ccfb9d8b9ee44d9a95d60b6d,электромонтер,09982ce0de4a3650,111,90,True,12.825637817382812
held_context,ccfee4ef7370098ff9927c90,углубление колодцев,2d4e3cbb4bc555d3,3,2,True,12.647705078125
held_context,cdbcd98997f92db8a073496e,моментальный загар обучение,2145b135b8c097e5,495,377,True,0.3265611231327057
held_context,ce0bdae6750ddbe414d8181c,подолог сормовский район,9401396572120dbb,1,1,True,10.905335426330566
held_context,cfa071c04d138efc93d682ad,выездной ремонт авто,5f04d83261923124,2,5,True,5.761704444885254
held_context,cfb0b1895e091e69509b6e2e,уаз на прокат,7e5ae3fd3c3ae6c5,15,13,False,46.16946029663086
held_context,d044b14f5e45a52802cfadb6,культиватор аренда,8f94ad82279f4f8c,69,107,False,18.614465713500977
held_context,d0be1c390cd7342ba3dac77e,выкуп камер,9a68383944d3fdac,1,1,True,4.172182083129883
held_context,d1c323c116597e26daccd07a,таблички,1c616a0e3f3b1a18,2,2,True,0.7133165597915649
held_context,d212e1b6a4c12cd6a73e77f6,электролаборатория,3bd832f53cb34e1f,1,1,True,6.0509621107485145e-05
held_context,d2498dcabd35d61d363fbe25,печать логотипа на воздушных шарах,ccaa7dee43f96a7d,2,2,True,9.781821250915527
held_context,d2789d35ea2625b0c309c981,диагностическая карта техосмотр,70c8c5c524148e42,1,1,True,6.5134124755859375
held_context,d3ba22abb8b6603667436add,бенто торт срочно,09823644f8759d57,2,3,True,7.342046737670898
held_context,d3d0e1683501a18720f56d8d,установка столбов лэп,57c9e581bef1abd0,1,1,True,1.2321734428405762
held_context,d5549be129ddb5db90ffb8a3,мастер по ремонту стиральных машин на дому,9cf168be594ecaed,22,21,False,
held_context,d61d5e9c670cbda253ee5f6f,мастер ремонта телевизора,456bdc30fcccd915,4,2,True,0.5125997066497803
held_context,d63627297df453bbf89badac,портрет,ce3c3ae3636d2c4f,1,1,True,1.7131469249725342
held_context,d63f01b090ac66c4d9705a8a,аренда прокат инструмента электроинструменты,c5534e28769de862,5,4,True,11.154120445251465
held_context,d643d094f36c4876ce45334a,снять дом с баней и чаном,b1fe3a19ff34c499,25,29,True,9.135021209716797
held_context,d6acb4386dc04f740fd50a73,подъем груза на этаж,c2250876d9aacca6,1,1,True,11.514254570007324
held_context,d6e38f0955d3b25530d72f49,химчистка ковра,e89b1a51dcadf64c,1,1,True,1.3585755825042725
held_context,d70c6b92277040ef21d512a3,выкуп ps4,861bbf2a4da46b84,7,7,False,
held_context,d71988f81e5543f58db9c6ec,подбор краски,f90b5495f5ab9bc7,1,1,False,
held_context,d71a0cece88182d77ce81f9e,заточка ножей для гильотины,ced85affc896fe52,1,1,True,16.212738037109375
held_context,d8a4089bb8e764eb8f82dd1b,тату мастер,6b11185080f7efcd,4,8,True,1.9014577865600586
held_context,d8a4089bb8e764eb8f82dd1b,тату мастер,cde03d27eb4b3762,2,2,True,0.2507997155189514
held_context,d8c6384fb3fd9c0da934f989,рвд,de8bf8bce02586cb,1,1,False,28.092697143554688
held_context,d91c3b9f3dde79f4fa273533,база отдыха с бассейном и рыбалкой,e5ee0df1d3ef59ba,13,28,False,75.25493621826172
held_context,d96319fcdfae1ddfd13b1ad0,копка траншеи вручную,e065787a7602d941,6,4,False,
held_context,d98a2daa041f2f6dc41b6341,термех,1103c11cffe03b78,3,4,False,
held_context,da0f1d20d24bf3596abcbd33,скупка компьютерных комплектующих,5932efba0c0f0294,6,6,True,4.750119209289551
held_context,da282635c32aab9b9fa673f6,декор на свадьбу,8b8f931960a892ba,1,1,True,0.032751720398664474
held_context,da764828c270c7577122b17c,авто юрист по дтп,9fea7242235cfae3,1,1,True,3.5797080993652344
held_context,dae7b0f642fc96fd521fc6c0,сиделка с проживанием,a13864604e209bee,1,4,True,2.5478785037994385
held_context,db0210ead357c2e35a0c0473,плиточник укладка,9a4ba9e54fa54484,11,6,False,
held_context,db35a89251cc64cfb29fcb57,аренда бункера под мусор,99ba2655a5d47f86,2,1,True,2.4096896648406982
held_context,db35a89251cc64cfb29fcb57,аренда бункера под мусор,cd9b668301539763,1,2,True,0.0001523370447102934
held_context,db991e8a4fad4a0aaf5887bf,мастер на час,aab5c797cd35fb6e,43,25,True,12.203519821166992
held_context,dc80bd86d4d31c5ead070b65,полиграф детектор лжи,b0ef72db48cf6e20,1,1,True,10.46601390838623
held_context,dc8e7726559eab17e66f8e07,мини бар с карликами,00c3c048e0f869fe,1,1,False,
held_context,ddb6d405c0680f9947a1119c,установить замок,2f53a2086389f376,16,15,True,7.220943450927734
held_context,dde44e967e2f7bd8cc115b6d,аренда экскаватора,ba609cd856cbd47e,1,1,True,0.4384717047214508
held_context,de1cba8d573daf5f3fa576eb,торцевая пила аренда,ae39208947576378,4,4,False,3.852719783782959
held_context,de2bbf1c37104563eedd8a75,аренда светового оборудования,32f02c9a15703e85,2,1,True,1.3679285049438477
held_context,de402263ce0b0b527b547727,модель тфп,c2cf0889b50d9376,2,2,True,12.831005096435547
held_context,de994f1ec6cc9df13a11df0e,ремонт туалета пвх панелями,0ae7990eab15d9ab,1,1,True,7.819309234619141
held_context,deccce08a30f60f3f5a80ab7,ушить одежду,3d5f98cacd2ae0a5,39,38,True,6.7131547927856445
held_context,ded9a7d2efc82a7cdfd79880,обучение косметологии,ca9e763c3b64f0e1,1,1,True,2.9405877590179443
held_context,deed93e7179015acdc2e9601,самосвал,d4bfd8b2bdb88001,3,3,True,0.017866404727101326
held_context,df512114e06ed267bb530c11,окрашивание волос airtouch,64f2119a19a33b13,7,7,True,0.2304002195596695
held_context,df8fc0b6110d9ce79096497e,закуски фуршет,6cb308e9845dd577,2,3,True,10.148284912109375
held_context,dfac800cc882deb9f1468fe4,аренда место для лашмейкера,a88c88dd9eef110c,21,20,True,0.7347685098648071
held_context,e08d992d826a9d7e99840127,художественное литье,18c4de721f30b8d5,8,6,False,900.645263671875
held_context,e0d2b1c29bd6b71c16d6a743,печать планов эвакуации,c7fc803e18945d97,1,1,False,24.628231048583984
held_context,e0feee5688a5fa4e6a1871f6,прошивка эбу,353f84857909be32,1,1,True,4.445576190948486
held_context,e1082dcd349bfd1a7cfc04a0,создать apple id,bb589ab8c0351885,11,5,False,1255.663818359375
held_context,e2950a81dfbdc0c9c8649d9f,лофт на день рождения,2efbefc635d62292,12,12,True,5.6721882820129395
held_context,e2e3fc70b77230510c1ceec0,прием металла,0710cff62605dcec,1,1,True,0.0
held_context,e301c01de0893c367f23cee0,аренда минивена с водителем,92940f93b734354e,1,1,True,3.2464771270751953
held_context,e4203b0ea2a766c6b82b05de,установка входных металлических дверей,e23273a6670bbb01,1,1,False,
held_context,e429b1ddb75fc35ece5dcbd9,широкоформатное сканирование,3ce50a97e5a745fb,1,1,True,12.186881065368652
held_context,e4629ad98f8692e69198fc69,тренер по бальным танцам,88efc01417c81abb,2,4,True,3.075094223022461
held_context,e47cbf551fd7b5f621c6cf90,ремонт санузла,5db2d9723fd55df4,1,1,True,2.4090845584869385
held_context,e54bf0221f2941abbaedefc2,ремонт ключей от машины,06636e47c6791957,2,2,False,68.68610382080078
held_context,e5506b97e0402764ebd5a91b,косметолог ботокс для лица,8bfe704e69e1bf5a,16,10,True,3.1819329261779785
held_context,e57d522f69500ec14df91a90,эвакуатор шахты,f64c6acd54dafb12,1,1,True,9.71445842878893e-05
held_context,e5bd14d8eda354056c30b370,аренда автобуса 35 мест,42272de09cae29b6,19,18,False,44.0651969909668
held_context,e608daea753db8219eb8acc8,монтаж камина,e17a0d72ff8f900b,2,1,True,7.39907169342041
held_context,e6346666607b41d2ad3c8832,фабрика пошива одежды,f428b754e3d80d13,73,45,False,
held_context,e6901b9f9698c278c3a90bcc,повесить карниз,116d6e6b8d66d2dc,5,2,True,6.476052761077881
held_context,e734e2128b9e3c248675b2f5,аренда автомобиль,ac2efefe0596aa2f,1,1,True,1.14638090133667
held_context,e742d00a369605d251c34602,деревянный пол на лагах,1e28383cbb3302a7,8,9,True,0.9667754173278809
held_context,e75bf185579a74cc82d8a8c9,установка замков на входную металлическую,8ecc36aa20c47480,19,9,True,14.18149185180664
held_context,e7bcf58e170a28b5d515c4ea,ремонт окон schuco,6577fe3467145873,11,15,True,16.197412490844727
held_context,e8708108cdfbd8c8effdf990,реклама,80ae873e8f6d08c7,3,3,True,0.6359200477600098
held_context,e89337d137853181dd70388f,ремонт стеклопакетов дверей,896804a5fdd15887,59,47,False,14.114320755004883
held_context,e8b273dc18bb9aa9aafd3610,тату мастер реализм,19afa749ecd72110,2,1,True,7.351126670837402
held_context,e8fa29915270baebb62396b5,приму древесные отходы,cce568aec587cf7f,5,3,False,
held_context,e90ab98cbdfe6075e48df2f0,изготовление наружной рекламы на плотере,cd2da7685775f38a,30,51,True,9.006789332488552e-05
held_context,e917b2d41ca8b96644c17f01,фотобудка,2ec28d5a44e7cea2,2,3,True,3.7081680297851562
held_context,e917b2d41ca8b96644c17f01,фотобудка,2f5d4d00b19a2e34,1,1,True,0.3737698197364807
held_context,e99c81da764537ea7be1568d,часы ссср в ремонт,4c5ff5cd5d1c42a8,1,1,True,9.006789332488552e-05
held_context,ea0924eab6acd0507ec4266d,изготовление и монтаж москитных сеток,fe7708c3f3c28306,15,22,True,9.006789332488552e-05
held_context,ea184b63334e34d623c68f98,подключение сабвуфера,d50910732434002d,1,1,True,24.34394073486328
held_context,ea77805e6d534afd45971178,аренда домкрата,2974f8b2f9aeb2a6,2,1,True,3.078617572784424
held_context,ea7a24d8641155146694b576,аниматоры квесты,02f447049cc21b04,6,9,True,3.602321147918701
held_context,eac20a882a5040640542cdc7,подбор авто,2bc43cc242fa735a,4,5,False,
held_context,ead0dae5cbeb49b6366d86b3,доставка из сша,4eef6dafd7541682,9,8,True,2.8313210010528564
held_context,ead65c99528acde37fd2ede4,установщик кондиционеров,ebb4dee6b77aecbe,21,17,True,10.745217323303223
held_context,eaf57b38e98a2a8bf1070a44,мини кун,6c5865488c7ea932,2,2,True,0.00016456848243251443
held_context,eb3aac233c2ec927dc653201,стилист по волосам,aefe55faed746945,7,8,True,1.899430751800537
held_context,ebd6e57abd234da14299eedb,мобильная съемка,d8ee689de7ac44f0,2,1,True,0.814515233039856
held_context,ebd6e57abd234da14299eedb,мобильная съемка,dd15e6a7be4db689,5,4,True,0.16226448118686676
held_context,ebe20ae9a81412e99a5a5ae6,ремонт и установка  гбо,5f8c8d5295f89aae,1,1,True,6.191062927246094
held_context,ebff01f3212c480dad40aebf,заменить аккумулятор на iphone,ff919853dce88f04,26,20,True,9.297381401062012
held_context,ec2654e836b930ff6638c135,перфоратор,e2a1a3ff1c0cf751,1,1,True,3.352220058441162
held_context,ec6f1e18ded1f6864079781b,детские мастер классы выездные,fa7bbb3ca7f4eac1,8,5,True,4.687796115875244
held_context,edaef58f28fe8c12883b7f81,реабилитация после инсульта,187acdf32141a9e0,2,2,True,14.217788696289062
held_context,edbc3210951030650141c956,чистка газового котла,0dff5797dd655634,4,4,True,0.0032100279349833727
held_context,ee3ba2701432ba67d8308ba2,оклейка пленкой. интерьер,70918a53938a7965,2,1,True,0.20261669158935547
held_context,eec764bd8c2b43f7c34abfe4,юридическая проверка квартиры,873a81f15746c35f,8,9,True,1.946150541305542
held_context,ef6e50378035f44200b9898a,цветная печать a4,8a4e70aa5341fe5a,1,1,True,2.2366299629211426
held_context,f0ea26bff5f6fe62d216aa77,покраска рамы велосипеда,2909144c9f706a84,4,2,True,11.61766242980957
held_context,f11db1a92677a048d75ee916,клининг уборка,6a043369b622cea4,1,1,True,1.445077657699585
held_context,f15de1568e87eddef3ac222e,сварка дисков,e703a60463323c17,2,1,True,2.2699763774871826
held_context,f2208103d7f914c7ab8bccc3,ремонт бамперов пайка пластика ремонт креплений,59628dba80e01044,1,1,True,5.470381259918213
held_context,f23648e63ca62b06a0935529,ремонт кожи сидений авто,93c65cadc0c2fd00,11,8,False,
held_context,f2a4a712c3408d0391d6fed3,вывоз мусора с участка,bc7481bdaa1b99ce,2,10,True,0.2606236934661865
held_context,f2a8d81a80dc8bc1735eaedd,выровнять участок,17d4d96ad4b38e19,4,2,True,12.860784530639648
held_context,f38199eaa146dd39deb5c095,удаление татуажа бровей,9d3510565eee472d,29,19,True,2.8191146850585938
held_context,f38289d312a095363332b12b,реабилитолог на дом,3f35ed5a69b35f81,10,10,True,9.006789332488552e-05
held_context,f39afc74bba49ffdad0fda93,продам фотоаппарат,023325483bcacaab,22,34,True,1.1017065048217773
held_context,f3af9caa93b1b45336150102,сауна с джакузи,4e94b4a6a021b492,2,2,True,0.3898370563983917
held_context,f3e1e08319073e22ed3bf361,репетитор японский,c86049a78071d5ef,1,1,True,3.284249782562256
held_context,f3ea8ccea8b7bb9c3d899386,установка windows 11,4ed06a20da514085,1,1,True,6.235347747802734
held_context,f40c93f8075509191d39c56d,скупка монет,12b011c0689e7818,4,4,True,6.065677165985107
held_context,f48014ae432a9888760760c0,вымыть окна в квартире,2b1f926738208f23,18,13,True,12.52001953125
held_context,f4898237ea5c146679d0a8d9,репетитор русский язык,1dbf36dcd8a14d1e,1,1,False,
held_context,f5452194230c105ae1bbd6ca,осинезатор,3c3be4eabaeb36ad,24,18,True,9.146162033081055
held_context,f5fdc3880f6c6817730bf3f4,карта зарубежного банка выпустить,091182af9cd6ce01,3,1,True,0.14547373354434967
held_context,f65416fa28fa63edde2aa083,дом а фрейм снять,f3afd4aa279d6b48,60,45,True,5.986668586730957
held_context,f68ad33e3513a6cf7ac303ad,распил лдсп на чпу,25b4f714eab3639d,1,1,True,5.869645118713379
held_context,f72911ffcccdb9f75b2e0291,завивка волос,69cdd75a6ce931c1,16,7,True,2.716036319732666
held_context,f757e04daec9846e259c9a34,айклауд создать,d34f92f516fdcb3c,0,0,False,
held_context,f794e75f464e552f5d9811aa,написание индивидуального проекта для колледжа,82e09727c11c33e0,32,36,False,
held_context,f7b4c246cdd921dbd52d42b5,лофт для мероприятий,5d5abd73b302d627,181,188,True,2.1675808429718018
held_context,f801ac5a4a130f28bf509ea8,скупка бытовой техники,a5d7df504ba0c08b,1,1,True,1.9749557971954346
held_context,f992bfc0f2d4abd3802315c9,ресницы лэд,42ec9de21e7db4be,3,4,True,3.891368865966797
held_context,faa2e3c8e9e717d715654b08,база отдыха зеленый остров,e38081b79afb73f3,6,5,True,7.762829780578613
held_context,fb3733317bad22b586a69258,ножничный подъемник,fde6e017db60d8cd,4,4,True,5.237706184387207
held_context,fb8409b7ef7849c2b2805c75,напыление бровей,5812f0056a8bff85,25,22,True,2.7949471473693848
held_context,fb982b53cad8f4e47a8e03d9,откачка выгребных ям,ed02931c4e4f681e,1,1,True,3.5506887435913086
held_context,fce310c15ca3e820fed81607,трактор планировка,9c265a46876741aa,7,6,True,4.645142078399658
held_context,fda568cfd8996900fa9273a7,покраска мебельных фасадов,c1826705752b10bf,1,1,True,20.618017196655273
held_context,fe07f1fa8e18d9563c8ea191,монтаж потолка из гипсокартона,2d308ae6e5669a1c,44,59,True,8.481840133666992
held_context,fe889731d58259bf56c4eba6,ремонт мебели рестоврация,3b4833fb845b4039,298,251,True,11.625663757324219
held_context,fef1f135acf2208f57c830b8,выездной бар,2b6ce5f095314f23,1,3,True,6.11056661605835
held_context,fef35aa8f81f27b27c9badd3,отделка ванной пвх панелями,957d34b602eb9c0b,1,1,True,4.7601752281188965
held_context,ff105a2b9caadb2f40b23b9e,замена стекла в межкомнатной двери,300d5985e6bf19c7,1,1,True,3.7483720779418945
held_context,ff181e34bb01d7e76f978b4c,замена стекла в стеклопакете,c55ecc63c367217e,9,8,False,
held_context,ff80f3bc2fde389961d687fa,свадьба на природе,709c1ee9a49e497a,2,3,False,
held_context,ffb66d077194889cb21113ff,аренда биотуалета,8cc9dc8a23d32687,32,33,False,
held_context,ffcd2790719e85fcef95e969,повесить зеркало,aab5c797cd35fb6e,26,23,True,12.203519821166992
held_context,ffd67f089e70f27a5c5bd037,чистка сплит системы,c4d4382451b4fd85,2,1,True,2.8676836490631104
held_context,00361eb2f0c70cece2254122,поиск по архивам,5b79e0cc5730bcaa,2,3,False,
held_context,006ce696de21634eb56e7486,дом отдыха с бассейном снять,bee50b04fcd49510,1,1,True,0.0
held_context,00778df480b4743739d72fe6,ремонт вывесок,113d3e160b14c8fd,6,5,True,1.977156400680542
held_context,01dcc87e32cc2cbca755c20c,куплю пустые баллоны из под фреона,2cdc8a08cd582848,1,1,True,3.7105016708374023
held_context,01e1899f62d90850aaa245de,мастер класс по рисованию,4cd53d7d9f8921e1,25,20,True,0.3318270444869995
held_context,01fbbf4d9774c9e76cbc0c1d,замена тачскрина,b7d83f1731b78fec,227,192,True,2.594838857650757
held_context,0221ed61789042b65776e837,анодирование,1b9ca8da2d31fac7,2,3,False,
held_context,0258809c3471cc864929929b,восстановление аккумуляторов,c062a79e411b30d4,3,3,True,5.0967302322387695
held_context,0264342abf8d8733fe354062,восстановление информации с жесткого диска,f317c2a2313c971d,1,1,True,1.1746182441711426
held_context,02e8661aca9d210f53e91d12,чистка стирка ковров с вывозом,bf049c99b6641d20,1,1,True,3.6778807640075684
held_context,02ee09295be60aad31c0bdf2,пескоструйная обработка кирпича,c78d6963fab7c6b8,12,12,True,9.006789332488552e-05
held_context,04665ec2246b7885c4f79698,лофт,212f0428d1a46b8b,24,16,True,4.3043694496154785
held_context,04665ec2246b7885c4f79698,лофт,4bc511811bd93712,1,1,True,4.55250358581543
held_context,04665ec2246b7885c4f79698,лофт,569983fc09604de2,7,9,True,2.70751690864563
held_context,04665ec2246b7885c4f79698,лофт,ecc1007b754b99df,62,60,True,1.2807285785675049
held_context,04ab050c46a87382af9ac8aa,установка акриловый вкладыша в ванну,01e55e1aa1c2398d,69,72,True,15.004138946533203
held_context,0524c220c712147aa3394923,такси по городу,fce861e8993e6e29,2,1,True,1.2642877101898193
held_context,05859e26014cd366ae3191aa,проколы под дорогой,9e111afea5ae08a8,1,1,True,4.262195587158203
held_context,0612072d971f591dc4c9888f,изготовление памятников,f18b56fd0361a9a3,2,1,True,2.723158359527588
held_context,067407b6649580d98af330cd,обслуживание бассейна,2420c75111b36090,1,1,True,5.410245418548584
held_context,06760b855a1a7f77ced9536f,остекление балкона,1528b1d5a16cc912,54,64,False,
held_context,06d38e35334e863cef106083,свет на свадьбу,29a1d530b371cbcd,1,1,True,6.0509621107485145e-05
held_context,06ff188f29ac18261a196823,баня с бассейном и мангалом,de43f659d8e88a49,4,4,True,3.6160364151000977
held_context,06ff188f29ac18261a196823,баня с бассейном и мангалом,edda68f4d04f97a5,29,22,True,5.313931465148926
held_context,07bad2a4cd1366f424eac155,сплав на байдарках,12caeab942cec6e5,1,1,False,
held_context,07c889d8cb75d0c71301a1c6,установка зеркал,ac35e04086c739cc,2,1,True,0.44797834753990173
held_context,0827ce3161d6075b7db53394,резка плитки,db906390ddff1150,1,1,True,3.629716396331787
held_context,08612c67cf5ebaa655781b86,ремонт крыши балкона,bdbe3612926ada65,4,7,True,14.322903633117676
held_context,08a9fe7d295e82400d801903,экскурсия по владивостоку с авто,5d1dfb2269547a34,1,1,True,0.00032467892742715776
held_context,08dd3b84b788b85c73b88540,торт 3 шоколада,2832549a3c96aa3e,62,71,True,3.1160764694213867
held_context,09064fdd91cbbb3503d4b170,пригоню авто из белоруссия,23b704ee81c79c8b,17,15,False,
held_context,098ed95716091bfa988e0aae,пайка трубы пнд,ae94ca9b700f9ce0,1,1,True,0.09785161912441254
held_context,09c041cdc40498c8b10309b8,водопровод из колодца,2e045409c49adcdc,1,2,True,0.7443013191223145
held_context,09d8fa64ad36d9f7d29b6b85,литье из алюминия,cd6f6ca1a78704e8,1,2,True,7.361352920532227
held_context,0a67bef5b161604b23f03630,подравнивание кончиков,0cdaef3bd5003433,10,9,True,2.8333969116210938
held_context,0ac0e41a9ce9268cd578b244,ремонт газового бойлера,dacba8778930a9b8,4,6,True,4.528590679168701
held_context,0b149994f2a3bcd8c029172f,вакцинация собак,99767eaf4cfdff23,23,41,True,11.81401538848877
held_context,0b7074844796bdb89e9533c9,отзывы яндекс,13b50d65379c1dca,6,11,True,1.6469628810882568
held_context,0c7561f35dab8c5a91a30245,ремонт нивелиров,1cb87de3e9d45d09,1,1,True,5.482383728027344
held_context,0ca4da068af35f8228fe732f,тонар,b304fd3e598af14c,1,1,True,0.00044477975461632013
held_context,0ce3d188aa8252a7f850792e,проектирование апс соуэ,76e174187242e10b,2,3,False,609.2603149414062
held_context,0cff010c6e6ef21aa6f81dbc,отправка посылок из калининграда,bee1ab3becb3ceba,1,1,True,6.380157947540283
held_context,0d2621068cd26cb501bd6668,проем в стене,e703d4366086f8eb,1,1,True,4.0675787925720215
held_context,0d3a478d25c45a551156af1a,аренда помещения на праздник,7d3fbede1a9fce41,125,143,True,21.864837646484375
held_context,0d447a506ed1a8245adee247,мастер по ремонту ванной комнаты,ad098ba91dbe2ead,214,153,False,520.7787475585938
held_context,0d44f47fe3c6b9f4a8f19b4c,пленка на крышу,cc1cb65ae9839aca,4,3,True,14.258129119873047
held_context,0dfd2be004cf7343b6b8926a,вынести диван,655f0f85df7d79cc,331,173,False,
held_context,0eb2fadf9f827cf955bc52be,чистка крыш,11202e793f9127a7,1,1,True,3.314955234527588
held_context,0eb392a005fa62be2b99aab1,авто под выкуп от частных  лиц,58d1ea0c1c1995f8,1,1,False,14.471688270568848
held_context,0ecf633b23672f666cfef85c,полировка стекол автомобиля,57c29e993da5722a,1,1,False,
held_context,0f0959275e0738fbcd7acd50,ремонт бамперов,a03c449c297e820c,1,1,False,9.13735294342041
held_context,0f57c768fb53e9e9d48d9140,занятия с кинологом,11bf21deac34183e,12,12,True,5.987259864807129
held_context,0f822a34839ec4c82a646325,замена дверного замка,c09044d63d4cb0b5,1,2,True,6.71539831161499
held_context,0fb023962ef59cd89f07bd53,прошивка эбу ваз,2dae379835a5a747,1,1,True,3.755836009979248
held_context,1027521a7a005d9f9684ec9b,перевозки на дачу,c681364ea3eb46d5,37,34,True,8.572566986083984
held_context,108a52d0bbec815295fed809,авитолог,8c47483bf6294733,3,4,True,1.2430140972137451
held_context,114a9fe8981fef8ba3c2350d,проектирование частных домов,68d4e62b9685114e,4,4,True,2.1981542110443115
held_context,116b69499a7fdf8d1b00308f,выкуп авто жигули,91ba68d11889f08a,7,8,True,13.756884574890137
held_context,117aa7ef8b2e028701854952,няня с авто,8e52c115aba1ccc8,3,3,True,3.5884766578674316
held_context,1198db15e9c351cf60ba3749,дым на свадьбу,8c2365ccc6240c4e,84,83,False,
held_context,11cac9fdf9963ad550a0610c,продажа и установка кондиционеров,e24f5eb9af6b1a03,10,10,True,12.098564147949219
held_context,120cc3f5a7d2e782f018d2b0,услуги парикмахера стрижка,54a35a1f632c1d5c,21,23,True,0.22742772102355957
held_context,12289356c2716ce67a8eda9f,сайт,937516607de16cca,7,5,True,4.5268964767456055
held_context,12c11fd46fb528aaae883ac2,прием картона,ec53e1ba2da093c6,104,90,False,
held_context,13432b4a937abf34bb83e8d8,ботокс лица,6c3652387af5b05c,1,1,True,5.467043876647949
held_context,13470b5669d4134a234f47ef,ремонт гаражных ворот,9807e36587009ae1,1,1,True,0.0008028740994632244
held_context,13c66d0acb9fb124eac15359,ремонт пластиковых окон кудепста,67c9ffee9686292b,2,3,True,22.824464797973633
held_context,13dc7a6084c0ddb11b5e7cd5,копка огорода мотоблоком,0e6e643c0be6b6ef,1,1,True,0.08729840070009232
held_context,13f9cbe85c5f4e1dc87f4eeb,триколор,91b75ae67610fa32,2,2,True,0.00011124200682388619
held_context,1411d32bd323b4023804668e,тонировка люберцы,492ce0d1e3907e6c,2,5,False,6.009673595428467
held_context,14407777d56a6f7b47fa98c0,аренда авто выкуп,991624867470bf40,2,2,True,6.668282508850098
held_context,14aa428cfdb00d7dd471fe30,визитки на заказ типография,3f88bf0e587af7c1,1,1,False,
held_context,14ceda1281a3f2a51339cafe,лечебный массаж спины,c79443e393376a00,2,2,True,1.6221246719360352
held_context,15bb6b092d3bddd16d7d57d6,изготовление рвд,5ed17bc9c21552b5,1,1,True,6.489414691925049
held_context,16ba4bb7b38d4671f52e17ff,ремонт цветочных холодильников,355fbb07abeb2e61,61,50,False,
held_context,16d97df1673e1f17fdc01e33,мастер по ремонту велосипедов,f15d189d5c2271d1,1,1,True,4.512730598449707
held_context,16e4f72d908591cec3bba725,детский логопед,618cf12ddfb25476,17,12,True,2.404477119445801
held_context,170ed78081493c9d930e7edc,реболл видеокарт,7042a41b78a1286d,13,9,True,5.952467918395996
held_context,17b8e6e216efade845b76e68,хамам с бассейном,90f2975455eaf4ec,1,1,True,1.7892346382141113
held_context,17cb861553ab20242a17b39d,домик в лесу с чаном и баней,9b7f752b5dc32f64,5,10,False,
held_context,17e1f129b443245afd82fef9,отделка стен гипсокартоном,390444d6a41b6f50,2,1,True,7.048856735229492
held_context,1837ec1982bb4c4c2a3a35df,прокол под дорогой,b2d89addccc4a9c8,1,1,True,1.504526138305664
held_context,18419e23902179ad034c4225,активация скрытых функций и кодирование ford,97b525d334e361ef,1,1,True,4.952273845672607
held_context,1897dba925dc88b875384bc6,прокат карнавальных костюмов для взрослых,afe0a5d908e3b81b,1,1,True,3.713719367980957
held_context,18e93534d7499ed5c28be277,ремонт подвески,57f3ca2e13b6b1ce,19,17,False,
held_context,190baf71ddbbc2a4f4b8b431,обслуживание пожарной сигнализации,051d30ee5e72af53,1,1,True,5.950669765472412
held_context,19550f12dc1c57c739d6977c,юрист по административным делам,38bb7c34c3357f70,11,6,True,1.010117530822754
held_context,196a7e42dc12f863bfe24ba1,стены,117094617982fb48,235,343,False,
held_context,19da69ef91d1db352bc42e37,тонировка окон дома,50b1a3ac66e2e6b8,2,2,False,16.83061408996582
held_context,19f4418f9e1396702b0f024c,выкорчевать пень,fe8d89e5a90899ae,9,5,False,
held_context,1b52a3768fbdfe1f6c30c35f,бассейны/баня,df6fc5af597ec907,348,576,True,2.143972396850586
held_context,1bdb17f61b78aee2490d487f,тренер по легкой атлетике,7351330f05ddc689,1,1,True,3.8879241943359375
held_context,1c0fa8bdb735dafe380426ac,канализация под ключ,c1c00aefe656f3b5,1,1,True,11.154279708862305
held_context,1c21a078b63977f47493a04a,раздача флаеров,8d4307b5a34ba2b0,17,23,False,
held_context,1d15ad923151e88b80f45ebc,ремонт электроники пайка,df26224dacc82781,1,1,True,4.016992568969727
held_context,1d63518b0879661a9e5b5758,окрашивание  яркие цвета,4fb228790f9a665c,2,2,True,17.599271774291992
held_context,1d94df454f6cfb3f7086c6de,ремонт дивана,fac381b3058c5594,14,14,True,14.650368690490723
held_context,1e86b491a98fecb5fcbc9b53,аренда ноутбука,5bc0a6ea864678ba,1,1,True,11.027362823486328
held_context,1e9d8a266f8002c41b688270,ремонт и установка водонагревателей,e1935e28a05c2690,7,9,True,2.9400439262390137
held_context,1f169da3dc40da79c415131d,укладка брусчатки,a0ffa28ee53982dc,1,1,True,11.01085376739502
held_context,1f4e04516f7ba246327020eb,аренда садового катка,1c4fb1e6888c221e,6,5,False,24.455286026000977
held_context,1f5903b9db864046a509932d,трихолог,c5ac09e1f295b58e,1,1,True,1.9024658203125
held_context,1f995fcbe1c58c8f71640571,илосос,8e3a1127fe76cbdb,0,0,True,
held_context,2001f38abef2708f2e84f9dd,аниматоры синий трактор,677293f6ae92ee46,1,1,True,2.862295150756836
held_context,2049dc662ebc6c7087857225,вывоз веток,d31256bee3e76b68,1,1,True,12.185620307922363
held_context,2060e747974ce95561c6d50d,замена стекла samsung,19ba1d6ca614cc8e,2,1,True,7.1481428146362305
held_context,206e9fe9c0cfb34949d43ce3,выкуп скутеров,a8fed31ae3d29296,2,2,True,0.7413184642791748
held_context,20f6254feaf2b987cc890e4d,комплекс маникюр и педикюр,ab5a2716ed90e25d,1,1,True,0.45244765281677246
held_context,2109cc59839c204de9e362f2,установка молдингов химки,f554d5dd8544701d,5,5,True,6.723735809326172
held_context,21b64082faed29d17c24e4c0,душевые,9d5e0b874bdd5fc3,5,5,True,2.2809836864471436
held_context,21c91c2259f592fba87ec22d,установка забора,2b54e89c8e4f5bc7,7,7,True,0.10683660954236984
held_context,21f9ce186ae646f9f19cc07e,столярные услуги,db80e7d80d71b581,114,106,True,0.0002815806365106255
held_context,22228b97700db66682edad94,перевозка людей на микроавтобусе,1555ad978e7bd6e2,14,12,True,0.0
held_context,2282764e558ccb78dddb3f95,детские танцы,44fdab548631a148,1,1,True,0.790444016456604
held_context,228c17c94e54046ed13c8084,нанесение жидких обоев,2cdfc85769a23015,3,1,True,10.96220874786377
held_context,22cf71881de7ee9ae6df00fa,пошив мягких игрушек на заказ,01fdb09a4225e612,79,45,False,1324.83837890625
held_context,22ed394c7a034f1e52c8fd04,фотосессия женский портрет,cff075ddb5ecea8b,2,5,True,0.24750101566314697
held_context,238192980f76af5d62b4a935,выездной шиномонтаж,757d541be24ae423,1,1,True,5.060144424438477
held_context,23b994aa81ac8eca7f8ed1a7,швейная фабрика,ad792b9e14ed36b5,4,3,True,1.6650338172912598
held_context,24357d425d507b893146a58f,трансфер сочи гудаута,ca215df67dee31a3,12,9,True,26.456764221191406
held_context,245c374353ff45f526754855,водитель погрузчика аксай обучение,81264fa89a71cdb5,1,1,True,0.8897836208343506
held_context,2489fff1ea64ed28bbc7f330,разблокировать iphone от айклауда,5376d9130e6fc98b,6,4,False,
held_context,24a349166df0b97bbbf83e16,подкат,dbea5bc8086c67d4,6,8,True,2.9825899600982666
held_context,24d12e93b68cf5fc47a5dd91,фотограф и видеограф,7c534295a66a795d,1,1,True,3.074308395385742
held_context,2523574122a26f8bbcd8fc15,настройка vps под ключ,549ce9e5ccc93822,1,1,False,
held_context,26c6502997b474975d5bec67,доставка пгс песок,f1ff9746a9efa886,1,1,True,3.126223087310791
held_context,26d32b89a1598c94cc4e3b3f,аренда лофта для вечеринки,2f3879444c5d3636,7,6,True,4.755746841430664
held_context,26e0eac85359f0722804d229,ломовоз услуи,6042dddcf50d14eb,5,2,True,5.253187656402588
held_context,26ee235bad02a0e8b1484f9d,печать полиграфия,65f25464d13d9281,3,3,True,0.6420196294784546
held_context,273a5748b745afc148dbb6bd,чистка консолей,58fc54dc956b068f,1,1,True,0.0
held_context,279bfffbac5a4e349ce360b9,наращивание ногтей северный,669050fd8442e719,4,3,True,5.948166847229004
held_context,27c595a49ff376f8a476f92c,монтаж пленки на окна,8c538a6991d71f93,3,4,False,
held_context,27ca0ead9102cebb4617c5a9,установка люстр,ffda0b9173993997,128,127,False,44.55583572387695
held_context,285aa23f1024376928cb103c,ишу работу уборка каждый день,a3dc049b86af6089,29,30,True,8.81243896484375
held_context,289287c3d400552f29585c29,маркировка честный знак,a891a7645becbbe5,10,9,False,
held_context,28c37aa5850bbc23e926abfa,детское такси,11410df0946c7a95,11,12,True,0.2442280501127243
held_context,28e5b8547fd00a055fe1235b,печать на флагах,d24a9d4462724f42,1,1,True,11.743474960327148
held_context,29793a2eb3e8986c11e3e2a2,шоу на праздник,9d7f8527bb5e7bd4,14,11,True,3.7003331184387207
held_context,29f01b5aa4b55e0bb09a51a8,сургут ногти,7301e637b5d30ec2,5,8,True,2.4027347564697266
held_context,2a43f293e55f93e1f7668bdc,разнорабочий голицыно,196e407f12afaf02,14,11,True,11.337902069091797
held_context,2a70f8133891e1a486e2b628,ремонт домофона видеодомофона,0f79695e8c342b3a,7,8,False,
held_context,2a841d9d8763a9bb16625c1e,настройка карбюратора с выездом,5b0c03c86ba4cf95,1,1,True,2.9688737392425537
held_context,2ac933a11b3e8807cacc7c04,вывоз мусора 15 кубов,31560c02b509b490,43,55,True,3.228977680206299
held_context,2bc191a17dbc2a6b047f04e0,установить кондиционер,c378da6af44c0364,4,4,True,2.6658356189727783
held_context,2c03d4e42dcad4dd6bf61899,эконометрика,b165117d56d83cf0,2,3,True,2.7640719413757324
held_context,2c05f7d7fed6fd141b639e7d,гнб,f54f28a9a5bb837b,1,1,False,
held_context,2c842a460d721480a6c88e9c,контейнер для мусора 8 м3 аренда,99c83923720bda52,42,67,False,
held_context,2cb512e192b460878403b147,разуклонка участка,67351f41dfaed361,1,1,True,4.818047046661377
held_context,2d76606077b6bbd8c8828625,винтовые сваи под ключ,162f2c3652b26c93,3,3,True,6.806021213531494
held_context,2d948275dcf1db60a85ad71c,монтаж трубостойки,ede2de53b56e34a4,1,1,True,0.0
held_context,2dc8084acba3a050acd11064,домашняя еда на заказ,7498b78b99da0299,10,14,True,21.322893142700195
held_context,2dd002340e4be5f20ed17fc0,аренда бензогенератора,bae5bf5e5d4a12ca,35,30,True,5.8425374031066895
held_context,2e2299933efe78dc7ff4d6a0,регистрация честный знак,a891a7645becbbe5,2,3,False,
held_context,2e5f1bc58e94f0c76a13c204,трехгорка,d0d08bab546f79cc,15,7,False,
held_context,2e8448063562c6b01cf8ba22,слесарь сантехник прочистка канализации,9ee65463dd3ac527,1,1,True,5.056128025054932
held_context,2eaf36d2076020c259ffdede,покраска решеток на окнах,49bbdb73cc89f148,0,0,True,
held_context,2f480c0f89256e72b78c96aa,сантехник люберцы,65c4b9675dcd75a3,1,3,False,
held_context,314424c8effc2b62f7c061b7,банный чан,fba2ba03b9a20da8,2,2,False,
held_context,31471d89ce02c99b9e482138,бетононасос,d97fef55543debea,1,1,False,
held_context,318b577d6990999cc072d87b,замена смесителя,71096bd5134056a6,9,9,True,1.7584142684936523
held_context,31f6041bc18dd35477590f19,наращивание биопротеин,2309bf49b305b4f0,2,1,False,18.63450050354004
held_context,324d37d6e68ad8090a844a99,липолитики лицо,21e7c80c355afc79,2,3,True,0.13941694796085358
held_context,3268e03712451fe929769537,роль ставни ремонт,fc1dd2ae016a6c75,102,78,True,4.484524726867676
held_context,330dcfdb1bdd0ac17d84e268,ремонт мягкой кровли гаража,8b3e170b73827c8a,14,14,True,0.07479226589202881
held_context,33143b83626871dc8a46a428,трендовое наращивание ресниц,0f494f0de26db80a,1,1,True,0.5206631422042847
held_context,33a7f391cd8455df3617c4c7,психолог бесплатно,cd71360729e62a71,70,73,True,1.7865207195281982
held_context,33be86259c4166e7c8443b3f,коворкинг для визажиста,7f3714a1e1d3a76f,24,27,True,6.529575347900391
held_context,33f5a7942aa695f8605ce916,полуфабрикаты,beb73b44c50b03c6,4,1,True,4.994603157043457
held_context,341bed48d1c38e4547849632,септик из бетонных колец,974d2447f3983a1d,1,2,True,5.033402919769287
held_context,3488fb2998b4872bac083c5f,картина на холсте,374562c51389d318,1,2,True,6.138216122053564e-05
held_context,34a680f01383bfca73820022,симферополь-краснодар,16cd9c9489cbe7ea,1,1,True,1.2750349044799805
held_context,34abdecd77038ec7f7004b61,ремонт механизма дивана,883d18114db4742a,7,22,True,12.437507629394531
held_context,34bf66e88ae99444417e5c00,газель пассажирская,6d5eb66eb6127eac,1,1,True,2.64727520942688
held_context,34c0775fb084c7041a8b8a59,байер zara,122010a54f9757f1,5,12,False,1273.9891357421875
held_context,351e46b2da99611340accf9a,очистка вентиляции,f81f94094ef7308c,2,1,True,0.9569758176803589
held_context,354d64b1b4321d40d871542d,обшивка вагонкой,74119d668400794d,3,5,True,0.18125084042549133
held_context,364215e291c4370117655546,массаж в спб расслабляющий с релаксам,c07b05df1e68f948,111,124,True,13.731884002685547
held_context,3695a4bfa420cdd433031a56,поклейка и покраска обоев,fce1ed050d490bba,17,19,True,14.053479194641113
held_context,36c1914a76db7635e150941d,аренда бобкета,9b27c23abcdb09aa,1,1,True,7.05826473236084
held_context,3809a0e7d1d139e11ea922cc,автомастерская,08a1914fad029a33,2,1,True,4.552496910095215
held_context,3829db78767fa1ac71b5d4dc,аренда туры 15 метров,daf233fb132f769d,1,1,False,
held_context,38af83195e1c9ddc9708c0de,снять авто с учета,a6a1946250317cac,2,1,True,1.3247103691101074
held_context,38d005ef30f54c467bafc4cb,разрешение перевозчика такси,91087ee7d93658b1,1,1,True,1.7371602058410645
held_context,393319fcbe81e2eb4344f3d6,пылесос для химчистки,39ef9c29038671ae,4,4,True,6.419819355010986
held_context,39ccc73748db7cf3c2c68a18,копка сливных ям,7e155aee09801f96,22,23,True,6.897060871124268
held_context,3a735699d7e10e66486d6aa3,частный займ,0d752009e8edf98c,30,28,False,
held_context,3b6ff3fb2df553f403a3acec,монтаж систем водоснабжения в квартире,faab2cec3f8bff53,350,383,True,13.615302085876465
held_context,3b75415337cd02cdc526719b,управляющий арбитражный,75fa4324b01f156d,1,1,True,2.112335443496704
held_context,3b9a3c646357a115d88df3aa,ремонт телефонов iphone невидит симкарту упал и не включается,04e7eeede0bdf71a,11,11,True,4.770543575286865
held_context,3be16074b1909bba0080dcf3,перенос откатных ворот,f7c63c6719fd3ac7,1,1,True,0.02176845446228981
held_context,3bf11e7436f07462d3a10e00,ремонт скутеров с выездом,617d5beeeb2b8cb0,7,4,True,4.752464771270752
held_context,3c02c33503d10f9cf693d5c4,реставрация фотографий,03e50b784766f1cb,1,1,True,0.0001821306796045974
held_context,3c1e02771409f62d928dae92,фрезеровка бетона,17d5c8ae52fe36bb,1,1,True,9.85615062713623
held_context,3d0d1af92c016f63149f8ab5,ремонт ресиверов denon,cec037799d549a31,108,127,False,
held_context,3d3e5adae4b34546acef8371,массаж на дому для мужшин,1d39ded4ef21d612,153,118,True,2.5578224658966064
held_context,3d3f7f1538aa37bbea7b03c7,отделка балконов лоджий,e741127899a37273,1,1,True,0.26648205518722534
held_context,3da9fa2ff778b59770863c64,восстановление данных,c1e808b0cc960725,3,3,True,4.495980262756348
held_context,3dd13d4d30c2150a82283312,юрист по разводу,580fef7592fb72ee,3,2,True,5.178274631500244
held_context,3df8e4d10763bab1cfdb279c,постановка на учет квадроцикла,23934e64b8890e94,5,6,True,2.1719460487365723
held_context,3e22d0829475bbc84b5fa1cc,услуги разнорабочих,01f14170b1852fc9,6,4,True,1.9915034770965576
held_context,3e4253c6801ca5d6ee7a97ff,демонтировать ламинат,12eb0ed97b05715e,1,1,True,1.3158972263336182
held_context,3f091fff4e107a800229665f,мастер по увеличению губ,fdcd699ce98f3d87,14,13,True,5.937375068664551
held_context,3faf8b5f46b56b5700644aa3,английский для репетиторов,043988ef1343f626,15,5,True,0.9262566566467285
held_context,3fe8c5c53144e2facbf56f5a,внесение изменений в конструкцию автомобиля,88540531487463b6,5,4,True,14.807008743286133
held_context,3ff910dcb8fcf26810b634a3,монтаж скрытого плинтуса,5a9c69c694601350,3,2,True,1.4577598571777344
held_context,40385093824aa446bc9901ed,ремонт перемотка динамиков,d9e8fcc2c7c82c16,6,5,False,
held_context,403aa0f2e3737836b3148f66,швея портной,b5eba0e55d8accbf,1,1,True,3.5708603858947754
held_context,4093f64fcf9dd38be49562bd,вспашка культивация,fff0c0210482f817,1,2,True,0.812896728515625
held_context,40bd0ad156a3014a4cf2bd0e,установка музыки в автомобили,8f10c9a3bbf86cb5,1,1,True,6.839430332183838
held_context,41a8bfbf0e6cdcd7ef44987b,домофон мастер,58300ca933f040f5,1,2,True,7.41046142578125
held_context,4247d2c019373332a565eb26,репетитор математики,d7fac9abb2e67ffd,38,50,True,1.6485326290130615
held_context,4281087fd870cff4bae95700,вставить дверь,67f2be1f437466cb,1,1,True,1.7697830200195312
held_context,4325ee8b91b25e050577c98d,аренда фрезера по дереву,208057f25a3ccacc,2,2,True,2.6380510330200195
held_context,4357b4b7f2ce0778f88ff7da,вывоз мусора печатники,81ce830d4984ac92,75,40,True,13.621021270751953
held_context,43833ad9ed33ba8d3fe8b9a8,прием металолома,c7982c24f63c25c0,44,24,False,
held_context,439a537f5e27972bc6bd154b,замена раковины  в кухонном гарнитуре,f130be02e7dd1e34,1,1,True,5.287253379821777
held_context,439dc6683621985542bb30b2,автобус межгород,5e33b284ba2a0fdc,17,18,True,0.5751950740814209
held_context,439eb446fe871fcdc3bb0f5d,армянский ансамбль,9f69ed262f0a1c59,1,1,True,1.5385468006134033
held_context,43ab4c77a64adfaa8aec882b,скупка шин,59bd0a1e1adafbd6,3,2,True,7.338202476501465
held_context,440ab92d6bf7e403a6d03627,косметолог увеличение губ,0b98c0bb5d56fda5,5,5,True,4.003476142883301
held_context,440cab6baf5b1a6a7f4876c1,баня с мангалом,7d3086bf13a1c4e9,15,15,True,2.368062734603882
held_context,443624e998e5eba94e6d9fd9,заправка кондиционера машины,5b34237811c7bd67,1,1,True,8.038942337036133
held_context,443a1cb79df6c031d120926f,личный инструктор по фитнесу,7c1ad848f754f297,2,2,True,3.32576847076416
held_context,44517627bac4d26ff606c7e9,сваи фундамент,6c386f1157ebb689,3,2,True,0.08308813720941544
held_context,448eb91f6425c0fcb20ddd6b,удаление новообразований,7dcb904bf8cda87d,3,2,False,
held_context,44ca7551019cdf7bae9e7eba,сабельная пила аренда,9bdaa86245fb7a79,5,6,True,5.332997798919678
held_context,450c0d48627c34b5312b1c4a,авто из белоруссии,9cbf1b7772e2900e,3,2,True,0.12483643740415573
held_context,45904a50fcfb75fd10357a74,ремонт стеклоподъемников,caaed96e63f9737b,2,3,True,8.768397331237793
held_context,463db70b2dae4aa86877001d,прошить ps4,a18dc45781b489b4,9,10,True,1.4892334938049316
held_context,464bce404d16ed020b3ad4ae,замена кухонных столешниц,6b02cf20c68ffd76,33,40,True,1.0048367977142334
held_context,4652ed355793fae088f386d4,ростов донецк,b7f3d182e467c581,24,19,True,7.1574201583862305
held_context,46916144e715996e4513737f,монтажник зеркал,3916abfdbbdb14ef,1,2,False,33.34677505493164
held_context,47b476ed9ea26157eb14ffe9,сколы на лобовом,bf430fbfc607a0bc,1,1,False,
held_context,47cbd44e86d5685d0c7cdf3c,снять кабинет в аренду,2467f22d0aa0da1d,5,5,True,5.355566501617432
held_context,481059d98f37d8b45aae6b6e,скупка смарт часов,7473a25c034261b5,1,1,True,3.8344335556030273
held_context,48ac94bf6e474cd2a6e7f003,неоновая вывеска на заказ,12c105de3ed0553f,6,2,True,5.6429243087768555
held_context,4901a5af5d8ea6fa1d5e6b3d,чертежи в компасе,5b718608877ded8a,3,3,True,4.192300548311323e-05
held_context,4939a2ba3818ee97d9cb4234,ремонт литиевых аккумуляторов,4b6032c96acc059f,1,1,True,4.261818885803223
held_context,49910714bde0ca3f3c187db6,грузоперевозки 3 тонны,3655bd0408a33c54,9,7,True,0.47686973214149475
held_context,49a04b9c52bf6636cf2e17bd,окрашивание волос модель рыжый,a6e9922e3165605b,318,305,False,
held_context,4a951602e0768f2599d7fe1f,составить бизнес план,37f7fe55caecf885,2,2,True,2.0077624320983887
held_context,4c26733dec7650fa543c05a8,сценарист,f1d969b4777e1b44,2,1,False,
held_context,4c47dee6500b7b12af3a8b2a,первичная аккредитация,9448331cf9b5f5eb,4,3,False,
held_context,4cc8e5903068f4c39153e8ee,кафельщик работа,adffab5d3d42ea08,33,22,True,9.070126543520018e-05
held_context,4d68c0a412a7da4a16cd4e70,услуги переезда с грузчиками,e27a0c91b5989471,18,20,True,12.531606674194336
held_context,4e4b1c8b887613ea9540a060,pdr,de897ee22d599eaf,46,25,False,
held_context,4e575cc63561eeba689c92f8,поездка на мотоцикле,14a97e170cb542e5,1,1,True,0.9021602869033813
held_context,4e575cc63561eeba689c92f8,поездка на мотоцикле,f8cee8bc7da592e8,2,2,True,3.373729705810547
held_context,4e734d10df402739f03e2de1,септик из бетонных колец под ключ,f54b57e7ba72754a,4,3,False,
held_context,4eb3f1388115c2bf1075d32f,хорарный вопрос,37de9880844c68c0,1,1,True,0.07235630601644516
held_context,4ed2064143d07e50fbedf998,педикюр подолог,3ce300d59dd16a2c,27,21,True,0.6477547883987427
held_context,505d5f394da0edd1a88f12be,наращивание ресниц 2d,97acafbf2ead0b5b,6,5,False,
held_context,514e603f343b606557dc7062,свадебный образ,7af7960ce2f3a11b,29,19,True,1.5243022441864014
held_context,51b3bf9141044bdf6714904c,скупка моторов двс,f2df53cf2f6b90b2,2,1,True,1.2438491467037238e-05
held_context,51f6f9065808571d5d28107f,косметология,ad165dde6a59f0c5,5,5,True,7.243221282958984
held_context,51fff93362627c2f235b76f6,пескоструйка,dbe0e34de40c81b0,3,4,True,0.33849236369132996
held_context,5215bb2bbee27ebceab68ff6,скупка монет ссср,7f4a9990ba94c634,6,6,False,
held_context,52559ba2a7427b8616af63e6,регистрация по месту жительства,188f79b7ac4ea20e,22,20,True,4.734847545623779
held_context,52ad1e0308b92a5da999b834,реставрация керамогранита,ff69532f9593167b,146,94,False,28.338356018066406
held_context,52e573fd6dc661cab6569013,изготовление вывесок,838d3c2de5daa77c,2,1,True,2.673400402069092
held_context,531c090e1e93b0b136bd80a7,заправка кондера в авто,cfdfb24279bcaaa2,2,2,True,6.758324146270752
held_context,535c9bd2aecdc15f6aa51865,выкуп электроники,4059db0a6eae773f,2,1,True,3.79879093170166
held_context,535c9bd2aecdc15f6aa51865,выкуп электроники,453418e142d370c9,1,3,True,1.4298641681671143
held_context,5374f278afa574e9738ea749,скупка стекла,c98dd72b7d3b005d,1,1,False,
held_context,53b5faa4c276a71f2b0de6cf,ремонт откосов,2cf24633f4199216,3,3,True,0.0
held_context,54511deb3cf0c59d750c4502,аренда террасы,6c844da09479f1cf,437,408,True,6.908931255340576
held_context,548808be23a0ea698b532157,вскрытие замков дверей квартиры,4e68d772c5078545,2,1,True,0.6836642026901245
held_context,54f262fc637a1bbbea329d7b,газель по городу,c7048432313d7c8b,23,24,True,1.8969686031341553
held_context,5560a8624e63b9c050fdc60f,шелкография,e0f455180b6dcdca,1,1,True,14.68798828125
held_context,55b1b6bc11a2bcc32afc42fd,штроборез в аренду,3acfa3686dfce1c1,20,17,True,5.246262073516846
held_context,55ca0d0ad242a3e244f1d546,коррекция тату,234e5c4992ebc39e,6,7,True,9.997858047485352
held_context,55f60e0e3d3d6bf2dd1559f5,натяжные стены тихие,1be10f054b5a519f,1,1,False,
held_context,56097063ad0acb914e9b0365,замена шкворней,dbce93de3d408363,18,16,True,4.158856391906738
held_context,56522e00f757e318ef491ad7,скупка кислородных баллонов,3dc36b74442899df,2,1,True,7.744034767150879
held_context,56f329edf9dbbf278c36106c,вывоз старой плиты,3f61c7a8c23d741c,24,25,False,
held_context,57572e2e78551c5619f19613,ламинирование волос,e3369b99181e22e0,17,16,True,1.8291893005371094
held_context,57a5ab3564b709ff553f9539,услуги сваекрута,69c40c7640de7372,7,21,True,5.142019748687744
held_context,57c0f63c9907ac51e3dbe11d,аренда автобуса на свадьбу,a654fe555342ac80,1,1,False,
held_context,58339e79e5e4a6a948c5ec12,прокат посуды,628d48658e2a1fa8,4,5,True,5.063084602355957
held_context,58784b72c14e701238326af5,перевозка замороженных продуктов,47a796db34431eb3,6,6,False,
held_context,58fee2c24d1ea8005b9257bf,медведя федерико феллини,dc0a48efd8ae4d1e,4,5,True,1.1403915882110596
held_context,5915c00fcfb802535502db7f,записаться на ресницы,060ee8da73c3a45e,52,44,True,4.539277076721191
held_context,599e330ddcde06c8cd0906e2,ремонт мониторов,a85baed12dcffac7,20,28,True,2.3392155170440674
held_context,599e330ddcde06c8cd0906e2,ремонт мониторов,cf8b881b52188f2b,11,9,True,6.1705546379089355
held_context,5ae602dd3f11d7a6a46d6f61,рыбалка на белом море,485be15e157d029c,3,2,False,
held_context,5aed053fe64f26ba10ad8fb0,скупка айфонов на запчасти,b2b384e9fb391ed9,23,21,True,11.239115715026855
held_context,5b420f004bb22bf9a30ac5f7,реставрация мрамора,da94da6d3039ffa1,58,52,False,
held_context,5c67bbe91b4fcc3c2a5cb201,русификация китайских автомобилей,b2bbe519f8bea8e2,1,1,True,0.7329857349395752
held_context,5c7ae81cdc257202e436c79f,курсы обучение наращивание ресниц,c266e74c2caac9c1,10,6,True,11.497187614440918
held_context,5cadd5a3606b06a498c4959b,продать авто на разбор,67ac06eb0a0b5cd7,1,2,True,0.07860562205314636
held_context,5cbd59aa7c4f530befaf6e7f,ремонт мобильных телефонов,d7a4b71681dde693,1,6,True,8.21335220336914
held_context,5d33483590e75fefcf5d76be,автосервис ниссан,9c989a4d60f80534,1,1,True,11.435126304626465
held_context,5d4c13e46e9b889f9936d18e,шпаклевка стен под обои,0dbd703524b9d9b4,13,11,True,1.942167043685913
held_context,5d88d2e2c0257db2e854f619,кастрация крыс,755ef6a61fca4064,2,2,True,3.3839402198791504
held_context,5dc3662c682e3ed8330cf8b5,аренда автомобиля с водителем s class,dc4874ca502a0f67,9,9,True,0.49603256583213806
held_context,5dc698e7c0560409d59c5cfd,слесарь ремонт замков двери,ad86a4dfd1f1aa0e,4,3,True,11.525322914123535
held_context,5dd513a845e7e6c2654acab8,стирка ковров с вывозом,2e6bc1d9ab150d00,11,8,True,3.4057207107543945
held_context,5efb7cf46b32768618c6f097,волосковые брови,837eb5f84d2b09d3,4,8,True,9.033207893371582
held_context,5f0d5d9ea0e214e0734e4d5d,репетитор по флейте,fd250f8748520750,17,20,True,7.62261962890625
held_context,6081417e4111f0c8fdb4285c,экспертиза квартиры,066b782c3e6be096,2,1,True,0.7966738939285278
held_context,608237cda5c298eeb3cd223d,автоперевозки,f1f7c0e76f4ccc3a,25,23,True,0.2034277617931366
held_context,609be1e3e2125ac2fcacf9ea,лабораторное шоу аниматоры,7b5d555711eda13b,21,21,True,1.1333940029144287
held_context,61834e30f2a8b96acaa97669,дома из клееного бруса,9c9ef9b83610818e,4,4,True,9.514788627624512
held_context,619151dcaca7a98cf6f33375,восстановить телеграмм,d0f23e16ae9b455f,1,1,True,1.4894042015075684
held_context,619657b19bb59d3dc6968fef,вывоз грунта,61997d677044cdd2,14,15,True,8.923826217651367
held_context,619657b19bb59d3dc6968fef,вывоз грунта,685d7694447725f7,2,4,True,0.0
held_context,61d6608b58a626c9751c9a19,баня кумысная поляна,462a82304fd80c31,2,4,True,9.146733283996582
held_context,61e0827eaf21e9cf4b7c9969,написание статьи вак,c21a1d8e1e1319d9,8,7,True,0.3737698197364807
held_context,61f7804bc7f8cc199dc01d5d,табличка из нержавейки на крест,6b3350b07fa31f22,1,1,True,1.7045624256134033
held_context,620178d42e2acf93daabb240,вывоз ненужной мебели бесплатно,95297ea5891c3c19,12,10,True,3.931119918823242
held_context,620178d42e2acf93daabb240,вывоз ненужной мебели бесплатно,d7617a260856df4e,16,16,True,5.471506118774414
held_context,621278a99d5f276e2c43eed2,отдых,d53d8681d5677978,2,1,False,
held_context,623cb6f957b656d9430fe690,липолиз,662bb3dbd45a079c,2,4,True,3.1883459091186523
held_context,6299af6f9a3fc5b3a0751635,заберу металлолома,d5dcd39e85ac22c3,8,8,True,9.653087615966797
held_context,62f909ec0df8654d9c6c1a87,учитель гитары,4a253091220bccd9,6,5,True,2.033034086227417
held_context,631d92a2acb02e1d4a141b7e,сантехнические перегородки,c5c466c5c692b086,0,0,False,
held_context,6396ef4510f51109e9394d9d,грузо такси,feb0273079ab7075,6,5,True,15.760246276855469
held_context,63b5865612c6704a469f571c,услуги электрика электромонтаж,cb6f7ad2206d6cb2,1,2,False,17.506792068481445
held_context,63f2d63ebba7001a1022f449,сборщик кухни,b164f00c40a01479,16,16,True,6.642044544219971
held_context,642371d95f9b8259c15444fa,услуги юриста бесплатная консультация,33804a3116377a2b,2,2,True,3.128251075744629
held_context,649f29f6cc3a546280d9c4d7,рефенансирование кредита,2270edb7ce0606d6,1,1,True,0.333389014005661
held_context,64a840ba6c2e625559d5b466,укладка волос прически,6aa703c955f86827,1,2,True,3.522350788116455
held_context,64bbafe552fc4acf296791f4,аренда стремянки,2ed43ce1ec590ad8,4,4,True,4.967053413391113
held_context,64ebaf2235b66837e19a3d26,1 с,098c32654b882687,6,4,True,2.7714383602142334
held_context,650237996935749da72af3c1,виза в китай,c176988f33280a4e,2,1,False,
held_context,6534edfe82166bfb712fda08,отделка бани,9e5bf3976333abb5,2,2,True,7.63340067351237e-05
held_context,655e3ab5c0d32ce2f5b76b0a,собеседник на час мужчина,ee971d363f681bc4,1,1,False,
held_context,6568a627be692fb735eedae9,установка системы очистки воды,c631ca503d6a9877,6,5,True,3.258819103240967
held_context,656dfbfc8d5387f224f409a1,снос домов,7d79e01c72ef638e,1,2,True,0.615864634513855
held_context,65bc3bac07fff193dfe6bbd0,трансфер маршрутка,f0f7965e9841a654,1,1,True,10.575352668762207
held_context,65e6d23bf2cd7c181d849f64,семейный адвокат,2bfa19cbbf2c1c9b,12,16,True,2.015254020690918
held_context,6692e56f32bdfeb3b6119945,мужской психолог,5030ee1734a2f715,3,3,True,3.204890727996826
held_context,66c5e742ec3151e18ca38ab0,услуги по переезду,beba81a4dc0dad52,2,2,True,0.5035524368286133
held_context,66c6371fe22a29045aaaa2ec,почасовая аренда массажного кабинета,a9c300289e1c7228,19,20,True,3.1903977394104004
held_context,66d4a051d0c2565d8ef1ce4e,шары цифры,93d749d62da43536,6,8,True,11.824079513549805
held_context,66f5403a2e51b6793bb81824,аренда оборудования,ed08406aa367f62a,67,48,True,9.043357849121094
held_context,6733e9e82fb089f9601eb7da,видеосъемка,9755751c97420360,1,1,True,7.2758378982543945
held_context,685adf7d3bd3fe45ca3c440c,изготовление статуэток,2fb3afdb0e29ed25,172,137,True,11.56730842590332
held_context,689a8a9d1df0bdb874708cc0,обучение массажу,5ec0d2620ed2078d,2,1,True,5.27716588973999
held_context,689efdec344c06a560dfde29,сварочные работы аргон,fe25a94baa53da71,2,2,True,7.419939041137695
held_context,689f78c985c83d50fa7ea975,прическа на выпускной в школу,b5ac17a8057798c3,17,16,True,4.831427097320557
held_context,697bd82ee7390e1ac3df9fb3,установка стеновых панелей,78ec46514bf12081,2,1,False,
held_context,69a3acb6759e74719ccd67ed,газонный каток в аренду,d2e8104d8e714b85,1,1,False,
held_context,69e552bc67b838c8ecd26ff5,услуги ямобура бурение,819fbcc0be9a0b24,5,4,True,5.555514335632324
held_context,6b435ba117274ddc3bd78f1d,снести стену,d0710a181e4fd140,9,7,True,2.642550230026245
held_context,6b86863dd7278e2c44fad8d9,скупка вывоз и утилизация бытовой техники,0d0d772e26e63e0a,2,1,True,5.969738960266113
held_context,6bb5c4364871bc0ab567809d,обучение педикюр,0f264e4b2151ea4d,12,11,True,4.444614887237549
held_context,6bf49773fd96aa37a70c31ae,доставка мебели по городу кемерово,2eec108ed71771b2,21,10,False,
held_context,6bff2e6ef63aa281199ded33,скупка мотоциклов,f3aed6ba289e54e1,22,50,False,1646.5394287109375
held_context,6c780c2b4d7cc89177d2a209,спутниковый интернет,ed4100e00e6e0431,2,2,True,0.7058688402175903
held_context,6ce15352c64f5edcd63b3688,аренда обжим,bc06cdf3336c1b7a,15,15,True,6.046327590942383
held_context,6cea5d9c7f0953949cf803af,вынос старой мебели из квартиры,84c2c968f5cc082c,10,9,False,
held_context,6d0fc8416389707aff63c53a,инструктор по вождению lada granta,39f92506cb463b6d,12,11,True,5.6141486167907715
held_context,6e097d102e428235a19ab40e,ретушь фотографий на памятник,be5798cf2fb7c96b,1,1,True,0.24477419257164001
held_context,6e1efc155a429b8b3cd739a3,просушка квартиры после затопления,da50d5a007a51d66,1,1,True,0.7421635389328003
held_context,6e6d601d78cceec19ded7d56,разблокировать iphone,e9d7780d11e006da,2,2,False,
held_context,6e925018b290d1124025216b,аренда салона красоты,84e12bf0bde7d7a2,5,2,True,3.848949432373047
held_context,6f3aeacf405ac634582f563e,мастер по напольным покрытиям,91d21b0b42988d6f,28,23,True,17.82892608642578
held_context,6f5b5185c9ed085c550d24c8,реанимация растений,77e8640a2127a1de,1,1,True,0.8895716667175293
held_context,6f92ae7f9e888718b341aa4a,удаление краш даты,ad4782979df560f8,5,5,False,
held_context,6fcffbef5e43c700600b7572,полиграфические услуги,d22ea9950e1f2bb0,1,1,True,5.517452716827393
held_context,6fddbfd3bbe1dc66c1b6f56e,технический проект планировки,954303438bc322af,2,1,True,4.922426700592041
held_context,7028e966c520fc23181282f1,дверные проемы,76ba1ceb053ddc38,2,1,True,3.5153183937072754
held_context,7034d4fcf30a3f739119c290,макаронс,daa962a83834fe64,15,18,False,
held_context,7077c015c694a714f97544d6,заправка фрионом,09db7cd3ca38a683,2,2,True,1.120774269104004
held_context,70a445f791d79a2b8f00c8ac,изготовление штампа,1b46d6e81c5b7bdb,1,1,True,1.8144347667694092
held_context,714cf445c1d327453f9aab2e,услуги педикюра,51b2bac0fccf09a5,3,5,True,0.325392484664917
held_context,71731a2f78f7541c6541ef88,промывка отопления,1153109aa25d66ff,3,1,True,0.9070698022842407
held_context,71731a2f78f7541c6541ef88,промывка отопления,62ec5854e27205e7,2,2,True,1.3234672546386719
held_context,721df29b330347c3a41171bf,открыть машину ло,8bd1e2fc072482dc,1,2,False,
held_context,721ef7d19fff33a48a0e403b,power query,23ff746599b9419c,2,2,False,
held_context,722aba67395afbd7c57e8cbb,банщик,a4e52585182a613f,1,1,True,0.8221337795257568
held_context,7255c291d8ddc3630922f261,ремонт тентов полуприцепов,55307b87db24bae2,2,2,True,11.114832878112793
held_context,729c0b77b5133868f5eca13f,монолитчики,96d1eaa3dbed6fa2,21,33,False,
held_context,72f9cd085cf811d2f77eaac6,доставка земли грунта,ad9ecf7bcf436436,1,1,True,0.0
held_context,737b454fd6ed696c7a5cb806,отсыпка участка выравнивание,9343f61ea6f7cc2a,3,3,True,8.733420372009277
held_context,73ba7455e5f5a9b1c4fa6c54,гальваника,6545292c18a213c5,3,7,False,
held_context,73c142e19f6e50d07d9909b8,замена счетчиков воды,51999ac02dd8e17e,1,1,True,0.0
held_context,73c24e07de36b21c69698251,сварка аргоном выезд,fe6266304dd8841f,5,9,True,15.061006546020508
held_context,753c9360b7d2d23cb4f7677c,3д печать на заказ,6f3e41f6c4bfeb65,7,6,True,5.276220321655273
held_context,7631ddec27e2ae261870326e,подготовка к школе 1 класс,a4480df601061706,1,1,True,0.6045706272125244
held_context,7642d75f03ef7b595d534700,татуаж,df8f7de9ef53f4de,4,4,True,2.9380040168762207
held_context,76e5e25c66700e93026dce19,курсы кройки и шитья,17a56aaaf4d7955b,5,8,False,
held_context,77645fb0b4eeb92cbb2bb9ec,принимаем катализаторы,751e2d3faa572cd4,2,3,False,
held_context,77a791379107bacda7fa15ba,кладка газоблока,71a0ae9e89966270,8,7,False,
held_context,78b232507d602b02d4ece50f,памятник из гранита,45fd751cc3f35c97,3,2,True,12.441346168518066
held_context,78c9f053621ceaa113360465,образ невесты,2b6f98f82ef26f6e,12,10,True,1.0657835006713867
held_context,78dd7bd221a90f0a5d185b9f,кровельные работы,a22c179117cf34aa,1,1,True,3.1294450759887695
held_context,78ee778cdf377e416936d8e1,груминг с выездом на дом,3169922d3ddfa0ec,5,4,True,0.24327757954597473
held_context,78eec6722fb8b5ee1b2edf7b,аренда kia k5 на свадьбу,09160b68f1490335,1,1,True,2.0465636253356934
held_context,796a17a24f13d025355793ac,платная рыбалка,5a89ae5b1bd735b4,206,342,False,
held_context,797c9b5fde9afd1747911c61,перетяжка кухонных фасадов пленкой,1e2c720a9b26a9d9,2,2,True,14.448830604553223
held_context,7a9ceb34bb7f749b26385108,установка напольных плинтусов,eca97991c2dcd4c6,3,1,True,9.239057540893555
held_context,7a9d31690fbcf59e96d23235,аренда тепловизор,44b9dc2d96cccb2d,1,1,True,0.0
held_context,7b092f3ab456670944b0c239,иглоукалывание,899587f385b239f1,1,1,True,0.2832738161087036
held_context,7b0d38bceff0880411a398d1,юрист по вопросам жкх,95933b7e263c2ffd,1,1,True,1.741706132888794
held_context,7b777105f038406e27e88b9b,отсыпка щебнем,6ce083b69e8a82e7,1,1,True,0.06637673079967499
held_context,7bf2f91b08046a4e51da11ae,аренда помещение для праздника,d7a82c5ded18b8db,1,2,True,4.848746299743652
held_context,7c2bb4e89ae957aa2dbd1cf4,аренда электровелосипеда u2,1409f2dec65c57fb,9,10,True,6.302414894104004
held_context,7c57a20250cb91edf97c6e8b,монтаж гипсокартона,de176eeaafcdd6ea,3,2,True,20.687597274780273
held_context,7c87081528b7409a8dab59aa,вывеска реклама,838d3c2de5daa77c,1,1,True,2.673400402069092
held_context,7ce390dafe2588a24a967813,вывоз мусора контейнером 20 м3,ada9ce31136e5ed2,12,12,True,1.0555357933044434
held_context,7e1ff72b9479ce772733d737,скупка катализатора,f5e8e8620701c40a,1,1,True,0.00015678485215175897
held_context,7e4e0b39e600913579ba5492,перевозка посылок из калининграда в россию,bee1ab3becb3ceba,1,2,False,
held_context,7e8c33701fabbe147be9dfc0,установка мдф панелей на двери,48e861b84cd051c1,1,1,True,3.851569175720215
held_context,7eaa3a8c182933078b79b825,поездки геленджик  с горячего,c10919ba1a628278,1,1,True,0.0
held_context,7f0bb2b6ddc04aa1b6cc933d,машинная вышивка на заказ на одежде,7d4ce0b45449151f,8,8,True,2.568618059158325
held_context,7f66f2612561159108efe013,электровелосипед,86c6ec6cfefb277c,3,2,True,3.200183391571045
held_context,7f853fd4ccc0f1cf2bcf8946,вспахать участок мини тракторои,e6fb934a0cd872a2,1,1,True,3.315530776977539
held_context,7ffb32c094ff42132a41d0fd,обустройство скважины,437264c4309935af,1,1,True,9.679641723632812
held_context,800eaa1642100a64b5bf1588,ремонт партативной электростанции,30c143cddaaa20e1,1,1,False,
held_context,80661859c374706d01d82c5d,промышленная безопасность,033226f7b2389fcc,7,8,True,5.9865593910217285
held_context,8068b343cfc703d9b056f0d6,такси из астаны,27615c020b3fd037,1,3,True,5.595994472503662
held_context,807bdd4ab2e51e4e976a916f,баня с чаном в аренду,6caf4d2af291f30c,4,4,True,10.174490928649902
held_context,809efb621093c30cf7702756,африканские косички,823133a824f937a0,1,1,True,3.7409915924072266
held_context,80fde39144702db46177edf9,мойка днища на подъемнике,a1be27af9fba9bac,3,3,True,6.3723978996276855
held_context,810c53415a82a9106b42562a,чистка подушек,3bb4d075cda286e4,1,1,True,6.033544063568115
held_context,810f009bea9a321c59534d31,ремонт холодильного оборудования,09db7cd3ca38a683,9,8,True,1.120774269104004
held_context,814c60dc28d0cd7a285a62e0,ремонт нинтендо свич,8e4f01f4be020d5d,1,1,True,1.222823143005371
held_context,814db22045d2690b53a99b3d,обучение прическам,06d64644d48c985c,24,27,True,2.864684581756592
held_context,814db22045d2690b53a99b3d,обучение прическам,f2273b0502bec44d,12,13,True,16.572633743286133
held_context,814eb8ebfd00974d89ecc5b2,заливка бетонного пола в гараже,2393d19273321299,3,3,False,
held_context,818e60e3fded3e3d40ff1b56,тренер по шахматам,104da90f582eb10b,4,4,True,5.451728343963623
held_context,820951fbd4225935e7e2d531,аренда дома с чаном и баней,dc8782713c848a24,3,3,True,5.991844177246094
held_context,82acb48fdb5cd846b8777b3a,ремонт велосипедов на дому,ddbeb71561ec5726,1,1,True,11.86030101776123
held_context,83525d2cedf6cbbb39abca2f,восстановить удаленные файлы,107c10c95b81059a,5,5,True,1.1304707527160645
held_context,8354c3ac0db922289136dea4,трансфер грузия,4494aa11cbdc2d65,40,39,True,4.20242977142334
held_context,836711f25e56c388d53dec83,замена катализатора киа рио 3,c6e8e52bff99bc86,3,3,False,
held_context,84ee33cfb7981b78b36a1f62,обучение excel,ab8555ca60e80a3f,13,12,True,0.3737698197364807
held_context,84ee33cfb7981b78b36a1f62,обучение excel,cf204bba0f132647,6,6,True,5.34811544418335
held_context,85a8d4e0b1909c4796287fa6,чистка ковров на дому,b29e0ba187ea1f6a,30,32,True,18.713396072387695
held_context,85fd755ec4146d3842275134,химчистка салона авто,36fc18b85678be80,1,1,True,13.112778663635254
held_context,86db694a8eff8f1448164057,услуги крана манипулятора,06600bdf196e7688,3,3,True,7.130051612854004
held_context,86e9eea1e9363f534350e6ca,ассенизация,45014126c2fbff83,164,142,False,
held_context,8789f7026239dac90beec09b,шатуш,eb98f277f6c8ee7a,7,8,True,7.002264022827148
held_context,8818a480a2f2d264f11f7e4b,починка iphone,4227180ff2ca330b,9,8,True,0.5068429708480835
held_context,888f70e45cac5a1a36f89f79,аренда мебели,aa6abd2b4756937f,16,15,True,3.4088053703308105
held_context,8893b6492252810e9ce9a9cd,пирсинг модель,0c3e18e57697d890,1,1,True,1.6243722438812256
held_context,889ba46ed8db70f0ed57acfd,фундамент под ключ,bdadbff11b32ab7a,1,2,True,1.3679554462432861
held_context,8a9e9162a798cc173c4e4150,сделать ключ от домофона,c5762075532c0e7e,1,1,True,0.4606950283050537
held_context,8affe98cd9a8aa7c35b904ab,преподаватель по вокалу,abfa2cb600c6c899,1,1,True,7.232670783996582
held_context,8b01d1a9f85a9d6dae786fbc,детали машин,931a512a18e4dc11,0,0,False,
held_context,8bec7f5f00adbabdf7390d6b,ремонт электро самокатов,ea404f6fb1944c33,1,1,True,0.9742962121963501
held_context,8c04d0d26a1f2c91ad050165,кудри,8139973486e3ece0,6,6,True,2.89149808883667
held_context,8c6a33158e8dc032b78aacf1,аренда porsche,425651af4ae31bfe,98,111,False,
held_context,8c857edcb18c3961b77d799e,наращивание цветных прядей,5fea3db5bc93a441,1,1,True,3.54061222076416
held_context,8c8cc167dbfe8518babf63b5,заточка,292647966ff8a4a1,12,6,True,6.8689703941345215
held_context,8cce1ab3adab73f89e00538a,грузоперевозки газель маленькая,c6daeb84b3c6598e,1,1,True,5.313197612762451
held_context,8cf3516a7d9d7c96b49bd7f8,оформление гбо на автомобиль,8c1601d5475ca8b7,10,10,False,
held_context,8d32af30a49db48d37573bc0,печать фотографий в стиле polaroid,75240e87a957dc37,1,1,False,
held_context,8d344d38942fa49ce4717f4b,печать журналов,f6220c012a41e5b5,2,1,True,0.0025591510348021984
held_context,8e19c5a5530ee11fec9dbdeb,сборка кухонного гарнитура,ab8e725aa4c563e4,1,1,True,0.33809590339660645
held_context,8e5c85ce266ae53229639d9b,семейный домик с баней,e8dac8ac6fe0a3a9,4,3,True,29.841564178466797
held_context,8eb88ca28f12b7a0489078eb,моющий пылесос для мебели в аренду,428940970910607e,3,3,True,0.29931727051734924
held_context,8ed2d4a018119a3687ffeae8,маникюр наращивание модель,80d9c1619eae00e0,24,25,True,2.4072117805480957
held_context,8f063eb9001f5c14d37fd3bd,аренда газонокосилки,596193bfaafd1186,2,1,True,7.997220039367676
held_context,8f0cb03ddcafcc56ca046d96,устаноака кондиционера,883ba2c8cc98e438,14,14,True,10.802009582519531
held_context,8f3a48e89d6e9b794476cbac,заказать мишку,1120408a6a4ada34,5,6,True,2.6095898151397705
held_context,8f4d958fe1282a4ca6422dc6,заливка бетона во дворе,b1389d0af0813312,1,1,True,3.304274082183838
held_context,8fa7df2f0e80b164dd2a0ed7,беседки для отдыха,23c19a0ef0c109ba,11,11,True,4.535643577575684
held_context,8fa7df2f0e80b164dd2a0ed7,беседки для отдыха,46b138db81480fe7,6,6,True,3.6032629013061523
held_context,8fb11330f50762320ab99f56,компьютерные мастера,cbd745b92c194124,253,204,False,
held_context,90105390b2baaeda09e61b34,стрижка кошек выезд на дом,fc98730335ebb51c,10,13,True,3.197661876678467
held_context,90bc4942f0a8dbee312d69b6,замена насоса стиральной машины,e361256d77b8a6de,5,4,True,4.599942684173584
held_context,90becf9edf9eeb4e64867011,разработка мобильных приложений,d43e23867224dae1,2,5,True,1.1404409408569336
held_context,90eb08e4ac4b9d5c9eb50165,передержка кошек на время отпуска,ce826138137e4505,1,1,True,8.000090599060059
held_context,912544c16811c09caf834521,рабочие по ремонту квартир,7f0cccb420a13a27,597,759,False,1224.4085693359375
held_context,91955adf1b103e5211cbd178,проектирование каркасных домов,55d1d0ab99386877,4,4,True,3.077518939971924
held_context,91d636ddc6dce440862e3230,покос травы трактором,ebb9452fb87bd514,1,1,True,0.00023203722957987338
held_context,922b1fbfd883a052bbe807de,учетная запись ps5,7f94668aafd67679,2,2,False,
held_context,923e4ec1a082773111319ebe,увлажнение губ,c4c6911e6b09c498,5,4,True,1.1216084957122803
held_context,928b446bda472ca156a233ee,переводчик английского,933bf72cae080b31,13,12,False,
held_context,92931d51d0c2ab0de724cbf7,установка печки в баню,1fe55c7dbc7bad06,3,4,True,0.9377721548080444
held_context,93068a37bc6cb9c490539875,пескоструй выезной,1fe7946745e824e3,1,1,True,0.04066881537437439
held_context,93dbc104b3ffc48e62a2e8ae,триколор тв,0f0ac74e2c42ecaf,2,2,True,12.661111831665039
held_context,942b5e01a1d3b585e01296bc,ава терапия,261919fb08ac108a,4,3,True,13.846174240112305
held_context,944ccd59eb9642270240cc72,кератин волос,e761e2341aa38bdc,16,9,True,6.105203151702881
held_context,944d057f68a780406337ee32,сухая стяжка,5c48715caf9b5d50,2,1,False,
held_context,9471a32bf8e853d8f03b3c4b,доставка по городу,228eaab5315ba763,10,9,True,1.3708937168121338
held_context,95d9102a27b8d3e18b355e49,уроки скрипки онлайн,038d08798685f7d5,17,14,False,
held_context,95efd271263f2a1625c57145,рисунок на стене,5833905b1d9b827e,19,40,False,218.50291442871094
held_context,95f4eb2a7e7caad97eca70ff,ведущий настольных игр,f2a9591eff067871,1,1,True,3.462186813354492
held_context,96129ab0ccf332a1bc0e67da,свой человек в сша,d9eaaa1822221924,42,47,False,107.39985656738281
held_context,96f01248ff315da94eab9174,эвакуатор 24 7 андрей,8e0a8fafa0710d82,4,2,False,
held_context,9714dda5e6549581b04d3da1,срочный выкуп квартир,0e1eb094bbc96eb9,1,1,True,1.2428293228149414
held_context,971a91ed49ea191a9f04710d,обслуживание сплит систем,2a73a0e37cc92363,6,6,True,8.423429489135742
held_context,973cbc8f1508d487180f5dfb,фронтальный погрузчик,06e9f8e449909e4b,1,1,True,0.00014344145893119276
held_context,973f835f512ca6c633b1c2e3,баня с бассейном на улице,119a6ebceae84904,2,2,True,2.971907138824463
held_context,973f835f512ca6c633b1c2e3,баня с бассейном на улице,2ce0479eb9106440,6,4,True,8.908317565917969
held_context,976caaecb5daf0c0e3e2f25f,промыть форсунки,08abc1950174f496,1,1,True,3.9507594108581543
held_context,97a1d4744ac6006e785dfe14,съемка рилс,dbf6f5529f0d8eab,22,21,False,
held_context,989a070c64cfbf4091ea449c,установить карниз для штор,cbd503986282092d,149,215,False,
held_context,98a0fb9bcf45f437451ec94f,выкуп товарных и складских остатков,3c21b930883b2b4a,7,6,False,
held_context,98f9eb6bcbff799871a32f9f,грузчики на час разнорабочие п��реезд вынос мусора,b948f3327405e1cf,1,1,True,5.284831523895264
held_context,98ff1f4a06c34215a9a1ae39,вспашка и культивация земли трактором,f6aec801305ef8bd,1,1,True,4.220080852508545
held_context,9935d124a5ee052345f3af77,разработка документов по охране труда,98a864d86c64721d,1,1,True,1.3657140731811523
held_context,994e242b6f62f80311e76305,аниматор голустян,5eb8bbff4c5fbefe,34,35,True,2.023106575012207
held_context,99bbdaaa242407efcb8018db,место для свадьбы,794f1411e1766b37,48,59,True,2.762244701385498
held_context,99e31e661b709a4ed9bfe450,проверка счетчиков воды,241d26fa5c2a4a6c,8,5,True,3.8865232467651367
held_context,99f8acb06acfab7c38f4aab8,автоключи,9234a5be62c1011e,1,1,True,4.926159858703613
held_context,9a048d2be3caf57e23fc69e5,ремонт пневматического оружия,a6e55c9326780f5a,14,15,False,
held_context,9a048d2be3caf57e23fc69e5,ремонт пневматического оружия,f9d3b416a25e49b1,1,1,False,
held_context,9a34463bcbb49217f638de44,аппаратный педикюр,3a8e702f64bef056,1,1,True,1.2295701503753662
held_context,9a5dc1ee782981b5f5d4158c,массаж мужчинам,cb67e6b7a40836f7,113,151,False,
held_context,9a62fbd10e978d7f8ca504a7,мастер холодильников,61e795558dbc3e36,5,7,True,6.529153347015381
held_context,9a6cc0645ce5dc48b0d2c932,модель брови,947b51cad26a3664,9,8,True,16.51221466064453
held_context,9b53e9d61fe4830308123329,электровелосипед аренда с выкупом,fb3c2eb315128640,1,1,True,2.1524758338928223
held_context,9ba26659d49dcd9fbe4a53b0,перевозки газель,fb2d710dc59b6ccc,4,5,True,0.24477419257164001
held_context,9c10ece37c8a7049e79edf7d,роблокс аниматор,614e11e6a2b86298,1,1,True,1.977156400680542
held_context,9c9860852bb191f77c9d05a3,курсы графического дизайна,d85029384488d414,1,1,False,
held_context,9ce6ebd2c58485dde3f032b6,ремонт выхлопной системы,c3a3452e8a707b8c,1,1,True,2.254068374633789
held_context,9d06de412a6d096271681955,лечение бруксизма,85b00c59257f5178,2,2,True,0.48481854796409607
held_context,9d7643fa07c7e9be232e5090,двойник,359192adbce8045f,12,12,False,1540.5831298828125
held_context,9db24e52cc2c077114a86510,абиссинская скважина бурение,68ee7e73bd1b84e3,4,3,True,2.0339391231536865
held_context,9dc6a0a54bb6543a03cdae57,спил деревьев обрезка веток,e284e5f9fd2f4e6e,8,9,True,20.144582748413086
held_context,9dd06590f9ea22239deb1deb,тяжелый дым,4236955cf3c56829,2,1,True,2.8527040481567383
held_context,9eb5a04261fa43b4884e36f5,маникюр алтуфьево,f32b940e96109c08,1,1,True,13.981029510498047
held_context,9f90415ce7c3a7b2bf79f24e,роспись стен,91e8e8b3713402b1,1,1,True,0.0
held_context,9fb4d93b7e3a324e00b8d3a1,ботокс в пятки,213b1586900fba7e,8,8,True,1.0265369415283203
held_context,a027ba923b45e56f81b9c11c,торт наполеон,74a2190c8dd84034,12,11,True,3.92891788482666
held_context,a04205d4262f63c45604ef42,выбить долги,8d4e5fc4c8d8d42a,2,10,True,0.8721672296524048
held_context,a062ffd0d6d37764fc9ba9b6,изготовление маскитных сеток,ab5c1ff6b1c8dfbf,45,43,True,4.688633441925049
held_context,a0a89f8fd472e9a3fa6ce967,вакцинация кошек,b8afe7c3613589e5,1,1,True,9.836479187011719
held_context,a0b1d6343a021c7eb5904c59,ремонт harman kardon go play,c758a13bf0cfc2cf,2,2,True,20.099843978881836
held_context,a0cc6251b36a4f6888755983,визитки по установке кондиционера,059db3a83c87a804,6,4,True,0.0
held_context,a0d937ac9c0f50b34e4f4b48,грузоперевозка,c89d17a5a64989ab,13,16,False,26.235164642333984
held_context,a1e69249adfdc5c0161022c8,трансфер гагра,d1fa4873e49c96c2,15,14,False,
held_context,a26aca6b5ae1673d8bbb7198,обучение наращиванию ресниц с трудоустройством,2b452ded0260b8c1,2,3,True,8.591656684875488
held_context,a27b0376df4be82fa7193668,музыканты на мероприятие,91e3c75777c93c71,6,6,True,1.9870765209197998
held_context,a290b8ab139d3b1077c6aee6,массажист на дом,b1aadb4bdb526758,20,14,True,2.680546998977661
held_context,a290d5c231c3d80dc5e029bc,выкуп битых авто,b9f8c48d820fdaed,1,1,True,1.4202418327331543
held_context,a2a92715337713f97fc7d10a,сборка шкафов,1eee3b0e6a2b509d,3,2,True,0.0002472051128279418
held_context,a32469d4b82d3cec4a1abfd4,услуги риэлтора,375468703d924b0a,4,2,True,5.12254524230957
held_context,a39fb852f36c799dc80181c2,собеседник друг на час,1beb8eadd8235e17,2,3,True,2.3643500804901123
held_context,a3db33fba143a7eef0331b3f,установка генератора для автозвука,2927924c9a3dfe64,1,1,False,
held_context,a3edc51369e0139ed4dc0a70,монтажный пистолет,4d30cb14e091a45e,7,4,True,1.2213146686553955
held_context,a4985c9326f08e94e8dd7ab9,монтаж антидроновой сетки,e375bc6d03376681,3,1,False,
held_context,a49fe68a47e26a9400c2f173,границы участка,a863757feb913159,1,1,True,3.312246799468994
held_context,a4d928588502467f9b8cc26b,трессы,f5d8ade07ed2db11,3,3,False,
held_context,a4e9df3c7bf364c72376630d,отмостка,5c0be2ce8810b0df,5,4,True,0.022402631118893623
held_context,a50f76439223176df97482a9,перевозки газель рефрижератор,7e1bb8630fc4d072,2,3,True,5.545748710632324
held_context,a5628321551195e8c7f68500,мтс домашний интернет,174105799169fdeb,1,1,True,3.7392001152038574
held_context,a5eaec3ec3b082f321bae97d,ремонт блоков управления стиральных машин,0a2a4b0d892dfe97,1,1,True,7.944965362548828
held_context,a5fff738a8a2018d2d70caf7,водородная раскоксовка двигателя,c93a002f5c02a804,1,1,True,6.04541015625
held_context,a76a1764045592333eab6734,скупка резины,fb140c357bf62764,1,1,True,6.859764099121094
held_context,a77d8fe6742619aad6d60fec,покошу траву каширский район,961d3bf7815bfb44,3,2,False,
held_context,a7fb8171335fe97cd0b133d0,эротичиский массаж,4c62cc2971024b19,91,84,True,2.726118564605713
held_context,a806b59cc20f3121fb8b3b33,обучение маникюр,bf2bfbe5b38ad4fb,4,4,True,1.7343156337738037
held_context,a80f3f1f8f8bf532e1f9fff0,грумер на дом,7a5cc8f69f43e8d2,4,4,True,11.665772438049316
held_context,a81de308b1f85eeef16ef5bb,ремонт стиралтных машин,dd79b2f1e4e4df40,3,1,True,3.560798168182373
held_context,a83d7c736f5bb22dc2d763d6,ремонот триколор,91b75ae67610fa32,3,3,True,0.00011124200682388619
held_context,a877fc854dc316e6c9cbe634,байер казахстан,b218eab7c54e3c7d,36,34,True,0.8498742580413818
held_context,a962470d7bfe748dfc20d2ed,codesys,3ea336568a0409dc,35,35,False,
held_context,a9be4e3fd4d50f84e5adf866,прогулки на лошадях,e1286f31660864de,1,1,True,18.874990463256836
held_context,a9be4e3fd4d50f84e5adf866,прогулки на лошадях,f18e31029b8248bd,5,4,True,1.140378475189209
held_context,a9cc0a8970aa58e400faa8af,регистрация авто в гибдд,8ef096be32385d70,6,5,True,0.262562096118927
held_context,a9d54667e5c6c4fa5b019157,аренда массажного кабинета,9951c8174e97683a,1,3,True,2.600820302963257
held_context,aa7c6a309a92e673fe3c458f,широкоформатная печать банер пленка,4f889d650955d860,1,1,True,4.480880260467529
held_context,ab81286a022c4b7f11a10525,переоборудование авто с категории д на в,51e9dc3dfd82623c,5,5,True,7.708600997924805
held_context,ab824a5aa3dee27017feb1db,ремонт автомобильных кондиционеров,d59e8d7e6e9db1c3,2,1,True,3.92641544342041
held_context,ab991e2849ec57ea27ba1f03,веломастер,5f0d4e7fc0e89218,8,9,False,13.083247184753418
held_context,ac6f616d23b4eb235e374ea3,настройка vr шлема,dcf3af9190021651,1,1,True,1.4892334938049316
held_context,ac7843b89530989572337952,надгробные памятники изготовление и установка,241a22120f765999,12,11,False,135.9056396484375
held_context,acada62e0496df036743a3b4,треугольный дом с чаном,0b25564215c3d66b,29,27,False,
held_context,ad1a9eb2326dac35ad0afac5,обработка участка от комаров,adc008df6f134050,1,1,True,0.41742682456970215
held_context,ad454bef7e44d6f33e250af8,изготовление печатей и штампов,10e86b46306f53a6,2,1,True,4.664621353149414
held_context,ad4a76594e4f64fa96e9e98c,выездное мороженое,fd94649398cb8380,1,1,True,0.8408377170562744
held_context,ad5738a85f91342f6028330e,укладка настил линолеума,7b82a6bc801457de,1,1,True,7.518617630004883
held_context,addd1e30a79d36db6275fff7,плетение кос с канекалоном,651eca9a81f1362e,1,1,True,8.911637306213379
held_context,ae6f1018a2eeef957ef401d7,передежка кошек,1f68e6558edc01ed,73,114,False,725.301025390625
held_context,aefb9e579513e3e0e980ff55,гудронатор,8e42a90e0b986b04,1,1,False,
held_context,af187830d4498ef21a0f0bd5,каркасный дом,57010f00982cbffa,1,1,True,1.2124640941619873
held_context,af2109df4324614436d7eb92,золочение серебра,bceb59f29339db22,1,3,True,4.45129919052124
held_context,af77c5261ca470f1b4d33220,еврозапил столешницы,0fc19a1423277d61,2,1,False,
held_context,afb44b0161fe7f085fe75981,ремонт шкафов,c38e4822e19c155c,3,5,True,0.26494795083999634
held_context,afb53e5ef167fcceda287fbc,ремонт автомобильных холодильников,bdc218c473c5678a,1,1,True,0.00014344145893119276
held_context,b02c6012569604952058f8ce,монтаж систем вентиляции,8e3eddf34397f055,1,2,True,2.8820066452026367
held_context,b0451abe3d93617198c145eb,курсы фотографа,99f9fff6e901953b,1,1,True,1.041353464126587
held_context,b0457aca9fe9702119c5a031,репетитор по рисованию,272e669304851e34,2,2,True,0.9197696447372437
held_context,b083157f320f077779468097,сауны,b8cd827fa3f8b486,10,10,True,8.480981826782227
held_context,b154069fad13575134aef555,снятие катализатора,e37148ed3802c14c,1,3,True,2.879997491836548
held_context,b1d67d50c7be1ad6dddf7762,рыбалка на сахалине,9962d6cf888db279,12,12,True,6.676523208618164
held_context,b2226162dea0ccbceeaba660,мишка,a9e90a3ab23a9ba1,1,1,True,3.359361171722412
held_context,b28e0e302a80b9f244303fef,прокладка канализации,9358e957ea6ef5ae,2,2,True,0.5416126251220703
held_context,b2cb5c7764ceaf3880e2e341,изготовление и установка ворот,4ab5d95e3dbd0660,6,8,True,0.1848016232252121
held_context,b2f11e04c47b1ce4a532c45f,демонтаж плитки,3dba352424e57a5f,4,5,True,4.0982561111450195
held_context,b41f20d5469480404e19be46,такси под выкуп,7540fe566a08ebcf,2,2,False,
held_context,b43893e27d14c6b7f52d081b,фасадный подъемник люлька купить бу,c252f23a871de1fb,1,1,True,0.2704097628593445
held_context,b44a55d9f0ee3bf7fb0d71cd,мебель на заказ,b037e7922cb75048,1,2,True,0.09028611332178116
held_context,b5033991799349bff8477f6e,гадание,0b142e7d1f5261a0,2,4,True,0.42704281210899353
held_context,b55807d387a017664f6dd319,установка пластиковых дверей,36d9ad80aac51b9e,23,20,False,
held_context,b5d9245217c5670de391ad82,наращивание ресниц за час,f5a84b4ef603a5f4,68,29,False,
held_context,b65c01e545e8a76cd7eb9527,уход для волос,089fbb3d18a581cb,43,50,True,8.407478332519531
held_context,b6bd2f2546bc52f4190f1762,отделка панелями,4abcf26d8289143b,29,18,False,62.119998931884766
held_context,b7467c72e0ef7153d80e452c,дрель алмазного сверления аренда,a14b8b8bb2ae30fc,3,4,True,17.35454559326172
held_context,b76af9b3a5cbc8e80dd75718,расточка центрального отверстия диска,fa131751808e1729,1,1,False,
held_context,b7b397d8074078416df0f850,аренда контейнера для мусора,b13156d54f609726,7,6,True,4.934885025024414
held_context,b7f2386af8523f0819eb8fcf,стрижка и окрашивание волос,54a35a1f632c1d5c,2,5,True,0.22742772102355957
held_context,b81a4f39c6363241c51a8617,перевозка ларгус,f6e55de301f2643f,1,1,True,10.217673301696777
held_context,b84e06049556d188667b87a4,приклеить обои,e2d9fde67412fb13,62,57,True,15.070880889892578
held_context,b8bfcdae6e3d160dfbd076d4,вывоз старых окон,011bc792464400f3,1,1,True,3.257413864135742
held_context,b8c6653a58f7e90fb25aa932,положить плитку,8829644d34e4f8f1,1,1,True,0.0001667923788772896
held_context,b8d2025f86e4e2a91fd45b06,трансфер межгород,d45c50ca398b3523,2,3,True,0.00011119493865408003
held_context,b9b7017974502ad05d9afeb1,грузоперевозки fiat,1ff1dfc17e7fa564,18,9,False,
held_context,b9f42151b945092b6821269a,землекопы разнорабочие,b49a016b1afc394a,6,6,True,0.00021517665300052613
held_context,ba761efccc086099206d1e8a,ремонт снегозадержателей,be6a602ca3b9d530,1,1,True,5.7979230880737305
held_context,babc656f41ecc394532a2575,автомеханик,061551d1e9573de0,6,5,True,2.3775036334991455
held_context,bb65502508203ef566a9e8e1,ремонт шаровых опор,0bb01da579b8379a,1,1,False,24.830615997314453
held_context,bb661b3bf8707ecd19dda61a,укладка деревянных полов,adef9093364d9fae,43,37,False,24.552698135375977
held_context,bb864ce5c715d05c2d951f7f,ремонт apple,f33e2d3cca0e3762,215,182,True,7.262078285217285
held_context,bbb2db4b5b98dbfdfef5e2df,скупка авто дорого,9f398fe27f02fa35,7,7,True,0.00030502810841426253
held_context,bbd3ca8a136bbd606b842cb9,вспашка земли в тюмени район лесобазы,199a766a860f77b3,6,8,True,4.6136298179626465
held_context,bbd9d1ea073d7b9f686e9582,парфюмерный мастер класс,456e190e06e56884,1,1,True,9.358487129211426
held_context,bbdcc04183792b515ff07208,ремонт стиральной машинки lg,ba2b42e7d605ed9b,8,9,True,7.716057777404785
held_context,bc05868eec0a36554029729b,ремонт рюкзаков,b34430fe6d51b875,5,5,True,3.9872193336486816
held_context,bc168a94f788811487858582,трансфер 12 мест,267edc7d8d9a92ba,5,1,True,6.040377140045166
held_context,bc3159ed1be21100c38253db,тяжелый дым на свадьбу,486bfa999aae6e73,4,4,True,0.2623969614505768
held_context,bc7a149fd00ddd432d009124,александритовый лазер,b8c4cb6b22512160,2,2,True,1.4771778583526611
held_context,bca6e9c6ccb626815f433fb7,обустройство скважин,229ea23ee193e6f2,3,4,True,28.95648765563965
held_context,bcbf6e45b5dab3020b3beeff,автоэлектрик на вызов,aa5ebce75f936637,2,1,False,11.192059516906738
held_context,bd4fad098a772b1e977e2961,оклейка винилом,5df4fe387412110c,12,12,True,6.537577152252197
held_context,bd50c3ec8dfe11ddb6c9aa9a,косметолог эстетист,e8a0fa21dbea8335,2,4,True,5.3233113288879395
held_context,bd718c3e788ff9def227c15c,прически локоны укладки,f21b49587b57f10a,16,12,True,2.3531229496002197
held_context,bdb0c89eaa8629e6eb6eec30,г батайск master окна рол ставни   ремонт  рольставней  на окна,1147a0f27a597a1b,1,1,True,2.1717991828918457
held_context,bdde61abe037f26697d41b76,исполнительное производство,14b6bfde7697692c,1,1,True,2.3907551765441895
held_context,be1e3c62837c278cbd113dc1,репетитор по русскому языку егэ,18c5d06ae432910b,2,1,True,0.0
held_context,be234599d476b685c2027ff1,объемные наклейки,f640e6feb3dde23f,407,362,False,634.1827392578125
held_context,be67383b8a346946fe8ee3ab,оклейка автозеркал пленкой,5df82fb354a80253,70,81,False,
held_context,becb68ba57476015ae8c5b8c,ремонт стеклокерамической плиты zanussi,fed6273b1e6be46d,3,2,False,
held_context,bf094bb2f84ab69e303fe2a4,секции для взрослых,018fc8375bd72383,1,1,True,3.6136860847473145
held_context,bf3a7cda73e2331d87c94619,песня ии,24cbe3cfada7c5fe,1,1,True,1.0165705680847168
held_context,c0239402bc5ea466bd7c7736,реклама на автомобиле,fc883f2784272da4,11,11,True,16.979270935058594
held_context,c09025304ed2d3daac742d50,копка земли,78c7e1d605b79be5,15,14,True,17.695858001708984
held_context,c13f737204765579abfe3593,джиси би услуги,492156fe6f486dba,17,14,True,18.710182189941406
held_context,c16d712b2e6e73bc9104174f,автовышка продажа,6ce4b716e745fbb6,1,2,True,0.6703590154647827
held_context,c1b1d2df78dd85212137e0e8,криолиполиз модель,5cb04eef055cbd3a,2,2,True,5.328379154205322
held_context,c1bff128f430e48489a8b6ea,рекультивация участка,7a735f01fcf82f7f,4,4,True,2.7611470222473145
held_context,c2207f41000d789c4564358d,монтаж винтовых свай,52b24edcb7a7214b,7,9,True,0.8580231666564941
held_context,c3332723f4497659381fa7d0,колл центр удаленно,1c6d2079e07f4497,5,4,True,0.14547373354434967
held_context,c377b99e1e4e9d2856e4f85b,бригада разнорабочих,557738b4731d71d3,67,56,True,0.19504740834236145
held_context,c38f6c2e403c7637dd6e9cfe,минитрактор,3d1c7be0e787efe2,1,1,True,5.014011383056641
held_context,c3b09166563bd1bfc24a67e0,ведение соц сетей,203537ea3dd7fbaf,1,1,True,1.1341922283172607
held_context,c3bca336f5f0b3fa050234b2,навесы из поликарбоната,02811a130ce3912e,1,1,True,0.0
held_context,c3d32dfdfa3f5932821818d8,массажистка релакс выезд,54eebca8cefba351,14,9,False,
held_context,c41cb0570d83f80e63017af5,татуировка с онлайн,c54ccad8c2a31618,4,5,True,9.112747192382812
held_context,c46551a78fbc427ab95a2b4f,hydrafacial,5966d594b89ce6f4,3,2,True,8.242692947387695
held_context,c520adc82d08f0229fc8abe5,поменять экран телефона,5185b57700a1a3f5,10,9,True,3.2750043869018555
held_context,c54ce0882aff260eea0293aa,ремонт hilti,6d39021c2983f3bb,1,1,False,
held_context,c5539f386cec9ba31711443a,радиодетали скупка,f5a9af5a27fbbd27,1,1,True,7.182926177978516
held_context,c585ef630b8b7660f365e362,курсы кройки и шитья бесплатно,10be42de7ab8acfa,9,10,True,3.0095319747924805
held_context,c5c6b42cf5c22c34972c736e,аренда плиткореза,cb82d263a4138425,1,1,True,2.7941641807556152
held_context,c5dd29c479df05f2d6a73c8d,строительство из сендвич панелей,736327c4a4bc097d,4,5,True,4.512304306030273
held_context,c6ff83d217b3932b6b06a871,замена экрана телевизора,cf8b881b52188f2b,8,5,True,6.1705546379089355
held_context,c760c08e8e47a36d7f63b14f,уход за лежачими больными,e1cb7bca2a509c02,8,8,True,0.5351383686065674
held_context,c76e53e21ddeb461567e2886,биопротеиновое наращивание,2588116263f6102f,2,3,True,3.1695914268493652
held_context,c7cbcefe73de14741e0b23b0,вождение с инструктором автомат,e613579ab8800dbf,4,4,True,1.1403915882110596
held_context,c8e71ca8dee55862159827c4,банкетный зал в аренду,c2fd0fc05768c164,9,9,True,0.8879284858703613
held_context,c8e81d9e6a9d5139652d7900,"создам gmail, google",1902177554a4019e,22,22,False,
held_context,c9308f7500bc539f01d6ec1c,печать этикеток на бутылки,4861cae440d7a631,10,9,True,4.740411758422852
held_context,c96eb8d8a869c374676511e9,заказ минивена,07938a89b1f4fc71,11,5,True,11.830926895141602
held_context,ca2b48371222997cdd9dc2ff,разблокировка iphone пин код,469d248d144e8c6f,7,6,True,16.80014991760254
held_context,ca3be428f8035d05ada24049,асфальторез аренда,461843821eb80e75,1,1,True,2.397944211959839
held_context,ca4200fa9beb31cf0a626ba1,вспашка огорода,57d50901edbf72b4,2,2,True,10.118528366088867
held_context,ca86331b6545f4a85d8986fe,доставка из китая,9d1524f5060a2ae3,1,1,True,0.07462270557880402
held_context,ca8bdc4bbcd698980ce5b7c3,капсулирование волос,1bb51c7d3de7dd10,11,6,True,2.001645565032959
held_context,cb7aa5c634106bb0a12fac99,от клопов,fd862944dd562398,13,13,True,4.902660846710205
held_context,cbedd8fd8d9ca82173d697bd,доставка с грузчиками обухово,565ac6409b4c0ff4,24,24,False,26.843528747558594
held_context,cc04dd44c8bae5b4ae53a36b,трансфер владикавказ тбилиси,33f8d361a92bdcde,16,16,True,6.138216122053564e-05
held_context,cc04dd44c8bae5b4ae53a36b,трансфер владикавказ тбилиси,603623b4bd9e8f6c,12,9,True,6.138216122053564e-05
held_context,cc04dd44c8bae5b4ae53a36b,трансфер владикавказ тбилиси,bee602308dd4d4b3,24,24,True,2.496145486831665
held_context,cca3193ec25c58617967bace,аренда бензопилы,4c16e1ceb40ab572,3,3,True,6.172878265380859
held_context,cd5c2ffeb7859a82359508ba,муж на час сантехник,4eb6ab96be9c7856,1,1,True,3.997929096221924
held_context,cd62f0107e6d3d8d378e5c77,продвижение яндекс карты,12caba63c94b9ded,20,20,True,0.20261669158935547
held_context,cea1febca2598b6941f02b81,пришить погоны,73eb10ef228877a5,7,9,False,
held_context,ceaa7d0d552ae4cc02233f08,свадебный танец,70f9e8b86cad6531,4,5,True,4.984041213989258
held_context,ceaa7d0d552ae4cc02233f08,свадебный танец,7f3c64b829a9d6f7,9,9,True,4.974826812744141
held_context,cfd669e18f3baea39326cb3d,плов,d39aaf2ec021bc9f,1,2,True,7.704926490783691
held_context,d09913b9579891d08c48bc22,репетитор по математике 7класс приволжский м-н самара,ad58eff68773dcfc,22,26,True,5.648006439208984
held_context,d0bdfd2c1baaaa9ee4a43309,акт вдпо на дымоход,56c8208e31b63f86,9,8,True,10.760197639465332
held_context,d17a9a39fcd1ce4cbdddcb90,"мастер по настройке телевизора, текстильщики",45bfc743360e1ae3,1,3,True,17.452470779418945
held_context,d18930aaad172f4dc85eface,изготовление номеров на автомобиль,5aab85ebb84aa582,5,4,True,1.7205398082733154
held_context,d2170089446e1c503baec2b3,вывоз мусора ломовозом,94042e4c4e90558b,1,1,True,6.836080074310303
held_context,d2924e800087062ffd4ec5a0,маникюр сормово,529c6358f382b99e,13,15,True,7.967815399169922
held_context,d2bd7dfd3da3448aa4362955,чистка компьютеров,6e4725f12878050f,0,0,False,
held_context,d2c6c36722ec64c94fb60029,осеменение коров,f5a8b843cb93e602,1,1,True,0.06324741989374161
held_context,d312a31f84ed0120159e817c,ручной траншеекопатель аренда,30a48f9afdfc712b,1,2,False,
held_context,d3153e64e601d6b6a659c59b,скупка приставок,f51b269eed39e761,5,5,True,0.0032100279349833727
held_context,d36ec3d412ec88e361802476,приемщик дома,d70d2cfd5924a181,13,12,True,1.4894042015075684
held_context,d45d31788688f9dcfa2c8fae,трансфер новороссийск геленджик,26914060efef3343,1,1,True,0.0
held_context,d4ae82c5377113c017bbdf7f,свадебный координатор,ef4dba3b5336c5da,3,4,True,0.16223344206809998
held_context,d522dc18ff0b2c414cb92700,место мастера маникюра,57493b7fcdb538ad,7,7,True,3.9479799270629883
held_context,d53a178d87dd623399fbaa64,выкуп шин резины дисков,1d610fe1bf5f4721,3,3,False,13.584969520568848
held_context,d5f388ec56a3bdafea1bd968,установка дверных замков,389e3e27cd87afbf,13,13,True,1.4939649105072021
held_context,d647827244578b8cea69e2a8,байер япония,97acb478ef4e6770,11,4,False,
held_context,d647827244578b8cea69e2a8,байер япония,fab5bf956436a174,1,1,False,
held_context,d66b6aed8e56e9cc597dbac6,ул российская,0ecc26d642a218f3,0,0,True,
held_context,d68fbff33e24cb65b0749d0f,бурение лунок под столбы,ba5be7a207a68bad,2,3,True,0.3607419431209564
held_context,d6a2284fa5f14517317747f6,услуги юриста по недвижимости,1770ff20bd1c3c55,4,7,True,3.5818328857421875
held_context,d6ca5487b960f7dd5bc83e80,тюнинг фар,87d68a4bac78f805,1,1,False,
held_context,d71fc9c9284c78eb61fefe98,свой человек в владивостоке,379cec7b0f8e22b8,8,2,True,0.0001523370447102934
held_context,d7c3077fc1db3fb24f2bd57f,ремонт водостоков крыши,6d1b97f55d075bac,6,6,True,3.448695182800293
held_context,d856971b914d9d6ee008aa30,услуги плиточника,d02ea9bb6c500e30,1,1,True,1.2425777912139893
held_context,d8b804dc8f1bd104011e90c4,ремонт туалета,3985611744301ae2,1,1,True,0.00024240494531113654
held_context,d93e15cddee3119b286b2547,постановка на учет авто,3806ac1e7d728502,6,6,True,6.417174816131592
held_context,d975aba8a72384f46274b71b,гараж сборный из сип панели,76b076ced38fa83f,0,0,False,
held_context,d989fb50dec34a84a3699cf4,мастер класс луна,dbbe5b58f9d1038f,2,2,True,2.832690954208374
held_context,d991b3136ef1f11a082198a4,зал в аренду,c370ab9020176a1d,35,29,True,2.024325370788574
held_context,d9dbf1769f969b801467eb4f,мастер по газовым колонкам,9621047974576417,2,3,True,6.147841930389404
held_context,d9dea73448ddaedc2e6859a9,тренер по велоспорту,ecc14888e20e668f,1,1,True,0.689913272857666
held_context,da0df07eadd25cfc4c83170b,плитка укладка санузел,6b92f9917d5ee0d7,8,7,True,1.0084278583526611
held_context,da351233a97d74fd574d288e,контейнер для мусора 8 м3,ea6830a7fd3b468d,3,2,True,1.6318097114562988
held_context,dab2b5436155a3d19c98ffcd,эвакуатор между городами,8cff4be94524ee2e,6,6,True,2.5634076595306396
held_context,daf1c0b01abe4ada78532fca,диагностика geely,b7610aa2a77141c2,1,1,True,2.5938611030578613
held_context,db00b766a7eb43fc09dee3ad,точить тормозные диски,b3305f2d2eafb521,3,3,True,7.1893510818481445
held_context,db1573bece9213e8e78c1d6d,экскаватор выкопать траншею,f2e3e71658fd95d5,2,3,True,5.285710334777832
held_context,db18d1da42b31dc938847d52,английский с носителем языка оноайн,ffe139c3abd47c40,8,5,True,9.816283226013184
held_context,db4c98641edf9911989263c9,мастер аккаунт geely,3f9b3d72e38dc4c1,11,12,True,0.19467495381832123
held_context,dc25fb3d1f594c864eabd750,ремонт авто генераторов,f4c3d9d0f4448dfd,8,6,False,
held_context,dce54bbe44e583ef5becd9ba,заказ такси микроавтобус,f9ea6745fe70c3a1,2,2,True,5.131502628326416
held_context,dcfb5704119f0ea137b45c1c,адвокат по трудовым спорам,782bee7a4c7a8bc4,1,1,True,1.8480784893035889
held_context,dd1ea1f919d11aba166d4c45,перепланировка квартиры согласование,5a00ff9224b907e4,4,4,True,0.420903742313385
held_context,ddd897fb405533bc0d067c31,смарт ключ,babc060a80f64f60,2,1,True,6.367130279541016
held_context,ddf0380afb5a6e73204a8c93,танец живота,6663632c8004e85f,3,3,True,0.0005164968315511942
held_context,de4d3589ac3cb2243519db3f,плету косы,cc908800e667c5da,1,1,True,0.8942931890487671
held_context,de81108e62681bde8d20ae3b,ботекс,2d8470f61b75713b,3,2,True,0.33809590339660645
held_context,df5e1703f6cc80f50f05ff1d,массаж для беременных,881f1896449c1e76,3,2,True,1.9161975383758545
held_context,df8caae3f5d2d93761cb2765,бирки печать для одежды,3eb87229f5cfa2b6,1,1,True,6.379863262176514
held_context,e017a03cd688241814c34f8f,регистрация изменений в конструкцию тс,fe8add129ebbd290,12,12,True,0.42396920919418335
held_context,e0485eaa49a5b96ffbe96685,моющий пылесос karcher,b2b4278577c6d724,2,2,True,5.782873153686523
held_context,e080133fbb93c06c3acdbc5b,дублирование ткани,f8519e7b05e9d1e3,1,1,False,
held_context,e0a17d34eae7a9bec9d4e54c,кузовной ремонт и покраска,72de72d5671fdca9,2,4,True,3.22161865234375
held_context,e0c8b1d2e7e29b8bd143f11e,снять домик у озера,ea13a1d1b199c419,11,8,True,1.0504481792449951
held_context,e0eb8606055fd0a826a93c65,прокат авто с водителем v class,983b451df459a618,2,2,True,1.9870765209197998
held_context,e0f9d910c52e12d998cf29ef,сорняки,a158995695a318e0,5,7,True,7.707122802734375
held_context,e147af46739e4dca835d0f26,разбор и вывоз мебели,649d2961a0089822,6,5,True,19.431989669799805
held_context,e1e70c27863bd022f5d3f0b5,модель на брови,a21fdc527a100642,25,17,True,5.379111289978027
held_context,e2146c47001d2b0e2314784a,костоправ,01b72d71422e2185,9,6,True,2.2094149589538574
held_context,e24374218398ce5c6498da98,кератиновое выпрямление,28e2c01d72b64a51,10,11,True,13.86386489868164
held_context,e2ce02fd0f6f8ae88eb7d754,ремонт автомобильных дверных замков,256ae81fcad4b01c,3,2,True,6.1920599937438965
held_context,e35c3d1c267ce3965e479809,двери купе на заказ,d06dfd7f339c6f62,2,2,True,1.0066187381744385
held_context,e38ad6fc9d25ec7395f23cd9,пирсинг левенцовка,b06b0d819e7a28fc,8,6,True,8.158086776733398
held_context,e3a47c2825d559dff1b0e01a,joy con ремонт,5fdd91c4e1a3488f,1,2,True,11.421575546264648
held_context,e3b6681104c742e96cd17027,вывоз мусора веток деревьев,b185be83d873b515,6,5,True,4.509160995483398
held_context,e406d851481169788c664048,груминг собак,97be88f37c33a2f9,6,4,True,13.985827445983887
held_context,e406d851481169788c664048,груминг собак,b9cceb9460e0069a,21,16,True,7.469843864440918
held_context,e4132f1c0e0250ad35aedae6,ремонт рамы газель,dbce93de3d408363,1,1,True,4.158856391906738
held_context,e42ddd63a7a4a740d7da642a,массаж на дому,eb1d0e7d16fd0e7b,4,3,False,
held_context,e4ab4e285319ac252fb3e8dd,родирование,a4bbc951a97a1116,1,1,True,1.094984769821167
held_context,e59ef51482155056b7fa14a9,переводчик документов с русского на английский,1cd2232a36602554,2,1,True,1.9341037273406982
held_context,e5ca685658909197d0c1f455,ремонт яндекс станции алиса,2e93cf410f8e7927,1,1,True,1.4537627696990967
held_context,e61f8bde9be407099cfb13b0,фотопрогулка,2f9364e71315b5db,9,10,True,1.680403709411621
held_context,e71c1edc1c9438f53da32fab,вечерняя укладка,7af7960ce2f3a11b,7,5,True,1.5243022441864014
held_context,e9570185e08d228e074db15b,пескоструй авто,ee002d08b59e747d,1,1,True,10.85289478302002
held_context,e9b27391f965f44fe7780327,бобкет,ea5730356f21d6cb,38,43,False,31.86083221435547
held_context,eaa0f4c163dfcd277412d019,депиляция для мужчин,ce89b773c9974431,1,1,True,0.06978881359100342
held_context,eab4cb38e96a0e2e79071087,йога,f4310a574a8537ff,138,136,False,
held_context,eb268ef437a49e8fa3696ecd,запись музыки на диск,b9856586c3af5772,2,1,False,
held_context,eb428c43fa76d535a6316222,привоз воды,f5d87008b9c7df79,52,36,True,1.3679554462432861
held_context,eb57e5dcbee5a9353c640b7c,бесплатная консультация юриста,95933b7e263c2ffd,16,18,False,110.52078247070312
held_context,ebed4b6588a055ad03839f66,скупка кинокамера,8715d34b8f19c091,1,1,True,8.30716609954834
held_context,ec11c81adeae2358ff8c58d9,лизинг для физических лиц,5a9903a345570cae,7,6,False,
held_context,ec2e5d68760f40c72cd707cc,услуги перевозки людей,d554b6744423509f,2,1,True,2.064016103744507
held_context,ec7b9db12966d68c3848886e,аниматоры тик ток вечеринка,9d7f8527bb5e7bd4,3,3,True,3.7003331184387207
held_context,ed0643c2649ab0436e7931d0,снять зал для танцев,6c667c7b14c3d861,1,1,True,0.4697597324848175
held_context,ed5f60291f529dc1b33ba86d,диджей,df803ba6b3b42287,2,2,True,7.1483306884765625
held_context,eda8d43cdc91ba69ca3c03d7,аренда грузовика с водителем,6576cfc9e3bedfec,6,6,True,9.847663879394531
held_context,eda9639460995eb898d97951,кератиновое выпрямление волос модель,22ba85187e3471bc,1,1,True,4.961108207702637
held_context,ee41e3863ee00e659627c396,грузотакси с грузчиками,44da9305a5ab280d,11,11,True,1.3235695362091064
held_context,ef33d70b2c5eaf90d3399cfd,резьба по дереву,e03a731d82bce183,0,0,False,
held_context,ef95be2746b5a2fa63e475fb,украшение шариками,ef328501528079a4,4,3,True,5.819750785827637
held_context,f002a82c48f15037cb3bc143,аренда бани с мангалом,4683f25ed6d2aad4,2,2,True,12.053229331970215
held_context,f02c5b9df701c596d948fbdf,ведущий мероприятий недорого,31c60676e6b04e08,109,115,True,10.484379768371582
held_context,f04745ddb79cb911d38adf23,мастер по стиральным машинам,2675be808ba4592e,1,1,True,1.5972416400909424
held_context,f0d4b6b92cc720ac7ca1f142,ремонт ходовой грузовых автомобилей,51cd897f98469537,1,1,True,1.5002293586730957
held_context,f1813c9d3ea28f8f46580da6,внешняя отделка балкона,1a7634582bb7f3ee,1,1,True,0.038125958293676376
held_context,f18537d1d306f75e18059135,"террасы, веранды под ключ",9892ffceac755926,54,50,False,47.167240142822266
held_context,f1f78745e88ddffcc541ca69,аренда сваекрута,af6fee455fcbcf5d,4,5,True,5.476861476898193
held_context,f2088fae06d96473dee0cb3a,полировка авто,f8b9094579b83739,1,1,True,0.8043991327285767
held_context,f2bb30d1c332954a98a22af3,парикмахер колорист,9553629fed97de72,1,1,True,2.4379026889801025
held_context,f30c6330f163bc8d2d3785dd,мягкие игрушки на заказ,223385a1ed672736,6,3,True,6.522857189178467
held_context,f3638a3b5ec99112f5a8d974,замена аккумулятора iphone 16 pro max,4bcfa1666f670316,1,1,True,8.472993850708008
held_context,f3835176fe0d44d8b5ed4c7b,ремонт кофемашин saeco,33b93b7ccee3c722,1,1,True,3.1075258255004883
held_context,f40d8a978be60563e5a0c556,ремонт автомобильных ключей,105b23986cdd9db8,1,1,True,4.65463924407959
held_context,f4b14c7c4900047a419748d5,кофе на песке на мероприятие,e46914067e04bc05,1,1,False,
held_context,f4c00e018431974ef7077745,липолитик,6731219bf1917f08,1,1,True,2.793853998184204
held_context,f50e2193ca89e244c10e44f4,катализатор,219191a59ea1df25,1,2,True,1.2362170219421387
held_context,f52352c0603cf33780c2e64c,брови коррекция,be0b00b743373590,4,3,True,4.927490711212158
held_context,f54f4d495c0966659fca144f,грузоперевозки днр,c968ba03297a0b9a,4,4,False,9.343854904174805
held_context,f5c44ef0407c267d9557a8ed,вывеска,3ef011c3ba5c6635,22,18,True,1.1404409408569336
held_context,f5e7d13e6eba2f40f7972aa5,ремонт насосных станций,6baca683b76408a9,2,1,True,3.288586139678955
held_context,f5ea9b88d6bcb0156b3980f7,оформление дверного проема,c2b4ed7a91fde0a5,2,2,True,2.951090097427368
held_context,f610614225b2b422860c14b7,вк тк,d9c100b5f8a7759c,3,4,True,1.9686009883880615
held_context,f61fad244e656bfb62235a0e,бурение лунок под забор,4b9639633a0bf8a7,4,4,True,3.9285082817077637
held_context,f62d5b6f6504caa4778cfa0f,поклейка обои,e016868e3103a004,4,3,True,0.8414762020111084
held_context,f67b16b7df355da85aa01318,очистка участков,4b0fca354c22d27c,2,1,True,6.535767555236816
held_context,f742eb57e342f0c17bd10f02,носослезная борозда,930b974124034f3a,26,28,True,8.082425117492676
held_context,f790b75ad494d9ce3c590d87,ремонт квартир под ключ без посредников,b38ee43c2b30f8eb,1,1,True,3.486117362976074
held_context,f7e8258f77d0c491d63d5cd3,анализ грунта,bdc6681287f3cfef,14,10,True,0.0
held_context,f8c2279bf1668f7dad8a64d8,гвоздетерапия,c4c71f54308bb50c,2,2,True,2.9087419509887695
held_context,f8cacf19ccd7222f8143565f,спил деревьев на участке,f871702006cfd016,2,1,True,6.849153995513916
held_context,f99110babb95d73c2cc1ffe5,шарики на день рождения,3bcb3236acb9dd1a,2,1,False,
held_context,f996f2912cbd8214777370a4,афронаращивание волос,14818b57b03dfacd,2,1,True,7.848762512207031
held_context,fa433117b4f2a581a4c1f2c9,скосить траву,3fd18566cbe60242,1,1,True,15.810482025146484
held_context,fa456f4dab3e42748706a170,видео монтажер,dbf6f5529f0d8eab,8,6,True,4.027165412902832
held_context,fa585529764ad6d739706cf6,модель барбершоп,f69a65d20dc5b86c,1,2,True,2.475013017654419
held_context,faa6ffa646c5f9a1e2e4430d,мытье фасадов,f042f8775490bc86,7,7,True,9.471790313720703
held_context,fad7636b4ae16bbcf33a6bbc,утепление стен пеной,aa8d1172684eca21,2,2,True,1.8999419212341309
held_context,fb03d8efd03df78d19270577,правка литых дисков,eecf683af3e3daa9,1,1,True,3.3420090675354004
held_context,fb9bcf25f3432bc22ed4fe91,"строители, бетонщики",f69c6f2b841ba5e7,1,1,True,0.0001523370447102934
held_context,fc8a0f8dafe8e9ed92133f1b,перевозка лежачих больных,b33c34b2d3f54fef,1,1,False,
held_context,fc9658c613870180c953d60d,ремонт квартир под ключ,f50b9595d9748df9,3,12,True,4.61138391494751
held_context,fd249d4d9407594c5290f088,автовоз из владивостока,4c1e821887b89a0a,1,1,True,0.8757439851760864
held_context,fd25426c5f97794698eac34a,холодное цинкование,f3c03cba1adfebaf,25,12,False,
held_context,fd5866bcfa2a05468be5564c,дреды,99a31d9e5bd6eda8,24,20,True,9.980385780334473
held_context,fd5866bcfa2a05468be5564c,дреды,ae37222dc3aaad1a,28,28,True,15.595579147338867
held_context,fddcf3e400279a2070242932,наращивание ногтей модель бесплатно,bffb8c0e1b5386fa,111,40,False,
held_context,fe5929e45e350c8775e0a7cf,master по окнам сао,b000fdae33b8455e,40,47,True,12.415730476379395
held_context,febf7a03269d112bac19c822,детский день рождения,e7335917bdb7473a,18,21,True,11.283201217651367
held_context,ff9a2aab6a8df594b46a9db7,авто аредна,45ea931e2164454b,5,18,True,4.166942596435547
held_context,ffa3be2476353322cd0e8fe6,тур база с баней,a5fc8dcac7a0dd6a,13,9,True,4.244927883148193
held_context,ffbbe94eb9fe6d33da74092a,перенос данных с iphone,1c998cbbf24b2726,1,1,True,2.3002264499664307
held_context,ffdd289c02b8d1a292cd4e50,вывоз компьютерной техники,428e231cea0f089e,95,49,True,24.334335327148438
